id,dtm_value,tm_value,z_dtm,z_tm,z_consensus,rank_dtm,rank_tm,rank_consensus
IsPETaseWT_pool_0,11.721973,55.801952,1.833099,0.446460,1.139779,236,1466,364
IsPETaseWT_pool_1,8.139190,54.943649,0.388205,-0.928047,-0.269921,1659,4198,3046
IsPETaseWT_pool_2,10.134279,55.446609,1.192801,-0.122594,0.535103,631,2629,1162
IsPETaseWT_pool_3,6.351798,55.399765,-0.332629,-0.197612,-0.265121,2968,2781,3028
IsPETaseWT_pool_4,5.222399,56.043354,-0.788102,0.833046,0.022472,3839,928,2269
IsPETaseWT_pool_5,7.636282,54.876060,0.185388,-1.036285,-0.425448,2007,4359,3457
IsPETaseWT_pool_6,9.791099,55.938030,1.054400,0.664378,0.859389,759,1136,650
IsPETaseWT_pool_7,8.369346,56.479313,0.481024,1.531201,1.006113,1512,333,489
IsPETaseWT_pool_8,4.354697,55.461109,-1.138036,-0.099374,-0.618705,4409,2583,3930
IsPETaseWT_pool_9,4.242627,56.347351,-1.183232,1.319875,0.068321,4470,450,2169
IsPETaseWT_pool_10,8.474493,55.656094,0.523429,0.212878,0.368154,1450,1911,1472
IsPETaseWT_pool_11,5.459923,54.563568,-0.692311,-1.536718,-1.114515,3674,4763,4778
IsPETaseWT_pool_12,4.391353,55.357719,-1.123253,-0.264945,-0.694099,4387,2924,4094
IsPETaseWT_pool_13,6.929248,55.866718,-0.099750,0.550178,0.225214,2514,1304,1772
IsPETaseWT_pool_14,5.085968,56.167843,-0.843123,1.032406,0.094641,3954,678,2086
IsPETaseWT_pool_15,7.294567,55.069298,0.047579,-0.726830,-0.339626,2236,3858,3239
IsPETaseWT_pool_16,6.716924,56.350777,-0.185378,1.325360,0.569991,2686,444,1102
IsPETaseWT_pool_17,5.543118,55.276119,-0.658760,-0.395621,-0.527191,3607,3176,3710
IsPETaseWT_pool_18,10.586611,55.155815,1.375221,-0.588279,0.393471,502,3589,1419
IsPETaseWT_pool_19,6.905171,56.334103,-0.109460,1.298658,0.594599,2538,461,1050
IsPETaseWT_pool_20,5.062955,55.911079,-0.852404,0.621219,-0.115593,3970,1200,2633
IsPETaseWT_pool_21,3.295424,55.371387,-1.565228,-0.243057,-0.904142,4804,2870,4519
IsPETaseWT_pool_22,2.532865,55.658180,-1.872759,0.216220,-0.828269,4940,1903,4385
IsPETaseWT_pool_23,6.560735,55.131413,-0.248367,-0.627358,-0.437863,2804,3668,3484
IsPETaseWT_pool_24,5.637599,55.581089,-0.620657,0.092764,-0.263946,3540,2166,3024
IsPETaseWT_pool_25,6.085820,55.974964,-0.439895,0.723525,0.141815,3180,1054,1976
IsPETaseWT_pool_26,9.588721,55.850098,0.972784,0.523561,0.748172,857,1340,808
IsPETaseWT_pool_27,9.212472,55.609467,0.821047,0.138209,0.479628,1020,2057,1254
IsPETaseWT_pool_28,6.339615,55.181381,-0.337542,-0.547337,-0.442440,2984,3506,3498
IsPETaseWT_pool_29,4.152016,54.939667,-1.219775,-0.934424,-1.077100,4517,4215,4747
IsPETaseWT_pool_30,8.517512,55.736618,0.540778,0.341832,0.441305,1410,1676,1328
IsPETaseWT_pool_31,6.404407,55.648842,-0.311412,0.201265,-0.055073,2934,1935,2481
IsPETaseWT_pool_32,7.759725,54.851013,0.235171,-1.076396,-0.420612,1915,4410,3444
IsPETaseWT_pool_33,3.991956,54.937569,-1.284325,-0.937784,-1.111055,4583,4222,4774
IsPETaseWT_pool_34,9.275331,56.026096,0.846397,0.805410,0.825903,988,952,699
IsPETaseWT_pool_35,6.370100,55.697067,-0.325248,0.278495,-0.023377,2953,1774,2395
IsPETaseWT_pool_36,11.422472,55.525917,1.712314,0.004411,0.858362,286,2339,652
IsPETaseWT_pool_37,8.063943,54.773987,0.357859,-1.199748,-0.420945,1708,4556,3447
IsPETaseWT_pool_38,7.362431,55.786324,0.074947,0.421432,0.248190,2192,1514,1726
IsPETaseWT_pool_39,5.590218,55.613888,-0.639765,0.145289,-0.247238,3575,2043,2970
IsPETaseWT_pool_40,9.422755,56.685318,0.905852,1.861103,1.383477,922,200,200
IsPETaseWT_pool_41,2.878040,54.903172,-1.733554,-0.992869,-1.363211,4881,4309,4925
IsPETaseWT_pool_42,7.419377,56.439529,0.097913,1.467491,0.782702,2161,363,758
IsPETaseWT_pool_43,12.801358,55.333363,2.268402,-0.303951,0.982226,93,3003,518
IsPETaseWT_pool_44,3.834881,55.583607,-1.347671,0.096796,-0.625438,4649,2153,3940
IsPETaseWT_pool_45,4.140679,55.224915,-1.224347,-0.477622,-0.850984,4524,3368,4437
IsPETaseWT_pool_46,5.043988,54.606945,-0.860053,-1.467253,-1.163653,3983,4730,4823
IsPETaseWT_pool_47,8.251097,55.244713,0.433336,-0.445916,-0.006290,1584,3292,2348
IsPETaseWT_pool_48,4.259786,55.868732,-1.176312,0.553403,-0.311454,4464,1300,3169
IsPETaseWT_pool_49,7.644149,55.704979,0.188561,0.291165,0.239863,2001,1757,1739
IsPETaseWT_pool_50,5.964496,55.823959,-0.488823,0.481703,-0.003560,3272,1407,2338
IsPETaseWT_pool_51,4.166726,56.144081,-1.213842,0.994353,-0.109745,4510,714,2618
IsPETaseWT_pool_52,8.515046,55.103317,0.539783,-0.672351,-0.066284,1413,3770,2512
IsPETaseWT_pool_53,6.548612,55.801708,-0.253256,0.446069,0.096407,2810,1468,2083
IsPETaseWT_pool_54,2.481684,55.922775,-1.893400,0.639949,-0.626725,4941,1178,3947
IsPETaseWT_pool_55,9.789889,55.886284,1.053912,0.581511,0.817711,760,1257,709
IsPETaseWT_pool_56,11.087045,55.459892,1.577040,-0.101323,0.737858,369,2588,826
IsPETaseWT_pool_57,5.159809,55.504578,-0.813344,-0.029763,-0.421553,3897,2424,3449
IsPETaseWT_pool_58,7.992985,55.914524,0.329242,0.626735,0.477989,1761,1195,1259
IsPETaseWT_pool_59,6.474570,55.323215,-0.283116,-0.320200,-0.301658,2881,3043,3141
IsPETaseWT_pool_60,8.463532,55.269661,0.519008,-0.405964,0.056522,1458,3200,2201
IsPETaseWT_pool_61,9.631048,55.156895,0.989854,-0.586551,0.201652,830,3584,1822
IsPETaseWT_pool_62,9.654552,54.992836,0.999332,-0.849278,0.075027,816,4080,2146
IsPETaseWT_pool_63,5.871511,55.280483,-0.526323,-0.388633,-0.457478,3363,3164,3538
IsPETaseWT_pool_64,10.510173,55.638245,1.344394,0.184295,0.764344,519,1965,788
IsPETaseWT_pool_65,9.941876,55.819168,1.115207,0.474030,0.794618,707,1422,747
IsPETaseWT_pool_66,7.966884,54.290833,0.318716,-1.973483,-0.827383,1779,4923,4383
IsPETaseWT_pool_67,9.281379,55.725327,0.848836,0.323750,0.586293,983,1696,1065
IsPETaseWT_pool_68,3.219516,54.452534,-1.595841,-1.714531,-1.655186,4825,4842,4984
IsPETaseWT_pool_69,4.300462,56.096111,-1.159908,0.917533,-0.121187,4441,813,2644
IsPETaseWT_pool_70,5.320396,54.970020,-0.748581,-0.885816,-0.817198,3762,4137,4359
IsPETaseWT_pool_71,5.753895,55.962120,-0.573756,0.702956,0.064600,3452,1083,2179
IsPETaseWT_pool_72,12.677926,56.014015,2.218623,0.786063,1.502343,105,985,144
IsPETaseWT_pool_73,7.578025,54.800480,0.161894,-1.157322,-0.497714,2050,4517,3641
IsPETaseWT_pool_74,7.683946,55.253178,0.204611,-0.432361,-0.113875,1980,3258,2631
IsPETaseWT_pool_75,4.100762,54.518341,-1.240445,-1.609145,-1.424795,4539,4797,4949
IsPETaseWT_pool_76,6.876242,55.774082,-0.121127,0.401828,0.140351,2560,1550,1982
IsPETaseWT_pool_77,8.930307,55.560982,0.707253,0.060564,0.383909,1158,2232,1434
IsPETaseWT_pool_78,10.832392,56.572002,1.474341,1.679636,1.576989,434,269,118
IsPETaseWT_pool_79,8.535620,56.488556,0.548081,1.546003,1.047042,1401,327,443
IsPETaseWT_pool_80,7.066540,55.786823,-0.044382,0.422232,0.188925,2402,1512,1857
IsPETaseWT_pool_81,3.735159,55.358723,-1.387888,-0.263338,-0.825613,4680,2920,4378
IsPETaseWT_pool_82,5.263283,55.151680,-0.771614,-0.594901,-0.683258,3810,3603,4074
IsPETaseWT_pool_83,4.224218,55.702511,-1.190656,0.287212,-0.451722,4482,1762,3526
IsPETaseWT_pool_84,5.645529,55.635147,-0.617459,0.179334,-0.219062,3533,1978,2897
IsPETaseWT_pool_85,3.134614,55.817486,-1.630081,0.471336,-0.579372,4844,1429,3830
IsPETaseWT_pool_86,6.445771,55.213074,-0.294731,-0.496584,-0.395657,2905,3399,3374
IsPETaseWT_pool_87,6.878356,54.793354,-0.120274,-1.168733,-0.644504,2558,4529,3994
IsPETaseWT_pool_88,15.587213,55.448349,3.391904,-0.119809,1.636048,3,2626,100
IsPETaseWT_pool_89,4.332036,57.110107,-1.147175,2.541371,0.697098,4420,64,887
IsPETaseWT_pool_90,10.785130,54.819836,1.455281,-1.126325,0.164478,451,4480,1917
IsPETaseWT_pool_91,4.603261,56.520973,-1.037793,1.597917,0.280062,4271,301,1654
IsPETaseWT_pool_92,9.839653,55.610905,1.073982,0.140512,0.607247,744,2050,1027
IsPETaseWT_pool_93,6.343793,57.169693,-0.335857,2.636792,1.150468,2979,54,355
IsPETaseWT_pool_94,9.917803,55.483925,1.105498,-0.062837,0.521331,712,2497,1179
IsPETaseWT_pool_95,11.842187,55.740582,1.881580,0.348179,1.114879,218,1665,377
IsPETaseWT_pool_96,4.881312,54.658051,-0.925658,-1.385411,-1.155535,4094,4684,4818
IsPETaseWT_pool_97,4.456501,55.234966,-1.096979,-0.461525,-0.779252,4359,3331,4281
IsPETaseWT_pool_98,5.451773,55.228046,-0.695598,-0.472606,-0.584102,3681,3353,3846
IsPETaseWT_pool_99,9.047765,54.951786,0.754623,-0.915016,-0.080197,1108,4175,2542
IsPETaseWT_pool_100,7.922281,55.836678,0.300728,0.502070,0.401399,1801,1367,1402
IsPETaseWT_pool_101,7.357583,55.962399,0.072992,0.703402,0.388197,2197,1081,1430
IsPETaseWT_pool_102,8.727802,55.891525,0.625585,0.589904,0.607745,1291,1245,1025
IsPETaseWT_pool_103,9.702666,55.448456,1.018736,-0.119638,0.449549,794,2624,1311
IsPETaseWT_pool_104,7.363118,55.434853,0.075224,-0.141422,-0.033099,2191,2674,2416
IsPETaseWT_pool_105,8.209861,54.469917,0.416706,-1.686692,-0.634993,1613,4832,3960
IsPETaseWT_pool_106,3.957886,55.436874,-1.298065,-0.138184,-0.718125,4597,2662,4149
IsPETaseWT_pool_107,8.077526,55.673721,0.363337,0.241108,0.302222,1697,1856,1609
IsPETaseWT_pool_108,8.229048,57.327591,0.424444,2.889654,1.657049,1599,37,93
IsPETaseWT_pool_109,3.836939,56.684849,-1.346841,1.860351,0.256755,4647,201,1706
IsPETaseWT_pool_110,5.044432,55.733669,-0.859874,0.337110,-0.261382,3981,1681,3022
IsPETaseWT_pool_111,13.510060,55.920242,2.554213,0.635892,1.595053,44,1187,111
IsPETaseWT_pool_112,3.404143,55.372108,-1.521383,-0.241902,-0.881642,4769,2864,4481
IsPETaseWT_pool_113,8.880431,55.561249,0.687139,0.060992,0.374065,1187,2230,1456
IsPETaseWT_pool_114,7.138583,55.058025,-0.015328,-0.744882,-0.380105,2353,3894,3340
IsPETaseWT_pool_115,13.196945,55.537296,2.427937,0.022634,1.225285,59,2303,299
IsPETaseWT_pool_116,11.947790,56.018970,1.924168,0.793998,1.359083,203,972,220
IsPETaseWT_pool_117,6.791676,55.505302,-0.155231,-0.028602,-0.091917,2623,2419,2571
IsPETaseWT_pool_118,4.780732,57.053867,-0.966221,2.451306,0.742543,4155,83,815
IsPETaseWT_pool_119,7.162185,54.186501,-0.005809,-2.140563,-1.073186,2338,4953,4741
IsPETaseWT_pool_120,13.440220,56.105625,2.526047,0.932769,1.729408,49,798,76
IsPETaseWT_pool_121,5.967631,56.338650,-0.487559,1.305940,0.409191,3271,458,1387
IsPETaseWT_pool_122,6.968887,55.034584,-0.083764,-0.782422,-0.433093,2479,3962,3475
IsPETaseWT_pool_123,5.085495,55.579185,-0.843314,0.089716,-0.376799,3955,2171,3331
IsPETaseWT_pool_124,3.772025,54.668880,-1.373020,-1.368068,-1.370544,4668,4670,4930
IsPETaseWT_pool_125,3.270918,54.923138,-1.575111,-0.960895,-1.268003,4813,4265,4883
IsPETaseWT_pool_126,4.538054,55.309349,-1.064090,-0.342406,-0.703248,4312,3086,4109
IsPETaseWT_pool_127,10.911056,54.926289,1.506066,-0.955849,0.275109,408,4251,1662
IsPETaseWT_pool_128,4.598339,55.409504,-1.039778,-0.182016,-0.610897,4279,2747,3916
IsPETaseWT_pool_129,3.988881,54.896400,-1.285565,-1.003712,-1.144639,4585,4320,4812
IsPETaseWT_pool_130,7.703645,54.984009,0.212555,-0.863414,-0.325430,1968,4105,3205
IsPETaseWT_pool_131,4.673329,55.166454,-1.009535,-0.571241,-0.790388,4230,3551,4307
IsPETaseWT_pool_132,9.861158,54.835056,1.082654,-1.101950,-0.009648,738,4450,2363
IsPETaseWT_pool_133,6.385881,55.847336,-0.318884,0.519138,0.100127,2945,1345,2079
IsPETaseWT_pool_134,9.505939,55.951893,0.939399,0.686578,0.812989,889,1107,718
IsPETaseWT_pool_135,5.654109,55.878757,-0.613998,0.569458,-0.022270,3527,1282,2391
IsPETaseWT_pool_136,5.196755,55.173920,-0.798444,-0.559286,-0.678865,3863,3527,4062
IsPETaseWT_pool_137,10.349719,55.528976,1.279685,0.009310,0.644498,566,2331,969
IsPETaseWT_pool_138,4.891885,56.127991,-0.921394,0.968586,0.023596,4084,757,2267
IsPETaseWT_pool_139,6.798728,55.292088,-0.152387,-0.370049,-0.261218,2618,3134,3020
IsPETaseWT_pool_140,5.673054,55.613876,-0.606358,0.145271,-0.230544,3516,2044,2927
IsPETaseWT_pool_141,4.087259,55.316582,-1.245890,-0.330824,-0.788357,4542,3062,4300
IsPETaseWT_pool_142,7.021474,55.192837,-0.062556,-0.528992,-0.295774,2439,3463,3120
IsPETaseWT_pool_143,11.293817,55.214695,1.660429,-0.493988,0.583220,317,3393,1072
IsPETaseWT_pool_144,7.026440,57.183155,-0.060554,2.658351,1.298899,2431,53,244
IsPETaseWT_pool_145,5.468621,55.381279,-0.688804,-0.227216,-0.458010,3666,2841,3539
IsPETaseWT_pool_146,5.063268,55.063461,-0.852278,-0.736177,-0.794227,3968,3871,4318
IsPETaseWT_pool_147,6.322170,55.484150,-0.344577,-0.062476,-0.203527,3000,2495,2852
IsPETaseWT_pool_148,5.280242,54.881348,-0.764775,-1.027818,-0.896296,3793,4344,4505
IsPETaseWT_pool_149,6.251177,56.213032,-0.373208,1.104772,0.365782,3053,621,1477
IsPETaseWT_pool_150,11.310175,56.367477,1.667025,1.352105,1.509565,315,433,140
IsPETaseWT_pool_151,9.339259,54.342422,0.872179,-1.890866,-0.509343,952,4899,3671
IsPETaseWT_pool_152,8.660446,54.965614,0.598421,-0.892871,-0.147225,1330,4143,2716
IsPETaseWT_pool_153,9.283485,56.483913,0.849686,1.538569,1.194127,981,328,332
IsPETaseWT_pool_154,3.877120,55.123791,-1.330637,-0.639564,-0.985100,4632,3694,4643
IsPETaseWT_pool_155,2.545255,55.810818,-1.867762,0.460657,-0.703552,4937,1446,4112
IsPETaseWT_pool_156,6.026902,56.578922,-0.463655,1.690718,0.613531,3224,262,1014
IsPETaseWT_pool_157,6.047669,55.571136,-0.455280,0.076826,-0.189227,3206,2198,2819
IsPETaseWT_pool_158,5.944456,56.414204,-0.496905,1.426934,0.465014,3294,385,1284
IsPETaseWT_pool_159,8.767910,55.227760,0.641760,-0.473065,0.084348,1261,3354,2122
IsPETaseWT_pool_160,8.539519,56.071182,0.549653,0.877611,0.713632,1396,874,862
IsPETaseWT_pool_161,8.887760,56.013790,0.690094,0.785702,0.737898,1179,987,825
IsPETaseWT_pool_162,4.929003,56.143669,-0.906425,0.993693,0.043634,4060,716,2235
IsPETaseWT_pool_163,3.839087,55.127777,-1.345975,-0.633180,-0.989578,4644,3677,4651
IsPETaseWT_pool_164,8.375403,56.859722,0.483467,2.140398,1.311932,1509,119,241
IsPETaseWT_pool_165,6.942048,55.269665,-0.094588,-0.405958,-0.250273,2502,3199,2980
IsPETaseWT_pool_166,5.810805,55.599133,-0.550805,0.121660,-0.214573,3405,2098,2886
IsPETaseWT_pool_167,5.853894,55.397469,-0.533428,-0.201290,-0.367359,3373,2790,3315
IsPETaseWT_pool_168,5.402293,54.852413,-0.715553,-1.074154,-0.894854,3714,4406,4503
IsPETaseWT_pool_169,5.383528,55.478210,-0.723121,-0.071988,-0.397554,3726,2525,3379
IsPETaseWT_pool_170,4.600507,56.125660,-1.038904,0.964853,-0.037025,4274,762,2424
IsPETaseWT_pool_171,7.581147,56.663074,0.163153,1.825482,0.994317,2045,206,504
IsPETaseWT_pool_172,9.002812,55.149693,0.736494,-0.598084,0.069205,1123,3611,2164
IsPETaseWT_pool_173,7.069479,54.657547,-0.043197,-1.386218,-0.714707,2398,4686,4139
IsPETaseWT_pool_174,7.738140,56.580105,0.226466,1.692612,0.959539,1939,260,540
IsPETaseWT_pool_175,5.685686,54.995865,-0.601264,-0.844427,-0.722846,3505,4067,4161
IsPETaseWT_pool_176,3.998464,55.400852,-1.281700,-0.195871,-0.738786,4581,2779,4193
IsPETaseWT_pool_177,4.258614,54.840107,-1.176785,-1.093862,-1.135323,4465,4438,4804
IsPETaseWT_pool_178,2.562699,55.100521,-1.860727,-0.676829,-1.268778,4935,3778,4884
IsPETaseWT_pool_179,5.986878,55.127125,-0.479797,-0.634225,-0.557011,3252,3679,3777
IsPETaseWT_pool_180,5.972331,56.254871,-0.485663,1.171775,0.343056,3267,566,1517
IsPETaseWT_pool_181,6.350463,55.872707,-0.333167,0.559769,0.113301,2972,1295,2056
IsPETaseWT_pool_182,10.901397,54.529079,1.502170,-1.591949,-0.044889,412,4790,2449
IsPETaseWT_pool_183,6.914599,56.019344,-0.105658,0.794597,0.344469,2532,971,1515
IsPETaseWT_pool_184,8.462336,55.956528,0.518526,0.694001,0.606263,1459,1090,1029
IsPETaseWT_pool_185,3.253947,55.028503,-1.581955,-0.792159,-1.187057,4816,3978,4841
IsPETaseWT_pool_186,8.605371,54.983673,0.576210,-0.863952,-0.143871,1362,4106,2709
IsPETaseWT_pool_187,11.442915,56.925915,1.720558,2.246400,1.983479,281,104,39
IsPETaseWT_pool_188,0.971021,55.305958,-2.502632,-0.347837,-1.425235,4995,3096,4950
IsPETaseWT_pool_189,6.366935,54.782700,-0.326524,-1.185795,-0.756160,2956,4544,4230
IsPETaseWT_pool_190,6.312344,55.389919,-0.348540,-0.213379,-0.280960,3007,2810,3079
IsPETaseWT_pool_191,9.676145,55.760143,1.008041,0.379506,0.693773,804,1595,892
IsPETaseWT_pool_192,6.993287,55.955456,-0.073924,0.692284,0.309180,2460,1095,1592
IsPETaseWT_pool_193,4.029028,55.212929,-1.269374,-0.496816,-0.883095,4567,3402,4485
IsPETaseWT_pool_194,6.095911,55.059105,-0.435825,-0.743153,-0.589489,3170,3890,3861
IsPETaseWT_pool_195,4.142361,55.211136,-1.223668,-0.499687,-0.861678,4521,3406,4454
IsPETaseWT_pool_196,11.195704,56.269131,1.620861,1.194611,1.407736,345,550,190
IsPETaseWT_pool_197,6.487562,56.023464,-0.277877,0.801194,0.261659,2865,958,1692
IsPETaseWT_pool_198,7.470639,56.076504,0.118586,0.886133,0.502360,2121,863,1208
IsPETaseWT_pool_199,7.357078,55.125957,0.072789,-0.636094,-0.281653,2198,3682,3081
IsPETaseWT_pool_200,5.037974,55.683399,-0.862478,0.256606,-0.302936,3989,1825,3145
IsPETaseWT_pool_201,9.139971,56.163708,0.791808,1.025784,0.908796,1056,684,597
IsPETaseWT_pool_202,6.182252,55.372005,-0.401005,-0.242067,-0.321536,3104,2867,3193
IsPETaseWT_pool_203,5.360695,55.674576,-0.732329,0.242476,-0.244926,3741,1851,2965
IsPETaseWT_pool_204,9.282866,56.105637,0.849436,0.932787,0.891112,982,797,621
IsPETaseWT_pool_205,5.111854,55.351288,-0.832683,-0.275245,-0.553964,3929,2950,3775
IsPETaseWT_pool_206,5.946124,56.353012,-0.496232,1.328940,0.416354,3290,442,1376
IsPETaseWT_pool_207,9.234848,55.183064,0.830071,-0.544643,0.142714,1006,3497,1972
IsPETaseWT_pool_208,4.637750,56.329536,-1.023884,1.291346,0.133731,4250,467,1997
IsPETaseWT_pool_209,12.529739,55.791264,2.158861,0.429343,1.294102,127,1502,249
IsPETaseWT_pool_210,7.341664,54.580090,0.066572,-1.510260,-0.721844,2205,4750,4156
IsPETaseWT_pool_211,3.181937,55.301121,-1.610996,-0.355583,-0.983290,4830,3113,4640
IsPETaseWT_pool_212,4.507344,54.992962,-1.076475,-0.849076,-0.962776,4334,4078,4609
IsPETaseWT_pool_213,6.554435,54.836193,-0.250908,-1.100130,-0.675519,2807,4448,4056
IsPETaseWT_pool_214,9.550941,55.648685,0.957547,0.201015,0.579281,873,1936,1082
IsPETaseWT_pool_215,12.830338,55.709671,2.280089,0.298679,1.289384,89,1740,253
IsPETaseWT_pool_216,10.553858,55.307259,1.362012,-0.345754,0.508129,507,3092,1200
IsPETaseWT_pool_217,8.109645,54.504723,0.376290,-1.630954,-0.627332,1674,4811,3948
IsPETaseWT_pool_218,4.247671,55.238228,-1.181198,-0.456302,-0.818750,4467,3317,4362
IsPETaseWT_pool_219,11.089867,55.668373,1.578178,0.232543,0.905361,367,1865,602
IsPETaseWT_pool_220,4.623273,55.859467,-1.029722,0.538565,-0.245579,4258,1314,2967
IsPETaseWT_pool_221,9.630928,54.742924,0.989805,-1.249493,-0.129844,831,4593,2674
IsPETaseWT_pool_222,4.720642,55.638016,-0.990455,0.183928,-0.403263,4200,1968,3398
IsPETaseWT_pool_223,5.355349,55.538136,-0.734485,0.023978,-0.355254,3745,2300,3282
IsPETaseWT_pool_224,4.064217,54.880493,-1.255183,-1.029186,-1.142185,4552,4347,4810
IsPETaseWT_pool_225,7.231047,55.858437,0.021962,0.536915,0.279439,2286,1317,1656
IsPETaseWT_pool_226,5.876933,55.256283,-0.524136,-0.427388,-0.475762,3356,3247,3590
IsPETaseWT_pool_227,9.134296,55.582367,0.789519,0.094811,0.442165,1062,2157,1324
IsPETaseWT_pool_228,6.050497,55.229576,-0.454140,-0.470157,-0.462148,3202,3348,3554
IsPETaseWT_pool_229,7.818032,56.504429,0.258686,1.571423,0.915054,1871,311,590
IsPETaseWT_pool_230,6.787283,55.787411,-0.157003,0.423173,0.133085,2628,1511,1998
IsPETaseWT_pool_231,8.000381,56.203491,0.332225,1.089494,0.710860,1749,641,865
IsPETaseWT_pool_232,5.653226,55.167892,-0.614355,-0.568938,-0.591647,3529,3547,3866
IsPETaseWT_pool_233,5.510433,55.244026,-0.671941,-0.447016,-0.559479,3638,3294,3783
IsPETaseWT_pool_234,5.975258,55.326977,-0.484483,-0.314177,-0.399330,3265,3031,3383
IsPETaseWT_pool_235,4.311744,56.309246,-1.155358,1.258852,0.051747,4434,494,2210
IsPETaseWT_pool_236,3.004861,55.239071,-1.682409,-0.454952,-1.068680,4862,3312,4733
IsPETaseWT_pool_237,6.105009,55.155518,-0.432156,-0.588756,-0.510456,3165,3591,3675
IsPETaseWT_pool_238,2.849600,55.573448,-1.745023,0.080528,-0.832248,4888,2192,4395
IsPETaseWT_pool_239,11.533746,55.118031,1.757189,-0.648788,0.554200,266,3720,1125
IsPETaseWT_pool_240,6.056444,55.730709,-0.451742,0.332369,-0.059686,3198,1687,2495
IsPETaseWT_pool_241,7.754705,55.850563,0.233147,0.524306,0.378727,1921,1337,1445
IsPETaseWT_pool_242,9.230035,55.512703,0.828130,-0.016751,0.405690,1010,2392,1397
IsPETaseWT_pool_243,10.991171,55.301231,1.538375,-0.355406,0.591484,393,3110,1059
IsPETaseWT_pool_244,5.227437,56.130863,-0.786070,0.973186,0.093558,3835,748,2093
IsPETaseWT_pool_245,7.025918,54.804657,-0.060764,-1.150632,-0.605698,2432,4512,3898
IsPETaseWT_pool_246,5.972179,56.121712,-0.485725,0.958530,0.236403,3268,766,1748
IsPETaseWT_pool_247,8.681083,55.903625,0.606744,0.609282,0.608013,1317,1220,1023
IsPETaseWT_pool_248,3.062685,55.109215,-1.659089,-0.662906,-1.160998,4853,3754,4820
IsPETaseWT_pool_249,5.790962,55.592644,-0.558807,0.111268,-0.223769,3419,2122,2912
IsPETaseWT_pool_250,3.702233,55.734398,-1.401167,0.338277,-0.531445,4686,1680,3726
IsPETaseWT_pool_251,2.674009,55.713856,-1.815837,0.305380,-0.755229,4922,1730,4226
IsPETaseWT_pool_252,2.970559,55.169788,-1.696242,-0.565902,-1.131072,4867,3542,4798
IsPETaseWT_pool_253,7.643449,55.082500,0.188279,-0.705687,-0.258704,2002,3830,3012
IsPETaseWT_pool_254,4.508369,55.103706,-1.076062,-0.671728,-0.873895,4333,3769,4475
IsPETaseWT_pool_255,2.428253,55.770725,-1.914948,0.396452,-0.759248,4946,1555,4234
IsPETaseWT_pool_256,6.989606,55.523228,-0.075408,0.000104,-0.037652,2463,2351,2426
IsPETaseWT_pool_257,10.559175,56.472809,1.364156,1.520786,1.442471,505,338,172
IsPETaseWT_pool_258,6.830967,55.099903,-0.139386,-0.677818,-0.408602,2599,3781,3407
IsPETaseWT_pool_259,6.184864,55.606400,-0.399951,0.133297,-0.133327,3102,2069,2684
IsPETaseWT_pool_260,4.946140,55.594948,-0.899514,0.114958,-0.392278,4053,2112,3364
IsPETaseWT_pool_261,2.739712,55.691086,-1.789340,0.268916,-0.760212,4909,1804,4237
IsPETaseWT_pool_262,6.888074,55.804523,-0.116355,0.450578,0.167111,2551,1460,1907
IsPETaseWT_pool_263,6.226215,55.707565,-0.383275,0.295306,-0.043984,3075,1747,2448
IsPETaseWT_pool_264,7.757408,54.180927,0.234237,-2.149488,-0.957625,1919,4955,4598
IsPETaseWT_pool_265,5.111481,55.667488,-0.832834,0.231126,-0.300854,3931,1871,3138
IsPETaseWT_pool_266,4.803465,55.608242,-0.957053,0.136248,-0.410403,4140,2062,3413
IsPETaseWT_pool_267,6.586396,55.600704,-0.238018,0.124177,-0.056921,2793,2097,2489
IsPETaseWT_pool_268,7.420829,56.154919,0.098499,1.011709,0.555104,2160,698,1124
IsPETaseWT_pool_269,6.605362,55.486774,-0.230369,-0.058273,-0.144321,2772,2484,2710
IsPETaseWT_pool_270,3.821650,56.399082,-1.353007,1.402718,0.024855,4654,402,2264
IsPETaseWT_pool_271,5.469231,56.051014,-0.688558,0.845313,0.078378,3665,913,2139
IsPETaseWT_pool_272,7.027605,56.569588,-0.060084,1.675770,0.807843,2430,272,727
IsPETaseWT_pool_273,10.342604,56.112957,1.276816,0.944510,1.110663,570,780,382
IsPETaseWT_pool_274,5.093537,54.818501,-0.840070,-1.128463,-0.984267,3947,4485,4642
IsPETaseWT_pool_275,8.667016,55.696571,0.601071,0.277700,0.439386,1327,1775,1330
IsPETaseWT_pool_276,7.796527,56.223778,0.250013,1.121981,0.685997,1886,602,905
IsPETaseWT_pool_277,10.946487,55.044037,1.520354,-0.767284,0.376535,403,3930,1451
IsPETaseWT_pool_278,6.421772,55.634769,-0.304409,0.178729,-0.062840,2925,1979,2504
IsPETaseWT_pool_279,13.146676,56.765873,2.407664,1.990105,2.198885,62,163,23
IsPETaseWT_pool_280,1.838688,56.085457,-2.152712,0.900471,-0.626121,4982,840,3945
IsPETaseWT_pool_281,6.270183,54.892166,-0.365543,-1.010493,-0.688018,3037,4325,4084
IsPETaseWT_pool_282,8.855122,55.320858,0.676932,-0.323976,0.176478,1200,3048,1883
IsPETaseWT_pool_283,3.712753,54.910053,-1.396924,-0.981848,-1.189386,4683,4294,4844
IsPETaseWT_pool_284,7.825848,55.386749,0.261838,-0.218456,0.021691,1865,2820,2271
IsPETaseWT_pool_285,6.537919,55.395470,-0.257568,-0.204491,-0.231030,2820,2793,2928
IsPETaseWT_pool_286,5.699129,54.671593,-0.595842,-1.363725,-0.979784,3496,4665,4634
IsPETaseWT_pool_287,5.703639,56.111767,-0.594024,0.942604,0.174290,3494,781,1890
IsPETaseWT_pool_288,10.844347,54.774876,1.479163,-1.198325,0.140419,428,4555,1981
IsPETaseWT_pool_289,6.848204,55.769924,-0.132434,0.395169,0.131368,2584,1560,2000
IsPETaseWT_pool_290,6.688309,56.078342,-0.196918,0.889078,0.346080,2706,859,1509
IsPETaseWT_pool_291,5.505529,57.365452,-0.673919,2.950285,1.138183,3640,34,365
IsPETaseWT_pool_292,7.884496,56.027981,0.285490,0.808427,0.546959,1826,950,1142
IsPETaseWT_pool_293,1.900054,55.849030,-2.127964,0.521851,-0.803057,4978,1343,4341
IsPETaseWT_pool_294,1.783702,56.127251,-2.174887,0.967401,-0.603743,4984,758,3895
IsPETaseWT_pool_295,4.192716,56.340691,-1.203361,1.309208,0.052924,4496,455,2207
IsPETaseWT_pool_296,4.457289,54.249672,-1.096662,-2.039398,-1.568030,4358,4935,4974
IsPETaseWT_pool_297,10.117069,55.063042,1.185860,-0.736849,0.224506,633,3873,1773
IsPETaseWT_pool_298,11.364246,58.543709,1.688832,4.837174,3.263003,300,7,3
IsPETaseWT_pool_299,6.432535,55.705452,-0.300069,0.291922,-0.004073,2918,1755,2340
IsPETaseWT_pool_300,7.853449,54.915550,0.272969,-0.973045,-0.350038,1843,4280,3264
IsPETaseWT_pool_301,6.365283,54.793156,-0.327190,-1.169051,-0.748121,2957,4530,4215
IsPETaseWT_pool_302,4.454547,55.079384,-1.097768,-0.710678,-0.904223,4360,3839,4520
IsPETaseWT_pool_303,2.977698,56.354862,-1.693363,1.331903,-0.180730,4865,439,2799
IsPETaseWT_pool_304,5.990839,55.551704,-0.478199,0.045707,-0.216246,3247,2264,2893
IsPETaseWT_pool_305,4.758233,55.030010,-0.975295,-0.789746,-0.882520,4175,3975,4483
IsPETaseWT_pool_306,9.629018,56.239494,0.989035,1.147150,1.068093,834,584,416
IsPETaseWT_pool_307,7.372002,55.473850,0.078807,-0.078970,-0.000082,2184,2535,2324
IsPETaseWT_pool_308,5.736854,56.097862,-0.580628,0.920337,0.169854,3464,808,1898
IsPETaseWT_pool_309,5.542476,55.453968,-0.659019,-0.110810,-0.384914,3608,2609,3350
IsPETaseWT_pool_310,2.899332,54.841991,-1.724967,-1.090844,-1.407906,4878,4430,4945
IsPETaseWT_pool_311,5.951618,54.767284,-0.494017,-1.210482,-0.852249,3285,4565,4441
IsPETaseWT_pool_312,5.186476,55.595917,-0.802589,0.116510,-0.343040,3875,2105,3249
IsPETaseWT_pool_313,6.036713,55.200783,-0.459699,-0.516267,-0.487983,3216,3436,3622
IsPETaseWT_pool_314,6.102703,55.421360,-0.433086,-0.163029,-0.298058,3167,2713,3131
IsPETaseWT_pool_315,13.091932,56.307964,2.385587,1.256800,1.821193,67,497,57
IsPETaseWT_pool_316,9.248691,54.722363,0.835654,-1.282421,-0.223384,1002,4607,2909
IsPETaseWT_pool_317,3.315339,55.530094,-1.557197,0.011100,-0.773048,4796,2327,4271
IsPETaseWT_pool_318,10.697387,55.951290,1.419895,0.685613,1.052754,469,1113,435
IsPETaseWT_pool_319,5.528797,55.991379,-0.664535,0.749812,0.042638,3623,1027,2237
IsPETaseWT_pool_320,11.066719,55.524403,1.568843,0.001985,0.785414,374,2346,756
IsPETaseWT_pool_321,6.918251,56.129181,-0.104185,0.970492,0.433153,2529,752,1342
IsPETaseWT_pool_322,6.733041,55.133316,-0.178878,-0.624310,-0.401594,2678,3659,3391
IsPETaseWT_pool_323,8.120058,54.658081,0.380489,-1.385363,-0.502437,1670,4683,3658
IsPETaseWT_pool_324,3.154393,55.477295,-1.622104,-0.073454,-0.847779,4836,2526,4430
IsPETaseWT_pool_325,6.897502,55.483105,-0.112553,-0.064150,-0.088351,2542,2501,2560
IsPETaseWT_pool_326,8.407133,55.231163,0.496263,-0.467615,0.014324,1489,3343,2289
IsPETaseWT_pool_327,11.114965,55.826973,1.588300,0.486529,1.037414,364,1394,454
IsPETaseWT_pool_328,4.624637,55.025005,-1.029172,-0.797761,-0.913467,4257,3994,4532
IsPETaseWT_pool_329,7.713145,55.419289,0.216386,-0.166347,0.025020,1961,2720,2262
IsPETaseWT_pool_330,8.030904,54.972931,0.344535,-0.881154,-0.268310,1730,4132,3041
IsPETaseWT_pool_331,4.466435,55.761974,-1.092973,0.382438,-0.355267,4354,1592,3283
IsPETaseWT_pool_332,7.361469,54.424988,0.074559,-1.758644,-0.842042,2194,4858,4415
IsPETaseWT_pool_333,6.922872,55.576595,-0.102321,0.085568,-0.008377,2522,2184,2355
IsPETaseWT_pool_334,7.287718,55.689640,0.044817,0.266601,0.155709,2241,1807,1930
IsPETaseWT_pool_335,8.574499,55.209347,0.563760,-0.502553,0.030604,1378,3412,2255
IsPETaseWT_pool_336,4.725893,55.380756,-0.988337,-0.228053,-0.608195,4194,2842,3907
IsPETaseWT_pool_337,6.486296,55.815113,-0.278387,0.467536,0.094574,2868,1435,2088
IsPETaseWT_pool_338,10.972944,56.791988,1.531024,2.031927,1.781476,397,150,61
IsPETaseWT_pool_339,4.800578,55.684227,-0.958217,0.257932,-0.350143,4144,1822,3266
IsPETaseWT_pool_340,4.452960,55.102169,-1.098408,-0.674189,-0.886298,4363,3775,4490
IsPETaseWT_pool_341,5.818351,55.115494,-0.547762,-0.652851,-0.600306,3400,3729,3886
IsPETaseWT_pool_342,5.941549,55.822296,-0.498077,0.479039,-0.009519,3300,1411,2361
IsPETaseWT_pool_343,8.081877,55.466843,0.365091,-0.090192,0.137449,1693,2559,1986
IsPETaseWT_pool_344,7.263632,55.672703,0.035103,0.239477,0.137290,2261,1859,1987
IsPETaseWT_pool_345,12.129707,54.574066,1.997533,-1.519906,0.238814,174,4755,1744
IsPETaseWT_pool_346,5.709549,55.828373,-0.591640,0.488771,-0.051435,3490,1388,2470
IsPETaseWT_pool_347,7.617520,54.911846,0.177822,-0.978977,-0.400578,2020,4291,3388
IsPETaseWT_pool_348,5.592310,56.025780,-0.638921,0.804903,0.082991,3571,955,2125
IsPETaseWT_pool_349,8.925816,55.486282,0.705442,-0.059061,0.323190,1162,2486,1566
IsPETaseWT_pool_350,9.697016,55.043972,1.016458,-0.767388,0.124535,796,3931,2023
IsPETaseWT_pool_351,7.880062,56.841724,0.283702,2.111576,1.197639,1830,127,328
IsPETaseWT_pool_352,6.885643,55.773407,-0.117335,0.400747,0.141706,2554,1551,1978
IsPETaseWT_pool_353,6.047105,55.896244,-0.455508,0.597461,0.070977,3207,1233,2157
IsPETaseWT_pool_354,6.823424,55.858704,-0.142428,0.537343,0.197458,2605,1316,1832
IsPETaseWT_pool_355,9.609333,56.492916,0.981096,1.552986,1.267041,848,319,269
IsPETaseWT_pool_356,10.162676,55.742279,1.204253,0.350898,0.777575,618,1658,770
IsPETaseWT_pool_357,6.514414,55.721745,-0.267048,0.318013,0.025483,2838,1711,2261
IsPETaseWT_pool_358,6.990868,55.969776,-0.074900,0.715217,0.320159,2461,1069,1573
IsPETaseWT_pool_359,9.881532,55.989597,1.090871,0.746959,0.918915,730,1031,582
IsPETaseWT_pool_360,8.877861,55.508377,0.686102,-0.023678,0.331212,1189,2407,1545
IsPETaseWT_pool_361,13.127344,55.420288,2.399868,-0.164746,1.117561,64,2717,375
IsPETaseWT_pool_362,10.266015,55.783642,1.245928,0.417137,0.831533,588,1525,693
IsPETaseWT_pool_363,5.002378,54.907032,-0.876834,-0.986687,-0.931760,4016,4303,4560
IsPETaseWT_pool_364,7.329857,55.884064,0.061811,0.577955,0.319883,2216,1264,1574
IsPETaseWT_pool_365,5.255711,54.932545,-0.774668,-0.945830,-0.860249,3815,4237,4452
IsPETaseWT_pool_366,6.455090,55.752941,-0.290972,0.367972,0.038500,2896,1618,2245
IsPETaseWT_pool_367,7.690251,55.927036,0.207153,0.646773,0.426963,1975,1167,1350
IsPETaseWT_pool_368,8.332358,54.873032,0.466107,-1.041136,-0.287514,1540,4364,3099
IsPETaseWT_pool_369,5.442146,54.644436,-0.699481,-1.407214,-1.053347,3683,4697,4720
IsPETaseWT_pool_370,8.088169,55.367012,0.367629,-0.250064,0.058783,1690,2888,2197
IsPETaseWT_pool_371,5.525043,55.574898,-0.666049,0.082850,-0.291600,3626,2185,3111
IsPETaseWT_pool_372,10.343316,54.601566,1.277103,-1.475867,-0.099382,569,4733,2590
IsPETaseWT_pool_373,8.037860,55.014854,0.347340,-0.814017,-0.233339,1728,4019,2937
IsPETaseWT_pool_374,6.289541,55.645023,-0.357736,0.195150,-0.081293,3024,1946,2545
IsPETaseWT_pool_375,8.348320,55.239258,0.472545,-0.454652,0.008946,1529,3308,2299
IsPETaseWT_pool_376,8.041674,55.317951,0.348878,-0.328631,0.010124,1725,3059,2297
IsPETaseWT_pool_377,8.707771,55.371407,0.617507,-0.243026,0.187240,1303,2869,1866
IsPETaseWT_pool_378,6.523861,55.500568,-0.263238,-0.036183,-0.149711,2829,2438,2719
IsPETaseWT_pool_379,5.954793,55.793606,-0.492736,0.433094,-0.029821,3281,1497,2407
IsPETaseWT_pool_380,7.614766,55.662670,0.176711,0.223410,0.200061,2021,1889,1825
IsPETaseWT_pool_381,3.735467,54.918549,-1.387764,-0.968244,-1.178004,4679,4273,4833
IsPETaseWT_pool_382,7.974901,55.039940,0.321949,-0.773845,-0.225948,1773,3944,2919
IsPETaseWT_pool_383,6.433855,55.060745,-0.299536,-0.740526,-0.520031,2916,3883,3694
IsPETaseWT_pool_384,10.255598,55.572102,1.241727,0.078372,0.660049,591,2196,941
IsPETaseWT_pool_385,6.311547,55.858387,-0.348862,0.536836,0.093987,3008,1318,2091
IsPETaseWT_pool_386,4.731171,55.820103,-0.986208,0.475527,-0.255341,4190,1419,2996
IsPETaseWT_pool_387,5.574445,55.350132,-0.646126,-0.277096,-0.461611,3582,2955,3553
IsPETaseWT_pool_388,6.929609,55.464054,-0.099605,-0.094658,-0.097131,2513,2576,2584
IsPETaseWT_pool_389,9.690419,55.479996,1.013797,-0.069129,0.472334,798,2515,1267
IsPETaseWT_pool_390,4.533442,55.359406,-1.065950,-0.262245,-0.664097,4313,2917,4030
IsPETaseWT_pool_391,5.548773,55.026642,-0.656479,-0.795141,-0.725810,3602,3985,4166
IsPETaseWT_pool_392,10.399353,55.623554,1.299702,0.160769,0.730235,551,2008,841
IsPETaseWT_pool_393,8.381291,54.255596,0.485842,-2.029911,-0.772035,1507,4933,4269
IsPETaseWT_pool_394,7.539369,54.805099,0.146304,-1.149924,-0.501810,2074,4510,3655
IsPETaseWT_pool_395,9.173766,55.544853,0.805437,0.034735,0.420086,1038,2275,1369
IsPETaseWT_pool_396,5.831927,56.140011,-0.542287,0.987835,0.222774,3391,730,1779
IsPETaseWT_pool_397,4.457487,55.392429,-1.096582,-0.209360,-0.652971,4357,2800,4010
IsPETaseWT_pool_398,10.162393,55.629856,1.204139,0.170861,0.687500,620,1990,902
IsPETaseWT_pool_399,6.740186,56.290245,-0.175997,1.228424,0.526214,2669,523,1174
IsPETaseWT_pool_400,6.716191,55.799614,-0.185673,0.442715,0.128521,2687,1475,2009
IsPETaseWT_pool_401,6.422342,55.155052,-0.304179,-0.589501,-0.446840,2924,3592,3512
IsPETaseWT_pool_402,8.245911,56.133659,0.431244,0.977664,0.704454,1586,742,872
IsPETaseWT_pool_403,10.754555,56.160698,1.442951,1.020964,1.231957,456,687,293
IsPETaseWT_pool_404,9.962556,55.393826,1.123547,-0.207124,0.458211,696,2794,1291
IsPETaseWT_pool_405,9.074329,55.179764,0.765335,-0.549927,0.107704,1095,3511,2069
IsPETaseWT_pool_406,5.197050,54.994686,-0.798325,-0.846315,-0.822320,3862,4071,4370
IsPETaseWT_pool_407,3.978365,56.537239,-1.289806,1.623966,0.167080,4591,295,1908
IsPETaseWT_pool_408,5.193278,55.229141,-0.799846,-0.470853,-0.635350,3867,3350,3964
IsPETaseWT_pool_409,5.248463,55.299454,-0.777591,-0.358253,-0.567922,3819,3119,3804
IsPETaseWT_pool_410,8.019770,56.632088,0.340044,1.775859,1.057951,1735,228,430
IsPETaseWT_pool_411,5.655402,55.214165,-0.613477,-0.494837,-0.554157,3525,3395,3776
IsPETaseWT_pool_412,8.213291,55.726501,0.418089,0.325631,0.371860,1610,1693,1464
IsPETaseWT_pool_413,6.049605,56.619434,-0.454500,1.755595,0.650548,3204,237,956
IsPETaseWT_pool_414,6.836648,54.826397,-0.137095,-1.115817,-0.626456,2593,4468,3946
IsPETaseWT_pool_415,10.638794,56.451401,1.396266,1.486502,1.441384,478,354,173
IsPETaseWT_pool_416,4.919179,55.894943,-0.910387,0.595378,-0.157505,4068,1238,2734
IsPETaseWT_pool_417,4.863363,55.422802,-0.932897,-0.160720,-0.546809,4104,2709,3760
IsPETaseWT_pool_418,5.242528,56.762241,-0.779984,1.984290,0.602153,3823,164,1036
IsPETaseWT_pool_419,2.600767,55.617508,-1.845375,0.151086,-0.847144,4931,2032,4427
IsPETaseWT_pool_420,4.120955,55.184013,-1.232301,-0.543122,-0.887712,4535,3493,4491
IsPETaseWT_pool_421,8.306533,55.477200,0.455692,-0.073607,0.191043,1555,2527,1852
IsPETaseWT_pool_422,7.490530,55.364876,0.126608,-0.253485,-0.063438,2105,2896,2506
IsPETaseWT_pool_423,11.120639,54.573174,1.590588,-1.521335,0.034626,362,4756,2252
IsPETaseWT_pool_424,11.656440,56.298115,1.806670,1.241026,1.523848,243,509,133
IsPETaseWT_pool_425,3.505973,55.582664,-1.480316,0.095287,-0.692514,4741,2156,4091
IsPETaseWT_pool_426,7.179422,55.882751,0.001142,0.575854,0.288498,2327,1272,1636
IsPETaseWT_pool_427,8.689433,54.994720,0.610111,-0.846260,-0.118074,1312,4070,2636
IsPETaseWT_pool_428,6.913125,54.641983,-0.106252,-1.411142,-0.758697,2533,4700,4233
IsPETaseWT_pool_429,15.783257,56.105820,3.470966,0.933080,2.202023,2,796,22
IsPETaseWT_pool_430,8.774948,55.766529,0.644599,0.389732,0.517166,1257,1574,1187
IsPETaseWT_pool_431,4.577222,55.436501,-1.048294,-0.138783,-0.593539,4294,2666,3873
IsPETaseWT_pool_432,11.289947,55.751713,1.658868,0.366005,1.012437,319,1623,483
IsPETaseWT_pool_433,8.537052,56.601093,0.548658,1.726223,1.137441,1398,245,366
IsPETaseWT_pool_434,6.630302,57.126236,-0.220311,2.567199,1.173444,2755,60,342
IsPETaseWT_pool_435,2.762846,54.417648,-1.780010,-1.770397,-1.775204,4905,4863,4995
IsPETaseWT_pool_436,9.290280,55.556679,0.852426,0.053673,0.453050,976,2247,1300
IsPETaseWT_pool_437,4.452442,55.988438,-1.098616,0.745102,-0.176757,4364,1034,2787
IsPETaseWT_pool_438,7.294479,55.943043,0.047543,0.672406,0.359974,2237,1123,1487
IsPETaseWT_pool_439,3.292188,55.573238,-1.566533,0.080192,-0.743170,4805,2193,4204
IsPETaseWT_pool_440,6.155225,55.288868,-0.411904,-0.375205,-0.393555,3122,3142,3369
IsPETaseWT_pool_441,8.505695,56.073250,0.536012,0.880922,0.708467,1425,866,867
IsPETaseWT_pool_442,4.095797,55.784977,-1.242447,0.419275,-0.411586,4540,1519,3418
IsPETaseWT_pool_443,8.353325,55.741722,0.474563,0.350006,0.412285,1522,1660,1383
IsPETaseWT_pool_444,8.574360,54.954746,0.563704,-0.910276,-0.173286,1379,4168,2776
IsPETaseWT_pool_445,10.899813,55.262390,1.501531,-0.417608,0.541962,413,3227,1148
IsPETaseWT_pool_446,8.765361,55.805199,0.640732,0.451659,0.546196,1263,1458,1145
IsPETaseWT_pool_447,10.616579,54.749226,1.387306,-1.239401,0.073953,489,4588,2150
IsPETaseWT_pool_448,3.672978,55.925209,-1.412965,0.643846,-0.384559,4694,1170,3349
IsPETaseWT_pool_449,3.440610,55.488651,-1.506676,-0.055268,-0.780972,4757,2477,4283
IsPETaseWT_pool_450,8.488571,55.680630,0.529106,0.252171,0.390639,1437,1831,1426
IsPETaseWT_pool_451,10.259297,55.202785,1.243219,-0.513060,0.365080,589,3428,1479
IsPETaseWT_pool_452,8.020982,54.819466,0.340533,-1.126917,-0.393192,1734,4482,3367
IsPETaseWT_pool_453,5.411767,55.007530,-0.711732,-0.825746,-0.768739,3706,4038,4263
IsPETaseWT_pool_454,3.322830,54.925629,-1.554175,-0.956905,-1.255540,4794,4256,4876
IsPETaseWT_pool_455,6.765769,55.038918,-0.165679,-0.775482,-0.470581,2648,3948,3575
IsPETaseWT_pool_456,9.678034,56.083618,1.008802,0.897526,0.953164,803,845,547
IsPETaseWT_pool_457,7.069017,55.528454,-0.043383,0.008473,-0.017455,2399,2332,2380
IsPETaseWT_pool_458,5.292240,54.852520,-0.759936,-1.073983,-0.916960,3781,4405,4535
IsPETaseWT_pool_459,9.408654,56.620602,0.900165,1.757465,1.328815,927,235,236
IsPETaseWT_pool_460,4.372174,55.023472,-1.130988,-0.800217,-0.965602,4397,3997,4617
IsPETaseWT_pool_461,8.477206,54.428604,0.524523,-1.752852,-0.614165,1445,4855,3924
IsPETaseWT_pool_462,7.116200,55.134602,-0.024355,-0.622251,-0.323303,2369,3655,3201
IsPETaseWT_pool_463,11.037187,54.395763,1.556933,-1.805444,-0.124256,382,4873,2650
IsPETaseWT_pool_464,4.622104,55.319618,-1.030194,-0.325961,-0.678077,4259,3054,4058
IsPETaseWT_pool_465,5.954041,55.167515,-0.493039,-0.569543,-0.531291,3282,3548,3723
IsPETaseWT_pool_466,6.192740,54.711739,-0.396775,-1.299434,-0.848105,3096,4621,4431
IsPETaseWT_pool_467,7.851487,56.635643,0.272178,1.781552,1.026865,1844,225,467
IsPETaseWT_pool_468,8.416366,55.556808,0.499987,0.053881,0.276934,1483,2246,1659
IsPETaseWT_pool_469,4.600590,55.756374,-1.038870,0.373470,-0.332700,4272,1604,3224
IsPETaseWT_pool_470,5.031097,55.695061,-0.865252,0.275281,-0.294985,3996,1783,3119
IsPETaseWT_pool_471,6.616059,55.513916,-0.226056,-0.014808,-0.120432,2763,2388,2643
IsPETaseWT_pool_472,6.609176,55.658066,-0.228831,0.216037,-0.006397,2768,1904,2349
IsPETaseWT_pool_473,9.456378,55.299713,0.919411,-0.357838,0.280787,909,3118,1653
IsPETaseWT_pool_474,3.415319,54.980789,-1.516876,-0.868570,-1.192723,4763,4114,4847
IsPETaseWT_pool_475,7.642006,55.169052,0.187697,-0.567081,-0.189692,2003,3544,2821
IsPETaseWT_pool_476,6.903636,54.791176,-0.110079,-1.172221,-0.641150,2539,4533,3983
IsPETaseWT_pool_477,5.513275,55.470722,-0.670795,-0.083980,-0.377387,3635,2544,3335
IsPETaseWT_pool_478,5.033916,55.142529,-0.864115,-0.609557,-0.736836,3992,3632,4188
IsPETaseWT_pool_479,5.768878,53.886662,-0.567713,-2.620732,-1.594223,3440,4987,4978
IsPETaseWT_pool_480,5.925019,54.878281,-0.504744,-1.032730,-0.768737,3319,4351,4262
IsPETaseWT_pool_481,3.147833,56.164360,-1.624750,1.026828,-0.298961,4838,681,3134
IsPETaseWT_pool_482,5.478465,54.861889,-0.684834,-1.058980,-0.871907,3659,4386,4472
IsPETaseWT_pool_483,7.280041,56.049709,0.041721,0.843224,0.442472,2247,915,1322
IsPETaseWT_pool_484,4.505019,55.342476,-1.077413,-0.289356,-0.683385,4335,2977,4075
IsPETaseWT_pool_485,9.614941,55.925682,0.983358,0.644604,0.813981,843,1169,714
IsPETaseWT_pool_486,4.245757,55.854347,-1.181970,0.530367,-0.325802,4468,1329,3207
IsPETaseWT_pool_487,3.371144,55.694069,-1.534691,0.273693,-0.630499,4777,1792,3953
IsPETaseWT_pool_488,8.218575,55.655743,0.420220,0.212316,0.316268,1608,1915,1580
IsPETaseWT_pool_489,5.596570,56.036850,-0.637203,0.822631,0.092714,3563,939,2096
IsPETaseWT_pool_490,4.743744,55.926151,-0.981138,0.645355,-0.167891,4184,1168,2764
IsPETaseWT_pool_491,7.644647,53.739979,0.188762,-2.855633,-1.333436,2000,4995,4911
IsPETaseWT_pool_492,4.390880,55.217690,-1.123444,-0.489192,-0.806318,4388,3386,4344
IsPETaseWT_pool_493,9.457786,55.058292,0.919979,-0.744455,0.087762,908,3892,2116
IsPETaseWT_pool_494,8.606977,55.120491,0.576858,-0.644848,-0.033995,1360,3712,2418
IsPETaseWT_pool_495,7.100091,56.688854,-0.030851,1.866766,0.917957,2377,197,585
IsPETaseWT_pool_496,4.192751,54.869480,-1.203347,-1.046823,-1.125085,4495,4374,4787
IsPETaseWT_pool_497,8.203974,55.622108,0.414332,0.158454,0.286393,1616,2016,1641
IsPETaseWT_pool_498,6.643798,55.687061,-0.214869,0.262471,0.023801,2740,1815,2266
IsPETaseWT_pool_499,8.492264,55.930992,0.530596,0.653107,0.591852,1434,1157,1057
IsPETaseWT_pool_500,9.123891,55.094341,0.785323,-0.686725,0.049299,1072,3799,2219
IsPETaseWT_pool_501,4.016010,55.591064,-1.274624,0.108739,-0.582943,4571,2129,3841
IsPETaseWT_pool_502,8.069465,55.234371,0.360086,-0.462478,-0.051196,1703,3332,2469
IsPETaseWT_pool_503,8.480671,56.498714,0.525920,1.562271,1.044096,1442,315,447
IsPETaseWT_pool_504,7.726208,55.337311,0.221654,-0.297628,-0.037987,1953,2992,2432
IsPETaseWT_pool_505,10.239376,55.569073,1.235185,0.073521,0.654353,596,2208,951
IsPETaseWT_pool_506,6.080169,54.972973,-0.442174,-0.881087,-0.661630,3185,4131,4025
IsPETaseWT_pool_507,8.813389,56.858315,0.660101,2.138144,1.399123,1228,120,192
IsPETaseWT_pool_508,7.978352,55.970581,0.323341,0.716506,0.519924,1770,1065,1182
IsPETaseWT_pool_509,12.363868,56.847839,2.091967,2.121368,2.106668,146,123,26
IsPETaseWT_pool_510,6.262129,55.481331,-0.368791,-0.066991,-0.217891,3046,2509,2895
IsPETaseWT_pool_511,7.820813,55.053089,0.259807,-0.752787,-0.246490,1867,3908,2968
IsPETaseWT_pool_512,6.845652,55.211124,-0.133463,-0.499706,-0.316585,2586,3407,3181
IsPETaseWT_pool_513,5.314420,55.593704,-0.750991,0.112967,-0.319012,3765,2117,3186
IsPETaseWT_pool_514,15.363370,55.899517,3.301631,0.602703,1.952167,5,1226,45
IsPETaseWT_pool_515,6.857374,54.841389,-0.128736,-1.091809,-0.610273,2576,4433,3913
IsPETaseWT_pool_516,5.402389,56.096706,-0.715514,0.918486,0.101486,3713,810,2078
IsPETaseWT_pool_517,7.319536,56.059345,0.057648,0.858655,0.458152,2223,892,1292
IsPETaseWT_pool_518,11.932901,56.209835,1.918163,1.099653,1.508908,207,629,142
IsPETaseWT_pool_519,4.449311,54.393303,-1.099879,-1.809384,-1.454632,4365,4877,4958
IsPETaseWT_pool_520,5.852150,55.153767,-0.534131,-0.591560,-0.562845,3375,3598,3792
IsPETaseWT_pool_521,4.774675,55.763428,-0.968664,0.384766,-0.291949,4159,1584,3113
IsPETaseWT_pool_522,7.271604,55.158623,0.038318,-0.583783,-0.272733,2256,3574,3051
IsPETaseWT_pool_523,4.356780,56.195133,-1.137196,1.076109,-0.030543,4407,647,2408
IsPETaseWT_pool_524,4.776452,56.257156,-0.967947,1.175435,0.103744,4158,563,2074
IsPETaseWT_pool_525,11.489885,55.904156,1.739500,0.610131,1.174816,271,1219,341
IsPETaseWT_pool_526,6.791686,55.329929,-0.155227,-0.309449,-0.232338,2622,3018,2933
IsPETaseWT_pool_527,11.932267,56.253754,1.917908,1.169985,1.543947,208,569,128
IsPETaseWT_pool_528,4.275358,55.697960,-1.170032,0.279924,-0.445054,4456,1770,3507
IsPETaseWT_pool_529,3.758033,55.685730,-1.378663,0.260339,-0.559162,4672,1818,3781
IsPETaseWT_pool_530,6.011659,56.478207,-0.469803,1.529430,0.529813,3235,335,1169
IsPETaseWT_pool_531,8.101600,55.556316,0.373045,0.053093,0.213069,1683,2249,1799
IsPETaseWT_pool_532,5.717908,55.062096,-0.588269,-0.738364,-0.663317,3481,3877,4028
IsPETaseWT_pool_533,4.612863,55.851727,-1.033921,0.526170,-0.253875,4264,1335,2991
IsPETaseWT_pool_534,3.267814,56.033504,-1.576363,0.817273,-0.379545,4814,944,3339
IsPETaseWT_pool_535,7.511925,55.573933,0.135237,0.081304,0.108270,2092,2190,2066
IsPETaseWT_pool_536,6.335259,55.875397,-0.339299,0.564076,0.112388,2988,1288,2059
IsPETaseWT_pool_537,5.349411,55.402729,-0.736880,-0.192866,-0.464873,3750,2773,3559
IsPETaseWT_pool_538,11.246023,55.684814,1.641154,0.258873,0.950013,332,1820,550
IsPETaseWT_pool_539,6.246399,55.552528,-0.375135,0.047027,-0.164054,3060,2260,2755
IsPETaseWT_pool_540,9.191449,55.136921,0.812569,-0.618537,0.097016,1029,3650,2081
IsPETaseWT_pool_541,7.746483,57.417164,0.229831,3.033098,1.631464,1930,28,101
IsPETaseWT_pool_542,9.897685,55.833748,1.097385,0.497378,0.797382,724,1375,743
IsPETaseWT_pool_543,7.059821,54.701908,-0.047092,-1.315177,-0.681134,2406,4631,4068
IsPETaseWT_pool_544,4.269009,55.723759,-1.172593,0.321239,-0.425677,4460,1704,3458
IsPETaseWT_pool_545,5.307440,56.121792,-0.753806,0.958659,0.102426,3770,764,2075
IsPETaseWT_pool_546,8.142586,55.638233,0.389575,0.184276,0.286925,1656,1966,1638
IsPETaseWT_pool_547,5.094417,55.007614,-0.839716,-0.825612,-0.832664,3945,4037,4397
IsPETaseWT_pool_548,4.808905,55.125389,-0.954859,-0.637004,-0.795932,4133,3687,4321
IsPETaseWT_pool_549,9.817071,55.518539,1.064874,-0.007404,0.528735,750,2374,1171
IsPETaseWT_pool_550,7.864291,55.628597,0.277342,0.168845,0.223093,1837,1995,1777
IsPETaseWT_pool_551,4.442211,54.741642,-1.102742,-1.251546,-1.177144,4371,4594,4832
IsPETaseWT_pool_552,6.086398,55.230949,-0.439661,-0.467958,-0.453809,3179,3344,3531
IsPETaseWT_pool_553,13.278703,55.604832,2.460909,0.130786,1.295848,55,2072,247
IsPETaseWT_pool_554,4.523962,55.904797,-1.069773,0.611157,-0.229308,4321,1217,2924
IsPETaseWT_pool_555,6.803616,54.497322,-0.150416,-1.642806,-0.896611,2614,4817,4506
IsPETaseWT_pool_556,9.936505,55.226261,1.113041,-0.475465,0.318788,708,3360,1575
IsPETaseWT_pool_557,9.737328,54.823700,1.032715,-1.120136,-0.043711,779,4469,2445
IsPETaseWT_pool_558,3.755138,55.034832,-1.379831,-0.782025,-1.080928,4673,3961,4750
IsPETaseWT_pool_559,3.981255,54.535629,-1.288641,-1.581460,-1.435050,4589,4785,4954
IsPETaseWT_pool_560,11.491749,56.933567,1.740252,2.258655,1.999453,270,100,36
IsPETaseWT_pool_561,3.799641,55.634663,-1.361883,0.178558,-0.591662,4660,1980,3867
IsPETaseWT_pool_562,5.231034,55.297764,-0.784620,-0.360959,-0.572789,3832,3122,3812
IsPETaseWT_pool_563,11.325926,54.868641,1.673378,-1.048167,0.312605,310,4376,1587
IsPETaseWT_pool_564,5.748599,55.360306,-0.575892,-0.260803,-0.418347,3455,2913,3439
IsPETaseWT_pool_565,8.755302,55.203732,0.636676,-0.511545,0.062565,1273,3421,2187
IsPETaseWT_pool_566,4.312303,56.571384,-1.155133,1.678647,0.261757,4432,270,1691
IsPETaseWT_pool_567,7.191603,56.138718,0.006055,0.985764,0.495909,2319,733,1219
IsPETaseWT_pool_568,2.980934,55.662476,-1.692058,0.223099,-0.734480,4864,1890,4182
IsPETaseWT_pool_569,4.173307,55.619328,-1.211188,0.154000,-0.528594,4507,2024,3714
IsPETaseWT_pool_570,7.761461,54.450222,0.235871,-1.718233,-0.741181,1914,4844,4201
IsPETaseWT_pool_571,8.661436,55.026260,0.598821,-0.795751,-0.098465,1329,3986,2586
IsPETaseWT_pool_572,9.559412,55.880234,0.960964,0.571822,0.766393,872,1279,784
IsPETaseWT_pool_573,10.315136,56.451847,1.265738,1.487217,1.376478,577,353,203
IsPETaseWT_pool_574,7.689096,56.312729,0.206688,1.264430,0.735559,1978,490,832
IsPETaseWT_pool_575,7.882069,55.147129,0.284511,-0.602189,-0.158839,1828,3621,2741
IsPETaseWT_pool_576,7.200564,56.491337,0.009668,1.550457,0.780063,2306,323,765
IsPETaseWT_pool_577,11.611458,55.384140,1.788529,-0.222634,0.782947,255,2830,757
IsPETaseWT_pool_578,6.343610,55.755466,-0.335931,0.372017,0.018043,2980,1605,2280
IsPETaseWT_pool_579,5.199626,54.300774,-0.797286,-1.957563,-1.377425,3859,4915,4933
IsPETaseWT_pool_580,8.469786,55.357643,0.521530,-0.265067,0.128232,1455,2926,2011
IsPETaseWT_pool_581,6.686841,55.370342,-0.197510,-0.244731,-0.221120,2707,2874,2904
IsPETaseWT_pool_582,6.117129,55.532242,-0.427268,0.014539,-0.206364,3151,2319,2864
IsPETaseWT_pool_583,4.469039,55.332096,-1.091923,-0.305979,-0.698951,4352,3010,4102
IsPETaseWT_pool_584,9.247463,55.763081,0.835158,0.384210,0.609684,1003,1585,1021
IsPETaseWT_pool_585,4.839718,55.841717,-0.942433,0.510140,-0.216146,4111,1358,2892
IsPETaseWT_pool_586,6.387491,56.110088,-0.318234,0.939916,0.310841,2944,784,1590
IsPETaseWT_pool_587,6.597580,56.078461,-0.233508,0.889267,0.327880,2778,858,1552
IsPETaseWT_pool_588,4.655134,55.801636,-1.016873,0.445953,-0.285460,4240,1470,3096
IsPETaseWT_pool_589,9.698258,54.840820,1.016959,-1.092719,-0.037880,795,4435,2430
IsPETaseWT_pool_590,6.916585,56.164062,-0.104857,1.026352,0.460747,2531,682,1289
IsPETaseWT_pool_591,8.476365,55.473545,0.524184,-0.079459,0.222362,1446,2536,1780
IsPETaseWT_pool_592,10.935211,56.268215,1.515807,1.193144,1.354476,404,553,224
IsPETaseWT_pool_593,6.325258,55.323334,-0.343332,-0.320011,-0.331672,2997,3042,3222
IsPETaseWT_pool_594,8.282479,55.385754,0.445992,-0.220050,0.112971,1566,2823,2057
IsPETaseWT_pool_595,9.122860,55.273960,0.784907,-0.399079,0.192914,1073,3185,1845
IsPETaseWT_pool_596,9.684450,55.510139,1.011390,-0.020856,0.495267,801,2397,1222
IsPETaseWT_pool_597,6.042430,55.659935,-0.457393,0.219030,-0.119182,3210,1899,2640
IsPETaseWT_pool_598,9.669317,55.466316,1.005287,-0.091036,0.457126,809,2565,1294
IsPETaseWT_pool_599,9.675383,55.498775,1.007733,-0.039054,0.484339,806,2451,1248
IsPETaseWT_pool_600,8.254254,54.599689,0.434609,-1.478872,-0.522132,1582,4736,3701
IsPETaseWT_pool_601,9.842289,56.399422,1.075045,1.403262,1.239153,741,398,291
IsPETaseWT_pool_602,3.061775,55.678173,-1.659456,0.248237,-0.705609,4854,1841,4117
IsPETaseWT_pool_603,7.374772,54.853161,0.079924,-1.072957,-0.496516,2181,4402,3638
IsPETaseWT_pool_604,8.073160,55.543953,0.361576,0.033294,0.197435,1699,2280,1833
IsPETaseWT_pool_605,7.424479,55.392673,0.099971,-0.208969,-0.054499,2158,2798,2479
IsPETaseWT_pool_606,2.097142,55.078239,-2.048481,-0.712511,-1.380496,4972,3846,4935
IsPETaseWT_pool_607,7.239669,55.812275,0.025439,0.462991,0.244215,2282,1442,1730
IsPETaseWT_pool_608,7.201654,56.581722,0.010108,1.695202,0.852655,2304,258,661
IsPETaseWT_pool_609,9.272622,55.082108,0.845305,-0.706316,0.069494,989,3832,2162
IsPETaseWT_pool_610,5.697886,54.226513,-0.596344,-2.076486,-1.336415,3499,4940,4912
IsPETaseWT_pool_611,2.805513,57.085999,-1.762803,2.502762,0.369979,4896,74,1469
IsPETaseWT_pool_612,8.953916,55.681530,0.716774,0.253613,0.485194,1147,1829,1245
IsPETaseWT_pool_613,11.361922,55.259758,1.687894,-0.421823,0.633036,302,3235,989
IsPETaseWT_pool_614,4.173407,55.015125,-1.211148,-0.813583,-1.012366,4506,4018,4679
IsPETaseWT_pool_615,6.143490,57.139935,-0.416637,2.589137,1.086250,3125,56,403
IsPETaseWT_pool_616,6.087414,55.361305,-0.439252,-0.259203,-0.349227,3176,2907,3260
IsPETaseWT_pool_617,12.136790,55.488411,2.000389,-0.055653,0.972368,171,2478,527
IsPETaseWT_pool_618,5.515985,55.348904,-0.669702,-0.279063,-0.474383,3630,2961,3581
IsPETaseWT_pool_619,7.663788,57.237820,0.196481,2.745892,1.471187,1990,46,157
IsPETaseWT_pool_620,9.296969,54.990288,0.855124,-0.853359,0.000882,973,4084,2317
IsPETaseWT_pool_621,5.045934,54.869255,-0.859268,-1.047183,-0.953226,3979,4375,4594
IsPETaseWT_pool_622,4.425393,54.792149,-1.109525,-1.170664,-1.140094,4375,4532,4809
IsPETaseWT_pool_623,6.156888,56.774014,-0.411234,2.003142,0.795954,3121,158,744
IsPETaseWT_pool_624,4.510711,55.264759,-1.075117,-0.413814,-0.744466,4332,3219,4206
IsPETaseWT_pool_625,7.152611,56.816544,-0.009670,2.071250,1.030790,2343,140,464
IsPETaseWT_pool_626,6.601149,55.615105,-0.232069,0.147238,-0.042415,2774,2041,2444
IsPETaseWT_pool_627,4.444711,55.186172,-1.101734,-0.539664,-0.820699,4370,3486,4366
IsPETaseWT_pool_628,4.122695,55.499142,-1.231599,-0.038468,-0.635034,4532,2448,3962
IsPETaseWT_pool_629,4.382505,55.826550,-1.126821,0.485851,-0.320485,4395,1397,3190
IsPETaseWT_pool_630,8.855202,55.251434,0.676964,-0.435152,0.120906,1199,3267,2036
IsPETaseWT_pool_631,7.955340,56.051437,0.314061,0.845991,0.580026,1785,912,1078
IsPETaseWT_pool_632,6.256783,56.174992,-0.370947,1.043854,0.336453,3049,667,1535
IsPETaseWT_pool_633,4.188243,55.445709,-1.205165,-0.124036,-0.664600,4498,2633,4031
IsPETaseWT_pool_634,5.358432,56.411289,-0.733241,1.422267,0.344513,3742,388,1514
IsPETaseWT_pool_635,11.121410,55.686039,1.590899,0.260834,0.925866,361,1817,576
IsPETaseWT_pool_636,8.800079,55.645821,0.654734,0.196427,0.425580,1236,1941,1356
IsPETaseWT_pool_637,4.226898,54.717426,-1.189576,-1.290326,-1.239951,4481,4614,4867
IsPETaseWT_pool_638,4.047857,55.357044,-1.261781,-0.266026,-0.763904,4560,2929,4244
IsPETaseWT_pool_639,4.709062,54.928665,-0.995125,-0.952043,-0.973584,4209,4245,4628
IsPETaseWT_pool_640,8.471030,56.271107,0.522032,1.197775,0.859904,1453,549,647
IsPETaseWT_pool_641,6.491924,55.379620,-0.276118,-0.229874,-0.252996,2861,2849,2989
IsPETaseWT_pool_642,6.321203,54.935734,-0.344967,-0.940723,-0.642845,3001,4227,3986
IsPETaseWT_pool_643,6.483957,56.250019,-0.279331,1.164005,0.442337,2870,571,1323
IsPETaseWT_pool_644,4.711379,55.304920,-0.994190,-0.349499,-0.671845,4208,3101,4047
IsPETaseWT_pool_645,6.769800,55.830940,-0.164054,0.492882,0.164414,2643,1385,1918
IsPETaseWT_pool_646,5.589248,55.383934,-0.640156,-0.222964,-0.431560,3577,2832,3472
IsPETaseWT_pool_647,5.420033,55.517223,-0.708399,-0.009512,-0.358955,3702,2380,3298
IsPETaseWT_pool_648,6.545323,56.243851,-0.254582,1.154127,0.449772,2816,577,1308
IsPETaseWT_pool_649,6.188710,54.480461,-0.398400,-1.669807,-1.034104,3098,4826,4705
IsPETaseWT_pool_650,9.464159,55.317406,0.922549,-0.329504,0.296522,903,3061,1617
IsPETaseWT_pool_651,6.137008,54.914307,-0.419251,-0.975037,-0.697144,3136,4287,4097
IsPETaseWT_pool_652,6.118873,55.748745,-0.426565,0.361253,-0.032656,3149,1634,2415
IsPETaseWT_pool_653,6.630295,54.991032,-0.220314,-0.852167,-0.536241,2756,4083,3740
IsPETaseWT_pool_654,4.792891,55.335499,-0.961317,-0.300530,-0.630924,4149,2998,3956
IsPETaseWT_pool_655,2.291865,55.470779,-1.969951,-0.083888,-1.026920,4961,2543,4693
IsPETaseWT_pool_656,8.198380,55.404549,0.412076,-0.189952,0.111062,1620,2769,2065
IsPETaseWT_pool_657,5.585483,55.048801,-0.641675,-0.759654,-0.700664,3578,3919,4105
IsPETaseWT_pool_658,4.164966,55.110474,-1.214552,-0.660890,-0.937721,4513,3750,4570
IsPETaseWT_pool_659,8.864172,54.059895,0.680582,-2.343313,-0.831365,1192,4975,4393
IsPETaseWT_pool_660,8.703038,56.638561,0.615598,1.786225,1.200912,1305,223,324
IsPETaseWT_pool_661,4.771746,55.638561,-0.969845,0.184802,-0.392522,4161,1962,3366
IsPETaseWT_pool_662,5.039609,55.466560,-0.861819,-0.090645,-0.476232,3986,2563,3591
IsPETaseWT_pool_663,10.419532,55.059822,1.307840,-0.742005,0.282917,546,3887,1648
IsPETaseWT_pool_664,9.567847,55.871498,0.964365,0.557832,0.761099,869,1296,791
IsPETaseWT_pool_665,12.052354,55.795319,1.966337,0.435837,1.201087,185,1488,323
IsPETaseWT_pool_666,8.390730,55.837532,0.489648,0.503438,0.496543,1501,1365,1218
IsPETaseWT_pool_667,6.361709,54.024914,-0.328632,-2.399332,-1.363982,2961,4979,4926
IsPETaseWT_pool_668,3.387273,55.405064,-1.528186,-0.189127,-0.858657,4773,2763,4448
IsPETaseWT_pool_669,8.670215,54.793156,0.602361,-1.169051,-0.283345,1324,4531,3090
IsPETaseWT_pool_670,5.014516,55.362488,-0.871939,-0.257309,-0.564624,4006,2901,3798
IsPETaseWT_pool_671,4.518857,54.432816,-1.071832,-1.746108,-1.408970,4325,4852,4946
IsPETaseWT_pool_672,4.075168,55.973503,-1.250767,0.721186,-0.264790,4550,1058,3026
IsPETaseWT_pool_673,7.603738,55.610283,0.172264,0.139516,0.155890,2031,2055,1929
IsPETaseWT_pool_674,10.105682,55.518711,1.181268,-0.007129,0.587069,638,2372,1064
IsPETaseWT_pool_675,7.529987,55.252773,0.142521,-0.433008,-0.145244,2080,3260,2713
IsPETaseWT_pool_676,7.698790,56.845863,0.210597,2.118204,1.164400,1971,124,348
IsPETaseWT_pool_677,4.136922,56.106209,-1.225862,0.933704,-0.146079,4526,794,2715
IsPETaseWT_pool_678,12.371793,55.093861,2.095163,-0.687495,0.703834,143,3802,874
IsPETaseWT_pool_679,6.040442,55.376839,-0.458195,-0.234327,-0.346261,3211,2854,3255
IsPETaseWT_pool_680,5.789354,55.667439,-0.559456,0.231046,-0.164205,3420,1872,2756
IsPETaseWT_pool_681,5.388917,55.269047,-0.720947,-0.406947,-0.563947,3723,3202,3795
IsPETaseWT_pool_682,6.139338,54.962597,-0.418311,-0.897704,-0.658007,3129,4150,4017
IsPETaseWT_pool_683,4.433062,54.952290,-1.106432,-0.914210,-1.010321,4374,4173,4678
IsPETaseWT_pool_684,8.800849,54.501015,0.655044,-1.636892,-0.490924,1234,4815,3626
IsPETaseWT_pool_685,5.573527,56.080692,-0.646496,0.892841,0.123172,3583,851,2029
IsPETaseWT_pool_686,5.837536,55.147068,-0.540025,-0.602287,-0.571156,3386,3622,3807
IsPETaseWT_pool_687,8.585232,55.606544,0.568088,0.133529,0.350809,1369,2068,1500
IsPETaseWT_pool_688,5.616077,55.581898,-0.629336,0.094059,-0.267638,3548,2160,3037
IsPETaseWT_pool_689,7.745316,56.129311,0.229360,0.970699,0.600030,1931,751,1040
IsPETaseWT_pool_690,12.612255,53.743622,2.192139,-2.849799,-0.328830,115,4994,3213
IsPETaseWT_pool_691,9.965090,56.059711,1.124569,0.859242,0.991905,694,890,510
IsPETaseWT_pool_692,8.962519,54.456509,0.720244,-1.708165,-0.493961,1144,4840,3632
IsPETaseWT_pool_693,4.719715,55.171783,-0.990828,-0.562707,-0.776768,4201,3535,4276
IsPETaseWT_pool_694,5.830803,54.899963,-0.542740,-0.998006,-0.770373,3392,4316,4265
IsPETaseWT_pool_695,8.843458,53.941914,0.672228,-2.532250,-0.930011,1210,4985,4555
IsPETaseWT_pool_696,10.266940,55.138531,1.246301,-0.615959,0.315171,587,3643,1582
IsPETaseWT_pool_697,4.896399,55.715504,-0.919574,0.308019,-0.305777,4080,1723,3152
IsPETaseWT_pool_698,6.895149,56.275219,-0.113502,1.204360,0.545429,2545,543,1147
IsPETaseWT_pool_699,6.480199,55.058231,-0.280846,-0.744552,-0.512699,2875,3893,3683
IsPETaseWT_pool_700,6.721960,55.505085,-0.183347,-0.028950,-0.106149,2684,2422,2609
IsPETaseWT_pool_701,6.640759,54.848263,-0.216094,-1.080801,-0.648448,2743,4417,3998
IsPETaseWT_pool_702,5.611916,55.102394,-0.631014,-0.673829,-0.652422,3550,3773,4008
IsPETaseWT_pool_703,15.474472,54.785206,3.346437,-1.181782,1.082328,4,4540,409
IsPETaseWT_pool_704,9.912740,55.221054,1.103457,-0.483804,0.309826,713,3379,1591
IsPETaseWT_pool_705,7.570335,55.062794,0.158793,-0.737246,-0.289227,2052,3875,3104
IsPETaseWT_pool_706,6.835225,56.037785,-0.137668,0.824127,0.343229,2594,938,1516
IsPETaseWT_pool_707,7.199097,54.926643,0.009077,-0.955280,-0.473102,2311,4249,3579
IsPETaseWT_pool_708,9.124403,55.443405,0.785530,-0.127726,0.328902,1070,2640,1549
IsPETaseWT_pool_709,4.424034,55.191914,-1.110073,-0.530470,-0.820272,4376,3466,4364
IsPETaseWT_pool_710,9.841376,54.597034,1.074676,-1.483124,-0.204224,742,4738,2856
IsPETaseWT_pool_711,7.479084,54.691803,0.121992,-1.331359,-0.604684,2112,4645,3896
IsPETaseWT_pool_712,5.787396,56.013309,-0.560245,0.784932,0.112344,3423,988,2060
IsPETaseWT_pool_713,6.640029,55.647736,-0.216389,0.199494,-0.008447,2745,1938,2357
IsPETaseWT_pool_714,6.669843,54.923748,-0.204365,-0.959917,-0.582141,2722,4260,3835
IsPETaseWT_pool_715,8.466845,55.662712,0.520344,0.223477,0.371911,1457,1888,1463
IsPETaseWT_pool_716,11.332063,55.173889,1.675853,-0.559335,0.558259,309,3528,1120
IsPETaseWT_pool_717,8.324606,55.922607,0.462981,0.639680,0.551331,1543,1179,1130
IsPETaseWT_pool_718,8.880621,56.266563,0.687215,1.190499,0.938857,1186,554,558
IsPETaseWT_pool_719,11.161456,55.530491,1.607049,0.011735,0.809392,352,2323,724
IsPETaseWT_pool_720,6.435511,55.196499,-0.298868,-0.523127,-0.410998,2913,3454,3416
IsPETaseWT_pool_721,5.212867,55.309647,-0.791946,-0.341930,-0.566938,3845,3084,3802
IsPETaseWT_pool_722,6.647926,55.667645,-0.213204,0.231376,0.009086,2738,1869,2298
IsPETaseWT_pool_723,4.583908,54.817837,-1.045598,-1.129526,-1.087562,4290,4488,4755
IsPETaseWT_pool_724,6.849372,55.736786,-0.131963,0.342101,0.105069,2582,1674,2073
IsPETaseWT_pool_725,11.987545,55.885937,1.940201,0.580955,1.260578,195,1260,277
IsPETaseWT_pool_726,7.919766,55.335266,0.299714,-0.300902,-0.000594,1802,2999,2328
IsPETaseWT_pool_727,7.976196,55.660210,0.322472,0.219470,0.270971,1771,1898,1668
IsPETaseWT_pool_728,5.590680,55.431282,-0.639579,-0.147140,-0.393359,3572,2685,3368
IsPETaseWT_pool_729,5.158280,55.407864,-0.813960,-0.184643,-0.499302,3898,2753,3648
IsPETaseWT_pool_730,4.729343,56.251141,-0.986946,1.165801,0.089428,4192,570,2110
IsPETaseWT_pool_731,6.267141,56.011955,-0.366770,0.782764,0.207997,3041,993,1807
IsPETaseWT_pool_732,7.675302,54.856518,0.201125,-1.067581,-0.433228,1983,4393,3476
IsPETaseWT_pool_733,8.657394,55.746777,0.597191,0.358100,0.477645,1334,1641,1260
IsPETaseWT_pool_734,4.237578,54.998280,-1.185269,-0.840560,-1.012915,4474,4057,4682
IsPETaseWT_pool_735,7.565163,55.170811,0.156707,-0.564265,-0.203779,2055,3537,2853
IsPETaseWT_pool_736,7.793284,56.307976,0.248705,1.256818,0.752762,1890,496,799
IsPETaseWT_pool_737,3.503557,54.700844,-1.481290,-1.316881,-1.399086,4742,4633,4942
IsPETaseWT_pool_738,9.746624,55.570950,1.036464,0.076527,0.556495,776,2200,1122
IsPETaseWT_pool_739,5.091035,55.003925,-0.841079,-0.831519,-0.836299,3949,4047,4406
IsPETaseWT_pool_740,5.133992,55.969234,-0.823755,0.714350,-0.054703,3914,1072,2480
IsPETaseWT_pool_741,4.616180,55.007187,-1.032583,-0.826296,-0.929439,4263,4039,4553
IsPETaseWT_pool_742,5.929793,56.128067,-0.502818,0.968708,0.232945,3312,755,1756
IsPETaseWT_pool_743,6.327354,56.062363,-0.342487,0.863487,0.260500,2995,883,1693
IsPETaseWT_pool_744,8.395347,56.326046,0.491510,1.285756,0.888633,1498,474,624
IsPETaseWT_pool_745,2.327454,55.084148,-1.955599,-0.703048,-1.329323,4957,3821,4910
IsPETaseWT_pool_746,10.999953,55.886200,1.541917,0.581376,1.061646,391,1258,426
IsPETaseWT_pool_747,4.137172,55.531960,-1.225761,0.014087,-0.605837,4525,2321,3900
IsPETaseWT_pool_748,9.622042,55.256721,0.986222,-0.426685,0.279768,840,3245,1655
IsPETaseWT_pool_749,4.790164,55.783863,-0.962417,0.417492,-0.272463,4152,1523,3050
IsPETaseWT_pool_750,5.850350,54.975666,-0.534857,-0.876774,-0.705816,3376,4126,4118
IsPETaseWT_pool_751,8.547897,55.104580,0.553032,-0.670329,-0.058648,1393,3766,2493
IsPETaseWT_pool_752,5.639491,55.190029,-0.619894,-0.533488,-0.576691,3538,3471,3824
IsPETaseWT_pool_753,7.127882,56.264561,-0.019643,1.187292,0.583824,2360,557,1070
IsPETaseWT_pool_754,6.008356,54.652786,-0.471135,-1.393842,-0.932488,3238,4692,4561
IsPETaseWT_pool_755,4.206561,55.541195,-1.197777,0.028877,-0.584450,4489,2290,3848
IsPETaseWT_pool_756,3.906927,55.004314,-1.318616,-0.830896,-1.074756,4619,4045,4744
IsPETaseWT_pool_757,12.300971,54.937099,2.066602,-0.938536,0.564033,153,4224,1112
IsPETaseWT_pool_758,9.510821,56.109875,0.941367,0.939574,0.940471,887,785,556
IsPETaseWT_pool_759,5.556067,56.639767,-0.653538,1.788156,0.567309,3595,222,1106
IsPETaseWT_pool_760,9.203528,55.574463,0.817440,0.082153,0.449796,1024,2188,1307
IsPETaseWT_pool_761,10.709607,55.945240,1.424824,0.675924,1.050374,465,1122,440
IsPETaseWT_pool_762,2.193952,55.587795,-2.009439,0.103504,-0.952967,4967,2138,4593
IsPETaseWT_pool_763,4.788103,55.044662,-0.963248,-0.766282,-0.864765,4153,3929,4459
IsPETaseWT_pool_764,9.574622,55.604786,0.967098,0.130713,0.548905,864,2073,1138
IsPETaseWT_pool_765,5.217138,56.526299,-0.790224,1.606445,0.408111,3843,299,1390
IsPETaseWT_pool_766,6.203627,55.127312,-0.392384,-0.633925,-0.513155,3087,3678,3684
IsPETaseWT_pool_767,6.057543,56.623898,-0.451298,1.762743,0.655722,3196,233,948
IsPETaseWT_pool_768,5.706287,55.380730,-0.592956,-0.228096,-0.410526,3492,2843,3414
IsPETaseWT_pool_769,9.562817,55.784843,0.962337,0.419062,0.690699,871,1520,896
IsPETaseWT_pool_770,9.904847,54.829216,1.100273,-1.111303,-0.005515,720,4464,2347
IsPETaseWT_pool_771,4.513530,55.679962,-1.073980,0.251102,-0.411439,4330,1836,3417
IsPETaseWT_pool_772,7.750551,55.139545,0.231472,-0.614334,-0.191431,1924,3641,2823
IsPETaseWT_pool_773,8.970048,55.821308,0.723280,0.477457,0.600369,1141,1415,1039
IsPETaseWT_pool_774,3.999797,55.497875,-1.281163,-0.040496,-0.660829,4580,2454,4022
IsPETaseWT_pool_775,2.690361,56.153152,-1.809243,1.008880,-0.400181,4920,701,3387
IsPETaseWT_pool_776,5.837866,55.916088,-0.539891,0.629240,0.044674,3385,1191,2232
IsPETaseWT_pool_777,7.186404,54.541203,0.003958,-1.572534,-0.784288,2323,4781,4290
IsPETaseWT_pool_778,5.769009,55.359150,-0.567661,-0.262654,-0.415157,3438,2918,3427
IsPETaseWT_pool_779,5.399795,55.923424,-0.716560,0.640987,-0.037786,3717,1177,2429
IsPETaseWT_pool_780,10.085145,55.569946,1.172986,0.074920,0.623953,646,2203,1001
IsPETaseWT_pool_781,11.073053,55.230465,1.571397,-0.468733,0.551332,373,3345,1129
IsPETaseWT_pool_782,8.321131,55.700157,0.461580,0.283443,0.372511,1546,1766,1461
IsPETaseWT_pool_783,10.139561,54.766720,1.194931,-1.211386,-0.008227,629,4566,2354
IsPETaseWT_pool_784,5.068699,55.145470,-0.850087,-0.604847,-0.727467,3964,3626,4169
IsPETaseWT_pool_785,7.868892,55.444618,0.279197,-0.125783,0.076707,1834,2637,2141
IsPETaseWT_pool_786,5.205721,56.441334,-0.794828,1.470381,0.337776,3854,360,1529
IsPETaseWT_pool_787,2.696286,56.126987,-1.806853,0.966979,-0.419937,4916,759,3442
IsPETaseWT_pool_788,8.513821,55.651722,0.539289,0.205878,0.372583,1415,1931,1460
IsPETaseWT_pool_789,12.704857,54.905937,2.229484,-0.988440,0.620522,101,4306,1010
IsPETaseWT_pool_790,8.139661,54.970558,0.388395,-0.884954,-0.248280,1657,4134,2974
IsPETaseWT_pool_791,8.752249,54.777634,0.635444,-1.193908,-0.279232,1275,4548,3071
IsPETaseWT_pool_792,6.296730,55.257549,-0.354837,-0.425360,-0.390098,3021,3243,3361
IsPETaseWT_pool_793,5.273330,55.941570,-0.767562,0.670048,-0.048757,3801,1129,2457
IsPETaseWT_pool_794,6.881603,55.048542,-0.118965,-0.760069,-0.439517,2556,3921,3493
IsPETaseWT_pool_795,13.709581,55.582809,2.634677,0.095519,1.365098,37,2155,212
IsPETaseWT_pool_796,5.681374,53.993290,-0.603003,-2.449975,-1.526489,3509,4982,4970
IsPETaseWT_pool_797,7.173383,55.383785,-0.001293,-0.223203,-0.112248,2331,2833,2624
IsPETaseWT_pool_798,5.774537,55.826904,-0.565431,0.486419,-0.039506,3430,1395,2435
IsPETaseWT_pool_799,8.412193,55.203644,0.498304,-0.511685,-0.006691,1487,3422,2350
IsPETaseWT_pool_800,7.775305,56.055019,0.241455,0.851728,0.546591,1908,902,1143
IsPETaseWT_pool_801,5.335727,55.592255,-0.742398,0.110645,-0.315876,3756,2123,3178
IsPETaseWT_pool_802,6.582732,54.610085,-0.239496,-1.462225,-0.850861,2796,4725,4436
IsPETaseWT_pool_803,9.993119,56.688564,1.135873,1.866302,1.501087,678,198,145
IsPETaseWT_pool_804,2.869542,54.960693,-1.736981,-0.900752,-1.318867,4885,4156,4903
IsPETaseWT_pool_805,4.806110,55.795158,-0.955986,0.435580,-0.260203,4136,1489,3017
IsPETaseWT_pool_806,8.590552,55.462006,0.570234,-0.097939,0.236148,1367,2579,1750
IsPETaseWT_pool_807,9.809160,56.408539,1.061684,1.417862,1.239773,754,390,289
IsPETaseWT_pool_808,8.575554,54.133572,0.564185,-2.225324,-0.830569,1377,4966,4390
IsPETaseWT_pool_809,6.999712,55.807777,-0.071333,0.455788,0.192228,2456,1451,1848
IsPETaseWT_pool_810,10.033012,55.355576,1.151961,-0.268378,0.441791,664,2935,1325
IsPETaseWT_pool_811,12.014508,56.421707,1.951075,1.438950,1.695012,192,380,84
IsPETaseWT_pool_812,6.896524,56.052994,-0.112947,0.848484,0.367768,2544,905,1474
IsPETaseWT_pool_813,4.747621,55.330833,-0.979574,-0.308001,-0.643788,4182,3013,3991
IsPETaseWT_pool_814,6.967344,54.872883,-0.084386,-1.041374,-0.562880,2480,4365,3793
IsPETaseWT_pool_815,4.063080,56.711807,-1.255641,1.903523,0.323941,4554,183,1563
IsPETaseWT_pool_816,9.401694,55.768387,0.897358,0.392708,0.645033,928,1565,966
IsPETaseWT_pool_817,9.901960,56.296089,1.099109,1.237782,1.168446,722,515,345
IsPETaseWT_pool_818,7.672563,55.319626,0.200020,-0.325949,-0.062964,1985,3053,2505
IsPETaseWT_pool_819,10.043529,54.899132,1.156202,-0.999338,0.078432,663,4317,2138
IsPETaseWT_pool_820,2.536777,55.162628,-1.871181,-0.577369,-1.224275,4939,3561,4859
IsPETaseWT_pool_821,5.638640,54.917919,-0.620237,-0.969252,-0.794744,3539,4276,4319
IsPETaseWT_pool_822,8.289009,54.566246,0.448625,-1.532429,-0.541902,1562,4761,3748
IsPETaseWT_pool_823,3.013846,55.453552,-1.678785,-0.111476,-0.895131,4861,2612,4504
IsPETaseWT_pool_824,4.942905,55.490864,-0.900819,-0.051724,-0.476272,4056,2473,3592
IsPETaseWT_pool_825,4.988929,55.580551,-0.882258,0.091903,-0.395177,4029,2168,3371
IsPETaseWT_pool_826,4.309107,55.479843,-1.156422,-0.069373,-0.612897,4435,2516,3920
IsPETaseWT_pool_827,5.302959,54.680180,-0.755613,-1.349973,-1.052793,3771,4658,4719
IsPETaseWT_pool_828,10.305743,55.708241,1.261950,0.296388,0.779169,579,1745,767
IsPETaseWT_pool_829,10.735201,55.785957,1.435145,0.420845,0.927995,460,1515,574
IsPETaseWT_pool_830,6.512370,56.055061,-0.267872,0.851795,0.291961,2839,901,1629
IsPETaseWT_pool_831,9.705120,54.821014,1.019726,-1.124437,-0.052356,793,4475,2476
IsPETaseWT_pool_832,3.020909,55.336971,-1.675937,-0.298172,-0.987054,4860,2995,4646
IsPETaseWT_pool_833,8.152502,56.036572,0.393574,0.822185,0.607879,1650,940,1024
IsPETaseWT_pool_834,6.137560,56.446346,-0.419028,1.478408,0.529690,3134,357,1170
IsPETaseWT_pool_835,6.409595,55.456020,-0.309320,-0.107524,-0.208422,2933,2602,2871
IsPETaseWT_pool_836,5.759484,54.986469,-0.571502,-0.859474,-0.715488,3445,4098,4142
IsPETaseWT_pool_837,5.770165,55.112606,-0.567194,-0.657475,-0.612335,3436,3740,3919
IsPETaseWT_pool_838,5.439175,56.121784,-0.700679,0.958646,0.128984,3689,765,2005
IsPETaseWT_pool_839,4.771107,55.447659,-0.970103,-0.120914,-0.545509,4163,2627,3757
IsPETaseWT_pool_840,6.737364,54.583031,-0.177135,-1.505550,-0.841342,2671,4749,4413
IsPETaseWT_pool_841,9.409823,55.782349,0.900636,0.415066,0.657851,926,1529,944
IsPETaseWT_pool_842,8.831786,55.743164,0.667521,0.352315,0.509918,1214,1653,1199
IsPETaseWT_pool_843,7.067971,54.735531,-0.043805,-1.261333,-0.652569,2401,4600,4009
IsPETaseWT_pool_844,10.417211,56.212498,1.306904,1.103917,1.205411,547,622,319
IsPETaseWT_pool_845,8.432520,54.854004,0.506502,-1.071607,-0.282553,1474,4400,3085
IsPETaseWT_pool_846,9.220546,54.694798,0.824303,-1.326564,-0.251130,1016,4640,2985
IsPETaseWT_pool_847,7.301756,55.951336,0.050478,0.685686,0.368082,2233,1112,1473
IsPETaseWT_pool_848,6.967169,55.438946,-0.084457,-0.134867,-0.109662,2482,2653,2617
IsPETaseWT_pool_849,10.490672,56.471527,1.336530,1.518733,1.427631,527,340,182
IsPETaseWT_pool_850,8.523829,55.609322,0.543325,0.137977,0.340651,1408,2058,1521
IsPETaseWT_pool_851,5.961198,55.035534,-0.490153,-0.780901,-0.635527,3275,3960,3965
IsPETaseWT_pool_852,5.928585,55.728302,-0.503306,0.328515,-0.087395,3314,1691,2557
IsPETaseWT_pool_853,5.293078,54.607029,-0.759598,-1.467119,-1.113358,3778,4729,4776
IsPETaseWT_pool_854,4.419735,55.854679,-1.111807,0.530898,-0.290454,4377,1328,3106
IsPETaseWT_pool_855,10.106957,56.752281,1.181782,1.968339,1.575061,636,168,119
IsPETaseWT_pool_856,5.409441,55.047688,-0.712670,-0.761437,-0.737054,3710,3922,4190
IsPETaseWT_pool_857,4.115783,55.443085,-1.234387,-0.128239,-0.681313,4537,2641,4069
IsPETaseWT_pool_858,5.271998,55.883450,-0.768099,0.576972,-0.095564,3803,1269,2580
IsPETaseWT_pool_859,8.494399,56.165619,0.531457,1.028844,0.780150,1433,680,764
IsPETaseWT_pool_860,7.816543,55.665215,0.258085,0.227485,0.242785,1872,1882,1732
IsPETaseWT_pool_861,11.345171,56.279026,1.681139,1.210457,1.445798,308,536,171
IsPETaseWT_pool_862,12.866552,56.258747,2.294694,1.177982,1.736338,82,560,74
IsPETaseWT_pool_863,5.014230,55.202541,-0.872054,-0.513451,-0.692752,4007,3431,4092
IsPETaseWT_pool_864,6.830351,55.263168,-0.139634,-0.416361,-0.277998,2600,3225,3070
IsPETaseWT_pool_865,4.287855,55.930992,-1.164992,0.653107,-0.255942,4447,1156,2999
IsPETaseWT_pool_866,12.811566,55.608273,2.272519,0.136297,1.204408,91,2061,320
IsPETaseWT_pool_867,5.714775,55.443871,-0.589533,-0.126981,-0.358257,3483,2638,3294
IsPETaseWT_pool_868,4.892130,55.556149,-0.921296,0.052824,-0.434236,4083,2251,3479
IsPETaseWT_pool_869,8.743410,55.268642,0.631880,-0.407595,0.112142,1281,3205,2061
IsPETaseWT_pool_870,9.645068,55.518646,0.995508,-0.007233,0.494137,821,2373,1226
IsPETaseWT_pool_871,5.832721,55.558521,-0.541966,0.056624,-0.242671,3389,2236,2959
IsPETaseWT_pool_872,3.835529,55.152145,-1.347410,-0.594156,-0.970783,4648,3602,4624
IsPETaseWT_pool_873,7.270543,56.420147,0.037890,1.436452,0.737171,2257,381,827
IsPETaseWT_pool_874,8.503676,55.373539,0.535198,-0.239611,0.147793,1427,2860,1951
IsPETaseWT_pool_875,8.514329,55.742432,0.539494,0.351142,0.445318,1414,1657,1316
IsPETaseWT_pool_876,4.175126,55.999847,-1.210455,0.763374,-0.223540,4504,1016,2910
IsPETaseWT_pool_877,9.251804,56.015503,0.836909,0.788445,0.812677,998,981,719
IsPETaseWT_pool_878,4.153332,55.522972,-1.219244,-0.000305,-0.609775,4516,2354,3910
IsPETaseWT_pool_879,9.389844,56.031986,0.892579,0.814842,0.853710,932,947,659
IsPETaseWT_pool_880,6.666588,56.310894,-0.205678,1.261491,0.527907,2725,492,1173
IsPETaseWT_pool_881,6.195871,55.921070,-0.395512,0.637218,0.120853,3093,1185,2037
IsPETaseWT_pool_882,8.684227,56.277966,0.608012,1.208759,0.908385,1316,539,599
IsPETaseWT_pool_883,4.805967,54.960014,-0.956044,-0.901839,-0.928942,4137,4157,4552
IsPETaseWT_pool_884,6.300737,54.906700,-0.353221,-0.987218,-0.670220,3018,4304,4044
IsPETaseWT_pool_885,5.669777,56.003700,-0.607680,0.769544,0.080932,3521,1006,2132
IsPETaseWT_pool_886,11.318769,55.110889,1.670491,-0.660224,0.505133,312,3747,1205
IsPETaseWT_pool_887,7.610512,54.626411,0.174996,-1.436079,-0.630542,2025,4712,3954
IsPETaseWT_pool_888,11.234068,55.521053,1.636332,-0.003378,0.816477,335,2364,711
IsPETaseWT_pool_889,5.609719,55.469330,-0.631900,-0.086209,-0.359055,3552,2552,3299
IsPETaseWT_pool_890,11.037990,56.150570,1.557257,1.004745,1.281001,381,703,258
IsPETaseWT_pool_891,9.737945,55.153042,1.032964,-0.592721,0.220122,777,3600,1788
IsPETaseWT_pool_892,6.496781,55.157959,-0.274159,-0.584846,-0.429502,2853,3577,3466
IsPETaseWT_pool_893,4.585664,55.549690,-1.044890,0.042482,-0.501204,4288,2268,3654
IsPETaseWT_pool_894,7.621163,55.240753,0.179291,-0.452258,-0.136483,2015,3304,2692
IsPETaseWT_pool_895,5.376437,55.128719,-0.725980,-0.631671,-0.678826,3732,3674,4061
IsPETaseWT_pool_896,3.632152,54.690292,-1.429430,-1.333779,-1.381604,4703,4647,4936
IsPETaseWT_pool_897,6.500779,55.718109,-0.272547,0.312192,0.019823,2846,1719,2276
IsPETaseWT_pool_898,3.320564,55.606907,-1.555089,0.134110,-0.710490,4795,2067,4127
IsPETaseWT_pool_899,5.164553,54.841545,-0.811431,-1.091559,-0.951495,3890,4432,4591
IsPETaseWT_pool_900,11.614240,56.588398,1.789651,1.705893,1.747772,253,254,70
IsPETaseWT_pool_901,5.511369,55.328350,-0.671564,-0.311978,-0.491771,3637,3025,3628
IsPETaseWT_pool_902,5.712563,55.617050,-0.590425,0.150353,-0.220036,3486,2033,2902
IsPETaseWT_pool_903,3.941045,55.610535,-1.304857,0.139919,-0.582469,4604,2054,3837
IsPETaseWT_pool_904,11.125810,55.214916,1.592673,-0.493633,0.549520,359,3391,1136
IsPETaseWT_pool_905,5.938235,55.660442,-0.499414,0.219843,-0.139786,3304,1896,2699
IsPETaseWT_pool_906,9.078350,56.018669,0.766957,0.793516,0.780236,1094,973,763
IsPETaseWT_pool_907,4.235616,55.268761,-1.186060,-0.407406,-0.796733,4475,3204,4326
IsPETaseWT_pool_908,6.923916,55.458294,-0.101900,-0.103883,-0.102892,2518,2596,2602
IsPETaseWT_pool_909,9.171399,57.095428,0.804483,2.517864,1.661173,1042,69,92
IsPETaseWT_pool_910,5.864367,55.824280,-0.529204,0.482216,-0.023494,3369,1405,2396
IsPETaseWT_pool_911,5.487290,55.982445,-0.681275,0.735505,0.027115,3654,1043,2260
IsPETaseWT_pool_912,5.560250,55.574833,-0.651851,0.082746,-0.284553,3592,2186,3094
IsPETaseWT_pool_913,7.350112,54.584412,0.069979,-1.503338,-0.716680,2202,4747,4146
IsPETaseWT_pool_914,3.087289,55.161110,-1.649166,-0.579800,-1.114483,4851,3566,4777
IsPETaseWT_pool_915,3.993050,55.288403,-1.283884,-0.375951,-0.829917,4582,3144,4389
IsPETaseWT_pool_916,7.940971,55.308159,0.308266,-0.344312,-0.018023,1793,3089,2382
IsPETaseWT_pool_917,7.161764,55.136055,-0.005979,-0.619924,-0.312951,2339,3651,3172
IsPETaseWT_pool_918,4.312192,55.645161,-1.155178,0.195370,-0.479904,4433,1944,3600
IsPETaseWT_pool_919,7.461901,55.541969,0.115062,0.030117,0.072590,2129,2286,2154
IsPETaseWT_pool_920,5.550250,55.461536,-0.655884,-0.098690,-0.377287,3601,2581,3334
IsPETaseWT_pool_921,8.211041,55.096439,0.417182,-0.683365,-0.133092,1612,3794,2681
IsPETaseWT_pool_922,6.938037,54.980507,-0.096206,-0.869022,-0.482614,2507,4115,3612
IsPETaseWT_pool_923,9.028011,55.427094,0.746656,-0.153848,0.296404,1113,2699,1619
IsPETaseWT_pool_924,4.324091,54.890415,-1.150379,-1.013297,-1.081838,4427,4328,4751
IsPETaseWT_pool_925,11.988147,54.136578,1.940444,-2.220510,-0.140033,194,4964,2702
IsPETaseWT_pool_926,6.989491,56.572056,-0.075455,1.679722,0.802134,2464,268,734
IsPETaseWT_pool_927,6.455141,55.153969,-0.290952,-0.591236,-0.441094,2895,3596,3496
IsPETaseWT_pool_928,8.692542,55.524971,0.611365,0.002896,0.307130,1311,2345,1601
IsPETaseWT_pool_929,7.696861,55.225094,0.209819,-0.477335,-0.133758,1972,3367,2685
IsPETaseWT_pool_930,7.051899,56.205299,-0.050286,1.092390,0.521052,2410,636,1180
IsPETaseWT_pool_931,3.904108,55.794060,-1.319753,0.433821,-0.442966,4620,1496,3502
IsPETaseWT_pool_932,4.141794,54.692570,-1.223897,-1.330132,-1.277014,4523,4644,4888
IsPETaseWT_pool_933,4.870487,55.816952,-0.930024,0.470481,-0.229772,4101,1431,2926
IsPETaseWT_pool_934,3.840366,55.682690,-1.345459,0.255470,-0.544995,4643,1827,3756
IsPETaseWT_pool_935,8.515355,55.078457,0.539908,-0.712163,-0.086127,1412,3843,2552
IsPETaseWT_pool_936,7.066389,55.665298,-0.044443,0.227619,0.091588,2403,1881,2101
IsPETaseWT_pool_937,3.352079,55.532204,-1.542380,0.014478,-0.763951,4784,2320,4245
IsPETaseWT_pool_938,7.829640,54.843708,0.263367,-1.088095,-0.412364,1863,4426,3420
IsPETaseWT_pool_939,8.743020,56.142433,0.631722,0.991714,0.811718,1282,720,721
IsPETaseWT_pool_940,6.113909,56.211327,-0.428567,1.102042,0.336738,3153,625,1534
IsPETaseWT_pool_941,2.871936,55.509876,-1.736016,-0.021277,-0.878647,4882,2400,4478
IsPETaseWT_pool_942,6.658804,55.246868,-0.208817,-0.442465,-0.325641,2730,3286,3206
IsPETaseWT_pool_943,9.548328,55.764473,0.956494,0.386440,0.671467,874,1580,928
IsPETaseWT_pool_944,6.390762,55.361332,-0.316915,-0.259160,-0.288037,2941,2906,3101
IsPETaseWT_pool_945,7.294292,55.146908,0.047468,-0.602544,-0.277538,2238,3623,3068
IsPETaseWT_pool_946,8.069737,55.432861,0.360195,-0.144611,0.107792,1702,2676,2067
IsPETaseWT_pool_947,11.219798,55.362263,1.630578,-0.257669,0.686454,339,2902,903
IsPETaseWT_pool_948,4.544204,56.397675,-1.061610,1.400464,0.169427,4309,404,1900
IsPETaseWT_pool_949,4.606892,55.410259,-1.036329,-0.180806,-0.608568,4267,2743,3908
IsPETaseWT_pool_950,7.215345,55.881672,0.015629,0.574125,0.294877,2297,1275,1621
IsPETaseWT_pool_951,7.478952,55.412189,0.121939,-0.177715,-0.027888,2113,2738,2402
IsPETaseWT_pool_952,8.554435,55.975872,0.555668,0.724979,0.640324,1389,1052,979
IsPETaseWT_pool_953,9.071082,56.023075,0.764026,0.800571,0.782299,1097,959,759
IsPETaseWT_pool_954,5.354973,54.419048,-0.734636,-1.768155,-1.251396,3746,4862,4874
IsPETaseWT_pool_955,8.355823,55.539791,0.475571,0.026629,0.251100,1519,2294,1719
IsPETaseWT_pool_956,5.754471,55.630985,-0.573524,0.172669,-0.200427,3451,1986,2845
IsPETaseWT_pool_957,6.223488,55.824818,-0.384375,0.483077,0.049351,3077,1404,2218
IsPETaseWT_pool_958,4.779530,55.753876,-0.966706,0.369469,-0.298618,4156,1613,3133
IsPETaseWT_pool_959,6.328531,55.403927,-0.342012,-0.190947,-0.266480,2994,2770,3032
IsPETaseWT_pool_960,12.344462,55.788540,2.084141,0.424981,1.254561,150,1507,280
IsPETaseWT_pool_961,8.049758,54.937286,0.352138,-0.938236,-0.293049,1719,4223,3114
IsPETaseWT_pool_962,4.272231,54.945427,-1.171293,-0.925200,-1.048247,4458,4189,4717
IsPETaseWT_pool_963,6.787317,55.446384,-0.156989,-0.122955,-0.139972,2627,2630,2700
IsPETaseWT_pool_964,4.833215,56.431343,-0.945055,1.454381,0.254663,4115,368,1711
IsPETaseWT_pool_965,10.493508,56.184669,1.337673,1.059352,1.198513,526,658,327
IsPETaseWT_pool_966,4.238766,54.936672,-1.184789,-0.939220,-1.062005,4473,4225,4731
IsPETaseWT_pool_967,4.580153,56.019630,-1.047112,0.795055,-0.126029,4292,969,2658
IsPETaseWT_pool_968,6.672209,54.511543,-0.203411,-1.620032,-0.911721,2721,4805,4530
IsPETaseWT_pool_969,8.223190,54.233646,0.422081,-2.065062,-0.821491,1607,4938,4369
IsPETaseWT_pool_970,6.751368,55.505253,-0.171487,-0.028682,-0.100084,2659,2420,2592
IsPETaseWT_pool_971,8.500230,54.970352,0.533808,-0.885284,-0.175738,1428,4136,2785
IsPETaseWT_pool_972,6.205275,55.745937,-0.391720,0.356756,-0.017482,3086,1645,2381
IsPETaseWT_pool_973,3.902110,55.868752,-1.320559,0.553434,-0.383562,4622,1299,3347
IsPETaseWT_pool_974,7.230259,55.314846,0.021644,-0.333603,-0.155980,2287,3066,2730
IsPETaseWT_pool_975,5.227907,55.567524,-0.785881,0.071041,-0.357420,3834,2210,3288
IsPETaseWT_pool_976,3.889360,54.841290,-1.325701,-1.091968,-1.208834,4628,4434,4854
IsPETaseWT_pool_977,6.672306,55.122646,-0.203372,-0.641397,-0.422384,2720,3699,3454
IsPETaseWT_pool_978,5.273984,56.357040,-0.767298,1.335391,0.284046,3800,438,1645
IsPETaseWT_pool_979,6.298927,55.972916,-0.353951,0.720245,0.183147,3020,1061,1872
IsPETaseWT_pool_980,0.715337,55.660686,-2.605746,0.220234,-1.192756,4997,1894,4848
IsPETaseWT_pool_981,9.573601,56.026085,0.966686,0.805391,0.886039,865,953,627
IsPETaseWT_pool_982,7.999534,54.878323,0.331883,-1.032662,-0.350389,1750,4350,3268
IsPETaseWT_pool_983,2.667851,55.602264,-1.818321,0.126675,-0.845823,4924,2088,4422
IsPETaseWT_pool_984,13.496685,55.988117,2.548819,0.744589,1.646704,46,1035,96
IsPETaseWT_pool_985,10.629212,55.739872,1.392401,0.347043,0.869722,485,1667,639
IsPETaseWT_pool_986,4.766341,55.117954,-0.972025,-0.648911,-0.810468,4167,3722,4350
IsPETaseWT_pool_987,5.794600,55.964523,-0.557340,0.706805,0.074732,3415,1078,2148
IsPETaseWT_pool_988,4.346873,55.962528,-1.141191,0.703610,-0.218791,4412,1080,2896
IsPETaseWT_pool_989,8.404335,55.390720,0.495135,-0.212097,0.141519,1492,2803,1979
IsPETaseWT_pool_990,8.344454,56.197361,0.470986,1.079677,0.775331,1530,646,774
IsPETaseWT_pool_991,5.461873,55.736431,-0.691525,0.341533,-0.174996,3672,1677,2780
IsPETaseWT_pool_992,7.499377,55.827389,0.130176,0.487195,0.308685,2100,1392,1595
IsPETaseWT_pool_993,6.178209,55.728298,-0.402635,0.328509,-0.037063,3107,1692,2425
IsPETaseWT_pool_994,8.783569,55.390636,0.648075,-0.212231,0.217922,1251,2804,1792
IsPETaseWT_pool_995,7.982316,55.038681,0.324940,-0.775861,-0.225461,1767,3951,2917
IsPETaseWT_pool_996,6.580157,55.137833,-0.240534,-0.617077,-0.428806,2798,3647,3465
IsPETaseWT_pool_997,11.122667,54.486961,1.591406,-1.659398,-0.033996,360,4821,2419
IsPETaseWT_pool_998,5.090768,54.845196,-0.841187,-1.085713,-0.963450,3950,4423,4614
IsPETaseWT_pool_999,6.743745,54.502518,-0.174561,-1.634485,-0.904523,2667,4813,4521
IsPETaseWT_pool_1000,5.094393,55.311047,-0.839725,-0.339688,-0.589707,3946,3073,3862
IsPETaseWT_pool_1001,5.771850,54.836819,-0.566515,-1.099128,-0.832821,3433,4445,4398
IsPETaseWT_pool_1002,5.883626,55.536663,-0.521437,0.021620,-0.249909,3351,2305,2979
IsPETaseWT_pool_1003,3.461266,55.565914,-1.498346,0.068463,-0.714941,4752,2213,4140
IsPETaseWT_pool_1004,9.987591,55.842995,1.133643,0.512186,0.822915,683,1355,705
IsPETaseWT_pool_1005,7.117695,54.318317,-0.023752,-1.929468,-0.976610,2366,4909,4630
IsPETaseWT_pool_1006,10.083353,56.799664,1.172263,2.044219,1.608241,648,146,109
IsPETaseWT_pool_1007,7.554734,55.783642,0.152501,0.417137,0.284819,2065,1524,1643
IsPETaseWT_pool_1008,3.588600,55.450275,-1.446994,-0.116724,-0.781859,4717,2622,4284
IsPETaseWT_pool_1009,3.628088,55.552059,-1.431069,0.046275,-0.692397,4705,2261,4089
IsPETaseWT_pool_1010,11.188328,55.437412,1.617886,-0.137323,0.740282,347,2659,820
IsPETaseWT_pool_1011,7.526869,55.454025,0.141263,-0.110719,0.015272,2083,2608,2287
IsPETaseWT_pool_1012,5.941553,54.757431,-0.498076,-1.226261,-0.862168,3299,4577,4456
IsPETaseWT_pool_1013,5.006153,55.292610,-0.875311,-0.369213,-0.622262,4014,3131,3936
IsPETaseWT_pool_1014,9.511291,55.842022,0.941557,0.510629,0.726093,886,1356,847
IsPETaseWT_pool_1015,9.641160,55.112202,0.993932,-0.658123,0.167904,823,3742,1904
IsPETaseWT_pool_1016,5.352191,55.151466,-0.735758,-0.595244,-0.665501,3747,3605,4033
IsPETaseWT_pool_1017,5.324375,55.671009,-0.746976,0.236764,-0.255106,3758,1862,2995
IsPETaseWT_pool_1018,9.681599,55.061066,1.010240,-0.740013,0.135113,802,3881,1992
IsPETaseWT_pool_1019,6.260794,55.179115,-0.369330,-0.550966,-0.460148,3047,3516,3545
IsPETaseWT_pool_1020,7.805123,55.390251,0.253480,-0.212848,0.020316,1882,2806,2274
IsPETaseWT_pool_1021,9.523344,56.620949,0.946418,1.758020,1.352219,884,234,225
IsPETaseWT_pool_1022,12.016371,55.621799,1.951826,0.157959,1.054892,190,2017,432
IsPETaseWT_pool_1023,10.049474,55.705124,1.158600,0.291397,0.724998,661,1756,848
IsPETaseWT_pool_1024,5.823543,55.158844,-0.545668,-0.583429,-0.564548,3396,3573,3797
IsPETaseWT_pool_1025,3.752990,55.255676,-1.380697,-0.428359,-0.904528,4674,3251,4522
IsPETaseWT_pool_1026,5.485767,55.196644,-0.681889,-0.522895,-0.602392,3655,3453,3892
IsPETaseWT_pool_1027,5.235277,55.028194,-0.782908,-0.792654,-0.787781,3829,3980,4298
IsPETaseWT_pool_1028,10.830943,55.059677,1.473757,-0.742237,0.365760,435,3888,1478
IsPETaseWT_pool_1029,7.052436,54.720844,-0.050070,-1.284852,-0.667461,2409,4610,4040
IsPETaseWT_pool_1030,9.415633,55.249012,0.902979,-0.439032,0.231974,924,3275,1758
IsPETaseWT_pool_1031,3.766185,55.179653,-1.375376,-0.550105,-0.962740,4669,3512,4608
IsPETaseWT_pool_1032,4.927588,54.811928,-0.906996,-1.138989,-1.022992,4063,4498,4690
IsPETaseWT_pool_1033,8.474646,55.687283,0.523490,0.262825,0.393158,1448,1813,1420
IsPETaseWT_pool_1034,4.018112,56.633141,-1.273777,1.777545,0.251884,4569,227,1718
IsPETaseWT_pool_1035,10.046184,56.057358,1.157273,0.855472,1.006373,662,896,488
IsPETaseWT_pool_1036,8.510645,55.078938,0.538008,-0.711393,-0.086692,1422,3842,2555
IsPETaseWT_pool_1037,7.652596,55.637928,0.191968,0.183788,0.187878,1994,1969,1864
IsPETaseWT_pool_1038,6.481532,56.493607,-0.280309,1.554092,0.636891,2872,318,982
IsPETaseWT_pool_1039,2.707781,55.813297,-1.802217,0.464628,-0.668795,4914,1440,4041
IsPETaseWT_pool_1040,6.994843,53.699593,-0.073296,-2.920309,-1.496803,2458,4998,4964
IsPETaseWT_pool_1041,4.363802,56.780968,-1.134364,2.014278,0.439957,4402,155,1329
IsPETaseWT_pool_1042,8.235131,56.576103,0.426897,1.686204,1.056550,1594,265,431
IsPETaseWT_pool_1043,2.749376,55.693920,-1.785443,0.273455,-0.755994,4906,1794,4229
IsPETaseWT_pool_1044,9.313761,54.703487,0.861896,-1.312648,-0.225376,968,4629,2916
IsPETaseWT_pool_1045,10.819569,55.723797,1.469170,0.321300,0.895235,440,1703,619
IsPETaseWT_pool_1046,2.927715,55.408112,-1.713521,-0.184246,-0.948883,4874,2751,4585
IsPETaseWT_pool_1047,6.596399,57.087906,-0.233984,2.505816,1.135916,2781,72,368
IsPETaseWT_pool_1048,10.979454,55.638653,1.533650,0.184948,0.859299,396,1961,651
IsPETaseWT_pool_1049,5.577589,54.638653,-0.644858,-1.416475,-1.030667,3579,4702,4699
IsPETaseWT_pool_1050,2.384890,56.046276,-1.932435,0.837726,-0.547355,4951,924,3762
IsPETaseWT_pool_1051,9.733856,56.092087,1.031315,0.911088,0.971202,780,823,528
IsPETaseWT_pool_1052,5.134939,55.495213,-0.823374,-0.044760,-0.434067,3913,2461,3477
IsPETaseWT_pool_1053,6.256148,55.168198,-0.371203,-0.568450,-0.469826,3050,3546,3571
IsPETaseWT_pool_1054,3.558487,55.194897,-1.459138,-0.525693,-0.992416,4725,3460,4657
IsPETaseWT_pool_1055,11.226394,55.224049,1.633238,-0.479009,0.577114,338,3374,1087
IsPETaseWT_pool_1056,4.136626,55.353111,-1.225981,-0.272325,-0.749153,4527,2949,4218
IsPETaseWT_pool_1057,8.254089,56.413143,0.434542,1.425236,0.929889,1583,386,570
IsPETaseWT_pool_1058,6.839890,56.071781,-0.135787,0.878570,0.371392,2591,873,1467
IsPETaseWT_pool_1059,10.513017,54.830002,1.345541,-1.110044,0.117748,518,4462,2045
IsPETaseWT_pool_1060,4.031618,54.931263,-1.268330,-0.947882,-1.108106,4565,4241,4768
IsPETaseWT_pool_1061,10.171614,55.618195,1.207857,0.152186,0.680022,613,2030,916
IsPETaseWT_pool_1062,13.334639,56.462265,2.483468,1.503900,1.993684,53,344,38
IsPETaseWT_pool_1063,6.183220,56.025314,-0.400614,0.804157,0.201772,3103,956,1821
IsPETaseWT_pool_1064,3.645947,55.430225,-1.423866,-0.148832,-0.786349,4700,2691,4293
IsPETaseWT_pool_1065,10.768712,55.577492,1.448660,0.087004,0.767832,454,2177,782
IsPETaseWT_pool_1066,11.617863,57.224373,1.791112,2.724358,2.257735,252,48,18
IsPETaseWT_pool_1067,8.653374,56.167664,0.595569,1.032119,0.813844,1339,679,716
IsPETaseWT_pool_1068,7.592078,56.997433,0.167561,2.360931,1.264246,2037,87,273
IsPETaseWT_pool_1069,4.032319,55.934563,-1.268047,0.658825,-0.304611,4564,1147,3149
IsPETaseWT_pool_1070,7.783440,55.255856,0.244735,-0.428072,-0.091668,1904,3248,2570
IsPETaseWT_pool_1071,10.252456,56.076645,1.240460,0.886359,1.063410,593,862,422
IsPETaseWT_pool_1072,7.340886,56.150620,0.066259,1.004824,0.535541,2207,702,1161
IsPETaseWT_pool_1073,7.392398,55.371552,0.087033,-0.242794,-0.077881,2173,2868,2537
IsPETaseWT_pool_1074,3.794423,53.851624,-1.363988,-2.676843,-2.020415,4661,4989,4999
IsPETaseWT_pool_1075,4.750037,56.357140,-0.978600,1.335550,0.178475,4181,437,1881
IsPETaseWT_pool_1076,12.318282,56.243690,2.073583,1.153870,1.613727,152,578,108
IsPETaseWT_pool_1077,10.451454,55.139259,1.320714,-0.614792,0.352961,536,3642,1498
IsPETaseWT_pool_1078,10.344643,55.052280,1.277638,-0.754082,0.261778,568,3911,1690
IsPETaseWT_pool_1079,5.393668,55.229206,-0.719031,-0.470749,-0.594890,3720,3349,3877
IsPETaseWT_pool_1080,5.944923,54.663925,-0.496717,-1.376004,-0.936360,3292,4677,4567
IsPETaseWT_pool_1081,7.979990,55.895199,0.324002,0.595787,0.459894,1769,1237,1290
IsPETaseWT_pool_1082,5.680849,54.676903,-0.603215,-1.355221,-0.979218,3510,4663,4633
IsPETaseWT_pool_1083,5.437281,55.548336,-0.701443,0.040313,-0.330565,3691,2270,3219
IsPETaseWT_pool_1084,7.683312,55.817532,0.204355,0.471409,0.337882,1981,1428,1528
IsPETaseWT_pool_1085,5.593214,55.773083,-0.638557,0.400228,-0.119165,3570,1552,2639
IsPETaseWT_pool_1086,3.669823,54.941456,-1.414237,-0.931559,-1.172898,4696,4207,4829
IsPETaseWT_pool_1087,4.945601,54.840183,-0.899731,-1.093740,-0.996735,4055,4437,4662
IsPETaseWT_pool_1088,8.829008,57.071690,0.666400,2.479847,1.573124,1216,78,120
IsPETaseWT_pool_1089,5.179221,55.791607,-0.805515,0.429893,-0.187811,3880,1501,2816
IsPETaseWT_pool_1090,8.557581,55.126881,0.556937,-0.634616,-0.038839,1387,3681,2434
IsPETaseWT_pool_1091,6.593518,55.238560,-0.235146,-0.455770,-0.345458,2789,3315,3252
IsPETaseWT_pool_1092,5.311516,56.837276,-0.752162,2.104453,0.676145,3769,129,925
IsPETaseWT_pool_1093,8.987098,55.754158,0.730156,0.369921,0.550039,1133,1611,1134
IsPETaseWT_pool_1094,5.614305,55.021652,-0.630051,-0.803131,-0.716591,3549,4003,4145
IsPETaseWT_pool_1095,6.445876,55.301178,-0.294688,-0.355492,-0.325090,2904,3112,3204
IsPETaseWT_pool_1096,7.355382,55.556858,0.072105,0.053960,0.063032,2200,2245,2186
IsPETaseWT_pool_1097,7.715322,55.602196,0.217264,0.126565,0.171915,1958,2089,1892
IsPETaseWT_pool_1098,12.379268,55.667366,2.098178,0.230930,1.164554,142,1873,347
IsPETaseWT_pool_1099,5.594839,55.122849,-0.637901,-0.641073,-0.639487,3567,3698,3978
IsPETaseWT_pool_1100,7.158778,54.944286,-0.007183,-0.927027,-0.467105,2341,4192,3566
IsPETaseWT_pool_1101,3.427563,55.512161,-1.511938,-0.017618,-0.764778,4759,2394,4247
IsPETaseWT_pool_1102,4.284712,55.188110,-1.166260,-0.536561,-0.851410,4449,3478,4439
IsPETaseWT_pool_1103,4.284118,55.337276,-1.166499,-0.297683,-0.732091,4451,2993,4176
IsPETaseWT_pool_1104,8.191778,55.943031,0.409413,0.672387,0.540900,1626,1124,1152
IsPETaseWT_pool_1105,3.534393,56.399769,-1.468855,1.403818,-0.032518,4733,396,2414
IsPETaseWT_pool_1106,4.304363,56.480824,-1.158335,1.533620,0.187643,4439,331,1865
IsPETaseWT_pool_1107,8.069124,55.187595,0.359948,-0.537386,-0.088719,1704,3481,2562
IsPETaseWT_pool_1108,5.711541,54.617786,-0.590837,-1.449891,-1.020364,3487,4720,4687
IsPETaseWT_pool_1109,9.268413,54.900047,0.843607,-0.997872,-0.077132,993,4315,2535
IsPETaseWT_pool_1110,5.942617,56.042484,-0.497647,0.831654,0.167004,3298,931,1909
IsPETaseWT_pool_1111,4.923141,54.600708,-0.908789,-1.477241,-1.193015,4065,4735,4849
IsPETaseWT_pool_1112,4.755833,55.523735,-0.976262,0.000916,-0.487673,4178,2349,3620
IsPETaseWT_pool_1113,6.278504,55.247570,-0.362187,-0.441341,-0.401764,3033,3283,3393
IsPETaseWT_pool_1114,8.880985,54.796745,0.687362,-1.163302,-0.237970,1185,4524,2947
IsPETaseWT_pool_1115,7.434937,54.864506,0.104188,-1.054789,-0.475300,2151,4384,3585
IsPETaseWT_pool_1116,6.012564,55.538830,-0.469438,0.025089,-0.222174,3234,2299,2907
IsPETaseWT_pool_1117,7.328480,55.634148,0.061255,0.177734,0.119495,2217,1981,2041
IsPETaseWT_pool_1118,4.875100,54.895706,-0.928164,-1.004824,-0.966494,4096,4322,4619
IsPETaseWT_pool_1119,6.594560,54.871685,-0.234726,-1.043292,-0.639009,2787,4368,3977
IsPETaseWT_pool_1120,10.216775,54.953663,1.226070,-0.912011,0.157030,599,4169,1928
IsPETaseWT_pool_1121,4.317599,55.487484,-1.152997,-0.057137,-0.605067,4429,2482,3897
IsPETaseWT_pool_1122,4.838496,55.196873,-0.942925,-0.522529,-0.732727,4113,3451,4178
IsPETaseWT_pool_1123,2.592044,55.365051,-1.848893,-0.253204,-1.051048,4933,2894,4718
IsPETaseWT_pool_1124,6.064774,55.043720,-0.448382,-0.767791,-0.608086,3193,3932,3906
IsPETaseWT_pool_1125,8.789546,56.334446,0.650486,1.299208,0.974847,1243,460,523
IsPETaseWT_pool_1126,3.525955,55.714848,-1.472258,0.306968,-0.582645,4736,1725,3839
IsPETaseWT_pool_1127,5.898239,56.858017,-0.515544,2.137667,0.811062,3346,121,722
IsPETaseWT_pool_1128,8.158623,55.694710,0.396042,0.274719,0.335381,1646,1787,1538
IsPETaseWT_pool_1129,7.499598,55.240269,0.130265,-0.453033,-0.161384,2099,3305,2750
IsPETaseWT_pool_1130,5.173292,55.762573,-0.807906,0.383397,-0.212254,3883,1587,2879
IsPETaseWT_pool_1131,7.997393,55.390175,0.331020,-0.212970,0.059025,1752,2807,2196
IsPETaseWT_pool_1132,11.383345,56.069752,1.696534,0.875320,1.285927,294,876,255
IsPETaseWT_pool_1133,5.259042,55.266434,-0.773324,-0.411132,-0.592228,3813,3214,3870
IsPETaseWT_pool_1134,6.553866,54.708881,-0.251137,-1.304010,-0.777573,2808,4623,4278
IsPETaseWT_pool_1135,6.637600,55.157059,-0.217368,-0.586288,-0.401828,2747,3582,3394
IsPETaseWT_pool_1136,5.999473,55.603554,-0.474717,0.128740,-0.172989,3244,2083,2774
IsPETaseWT_pool_1137,5.026555,54.937962,-0.867084,-0.937155,-0.902119,4001,4221,4514
IsPETaseWT_pool_1138,5.898897,55.656139,-0.515278,0.212952,-0.151163,3344,1910,2721
IsPETaseWT_pool_1139,7.820416,55.955212,0.259647,0.691893,0.475770,1869,1096,1262
IsPETaseWT_pool_1140,2.417407,55.738571,-1.919322,0.344960,-0.787181,4948,1672,4295
IsPETaseWT_pool_1141,6.506425,55.768963,-0.270270,0.393630,0.061680,2842,1563,2189
IsPETaseWT_pool_1142,4.674547,54.735664,-1.009044,-1.261119,-1.135081,4229,4599,4802
IsPETaseWT_pool_1143,8.454330,56.113785,0.515297,0.945836,0.730567,1463,779,840
IsPETaseWT_pool_1144,4.306612,55.233246,-1.157428,-0.464280,-0.810854,4436,3337,4351
IsPETaseWT_pool_1145,9.951422,55.748318,1.119057,0.360568,0.739812,702,1635,822
IsPETaseWT_pool_1146,8.168575,55.530407,0.400056,0.011601,0.205828,1637,2325,1814
IsPETaseWT_pool_1147,5.607210,56.002357,-0.632912,0.767394,0.067241,3555,1011,2173
IsPETaseWT_pool_1148,5.051138,56.095596,-0.857169,0.916709,0.029770,3976,816,2256
IsPETaseWT_pool_1149,7.607019,55.380341,0.173587,-0.228719,-0.027566,2027,2844,2400
IsPETaseWT_pool_1150,8.225167,56.823612,0.422879,2.082570,1.252724,1603,135,282
IsPETaseWT_pool_1151,6.734594,55.003452,-0.178252,-0.832277,-0.505264,2677,4050,3665
IsPETaseWT_pool_1152,6.473797,55.663624,-0.283428,0.224938,-0.029245,2883,1886,2405
IsPETaseWT_pool_1153,9.295671,55.203514,0.854600,-0.511893,0.171353,974,3423,1893
IsPETaseWT_pool_1154,8.919096,55.020603,0.702732,-0.804811,-0.051040,1165,4004,2468
IsPETaseWT_pool_1155,13.058696,55.835014,2.372183,0.499406,1.435795,72,1372,177
IsPETaseWT_pool_1156,6.185279,55.142601,-0.399784,-0.609441,-0.504612,3100,3631,3664
IsPETaseWT_pool_1157,5.433108,56.377766,-0.703126,1.368581,0.332728,3694,422,1544
IsPETaseWT_pool_1158,4.293561,55.802620,-1.162691,0.447529,-0.357581,4444,1462,3290
IsPETaseWT_pool_1159,10.791645,56.004162,1.457909,0.770283,1.114096,450,1003,378
IsPETaseWT_pool_1160,9.250198,54.548069,0.836261,-1.561538,-0.362639,1001,4776,3305
IsPETaseWT_pool_1161,6.650527,56.079266,-0.212155,0.890556,0.339201,2736,855,1525
IsPETaseWT_pool_1162,8.914155,55.582016,0.700739,0.094249,0.397494,1168,2159,1406
IsPETaseWT_pool_1163,10.013871,55.641701,1.144242,0.189829,0.667035,673,1955,935
IsPETaseWT_pool_1164,8.012475,55.581448,0.337102,0.093339,0.215221,1739,2164,1795
IsPETaseWT_pool_1165,7.647754,55.390049,0.190015,-0.213172,-0.011578,1998,2808,2367
IsPETaseWT_pool_1166,8.959276,55.037880,0.718936,-0.777144,-0.029104,1145,3954,2404
IsPETaseWT_pool_1167,7.151818,54.389927,-0.009990,-1.814791,-0.912391,2345,4881,4531
IsPETaseWT_pool_1168,5.924075,54.676956,-0.505124,-1.355135,-0.930130,3321,4662,4556
IsPETaseWT_pool_1169,7.040780,55.915150,-0.054771,0.627737,0.286483,2420,1193,1639
IsPETaseWT_pool_1170,12.224332,55.389492,2.035694,-0.214064,0.910815,164,2811,595
IsPETaseWT_pool_1171,4.569147,55.094669,-1.051551,-0.686200,-0.868875,4297,3797,4465
IsPETaseWT_pool_1172,7.662672,55.485691,0.196031,-0.060008,0.068011,1991,2490,2170
IsPETaseWT_pool_1173,5.758856,55.086971,-0.571755,-0.698528,-0.635141,3446,3815,3963
IsPETaseWT_pool_1174,6.922147,54.327621,-0.102614,-1.914568,-1.008591,2524,4905,4675
IsPETaseWT_pool_1175,5.644409,54.977341,-0.617910,-0.874093,-0.746001,3535,4120,4208
IsPETaseWT_pool_1176,6.026405,55.279045,-0.463856,-0.390936,-0.427396,3225,3167,3462
IsPETaseWT_pool_1177,3.377286,55.637459,-1.532214,0.183036,-0.674589,4774,1971,4054
IsPETaseWT_pool_1178,9.737346,54.808666,1.032722,-1.144212,-0.055745,778,4502,2484
IsPETaseWT_pool_1179,2.775545,56.082699,-1.774889,0.896054,-0.439417,4900,847,3491
IsPETaseWT_pool_1180,3.885719,55.429592,-1.327169,-0.149846,-0.738508,4630,2695,4192
IsPETaseWT_pool_1181,7.431805,55.179447,0.102925,-0.550434,-0.223755,2153,3514,2911
IsPETaseWT_pool_1182,7.598510,57.377937,0.170155,2.970280,1.570217,2034,33,121
IsPETaseWT_pool_1183,9.583949,55.695480,0.970859,0.275953,0.623406,859,1778,1002
IsPETaseWT_pool_1184,6.908509,55.087425,-0.108114,-0.697801,-0.402957,2535,3814,3396
IsPETaseWT_pool_1185,7.749868,55.469536,0.231196,-0.085880,0.072658,1925,2550,2153
IsPETaseWT_pool_1186,4.762580,55.086750,-0.973541,-0.698882,-0.836212,4172,3817,4404
IsPETaseWT_pool_1187,5.948047,55.141766,-0.495457,-0.610779,-0.553118,3287,3636,3773
IsPETaseWT_pool_1188,10.222966,56.049511,1.228567,0.842906,1.035737,598,916,458
IsPETaseWT_pool_1189,10.497924,55.255802,1.339454,-0.428158,0.455648,523,3249,1299
IsPETaseWT_pool_1190,2.324914,56.814251,-1.956623,2.067579,0.055478,4958,142,2203
IsPETaseWT_pool_1191,13.142165,54.752045,2.405845,-1.234887,0.585479,63,4585,1067
IsPETaseWT_pool_1192,5.979515,55.161030,-0.482766,-0.579928,-0.531347,3260,3567,3725
IsPETaseWT_pool_1193,9.980085,55.055370,1.130616,-0.749134,0.190741,687,3900,1853
IsPETaseWT_pool_1194,5.108694,55.767166,-0.833958,0.390753,-0.221603,3934,1568,2906
IsPETaseWT_pool_1195,5.192052,56.930687,-0.800341,2.254042,0.726851,3869,102,845
IsPETaseWT_pool_1196,7.671462,55.889214,0.199576,0.586202,0.392889,1986,1252,1421
IsPETaseWT_pool_1197,5.742308,55.498650,-0.578429,-0.039256,-0.308842,3458,2453,3162
IsPETaseWT_pool_1198,7.261977,56.107391,0.034436,0.935597,0.485016,2263,792,1246
IsPETaseWT_pool_1199,6.747187,56.059483,-0.173173,0.858875,0.342851,2661,891,1518
IsPETaseWT_pool_1200,5.530708,55.586864,-0.663765,0.102013,-0.280876,3622,2142,3078
IsPETaseWT_pool_1201,8.149038,56.000622,0.392177,0.764614,0.578395,1651,1015,1086
IsPETaseWT_pool_1202,8.674544,55.466686,0.604107,-0.090443,0.256832,1321,2561,1705
IsPETaseWT_pool_1203,5.410519,55.058605,-0.712235,-0.743954,-0.728095,3709,3891,4170
IsPETaseWT_pool_1204,4.948223,55.445557,-0.898674,-0.124280,-0.511477,4051,2634,3678
IsPETaseWT_pool_1205,3.743969,56.137104,-1.384335,0.983180,-0.200578,4675,734,2846
IsPETaseWT_pool_1206,9.910874,57.310787,1.102704,2.862744,1.982724,717,40,40
IsPETaseWT_pool_1207,6.345696,55.733002,-0.335090,0.336041,0.000476,2976,1683,2321
IsPETaseWT_pool_1208,6.608543,56.347706,-0.229087,1.320443,0.545678,2769,449,1146
IsPETaseWT_pool_1209,7.789049,55.486179,0.246997,-0.059226,0.093886,1895,2487,2092
IsPETaseWT_pool_1210,3.284149,56.090824,-1.569775,0.909066,-0.330354,4807,827,3218
IsPETaseWT_pool_1211,2.637978,55.115120,-1.830368,-0.653450,-1.241909,4927,3730,4869
IsPETaseWT_pool_1212,5.504962,56.297466,-0.674148,1.239988,0.282920,3641,511,1647
IsPETaseWT_pool_1213,7.701767,55.648312,0.211798,0.200416,0.206107,1970,1937,1812
IsPETaseWT_pool_1214,6.937278,55.689590,-0.096512,0.266521,0.085005,2509,1808,2120
IsPETaseWT_pool_1215,10.422988,55.482601,1.309234,-0.064956,0.622139,544,2504,1005
IsPETaseWT_pool_1216,7.245116,55.074936,0.027636,-0.717801,-0.345083,2275,3851,3251
IsPETaseWT_pool_1217,5.137950,55.042225,-0.822159,-0.770185,-0.796172,3910,3937,4324
IsPETaseWT_pool_1218,6.109953,56.279320,-0.430162,1.210928,0.390383,3159,535,1428
IsPETaseWT_pool_1219,8.323167,54.874737,0.462401,-1.038405,-0.288002,1545,4362,3100
IsPETaseWT_pool_1220,6.966145,54.817863,-0.084870,-1.129483,-0.607177,2484,4487,3903
IsPETaseWT_pool_1221,7.240184,55.873772,0.025647,0.561473,0.293560,2281,1292,1624
IsPETaseWT_pool_1222,6.676607,54.815578,-0.201637,-1.133142,-0.667390,2715,4495,4038
IsPETaseWT_pool_1223,5.960184,55.738579,-0.490562,0.344972,-0.072795,3277,1671,2521
IsPETaseWT_pool_1224,4.702195,55.811886,-0.997894,0.462368,-0.267763,4214,1443,3040
IsPETaseWT_pool_1225,9.801899,56.354134,1.058756,1.330736,1.194746,756,440,331
IsPETaseWT_pool_1226,4.395790,55.299004,-1.121464,-0.358974,-0.740219,4385,3120,4196
IsPETaseWT_pool_1227,3.791153,54.483929,-1.365306,-1.664254,-1.514780,4662,4822,4969
IsPETaseWT_pool_1228,8.184456,56.012245,0.406460,0.783228,0.594844,1628,992,1048
IsPETaseWT_pool_1229,10.054811,54.945911,1.160752,-0.924424,0.118164,659,4187,2044
IsPETaseWT_pool_1230,7.126860,55.397892,-0.020056,-0.200612,-0.110334,2361,2788,2621
IsPETaseWT_pool_1231,7.463480,55.018719,0.115699,-0.807829,-0.346065,2127,4012,3254
IsPETaseWT_pool_1232,8.228294,55.210537,0.424140,-0.500646,-0.038253,1600,3408,2433
IsPETaseWT_pool_1233,5.722875,55.563015,-0.586266,0.063820,-0.261223,3477,2223,3021
IsPETaseWT_pool_1234,5.385675,54.887714,-0.722255,-1.017622,-0.869938,3724,4335,4469
IsPETaseWT_pool_1235,6.596215,56.329205,-0.234058,1.290814,0.528378,2782,468,1172
IsPETaseWT_pool_1236,7.889557,55.825588,0.287531,0.484311,0.385921,1822,1400,1431
IsPETaseWT_pool_1237,10.184862,56.155045,1.213200,1.011910,1.112555,610,697,379
IsPETaseWT_pool_1238,6.122251,54.208214,-0.425202,-2.105791,-1.265496,3145,4947,4882
IsPETaseWT_pool_1239,3.361992,55.157654,-1.538382,-0.585335,-1.061858,4780,3580,4730
IsPETaseWT_pool_1240,6.136325,55.664165,-0.419527,0.225805,-0.096861,3138,1884,2583
IsPETaseWT_pool_1241,8.257365,56.275108,0.435864,1.204183,0.820023,1579,544,706
IsPETaseWT_pool_1242,9.136867,54.976727,0.790556,-0.875076,-0.042260,1059,4123,2443
IsPETaseWT_pool_1243,8.202746,55.565674,0.413836,0.068078,0.240957,1617,2215,1737
IsPETaseWT_pool_1244,5.846278,55.220013,-0.536499,-0.485472,-0.510985,3380,3381,3677
IsPETaseWT_pool_1245,8.272622,55.580482,0.442017,0.091793,0.266905,1572,2170,1679
IsPETaseWT_pool_1246,6.477293,55.266460,-0.282018,-0.411089,-0.346554,2878,3213,3256
IsPETaseWT_pool_1247,6.390935,56.436893,-0.316845,1.463270,0.573212,2940,366,1094
IsPETaseWT_pool_1248,7.617731,55.470226,0.177907,-0.084774,0.046567,2019,2546,2224
IsPETaseWT_pool_1249,5.926218,56.546162,-0.504260,1.638255,0.566997,3317,285,1107
IsPETaseWT_pool_1250,3.298641,55.658772,-1.563931,0.217167,-0.673382,4801,1902,4050
IsPETaseWT_pool_1251,8.094123,56.819546,0.370030,2.076058,1.223044,1687,139,301
IsPETaseWT_pool_1252,6.872119,54.522442,-0.122790,-1.602578,-0.862684,2562,4793,4458
IsPETaseWT_pool_1253,8.336763,55.024490,0.467884,-0.798586,-0.165351,1534,3996,2758
IsPETaseWT_pool_1254,5.537935,55.497589,-0.660850,-0.040954,-0.350902,3614,2456,3269
IsPETaseWT_pool_1255,8.037393,55.064999,0.347152,-0.733715,-0.193282,1729,3868,2831
IsPETaseWT_pool_1256,7.304953,56.060528,0.051767,0.860549,0.456158,2232,887,1297
IsPETaseWT_pool_1257,3.211257,54.516518,-1.599172,-1.612065,-1.605618,4826,4799,4980
IsPETaseWT_pool_1258,6.515335,54.452984,-0.266676,-1.713810,-0.990243,2835,4841,4652
IsPETaseWT_pool_1259,3.556746,55.237537,-1.459840,-0.457407,-0.958624,4726,3321,4599
IsPETaseWT_pool_1260,8.108456,54.260166,0.375810,-2.022593,-0.823391,1677,4930,4374
IsPETaseWT_pool_1261,12.137206,54.211140,2.000557,-2.101105,-0.050274,170,4945,2462
IsPETaseWT_pool_1262,3.430166,55.227119,-1.510888,-0.474091,-0.992490,4758,3357,4658
IsPETaseWT_pool_1263,5.248223,55.313076,-0.777687,-0.336438,-0.557063,3820,3069,3778
IsPETaseWT_pool_1264,6.809717,55.985771,-0.147956,0.740832,0.296438,2611,1039,1618
IsPETaseWT_pool_1265,5.253420,55.818405,-0.775592,0.472808,-0.151392,3817,1426,2722
IsPETaseWT_pool_1266,9.245464,56.444668,0.834352,1.475720,1.155036,1004,358,354
IsPETaseWT_pool_1267,5.082379,55.657887,-0.844570,0.215750,-0.314410,3958,1906,3177
IsPETaseWT_pool_1268,6.351738,54.934303,-0.332653,-0.943014,-0.637833,2969,4232,3973
IsPETaseWT_pool_1269,6.322366,55.266708,-0.344498,-0.410692,-0.377595,2999,3212,3336
IsPETaseWT_pool_1270,5.287129,55.717869,-0.761997,0.311807,-0.225095,3786,1720,2915
IsPETaseWT_pool_1271,8.483656,55.037838,0.527124,-0.777211,-0.125043,1440,3955,2653
IsPETaseWT_pool_1272,5.539695,54.111488,-0.660140,-2.260689,-1.460415,3612,4971,4959
IsPETaseWT_pool_1273,5.145348,55.019341,-0.819176,-0.806833,-0.813004,3903,4008,4354
IsPETaseWT_pool_1274,6.531553,54.988693,-0.260136,-0.855912,-0.558024,2823,4088,3780
IsPETaseWT_pool_1275,5.323594,55.565754,-0.747291,0.068206,-0.339542,3760,2214,3237
IsPETaseWT_pool_1276,7.447058,54.977570,0.109076,-0.873726,-0.382325,2136,4119,3344
IsPETaseWT_pool_1277,5.266287,54.727272,-0.770402,-1.274558,-1.022480,3809,4604,4689
IsPETaseWT_pool_1278,4.636446,55.850147,-1.024410,0.523641,-0.250385,4251,1339,2982
IsPETaseWT_pool_1279,12.581350,54.697781,2.179675,-1.321787,0.428944,120,4635,1348
IsPETaseWT_pool_1280,16.468926,54.807693,3.747488,-1.145770,1.300859,1,4505,243
IsPETaseWT_pool_1281,2.152238,55.779903,-2.026261,0.411150,-0.807555,4968,1537,4347
IsPETaseWT_pool_1282,6.519071,55.324623,-0.265170,-0.317946,-0.291558,2833,3038,3110
IsPETaseWT_pool_1283,6.362143,56.288071,-0.328457,1.224941,0.448242,2960,525,1313
IsPETaseWT_pool_1284,3.295776,55.540440,-1.565086,0.027667,-0.768709,4802,2292,4261
IsPETaseWT_pool_1285,10.661991,55.673473,1.405621,0.240711,0.823166,476,1857,704
IsPETaseWT_pool_1286,13.221991,55.619595,2.438038,0.154428,1.296233,57,2023,246
IsPETaseWT_pool_1287,3.562100,56.055523,-1.457681,0.852534,-0.302573,4724,899,3143
IsPETaseWT_pool_1288,5.866570,55.291203,-0.528315,-0.371467,-0.449891,3367,3136,3522
IsPETaseWT_pool_1289,12.277240,54.601032,2.057031,-1.476722,0.290155,159,4734,1634
IsPETaseWT_pool_1290,2.241447,55.743053,-1.990284,0.352138,-0.819073,4964,1654,4363
IsPETaseWT_pool_1291,6.706998,55.271088,-0.189381,-0.403679,-0.296530,2696,3196,3121
IsPETaseWT_pool_1292,7.769548,54.579678,0.239133,-1.510920,-0.635893,1911,4751,3966
IsPETaseWT_pool_1293,5.068050,55.461296,-0.850349,-0.099075,-0.474712,3966,2582,3583
IsPETaseWT_pool_1294,7.014573,55.800999,-0.065340,0.444933,0.189797,2445,1472,1856
IsPETaseWT_pool_1295,5.473530,54.788422,-0.686824,-1.176632,-0.931728,3663,4538,4559
IsPETaseWT_pool_1296,14.868444,55.638512,3.102033,0.184722,1.643378,12,1964,97
IsPETaseWT_pool_1297,4.234181,54.975464,-1.186638,-0.877098,-1.031868,4476,4127,4701
IsPETaseWT_pool_1298,8.757937,54.808361,0.637738,-1.144701,-0.253481,1270,4504,2990
IsPETaseWT_pool_1299,8.121666,55.832188,0.381138,0.494880,0.438009,1669,1381,1332
IsPETaseWT_pool_1300,13.046234,55.945740,2.367157,0.676725,1.521941,74,1120,134
IsPETaseWT_pool_1301,7.536239,54.704735,0.145042,-1.310650,-0.582804,2076,4628,3840
IsPETaseWT_pool_1302,6.557832,55.082012,-0.249538,-0.706469,-0.478003,2806,3833,3596
IsPETaseWT_pool_1303,4.651386,55.368500,-1.018385,-0.247681,-0.633033,4241,2881,3958
IsPETaseWT_pool_1304,5.624754,54.591640,-0.625837,-1.491762,-1.058800,3544,4742,4727
IsPETaseWT_pool_1305,7.675112,55.653149,0.201048,0.208162,0.204605,1984,1923,1817
IsPETaseWT_pool_1306,8.194398,55.850475,0.410470,0.524166,0.467318,1623,1338,1279
IsPETaseWT_pool_1307,8.368530,54.685833,0.480695,-1.340920,-0.430112,1513,4655,3468
IsPETaseWT_pool_1308,6.111971,55.631470,-0.429348,0.173445,-0.127951,3156,1985,2667
IsPETaseWT_pool_1309,7.250223,54.840572,0.029695,-1.093117,-0.531711,2267,4436,3727
IsPETaseWT_pool_1310,4.725843,55.769043,-0.988357,0.393758,-0.297299,4195,1562,3129
IsPETaseWT_pool_1311,5.102925,55.520081,-0.836284,-0.004936,-0.420610,3937,2367,3443
IsPETaseWT_pool_1312,4.301474,55.569489,-1.159500,0.074187,-0.542656,4440,2205,3750
IsPETaseWT_pool_1313,4.884094,56.627834,-0.924536,1.769047,0.422255,4090,229,1364
IsPETaseWT_pool_1314,6.952475,55.889080,-0.090383,0.585988,0.247803,2494,1253,1727
IsPETaseWT_pool_1315,7.651731,55.243870,0.191619,-0.447267,-0.127824,1995,3295,2665
IsPETaseWT_pool_1316,9.203380,56.213486,0.817380,1.105499,0.961440,1025,620,538
IsPETaseWT_pool_1317,7.565332,55.360996,0.156775,-0.259697,-0.051461,2054,2909,2471
IsPETaseWT_pool_1318,7.409567,56.976566,0.093957,2.327515,1.210736,2167,92,313
IsPETaseWT_pool_1319,6.735883,56.022400,-0.177732,0.799490,0.310879,2674,960,1589
IsPETaseWT_pool_1320,8.620514,54.931763,0.582317,-0.947082,-0.182382,1356,4239,2802
IsPETaseWT_pool_1321,4.446672,56.017250,-1.100943,0.791243,-0.154850,4367,977,2724
IsPETaseWT_pool_1322,10.810311,56.205273,1.465436,1.092347,1.278892,444,637,261
IsPETaseWT_pool_1323,5.772294,55.562397,-0.566336,0.062831,-0.251753,3432,2226,2986
IsPETaseWT_pool_1324,10.603497,56.080235,1.382031,0.892108,1.137069,493,853,367
IsPETaseWT_pool_1325,5.237420,55.278618,-0.782044,-0.391620,-0.586832,3826,3168,3852
IsPETaseWT_pool_1326,5.552996,56.202717,-0.654776,1.088254,0.216739,3597,643,1793
IsPETaseWT_pool_1327,8.256974,55.499603,0.435706,-0.037729,0.198989,1580,2446,1829
IsPETaseWT_pool_1328,5.116451,55.577251,-0.830830,0.086619,-0.372105,3926,2179,3323
IsPETaseWT_pool_1329,7.176497,56.900066,-0.000038,2.205006,1.102484,2329,109,393
IsPETaseWT_pool_1330,8.262928,54.203056,0.438107,-2.114050,-0.837971,1575,4949,4409
IsPETaseWT_pool_1331,7.446686,56.158016,0.108926,1.016669,0.562798,2138,691,1113
IsPETaseWT_pool_1332,4.004855,55.386963,-1.279123,-0.218114,-0.748618,4577,2818,4216
IsPETaseWT_pool_1333,8.303886,54.642979,0.454625,-1.409548,-0.477461,1556,4699,3594
IsPETaseWT_pool_1334,5.269921,55.365898,-0.768937,-0.251847,-0.510392,3805,2892,3674
IsPETaseWT_pool_1335,4.212193,56.050869,-1.195506,0.845081,-0.175212,4485,914,2781
IsPETaseWT_pool_1336,7.833577,55.832230,0.264955,0.494947,0.379951,1859,1380,1441
IsPETaseWT_pool_1337,6.007420,55.159161,-0.471512,-0.582922,-0.527217,3239,3571,3711
IsPETaseWT_pool_1338,7.995531,55.203064,0.330269,-0.512614,-0.091172,1757,3426,2569
IsPETaseWT_pool_1339,2.819151,55.350166,-1.757303,-0.277041,-1.017172,4892,2953,4684
IsPETaseWT_pool_1340,6.673018,55.628521,-0.203085,0.168723,-0.017181,2718,1996,2379
IsPETaseWT_pool_1341,6.173719,54.988865,-0.404446,-0.855637,-0.630042,3113,4087,3951
IsPETaseWT_pool_1342,3.613831,54.933884,-1.436818,-0.943686,-1.190252,4713,4233,4846
IsPETaseWT_pool_1343,11.874763,55.372025,1.894717,-0.242036,0.826340,213,2866,698
IsPETaseWT_pool_1344,5.559839,56.864948,-0.652016,2.148767,0.748375,3593,116,807
IsPETaseWT_pool_1345,4.270501,54.320297,-1.171991,-1.926297,-1.549144,4459,4908,4972
IsPETaseWT_pool_1346,7.839952,55.239071,0.267526,-0.454952,-0.093713,1853,3311,2577
IsPETaseWT_pool_1347,5.541368,55.306721,-0.659466,-0.346616,-0.503041,3611,3093,3660
IsPETaseWT_pool_1348,6.964119,55.450527,-0.085687,-0.116320,-0.101004,2485,2620,2597
IsPETaseWT_pool_1349,3.921563,55.233841,-1.312714,-0.463327,-0.888020,4611,3335,4492
IsPETaseWT_pool_1350,5.350588,54.929352,-0.736405,-0.950943,-0.843674,3749,4244,4417
IsPETaseWT_pool_1351,5.971492,54.985962,-0.486002,-0.860286,-0.673144,3269,4100,4049
IsPETaseWT_pool_1352,6.984434,54.995884,-0.077494,-0.844397,-0.460946,2470,4066,3548
IsPETaseWT_pool_1353,3.837275,55.338482,-1.346706,-0.295752,-0.821229,4646,2989,4368
IsPETaseWT_pool_1354,7.450333,55.998940,0.110397,0.761920,0.436159,2133,1018,1338
IsPETaseWT_pool_1355,3.245560,55.213223,-1.585338,-0.496346,-1.040842,4819,3398,4711
IsPETaseWT_pool_1356,6.051392,54.371777,-0.453779,-1.843857,-1.148818,3201,4889,4814
IsPETaseWT_pool_1357,8.483582,57.489498,0.527094,3.148936,1.838015,1441,26,54
IsPETaseWT_pool_1358,5.336794,54.334301,-0.741968,-1.903872,-1.322920,3754,4902,4907
IsPETaseWT_pool_1359,7.113946,55.153732,-0.025264,-0.591615,-0.308439,2370,3599,3161
IsPETaseWT_pool_1360,9.601462,54.777191,0.977922,-1.194617,-0.108347,852,4550,2615
IsPETaseWT_pool_1361,9.610767,55.794193,0.981675,0.434035,0.707855,846,1495,868
IsPETaseWT_pool_1362,8.386789,55.795959,0.488059,0.436863,0.462461,1505,1486,1288
IsPETaseWT_pool_1363,6.523336,55.746395,-0.263450,0.357489,0.047020,2831,1643,2223
IsPETaseWT_pool_1364,6.622316,55.796650,-0.223532,0.437969,0.107218,2759,1483,2070
IsPETaseWT_pool_1365,6.595969,55.047672,-0.234158,-0.761462,-0.497810,2784,3923,3643
IsPETaseWT_pool_1366,8.260048,55.714458,0.436946,0.306345,0.371645,1577,1727,1466
IsPETaseWT_pool_1367,7.743660,55.467754,0.228693,-0.088732,0.069980,1932,2556,2161
IsPETaseWT_pool_1368,4.487229,55.833714,-1.084587,0.497323,-0.293632,4343,1376,3115
IsPETaseWT_pool_1369,6.642371,55.132168,-0.215444,-0.626149,-0.420796,2741,3664,3445
IsPETaseWT_pool_1370,6.140045,56.202816,-0.418026,1.088413,0.335193,3128,642,1539
IsPETaseWT_pool_1371,7.562965,55.614002,0.155820,0.145472,0.150646,2058,2042,1945
IsPETaseWT_pool_1372,7.194219,56.349014,0.007110,1.322538,0.664824,2317,447,937
IsPETaseWT_pool_1373,3.349960,55.884342,-1.543234,0.578401,-0.482417,4786,1262,3610
IsPETaseWT_pool_1374,7.836981,55.460957,0.266328,-0.099619,0.083355,1856,2584,2124
IsPETaseWT_pool_1375,7.460049,55.782192,0.114316,0.414816,0.264566,2130,1530,1682
IsPETaseWT_pool_1376,11.138803,55.636250,1.597913,0.181100,0.889506,357,1976,623
IsPETaseWT_pool_1377,3.135580,55.068615,-1.629691,-0.727924,-1.178807,4842,3860,4835
IsPETaseWT_pool_1378,9.263394,54.997723,0.841583,-0.841452,0.000065,996,4058,2323
IsPETaseWT_pool_1379,9.392791,55.122585,0.893767,-0.641494,0.126136,931,3700,2020
IsPETaseWT_pool_1380,7.882461,55.354797,0.284669,-0.269624,0.007522,1827,2938,2306
IsPETaseWT_pool_1381,5.568871,56.514000,-0.648374,1.586750,0.469188,3587,305,1272
IsPETaseWT_pool_1382,8.675427,55.474613,0.604463,-0.077749,0.263357,1319,2533,1685
IsPETaseWT_pool_1383,6.776364,54.377636,-0.161406,-1.834474,-0.997940,2640,4887,4667
IsPETaseWT_pool_1384,4.244657,54.349159,-1.182414,-1.880077,-1.531245,4469,4896,4971
IsPETaseWT_pool_1385,9.372866,56.533302,0.885732,1.617661,1.251697,940,296,283
IsPETaseWT_pool_1386,3.822868,55.846951,-1.352516,0.518521,-0.416997,4653,1346,3433
IsPETaseWT_pool_1387,8.046327,55.797344,0.350755,0.439081,0.394918,1721,1481,1416
IsPETaseWT_pool_1388,4.499904,56.508545,-1.079476,1.578014,0.249269,4338,310,1722
IsPETaseWT_pool_1389,8.067254,55.356380,0.359194,-0.267089,0.046052,1706,2932,2227
IsPETaseWT_pool_1390,5.596884,53.814915,-0.637077,-2.735629,-1.686353,3562,4991,4989
IsPETaseWT_pool_1391,10.329770,54.535431,1.271640,-1.581777,-0.155069,574,4786,2726
IsPETaseWT_pool_1392,8.050992,54.851173,0.352636,-1.076140,-0.361752,1715,4409,3302
IsPETaseWT_pool_1393,6.318661,55.436615,-0.345993,-0.138600,-0.242296,3002,2665,2958
IsPETaseWT_pool_1394,5.437843,54.875702,-0.701216,-1.036859,-0.869038,3690,4360,4466
IsPETaseWT_pool_1395,9.398221,56.208626,0.895957,1.097717,0.996837,930,632,501
IsPETaseWT_pool_1396,9.904767,55.519501,1.100241,-0.005865,0.547188,721,2369,1141
IsPETaseWT_pool_1397,7.025359,54.847500,-0.060990,-1.082023,-0.571506,2433,4418,3808
IsPETaseWT_pool_1398,7.049275,54.888416,-0.051345,-1.016498,-0.533921,2415,4333,3734
IsPETaseWT_pool_1399,7.667879,55.908375,0.198131,0.616888,0.407509,1988,1208,1394
IsPETaseWT_pool_1400,9.170327,56.327423,0.804050,1.287961,1.046006,1043,471,446
IsPETaseWT_pool_1401,7.903954,55.103786,0.293337,-0.671599,-0.189131,1812,3768,2818
IsPETaseWT_pool_1402,9.669575,56.016594,1.005391,0.790192,0.897792,808,978,614
IsPETaseWT_pool_1403,9.113530,55.482380,0.781145,-0.065311,0.357917,1078,2506,1491
IsPETaseWT_pool_1404,7.104416,55.863026,-0.029107,0.544264,0.257579,2376,1309,1702
IsPETaseWT_pool_1405,6.813748,55.098545,-0.146330,-0.679993,-0.413161,2608,3786,3423
IsPETaseWT_pool_1406,3.908225,54.694420,-1.318093,-1.327169,-1.322631,4618,4641,4906
IsPETaseWT_pool_1407,3.276693,55.318851,-1.572782,-0.327189,-0.949986,4810,3056,4587
IsPETaseWT_pool_1408,8.202562,55.735645,0.413762,0.340274,0.377018,1618,1679,1450
IsPETaseWT_pool_1409,8.655672,55.386272,0.596496,-0.219220,0.188638,1336,2822,1860
IsPETaseWT_pool_1410,11.080427,55.637375,1.574371,0.182902,0.878636,371,1972,633
IsPETaseWT_pool_1411,3.629643,55.578934,-1.430441,0.089313,-0.670564,4704,2172,4045
IsPETaseWT_pool_1412,3.361052,55.107914,-1.538761,-0.664989,-1.101875,4781,3756,4764
IsPETaseWT_pool_1413,4.472327,55.497257,-1.090597,-0.041486,-0.566041,4350,2457,3801
IsPETaseWT_pool_1414,3.741743,54.313267,-1.385233,-1.937556,-1.661395,4676,4912,4986
IsPETaseWT_pool_1415,5.489511,55.882637,-0.680379,0.575670,-0.052354,3650,1273,2475
IsPETaseWT_pool_1416,4.824250,55.125175,-0.948671,-0.637346,-0.793009,4121,3688,4315
IsPETaseWT_pool_1417,4.532988,56.077320,-1.066133,0.887441,-0.089346,4314,861,2565
IsPETaseWT_pool_1418,7.121251,55.623020,-0.022318,0.159914,0.068798,2364,2010,2166
IsPETaseWT_pool_1419,5.854412,55.749397,-0.533219,0.362297,-0.085461,3372,1630,2550
IsPETaseWT_pool_1420,5.323232,55.432449,-0.747437,-0.145271,-0.446354,3761,2679,3510
IsPETaseWT_pool_1421,7.086243,55.151104,-0.036436,-0.595824,-0.316130,2387,3607,3179
IsPETaseWT_pool_1422,8.223334,55.667732,0.422139,0.231517,0.326828,1606,1867,1556
IsPETaseWT_pool_1423,7.585044,55.845348,0.164725,0.515956,0.340340,2041,1350,1523
IsPETaseWT_pool_1424,2.354151,55.083672,-1.944832,-0.703812,-1.324322,4953,3823,4908
IsPETaseWT_pool_1425,9.094339,55.620728,0.773405,0.156242,0.464824,1083,2019,1285
IsPETaseWT_pool_1426,4.682112,55.150578,-1.005993,-0.596667,-0.801330,4224,3610,4335
IsPETaseWT_pool_1427,8.931201,55.825081,0.707614,0.483499,0.595556,1157,1401,1046
IsPETaseWT_pool_1428,9.085196,56.245247,0.769718,1.156363,0.963040,1087,576,536
IsPETaseWT_pool_1429,9.194470,55.479183,0.813787,-0.070430,0.371678,1028,2521,1465
IsPETaseWT_pool_1430,6.922742,55.457729,-0.102374,-0.104787,-0.103580,2523,2598,2605
IsPETaseWT_pool_1431,6.275431,54.892723,-0.363427,-1.009601,-0.686514,3035,4324,4080
IsPETaseWT_pool_1432,9.159664,56.770313,0.799750,1.997216,1.398483,1047,160,193
IsPETaseWT_pool_1433,5.141424,54.826801,-0.820758,-1.115170,-0.967964,3906,4467,4621
IsPETaseWT_pool_1434,11.099678,55.267033,1.582135,-0.410173,0.585981,365,3211,1066
IsPETaseWT_pool_1435,5.836115,55.323524,-0.540598,-0.319706,-0.430152,3387,3040,3469
IsPETaseWT_pool_1436,7.547337,56.140572,0.149518,0.988733,0.569125,2072,727,1103
IsPETaseWT_pool_1437,8.122924,55.206432,0.381645,-0.507220,-0.062787,1667,3416,2503
IsPETaseWT_pool_1438,8.328542,55.687256,0.464568,0.262782,0.363675,1541,1814,1481
IsPETaseWT_pool_1439,6.933808,55.416420,-0.097911,-0.170941,-0.134426,2511,2725,2686
IsPETaseWT_pool_1440,7.624032,54.295815,0.180448,-1.965505,-0.892528,2013,4920,4498
IsPETaseWT_pool_1441,9.319634,54.297352,0.864264,-1.963043,-0.549389,963,4918,3766
IsPETaseWT_pool_1442,6.287460,54.758282,-0.358576,-1.224899,-0.791737,3026,4575,4310
IsPETaseWT_pool_1443,5.681894,56.498051,-0.602793,1.561208,0.479208,3508,316,1256
IsPETaseWT_pool_1444,8.774287,55.748772,0.644332,0.361295,0.502814,1258,1633,1207
IsPETaseWT_pool_1445,11.882405,55.685646,1.897799,0.260204,1.079002,211,1819,412
IsPETaseWT_pool_1446,8.214905,54.995899,0.418740,-0.844373,-0.212816,1609,4065,2880
IsPETaseWT_pool_1447,8.182373,55.896873,0.405620,0.598469,0.502045,1631,1231,1209
IsPETaseWT_pool_1448,8.159980,55.534946,0.396589,0.018871,0.207730,1642,2313,1808
IsPETaseWT_pool_1449,7.385191,56.720448,0.084126,1.917360,1.000743,2177,181,495
IsPETaseWT_pool_1450,5.979553,56.234154,-0.482751,1.138598,0.327923,3259,589,1551
IsPETaseWT_pool_1451,9.769908,55.458111,1.045854,-0.104176,0.470839,767,2597,1270
IsPETaseWT_pool_1452,5.275586,55.073883,-0.766652,-0.719487,-0.743070,3798,3852,4203
IsPETaseWT_pool_1453,9.544247,55.859962,0.954848,0.539359,0.747103,876,1313,812
IsPETaseWT_pool_1454,12.843699,54.885651,2.285477,-1.020927,0.632275,87,4339,993
IsPETaseWT_pool_1455,6.207380,55.342709,-0.390871,-0.288984,-0.339927,3084,2976,3241
IsPETaseWT_pool_1456,6.428008,55.590824,-0.301894,0.108354,-0.096770,2921,2131,2582
IsPETaseWT_pool_1457,9.725446,54.993027,1.027923,-0.848972,0.089475,783,4077,2109
IsPETaseWT_pool_1458,7.444032,55.755062,0.107856,0.371369,0.239613,2140,1608,1741
IsPETaseWT_pool_1459,9.217676,56.154194,0.823146,1.010548,0.916847,1018,700,588
IsPETaseWT_pool_1460,8.226793,55.751949,0.423534,0.366384,0.394959,1602,1622,1415
IsPETaseWT_pool_1461,6.768415,54.393944,-0.164612,-1.808358,-0.986485,2644,4876,4645
IsPETaseWT_pool_1462,7.892833,55.581726,0.288852,0.093785,0.191318,1820,2161,1850
IsPETaseWT_pool_1463,7.281741,55.121853,0.042406,-0.642667,-0.300131,2245,3703,3135
IsPETaseWT_pool_1464,8.361504,55.557480,0.477862,0.054956,0.266409,1514,2243,1680
IsPETaseWT_pool_1465,11.212690,55.793438,1.627711,0.432825,1.030268,342,1498,465
IsPETaseWT_pool_1466,12.114152,55.401279,1.991260,-0.195187,0.898036,177,2777,613
IsPETaseWT_pool_1467,7.822817,55.137054,0.260616,-0.618323,-0.178854,1866,3649,2794
IsPETaseWT_pool_1468,5.487981,55.348190,-0.680996,-0.280205,-0.480601,3652,2964,3602
IsPETaseWT_pool_1469,4.453886,55.413204,-1.098034,-0.176090,-0.637062,4361,2734,3971
IsPETaseWT_pool_1470,7.198323,54.923542,0.008765,-0.960247,-0.475741,2312,4261,3589
IsPETaseWT_pool_1471,5.168081,54.858315,-0.810008,-1.064704,-0.937356,3887,4390,4569
IsPETaseWT_pool_1472,10.017747,55.775471,1.145805,0.404052,0.774928,672,1545,776
IsPETaseWT_pool_1473,3.475097,55.895546,-1.492768,0.596343,-0.448212,4750,1235,3517
IsPETaseWT_pool_1474,11.377889,55.894650,1.694334,0.594908,1.144621,295,1240,358
IsPETaseWT_pool_1475,11.439536,55.765911,1.719195,0.388743,1.053969,282,1577,433
IsPETaseWT_pool_1476,6.077413,54.765144,-0.443285,-1.213909,-0.828597,3190,4568,4386
IsPETaseWT_pool_1477,7.213430,55.319397,0.014857,-0.326315,-0.155729,2298,3055,2729
IsPETaseWT_pool_1478,9.312289,55.834923,0.861302,0.499260,0.680281,970,1373,915
IsPETaseWT_pool_1479,8.351477,55.973797,0.473818,0.721656,0.597737,1526,1056,1045
IsPETaseWT_pool_1480,6.528431,54.969273,-0.261395,-0.887013,-0.574204,2826,4139,3816
IsPETaseWT_pool_1481,12.966454,56.117340,2.334983,0.951530,1.643256,77,775,98
IsPETaseWT_pool_1482,8.460064,55.380219,0.517610,-0.228914,0.144348,1461,2845,1965
IsPETaseWT_pool_1483,8.557467,56.224506,0.556891,1.123148,0.840020,1388,601,680
IsPETaseWT_pool_1484,1.938773,55.891483,-2.112349,0.589837,-0.761256,4977,1246,4239
IsPETaseWT_pool_1485,7.651490,54.343975,0.191521,-1.888379,-0.848429,1996,4898,4434
IsPETaseWT_pool_1486,10.840726,56.408344,1.477702,1.417551,1.447626,431,391,168
IsPETaseWT_pool_1487,8.989596,55.161137,0.731164,-0.579757,0.075703,1132,3565,2144
IsPETaseWT_pool_1488,11.980976,55.869698,1.937552,0.554949,1.246250,198,1298,288
IsPETaseWT_pool_1489,5.921532,55.958225,-0.506150,0.696719,0.095285,3326,1088,2085
IsPETaseWT_pool_1490,5.639982,55.973755,-0.619696,0.721589,0.050947,3537,1057,2215
IsPETaseWT_pool_1491,3.616290,55.191631,-1.435827,-0.530922,-0.983374,4710,3467,4641
IsPETaseWT_pool_1492,8.595549,55.721836,0.572249,0.318160,0.445205,1364,1710,1317
IsPETaseWT_pool_1493,7.229108,55.414215,0.021180,-0.174472,-0.076646,2288,2731,2533
IsPETaseWT_pool_1494,10.951716,55.586899,1.522463,0.102068,0.812266,402,2140,720
IsPETaseWT_pool_1495,6.498529,55.162003,-0.273454,-0.578371,-0.425912,2850,3564,3459
IsPETaseWT_pool_1496,5.515100,56.148369,-0.670059,1.001220,0.165580,3633,707,1912
IsPETaseWT_pool_1497,3.606596,55.212288,-1.439736,-0.497842,-0.968789,4715,3404,4622
IsPETaseWT_pool_1498,6.698201,55.935135,-0.192929,0.659742,0.233407,2702,1146,1755
IsPETaseWT_pool_1499,6.022997,54.518524,-0.465230,-1.608852,-1.037041,3226,4796,4708
IsPETaseWT_pool_1500,11.214199,55.650715,1.628320,0.204265,0.916292,341,1932,589
IsPETaseWT_pool_1501,6.501064,55.776730,-0.272432,0.406068,0.066818,2845,1543,2175
IsPETaseWT_pool_1502,5.222805,55.449383,-0.787938,-0.118153,-0.453046,3838,2623,3530
IsPETaseWT_pool_1503,4.883273,55.172230,-0.924867,-0.561993,-0.743430,4092,3533,4205
IsPETaseWT_pool_1504,5.456447,56.511326,-0.693713,1.582468,0.444377,3676,309,1319
IsPETaseWT_pool_1505,3.929495,55.219257,-1.309515,-0.486681,-0.898098,4608,3382,4509
IsPETaseWT_pool_1506,8.327917,56.878189,0.464316,2.169971,1.317144,1542,112,240
IsPETaseWT_pool_1507,10.638607,56.625111,1.396190,1.764685,1.580438,479,231,115
IsPETaseWT_pool_1508,5.921607,55.741661,-0.506120,0.349908,-0.078106,3325,1662,2539
IsPETaseWT_pool_1509,7.264842,56.176571,0.035591,1.046383,0.540987,2260,665,1151
IsPETaseWT_pool_1510,7.495380,54.259521,0.128564,-2.023625,-0.947530,2104,4932,4582
IsPETaseWT_pool_1511,9.615540,55.501930,0.983599,-0.034002,0.474799,842,2435,1265
IsPETaseWT_pool_1512,10.466366,55.435001,1.326727,-0.141184,0.592772,532,2673,1054
IsPETaseWT_pool_1513,5.706046,55.764133,-0.593053,0.385896,-0.103578,3493,1582,2604
IsPETaseWT_pool_1514,4.928208,55.806583,-0.906746,0.453876,-0.226435,4062,1454,2920
IsPETaseWT_pool_1515,3.805057,55.340454,-1.359699,-0.292594,-0.826147,4658,2980,4380
IsPETaseWT_pool_1516,11.242199,55.989635,1.639612,0.747020,1.193316,333,1030,333
IsPETaseWT_pool_1517,3.145648,56.316963,-1.625631,1.271211,-0.177210,4840,484,2789
IsPETaseWT_pool_1518,2.870135,55.288986,-1.736742,-0.375016,-1.055879,4884,3140,4723
IsPETaseWT_pool_1519,4.798449,53.980537,-0.959076,-2.470397,-1.714736,4145,4983,4990
IsPETaseWT_pool_1520,7.735276,55.788906,0.225311,0.425568,0.325439,1944,1506,1558
IsPETaseWT_pool_1521,12.543648,56.731255,2.164470,1.934667,2.049569,124,176,31
IsPETaseWT_pool_1522,5.421554,55.439507,-0.707785,-0.133969,-0.420877,3701,2650,3446
IsPETaseWT_pool_1523,9.110199,55.913998,0.779801,0.625892,0.702847,1080,1196,875
IsPETaseWT_pool_1524,5.218302,55.250313,-0.789754,-0.436949,-0.613351,3841,3270,3921
IsPETaseWT_pool_1525,6.212244,55.304688,-0.388909,-0.349872,-0.369390,3081,3103,3318
IsPETaseWT_pool_1526,4.284459,54.909023,-1.166362,-0.983498,-1.074930,4450,4296,4745
IsPETaseWT_pool_1527,2.456523,55.517658,-1.903547,-0.008815,-0.956181,4944,2377,4596
IsPETaseWT_pool_1528,7.961098,54.804672,0.316383,-1.150608,-0.417113,1780,4511,3434
IsPETaseWT_pool_1529,8.237650,57.613384,0.427913,3.347330,1.887621,1592,20,51
IsPETaseWT_pool_1530,5.319022,55.509174,-0.749135,-0.022402,-0.385768,3764,2404,3352
IsPETaseWT_pool_1531,7.507267,55.379883,0.133358,-0.229452,-0.048047,2097,2848,2456
IsPETaseWT_pool_1532,6.631576,55.030388,-0.219798,-0.789141,-0.504470,2753,3972,3663
IsPETaseWT_pool_1533,5.561578,56.131836,-0.651315,0.974743,0.161714,3590,746,1921
IsPETaseWT_pool_1534,6.525476,55.363693,-0.262587,-0.255378,-0.258982,2828,2899,3013
IsPETaseWT_pool_1535,7.094091,55.504097,-0.033271,-0.030533,-0.031902,2380,2427,2412
IsPETaseWT_pool_1536,8.936486,56.005566,0.709745,0.772531,0.741138,1156,1001,818
IsPETaseWT_pool_1537,6.926245,54.628361,-0.100961,-1.432957,-0.766959,2516,4711,4253
IsPETaseWT_pool_1538,7.842823,56.088875,0.268684,0.905945,0.587314,1851,830,1063
IsPETaseWT_pool_1539,6.607170,55.438881,-0.229640,-0.134971,-0.182306,2770,2654,2801
IsPETaseWT_pool_1540,5.952036,55.479527,-0.493848,-0.069880,-0.281864,3283,2518,3082
IsPETaseWT_pool_1541,9.361855,56.002796,0.881291,0.768096,0.824694,944,1009,703
IsPETaseWT_pool_1542,5.867016,56.643242,-0.528136,1.793721,0.632793,3365,216,991
IsPETaseWT_pool_1543,6.640094,55.915268,-0.216362,0.627926,0.205782,2744,1192,1815
IsPETaseWT_pool_1544,7.189475,55.287689,0.005196,-0.377093,-0.185948,2320,3145,2812
IsPETaseWT_pool_1545,7.282788,55.134087,0.042828,-0.623076,-0.290124,2244,3657,3105
IsPETaseWT_pool_1546,5.087629,54.568447,-0.842453,-1.528904,-1.185679,3952,4758,4838
IsPETaseWT_pool_1547,11.938930,60.046398,1.920595,7.243616,4.582105,205,1,1
IsPETaseWT_pool_1548,7.890844,56.274628,0.288050,1.203414,0.745732,1821,545,813
IsPETaseWT_pool_1549,7.552971,56.171169,0.151790,1.037733,0.594761,2066,676,1049
IsPETaseWT_pool_1550,4.832528,55.117073,-0.945332,-0.650322,-0.797827,4116,3726,4329
IsPETaseWT_pool_1551,7.226390,55.403084,0.020084,-0.192297,-0.086107,2290,2772,2551
IsPETaseWT_pool_1552,8.967657,53.580212,0.722316,-3.111488,-1.194586,1142,4999,4850
IsPETaseWT_pool_1553,7.871468,55.520382,0.280236,-0.004453,0.137891,1833,2366,1985
IsPETaseWT_pool_1554,8.480385,55.165844,0.525805,-0.572219,-0.023207,1443,3553,2394
IsPETaseWT_pool_1555,9.264143,55.724697,0.841885,0.322742,0.582313,995,1699,1075
IsPETaseWT_pool_1556,4.848667,55.954536,-0.938824,0.690812,-0.124006,4108,1099,2649
IsPETaseWT_pool_1557,7.165853,55.363800,-0.004330,-0.255207,-0.129769,2336,2898,2673
IsPETaseWT_pool_1558,11.795552,55.064713,1.862772,-0.734173,0.564300,224,3869,1110
IsPETaseWT_pool_1559,14.259144,55.441170,2.856310,-0.131306,1.362502,20,2645,216
IsPETaseWT_pool_1560,6.358161,55.438438,-0.330063,-0.135680,-0.232871,2963,2657,2936
IsPETaseWT_pool_1561,4.383598,55.586506,-1.126380,0.101439,-0.512471,4394,2144,3681
IsPETaseWT_pool_1562,11.065274,56.062214,1.568260,0.863249,1.215754,377,884,308
IsPETaseWT_pool_1563,9.987618,56.118317,1.133654,0.953093,1.043374,682,774,448
IsPETaseWT_pool_1564,6.353492,55.500069,-0.331946,-0.036984,-0.184465,2967,2442,2808
IsPETaseWT_pool_1565,5.146844,55.532677,-0.818572,0.015236,-0.401668,3902,2318,3392
IsPETaseWT_pool_1566,5.131733,56.035339,-0.824666,0.820212,-0.002227,3915,942,2335
IsPETaseWT_pool_1567,5.944290,56.479408,-0.496972,1.531354,0.517191,3296,332,1186
IsPETaseWT_pool_1568,2.701466,55.312866,-1.804764,-0.336774,-1.070769,4915,3070,4738
IsPETaseWT_pool_1569,7.194941,54.874580,0.007401,-1.038655,-0.515627,2315,4363,3687
IsPETaseWT_pool_1570,5.176780,55.213890,-0.806500,-0.495277,-0.650888,3882,3396,4004
IsPETaseWT_pool_1571,6.375188,55.124134,-0.323196,-0.639014,-0.481105,2950,3692,3604
IsPETaseWT_pool_1572,7.813386,55.072357,0.256812,-0.721931,-0.232559,1874,3854,2935
IsPETaseWT_pool_1573,9.025900,55.423744,0.745805,-0.159211,0.293297,1114,2707,1625
IsPETaseWT_pool_1574,2.828910,55.659130,-1.753368,0.217741,-0.767813,4890,1901,4256
IsPETaseWT_pool_1575,6.927707,55.182323,-0.100372,-0.545828,-0.323100,2515,3499,3198
IsPETaseWT_pool_1576,12.135487,54.997074,1.999864,-0.842491,0.578687,173,4060,1085
IsPETaseWT_pool_1577,8.291696,55.744434,0.449709,0.354349,0.402029,1560,1650,1400
IsPETaseWT_pool_1578,8.818880,55.708317,0.662316,0.296510,0.479413,1223,1744,1255
IsPETaseWT_pool_1579,5.206225,56.247849,-0.794625,1.160529,0.182952,3852,575,1873
IsPETaseWT_pool_1580,6.382204,55.201126,-0.320366,-0.515717,-0.418042,2949,3434,3436
IsPETaseWT_pool_1581,9.880344,55.569626,1.090392,0.074407,0.582399,731,2204,1073
IsPETaseWT_pool_1582,8.160339,55.782146,0.396734,0.414742,0.405738,1641,1531,1396
IsPETaseWT_pool_1583,7.194113,55.033833,0.007067,-0.783625,-0.388279,2318,3964,3356
IsPETaseWT_pool_1584,4.015376,55.726158,-1.274880,0.325081,-0.474899,4573,1694,3584
IsPETaseWT_pool_1585,4.763982,56.015675,-0.972976,0.788720,-0.092128,4169,980,2573
IsPETaseWT_pool_1586,7.983944,55.622688,0.325596,0.159382,0.242489,1766,2012,1733
IsPETaseWT_pool_1587,4.348731,55.584038,-1.140442,0.097487,-0.521478,4411,2151,3696
IsPETaseWT_pool_1588,6.418985,57.333664,-0.305533,2.899379,1.296923,2927,36,245
IsPETaseWT_pool_1589,5.104816,54.436665,-0.835522,-1.739944,-1.287733,3936,4851,4893
IsPETaseWT_pool_1590,7.387129,55.525146,0.084908,0.003177,0.044042,2176,2343,2233
IsPETaseWT_pool_1591,4.923917,55.331406,-0.908476,-0.307085,-0.607780,4064,3012,3905
IsPETaseWT_pool_1592,6.287215,55.264393,-0.358674,-0.414400,-0.386537,3028,3221,3354
IsPETaseWT_pool_1593,7.318947,55.333092,0.057411,-0.304384,-0.123487,2224,3004,2648
IsPETaseWT_pool_1594,3.149448,55.581646,-1.624098,0.093656,-0.765221,4837,2162,4248
IsPETaseWT_pool_1595,8.580191,55.804226,0.566056,0.450101,0.508078,1374,1461,1201
IsPETaseWT_pool_1596,5.835730,58.990860,-0.540753,5.553252,2.506250,3388,4,13
IsPETaseWT_pool_1597,4.707903,55.085629,-0.995592,-0.700678,-0.848135,4211,3819,4432
IsPETaseWT_pool_1598,3.616134,55.436050,-1.435889,-0.139504,-0.787697,4711,2670,4297
IsPETaseWT_pool_1599,11.608121,55.453854,1.787184,-0.110993,0.838095,256,2610,683
IsPETaseWT_pool_1600,5.130552,55.079948,-0.825143,-0.709774,-0.767458,3916,3838,4255
IsPETaseWT_pool_1601,7.709522,55.905407,0.214925,0.612135,0.413530,1965,1215,1381
IsPETaseWT_pool_1602,5.068541,57.058334,-0.850151,2.458460,0.804155,3965,82,730
IsPETaseWT_pool_1603,5.795065,54.606247,-0.557153,-1.468371,-1.012762,3413,4731,4681
IsPETaseWT_pool_1604,6.951121,54.715679,-0.090929,-1.293123,-0.692026,2496,4617,4087
IsPETaseWT_pool_1605,8.411350,55.455818,0.497964,-0.107847,0.195058,1488,2603,1840
IsPETaseWT_pool_1606,6.022001,55.290257,-0.465632,-0.372982,-0.419307,3228,3137,3441
IsPETaseWT_pool_1607,5.181969,55.751595,-0.804407,0.365816,-0.219295,3878,1625,2899
IsPETaseWT_pool_1608,9.576876,55.119949,0.968007,-0.645716,0.161146,863,3714,1924
IsPETaseWT_pool_1609,11.618794,56.096123,1.791488,0.917552,1.354520,251,812,223
IsPETaseWT_pool_1610,3.984469,56.438648,-1.287344,1.466080,0.089368,4588,365,2111
IsPETaseWT_pool_1611,7.039674,55.818123,-0.055217,0.472356,0.208570,2422,1427,1806
IsPETaseWT_pool_1612,8.281944,55.597164,0.445776,0.118507,0.282142,1568,2101,1651
IsPETaseWT_pool_1613,5.462472,55.884396,-0.691283,0.578487,-0.056398,3670,1261,2488
IsPETaseWT_pool_1614,8.448354,55.762920,0.512887,0.383953,0.448420,1466,1586,1312
IsPETaseWT_pool_1615,5.786541,55.618465,-0.560590,0.152620,-0.203985,3424,2029,2855
IsPETaseWT_pool_1616,5.559700,54.831604,-0.652072,-1.107479,-0.879776,3594,4459,4479
IsPETaseWT_pool_1617,6.169688,56.096138,-0.406072,0.917576,0.255752,3114,811,1709
IsPETaseWT_pool_1618,9.130348,54.796478,0.787927,-1.163730,-0.187901,1065,4525,2817
IsPETaseWT_pool_1619,8.832139,56.243290,0.667663,1.153229,0.910446,1213,580,596
IsPETaseWT_pool_1620,14.259120,55.345196,2.856300,-0.285001,1.285650,21,2970,256
IsPETaseWT_pool_1621,7.692143,56.472706,0.207916,1.520621,0.864269,1974,339,642
IsPETaseWT_pool_1622,3.988762,55.744816,-1.285613,0.354960,-0.465326,4586,1649,3561
IsPETaseWT_pool_1623,4.828103,54.391617,-0.947117,-1.812085,-1.379601,4118,4878,4934
IsPETaseWT_pool_1624,5.936208,55.594616,-0.500231,0.114427,-0.192902,3307,2114,2827
IsPETaseWT_pool_1625,2.064702,56.142292,-2.061563,0.991488,-0.535038,4974,722,3737
IsPETaseWT_pool_1626,5.849552,54.942890,-0.535179,-0.929262,-0.732221,3377,4201,4177
IsPETaseWT_pool_1627,3.875154,55.479301,-1.331430,-0.070241,-0.700835,4633,2519,4107
IsPETaseWT_pool_1628,8.158825,55.603981,0.396124,0.129424,0.262774,1645,2080,1687
IsPETaseWT_pool_1629,6.486964,56.448639,-0.278118,1.482079,0.601981,2867,356,1037
IsPETaseWT_pool_1630,10.449567,56.142395,1.319953,0.991653,1.155803,537,721,353
IsPETaseWT_pool_1631,6.133308,55.492058,-0.420743,-0.049812,-0.235278,3140,2469,2943
IsPETaseWT_pool_1632,10.809935,55.891834,1.465285,0.590399,1.027842,445,1244,466
IsPETaseWT_pool_1633,8.383842,55.406029,0.486870,-0.187581,0.149644,1506,2761,1948
IsPETaseWT_pool_1634,5.936257,54.955891,-0.500212,-0.908443,-0.704327,3305,4163,4113
IsPETaseWT_pool_1635,2.602807,54.900635,-1.844552,-0.996931,-1.420742,4930,4313,4948
IsPETaseWT_pool_1636,8.720073,54.923424,0.622468,-0.960436,-0.168984,1297,4262,2767
IsPETaseWT_pool_1637,6.628344,54.802582,-0.221101,-1.153956,-0.687528,2757,4515,4082
IsPETaseWT_pool_1638,8.536607,55.021942,0.548479,-0.802667,-0.127094,1399,4002,2661
IsPETaseWT_pool_1639,7.976165,55.512806,0.322459,-0.016586,0.152937,1772,2391,1937
IsPETaseWT_pool_1640,7.957123,55.325943,0.314780,-0.315833,-0.000526,1783,3035,2326
IsPETaseWT_pool_1641,7.614276,55.202568,0.176514,-0.513408,-0.168447,2022,3430,2765
IsPETaseWT_pool_1642,11.355382,55.079342,1.685257,-0.710745,0.487256,305,3840,1238
IsPETaseWT_pool_1643,10.551613,55.430332,1.361106,-0.148661,0.606223,508,2690,1030
IsPETaseWT_pool_1644,10.808323,57.987404,1.464635,3.946294,2.705464,446,11,8
IsPETaseWT_pool_1645,6.720574,55.036461,-0.183906,-0.779416,-0.481661,2685,3958,3606
IsPETaseWT_pool_1646,8.638830,54.527546,0.589704,-1.594404,-0.502350,1348,4791,3657
IsPETaseWT_pool_1647,7.467287,55.005989,0.117235,-0.828214,-0.355490,2123,4042,3284
IsPETaseWT_pool_1648,6.526464,54.692631,-0.262188,-1.330034,-0.796111,2827,4643,4322
IsPETaseWT_pool_1649,4.690470,55.497250,-1.002623,-0.041498,-0.522060,4222,2458,3700
IsPETaseWT_pool_1650,8.994211,55.430702,0.733025,-0.148069,0.292478,1128,2688,1627
IsPETaseWT_pool_1651,8.192551,55.813644,0.409725,0.465184,0.437454,1625,1438,1334
IsPETaseWT_pool_1652,7.279180,55.133839,0.041373,-0.623473,-0.291050,2252,3658,3107
IsPETaseWT_pool_1653,9.958963,55.003372,1.122098,-0.832405,0.144846,699,4053,1963
IsPETaseWT_pool_1654,9.651979,55.068455,0.998295,-0.728180,0.135057,817,3862,1993
IsPETaseWT_pool_1655,4.681350,56.489590,-1.006301,1.547659,0.270679,4225,324,1671
IsPETaseWT_pool_1656,4.481852,55.406784,-1.086756,-0.186372,-0.636564,4346,2758,3969
IsPETaseWT_pool_1657,7.607723,55.215076,0.173871,-0.493377,-0.159753,2026,3390,2744
IsPETaseWT_pool_1658,8.351794,55.100903,0.473946,-0.676218,-0.101136,1525,3777,2598
IsPETaseWT_pool_1659,6.662501,56.182449,-0.207326,1.055797,0.424235,2726,660,1358
IsPETaseWT_pool_1660,8.228137,56.303211,0.424076,1.249188,0.836632,1601,505,686
IsPETaseWT_pool_1661,8.748955,54.404598,0.634116,-1.791296,-0.578590,1278,4869,3829
IsPETaseWT_pool_1662,6.849993,56.084049,-0.131713,0.898217,0.383252,2581,844,1436
IsPETaseWT_pool_1663,5.151397,56.113811,-0.816736,0.945879,0.064571,3901,778,2180
IsPETaseWT_pool_1664,5.999509,55.883865,-0.474703,0.577638,0.051467,3243,1267,2211
IsPETaseWT_pool_1665,5.657023,55.248009,-0.612823,-0.440638,-0.526731,3524,3279,3709
IsPETaseWT_pool_1666,6.934071,54.383961,-0.097805,-1.824345,-0.961075,2510,4884,4605
IsPETaseWT_pool_1667,11.007636,55.268761,1.545015,-0.407406,0.568805,389,3203,1104
IsPETaseWT_pool_1668,8.948258,56.403011,0.714493,1.409010,1.061751,1150,394,425
IsPETaseWT_pool_1669,5.362711,56.241703,-0.731516,1.150687,0.209586,3739,583,1803
IsPETaseWT_pool_1670,3.650354,54.609161,-1.422089,-1.463704,-1.442896,4699,4726,4956
IsPETaseWT_pool_1671,2.244162,55.714592,-1.989189,0.306559,-0.841315,4963,1726,4412
IsPETaseWT_pool_1672,7.997087,55.175350,0.330897,-0.556995,-0.113049,1754,3524,2626
IsPETaseWT_pool_1673,2.929223,55.055126,-1.712912,-0.749525,-1.231219,4873,3901,4864
IsPETaseWT_pool_1674,7.452954,55.525425,0.111454,0.003623,0.057538,2132,2340,2198
IsPETaseWT_pool_1675,6.824815,54.469265,-0.141867,-1.687737,-0.914802,2603,4833,4533
IsPETaseWT_pool_1676,6.253237,57.062225,-0.372377,2.464691,1.046157,3052,81,445
IsPETaseWT_pool_1677,6.856435,55.157852,-0.129115,-0.585017,-0.357066,2577,3579,3286
IsPETaseWT_pool_1678,5.044671,54.955231,-0.859778,-0.909500,-0.884639,3980,4167,4488
IsPETaseWT_pool_1679,6.627374,56.451210,-0.221492,1.486197,0.632352,2758,355,992
IsPETaseWT_pool_1680,2.818471,55.214413,-1.757577,-0.494440,-1.126009,4893,3394,4789
IsPETaseWT_pool_1681,6.388801,55.988762,-0.317706,0.745621,0.213958,2942,1033,1796
IsPETaseWT_pool_1682,11.433151,54.285030,1.716620,-1.982775,-0.133077,284,4925,2680
IsPETaseWT_pool_1683,6.861301,55.128727,-0.127152,-0.631659,-0.379406,2573,3673,3338
IsPETaseWT_pool_1684,5.112562,55.841721,-0.832398,0.510146,-0.161126,3928,1357,2748
IsPETaseWT_pool_1685,7.705293,56.013042,0.213220,0.784505,0.498862,1967,989,1216
IsPETaseWT_pool_1686,11.004224,55.030380,1.543639,-0.789154,0.377243,390,3973,1449
IsPETaseWT_pool_1687,6.221232,55.236305,-0.385285,-0.459381,-0.422333,3078,3325,3452
IsPETaseWT_pool_1688,9.372229,54.785858,0.885475,-1.180737,-0.147631,941,4539,2718
IsPETaseWT_pool_1689,5.982422,55.078388,-0.481594,-0.712273,-0.596933,3255,3844,3881
IsPETaseWT_pool_1690,5.205667,54.916885,-0.794850,-0.970907,-0.882878,3855,4279,4484
IsPETaseWT_pool_1691,6.339536,56.562695,-0.337574,1.664731,0.663578,2985,280,939
IsPETaseWT_pool_1692,9.840927,55.654236,1.074495,0.209903,0.642199,743,1919,978
IsPETaseWT_pool_1693,8.694935,55.360565,0.612330,-0.260388,0.175971,1309,2912,1886
IsPETaseWT_pool_1694,8.525064,55.897232,0.543823,0.599043,0.571433,1406,1229,1098
IsPETaseWT_pool_1695,5.711271,55.410084,-0.590946,-0.181088,-0.386017,3488,2744,3353
IsPETaseWT_pool_1696,4.047517,55.724190,-1.261918,0.321929,-0.469994,4561,1701,3573
IsPETaseWT_pool_1697,1.289587,56.087646,-2.374158,0.903977,-0.735090,4993,834,4186
IsPETaseWT_pool_1698,8.655522,55.081566,0.596436,-0.707184,-0.055374,1338,3834,2483
IsPETaseWT_pool_1699,7.323315,55.125519,0.059172,-0.636797,-0.288812,2220,3686,3103
IsPETaseWT_pool_1700,4.920774,54.805202,-0.909744,-1.149759,-1.029751,4067,4509,4695
IsPETaseWT_pool_1701,7.030974,55.629509,-0.058725,0.170305,0.055790,2428,1992,2202
IsPETaseWT_pool_1702,7.581001,55.258545,0.163094,-0.423765,-0.130336,2046,3238,2676
IsPETaseWT_pool_1703,12.848613,55.706535,2.287459,0.293657,1.290558,86,1748,252
IsPETaseWT_pool_1704,7.240189,56.095367,0.025649,0.916342,0.470995,2280,817,1268
IsPETaseWT_pool_1705,7.435273,55.122231,0.104324,-0.642062,-0.268869,2149,3701,3043
IsPETaseWT_pool_1706,2.773407,55.883801,-1.775751,0.577534,-0.599109,4901,1268,3885
IsPETaseWT_pool_1707,6.262783,56.035206,-0.368528,0.819998,0.225735,3045,943,1769
IsPETaseWT_pool_1708,3.910958,55.480980,-1.316990,-0.067553,-0.692272,4615,2510,4088
IsPETaseWT_pool_1709,7.135468,54.758213,-0.016584,-1.225009,-0.620796,2356,4576,3931
IsPETaseWT_pool_1710,9.373040,54.964863,0.885802,-0.894075,-0.004136,939,4147,2341
IsPETaseWT_pool_1711,9.947850,54.820038,1.117616,-1.126001,-0.004192,704,4477,2343
IsPETaseWT_pool_1712,12.014529,55.766598,1.951083,0.389842,1.170463,191,1572,344
IsPETaseWT_pool_1713,3.498821,54.450390,-1.483200,-1.717964,-1.600582,4743,4843,4979
IsPETaseWT_pool_1714,6.780105,54.396851,-0.159898,-1.803703,-0.981800,2637,4872,4637
IsPETaseWT_pool_1715,4.125853,55.131989,-1.230326,-0.626436,-0.928381,4531,3665,4551
IsPETaseWT_pool_1716,11.447101,55.807114,1.722246,0.454726,1.088486,279,1452,401
IsPETaseWT_pool_1717,5.785298,55.110687,-0.561092,-0.660548,-0.610820,3425,3749,3915
IsPETaseWT_pool_1718,4.899882,55.204239,-0.918169,-0.510732,-0.714451,4077,3420,4138
IsPETaseWT_pool_1719,10.816850,56.783394,1.468073,2.018164,1.743119,442,154,72
IsPETaseWT_pool_1720,9.544685,55.730984,0.955024,0.332809,0.643917,875,1686,971
IsPETaseWT_pool_1721,5.070868,55.302830,-0.849213,-0.352847,-0.601030,3963,3105,3890
IsPETaseWT_pool_1722,4.338421,55.404953,-1.144600,-0.189304,-0.666952,4414,2764,4037
IsPETaseWT_pool_1723,10.951941,56.419441,1.522554,1.435321,1.478938,401,382,154
IsPETaseWT_pool_1724,6.388638,55.030155,-0.317772,-0.789514,-0.553643,2943,3974,3774
IsPETaseWT_pool_1725,6.919302,55.450535,-0.103761,-0.116308,-0.110035,2527,2619,2620
IsPETaseWT_pool_1726,6.806986,55.093925,-0.149057,-0.687391,-0.418224,2612,3801,3437
IsPETaseWT_pool_1727,12.857469,54.179279,2.291031,-2.152127,0.069452,84,4956,2163
IsPETaseWT_pool_1728,5.824774,56.142616,-0.545171,0.992007,0.223418,3395,719,1775
IsPETaseWT_pool_1729,7.003521,54.512642,-0.069797,-1.618272,-0.844034,2453,4803,4420
IsPETaseWT_pool_1730,8.390174,55.396717,0.489424,-0.202493,0.143465,1502,2792,1967
IsPETaseWT_pool_1731,5.875417,55.175865,-0.524748,-0.556171,-0.540459,3360,3522,3745
IsPETaseWT_pool_1732,10.602284,55.615555,1.381541,0.147959,0.764750,495,2040,787
IsPETaseWT_pool_1733,5.813678,55.441509,-0.549646,-0.130762,-0.340204,3403,2643,3243
IsPETaseWT_pool_1734,5.162364,55.099602,-0.812313,-0.678301,-0.745307,3892,3784,4207
IsPETaseWT_pool_1735,11.421471,55.456326,1.711910,-0.107035,0.802437,287,2600,733
IsPETaseWT_pool_1736,8.318044,55.955750,0.460335,0.692755,0.576545,1548,1093,1089
IsPETaseWT_pool_1737,8.429146,56.143215,0.505141,0.992966,0.749054,1476,717,806
IsPETaseWT_pool_1738,8.989700,55.992657,0.731206,0.751859,0.741532,1131,1024,816
IsPETaseWT_pool_1739,6.084732,55.722092,-0.440333,0.318569,-0.060882,3181,1709,2500
IsPETaseWT_pool_1740,7.526802,55.356796,0.141236,-0.266423,-0.062594,2084,2930,2501
IsPETaseWT_pool_1741,3.377196,56.213760,-1.532250,1.105939,-0.213156,4775,619,2881
IsPETaseWT_pool_1742,8.230654,55.061089,0.425091,-0.739977,-0.157443,1596,3880,2733
IsPETaseWT_pool_1743,2.952266,55.199505,-1.703620,-0.518314,-1.110967,4871,3441,4772
IsPETaseWT_pool_1744,10.636369,56.483013,1.395288,1.537127,1.466207,482,329,161
IsPETaseWT_pool_1745,5.036876,55.076626,-0.862921,-0.715095,-0.789008,3991,3849,4301
IsPETaseWT_pool_1746,6.061336,55.181641,-0.449769,-0.546922,-0.498345,3194,3503,3644
IsPETaseWT_pool_1747,9.688032,55.815266,1.012835,0.467780,0.740307,800,1434,819
IsPETaseWT_pool_1748,7.655795,55.545677,0.193258,0.036055,0.114656,1992,2273,2050
IsPETaseWT_pool_1749,6.762818,55.707970,-0.166869,0.295954,0.064542,2651,1746,2182
IsPETaseWT_pool_1750,9.224304,56.004025,0.825819,0.770063,0.797941,1015,1005,741
IsPETaseWT_pool_1751,6.431719,55.469780,-0.300398,-0.085489,-0.192943,2919,2548,2828
IsPETaseWT_pool_1752,8.918314,55.082752,0.702416,-0.705284,-0.001434,1166,3827,2331
IsPETaseWT_pool_1753,1.699535,56.320648,-2.208831,1.277112,-0.465860,4987,481,3564
IsPETaseWT_pool_1754,13.177925,56.048683,2.420267,0.841581,1.630924,61,919,103
IsPETaseWT_pool_1755,5.671278,56.377899,-0.607074,1.368795,0.380860,3517,421,1439
IsPETaseWT_pool_1756,8.491072,56.126278,0.530115,0.965843,0.747979,1435,761,809
IsPETaseWT_pool_1757,6.443837,55.431473,-0.295511,-0.146835,-0.221173,2907,2684,2905
IsPETaseWT_pool_1758,9.109182,56.181789,0.779391,1.054740,0.917066,1081,661,587
IsPETaseWT_pool_1759,5.747500,55.750267,-0.576335,0.363690,-0.106322,3456,1629,2610
IsPETaseWT_pool_1760,8.307350,55.514355,0.456022,-0.014106,0.220958,1554,2387,1786
IsPETaseWT_pool_1761,7.711351,55.133194,0.215663,-0.624505,-0.204421,1963,3660,2857
IsPETaseWT_pool_1762,6.448981,55.525166,-0.293436,0.003207,-0.145114,2902,2342,2712
IsPETaseWT_pool_1763,5.533481,55.595486,-0.662646,0.115820,-0.273413,3618,2109,3056
IsPETaseWT_pool_1764,6.876822,55.114471,-0.120893,-0.654488,-0.387690,2559,3732,3355
IsPETaseWT_pool_1765,10.086586,55.113747,1.173567,-0.655649,0.258959,645,3736,1699
IsPETaseWT_pool_1766,11.458993,55.181225,1.727042,-0.547588,0.589727,277,3508,1061
IsPETaseWT_pool_1767,8.838748,55.210316,0.670328,-0.501001,0.084664,1212,3409,2121
IsPETaseWT_pool_1768,9.622151,55.682911,0.986266,0.255824,0.621045,839,1826,1009
IsPETaseWT_pool_1769,5.209721,55.503010,-0.793215,-0.032274,-0.412744,3848,2430,3421
IsPETaseWT_pool_1770,12.742048,54.957020,2.244483,-0.906635,0.668924,99,4160,931
IsPETaseWT_pool_1771,4.171445,55.592979,-1.211939,0.111806,-0.550067,4509,2120,3768
IsPETaseWT_pool_1772,10.394821,55.322159,1.297874,-0.321893,0.487991,553,3044,1236
IsPETaseWT_pool_1773,9.181330,56.700165,0.808488,1.884879,1.346683,1035,190,227
IsPETaseWT_pool_1774,6.242749,56.296093,-0.376607,1.237789,0.430591,3062,514,1345
IsPETaseWT_pool_1775,6.268356,55.801701,-0.366280,0.446057,0.039888,3040,1469,2240
IsPETaseWT_pool_1776,5.169972,54.951885,-0.809245,-0.914858,-0.862051,3884,4174,4455
IsPETaseWT_pool_1777,8.107667,55.356377,0.375492,-0.267095,0.054198,1678,2933,2205
IsPETaseWT_pool_1778,5.645473,56.531960,-0.617481,1.615511,0.499015,3534,297,1215
IsPETaseWT_pool_1779,8.851473,56.010891,0.675460,0.781059,0.728260,1206,996,844
IsPETaseWT_pool_1780,13.854026,56.057507,2.692930,0.855711,1.774320,29,895,64
IsPETaseWT_pool_1781,5.274687,54.814281,-0.767015,-1.135219,-0.951117,3799,4496,4590
IsPETaseWT_pool_1782,10.224966,55.951443,1.229374,0.685858,0.957616,597,1110,543
IsPETaseWT_pool_1783,8.855256,55.080982,0.676986,-0.708119,-0.015566,1198,3836,2375
IsPETaseWT_pool_1784,11.684587,54.915524,1.818021,-0.973088,0.422467,239,4281,1363
IsPETaseWT_pool_1785,11.147974,55.821991,1.601612,0.478550,1.040081,354,1412,451
IsPETaseWT_pool_1786,6.701174,55.802216,-0.191730,0.446882,0.127576,2700,1465,2013
IsPETaseWT_pool_1787,4.637824,55.851509,-1.023854,0.525821,-0.249016,4249,1336,2975
IsPETaseWT_pool_1788,8.050371,55.161011,0.352385,-0.579959,-0.113787,1718,3568,2630
IsPETaseWT_pool_1789,11.098194,54.956192,1.581536,-0.907961,0.336788,366,4162,1533
IsPETaseWT_pool_1790,5.161635,54.664688,-0.812607,-1.374782,-1.093695,3893,4676,4760
IsPETaseWT_pool_1791,7.967026,55.332195,0.318773,-0.305820,0.006477,1778,3009,2308
IsPETaseWT_pool_1792,4.644834,55.425915,-1.021027,-0.155735,-0.588381,4245,2700,3857
IsPETaseWT_pool_1793,7.248227,55.921417,0.028890,0.637774,0.333332,2272,1182,1543
IsPETaseWT_pool_1794,8.613822,55.837177,0.579618,0.502870,0.541244,1358,1366,1150
IsPETaseWT_pool_1795,7.641965,54.386551,0.187680,-1.820197,-0.816259,2004,4883,4357
IsPETaseWT_pool_1796,3.987486,55.384132,-1.286128,-0.222647,-0.754387,4587,2831,4225
IsPETaseWT_pool_1797,6.743796,57.103115,-0.174541,2.530173,1.177816,2666,67,338
IsPETaseWT_pool_1798,5.899727,55.140156,-0.514944,-0.613357,-0.564150,3343,3639,3796
IsPETaseWT_pool_1799,10.901643,57.196590,1.502269,2.679867,2.091068,411,52,28
IsPETaseWT_pool_1800,8.351361,55.295670,0.473771,-0.364313,0.054729,1527,3125,2204
IsPETaseWT_pool_1801,7.535651,55.339676,0.144805,-0.293840,-0.074518,2078,2983,2528
IsPETaseWT_pool_1802,5.514821,54.351913,-0.670172,-1.875666,-1.272919,3634,4894,4885
IsPETaseWT_pool_1803,7.933150,56.710003,0.305112,1.900634,1.102873,1795,184,391
IsPETaseWT_pool_1804,9.123985,56.333366,0.785361,1.297479,1.041420,1071,462,449
IsPETaseWT_pool_1805,8.474544,55.931625,0.523449,0.654122,0.588785,1449,1154,1062
IsPETaseWT_pool_1806,8.198916,55.140396,0.412292,-0.612972,-0.100340,1619,3638,2594
IsPETaseWT_pool_1807,4.719199,55.480141,-0.991037,-0.068897,-0.529967,4202,2514,3718
IsPETaseWT_pool_1808,6.157162,56.344086,-0.411123,1.314645,0.451761,3120,452,1302
IsPETaseWT_pool_1809,5.381624,54.907555,-0.723888,-0.985850,-0.854869,3728,4302,4442
IsPETaseWT_pool_1810,7.364241,54.953060,0.075677,-0.912976,-0.418649,2189,4170,3440
IsPETaseWT_pool_1811,10.840772,54.806095,1.477721,-1.148329,0.164696,430,4508,1916
IsPETaseWT_pool_1812,7.734154,55.417057,0.224859,-0.169920,0.027469,1947,2723,2259
IsPETaseWT_pool_1813,3.674666,54.976570,-1.412284,-0.875327,-1.143805,4693,4124,4811
IsPETaseWT_pool_1814,11.662373,56.576569,1.809063,1.686949,1.748006,241,264,69
IsPETaseWT_pool_1815,5.736418,55.592148,-0.580804,0.110474,-0.235165,3465,2124,2942
IsPETaseWT_pool_1816,4.996343,55.117588,-0.879268,-0.649497,-0.764382,4017,3723,4246
IsPETaseWT_pool_1817,4.657914,55.836525,-1.015752,0.501826,-0.256963,4236,1368,3004
IsPETaseWT_pool_1818,4.600529,55.014622,-1.038895,-0.814390,-0.926642,4273,4020,4548
IsPETaseWT_pool_1819,5.195189,55.382774,-0.799075,-0.224821,-0.511948,3865,2837,3679
IsPETaseWT_pool_1820,10.791943,54.797260,1.458029,-1.162477,0.147776,449,4522,1952
IsPETaseWT_pool_1821,5.033233,55.081406,-0.864390,-0.707440,-0.785915,3994,3835,4292
IsPETaseWT_pool_1822,11.475197,55.560600,1.733577,0.059953,0.896765,273,2234,616
IsPETaseWT_pool_1823,4.437336,55.420963,-1.104709,-0.163665,-0.634187,4373,2714,3959
IsPETaseWT_pool_1824,10.513142,55.086773,1.345592,-0.698845,0.323373,517,3816,1565
IsPETaseWT_pool_1825,13.065449,55.203098,2.374907,-0.512559,0.931174,70,3425,569
IsPETaseWT_pool_1826,7.418041,56.087006,0.097374,0.902951,0.500163,2162,838,1213
IsPETaseWT_pool_1827,10.242309,54.737782,1.236368,-1.257728,-0.010680,595,4597,2366
IsPETaseWT_pool_1828,4.809095,54.654716,-0.954783,-1.390751,-1.172767,4131,4688,4828
IsPETaseWT_pool_1829,8.399403,55.724545,0.493146,0.322497,0.407822,1496,1700,1391
IsPETaseWT_pool_1830,12.390173,56.491524,2.102576,1.550756,1.826666,140,322,55
IsPETaseWT_pool_1831,5.161324,56.601227,-0.812733,1.726437,0.456852,3894,244,1295
IsPETaseWT_pool_1832,3.276275,55.539787,-1.572951,0.026623,-0.773164,4811,2295,4272
IsPETaseWT_pool_1833,4.562851,55.762482,-1.054090,0.383251,-0.335419,4301,1589,3231
IsPETaseWT_pool_1834,4.676394,54.583660,-1.008299,-1.504542,-1.256421,4228,4748,4877
IsPETaseWT_pool_1835,8.591663,55.325859,0.570682,-0.315967,0.127358,1366,3036,2014
IsPETaseWT_pool_1836,8.174937,55.155888,0.402621,-0.588163,-0.092771,1634,3588,2574
IsPETaseWT_pool_1837,2.962422,55.688240,-1.699524,0.264359,-0.717583,4869,1811,4147
IsPETaseWT_pool_1838,6.707531,54.529594,-0.189166,-1.591124,-0.890145,2695,4789,4495
IsPETaseWT_pool_1839,6.593568,55.749298,-0.235126,0.362138,0.063506,2788,1631,2184
IsPETaseWT_pool_1840,6.439089,56.812843,-0.297425,2.065325,0.883950,2910,143,628
IsPETaseWT_pool_1841,6.845376,55.302055,-0.133575,-0.354087,-0.243831,2587,3108,2962
IsPETaseWT_pool_1842,7.048513,56.091579,-0.051652,0.910276,0.429312,2418,825,1347
IsPETaseWT_pool_1843,9.331181,55.586895,0.868921,0.102062,0.485491,957,2141,1243
IsPETaseWT_pool_1844,9.908628,55.121826,1.101798,-0.642710,0.229544,718,3704,1764
IsPETaseWT_pool_1845,5.979398,55.353500,-0.482813,-0.271702,-0.377257,3261,2947,3333
IsPETaseWT_pool_1846,5.866759,54.603203,-0.528239,-1.473246,-1.000742,3366,4732,4669
IsPETaseWT_pool_1847,3.196692,55.754723,-1.605045,0.370825,-0.617110,4829,1609,3928
IsPETaseWT_pool_1848,8.885341,56.094467,0.689119,0.914900,0.802010,1181,818,735
IsPETaseWT_pool_1849,8.633638,54.892109,0.587610,-1.010585,-0.211487,1351,4326,2877
IsPETaseWT_pool_1850,9.467545,56.833359,0.923915,2.098179,1.511047,901,131,138
IsPETaseWT_pool_1851,10.255239,55.368946,1.241582,-0.246966,0.497308,592,2878,1217
IsPETaseWT_pool_1852,9.717860,55.556149,1.024864,0.052824,0.538844,786,2252,1156
IsPETaseWT_pool_1853,8.650873,54.498165,0.594561,-1.641456,-0.523447,1342,4816,3703
IsPETaseWT_pool_1854,4.673209,55.196877,-1.009584,-0.522523,-0.766053,4231,3450,4249
IsPETaseWT_pool_1855,7.758083,54.114998,0.234509,-2.255069,-1.010280,1918,4970,4677
IsPETaseWT_pool_1856,5.541883,55.272118,-0.659258,-0.402030,-0.530644,3610,3192,3721
IsPETaseWT_pool_1857,5.905148,57.535969,-0.512757,3.223355,1.355299,3339,23,222
IsPETaseWT_pool_1858,6.412739,55.665123,-0.308052,0.227338,-0.040357,2932,1883,2438
IsPETaseWT_pool_1859,4.947546,54.399544,-0.898947,-1.799390,-1.349169,4052,4870,4920
IsPETaseWT_pool_1860,7.137509,55.310547,-0.015761,-0.340488,-0.178125,2354,3077,2792
IsPETaseWT_pool_1861,9.443031,55.110153,0.914029,-0.661403,0.126313,917,3751,2019
IsPETaseWT_pool_1862,7.832394,54.945969,0.264478,-0.924332,-0.329927,1861,4186,3216
IsPETaseWT_pool_1863,5.246252,54.201599,-0.778482,-2.116384,-1.447433,3821,4950,4957
IsPETaseWT_pool_1864,13.044508,54.920395,2.366461,-0.965287,0.700587,75,4271,879
IsPETaseWT_pool_1865,5.477289,54.877357,-0.685308,-1.034208,-0.859758,3661,4354,4450
IsPETaseWT_pool_1866,7.786044,55.369873,0.245785,-0.245482,0.000152,1900,2875,2322
IsPETaseWT_pool_1867,1.639459,56.078518,-2.233059,0.889359,-0.671850,4989,856,4048
IsPETaseWT_pool_1868,7.786004,56.439899,0.245769,1.468084,0.856927,1901,362,654
IsPETaseWT_pool_1869,7.684360,55.488972,0.204778,-0.054754,0.075012,1979,2476,2147
IsPETaseWT_pool_1870,6.037417,55.200588,-0.459415,-0.516579,-0.487997,3214,3437,3623
IsPETaseWT_pool_1871,10.996274,54.775124,1.540433,-1.197928,0.171253,392,4554,1894
IsPETaseWT_pool_1872,11.979055,55.931751,1.936777,0.654323,1.295550,200,1153,248
IsPETaseWT_pool_1873,12.532996,54.670464,2.160175,-1.365533,0.397321,126,4666,1408
IsPETaseWT_pool_1874,3.050739,55.478512,-1.663907,-0.071505,-0.867706,4855,2524,4464
IsPETaseWT_pool_1875,4.816662,55.835846,-0.951731,0.500738,-0.225496,4124,1369,2918
IsPETaseWT_pool_1876,3.786504,55.130413,-1.367181,-0.628959,-0.998070,4665,3670,4668
IsPETaseWT_pool_1877,7.913780,55.754654,0.297300,0.370715,0.334008,1807,1610,1542
IsPETaseWT_pool_1878,8.472430,55.127071,0.522597,-0.634310,-0.055857,1451,3680,2485
IsPETaseWT_pool_1879,5.015670,54.932411,-0.871473,-0.946044,-0.908758,4005,4238,4528
IsPETaseWT_pool_1880,13.774130,55.835205,2.660709,0.499712,1.580210,34,1370,116
IsPETaseWT_pool_1881,5.533234,55.077972,-0.662746,-0.712938,-0.687842,3619,3847,4083
IsPETaseWT_pool_1882,5.829940,56.358158,-0.543088,1.337181,0.397047,3394,436,1410
IsPETaseWT_pool_1883,12.371046,55.742134,2.094862,0.350666,1.222764,144,1659,302
IsPETaseWT_pool_1884,11.265069,55.770664,1.648835,0.396355,1.022595,326,1557,469
IsPETaseWT_pool_1885,11.400535,55.294270,1.703467,-0.366555,0.668456,290,3127,932
IsPETaseWT_pool_1886,5.523848,55.037640,-0.666531,-0.777528,-0.722030,3627,3956,4157
IsPETaseWT_pool_1887,7.075036,57.073616,-0.040956,2.482933,1.220989,2393,77,304
IsPETaseWT_pool_1888,8.771219,55.990059,0.643095,0.747698,0.695397,1259,1029,890
IsPETaseWT_pool_1889,5.936252,55.421791,-0.500214,-0.162339,-0.331276,3306,2711,3220
IsPETaseWT_pool_1890,6.514439,55.657494,-0.267038,0.215120,-0.025959,2837,1907,2397
IsPETaseWT_pool_1891,9.993560,57.252884,1.136050,2.770016,1.953033,677,44,44
IsPETaseWT_pool_1892,6.706343,55.666996,-0.189645,0.230338,0.020346,2697,1874,2273
IsPETaseWT_pool_1893,3.238668,54.631508,-1.588117,-1.427917,-1.508017,4822,4707,4967
IsPETaseWT_pool_1894,8.081462,55.940792,0.364924,0.668801,0.516863,1694,1132,1189
IsPETaseWT_pool_1895,9.113781,55.059929,0.781246,-0.741834,0.019706,1077,3886,2277
IsPETaseWT_pool_1896,11.979922,55.187290,1.937126,-0.537874,0.699626,199,3483,884
IsPETaseWT_pool_1897,4.967197,56.008156,-0.891022,0.776679,-0.057171,4040,999,2490
IsPETaseWT_pool_1898,12.204468,55.196857,2.027683,-0.522553,0.752565,165,3452,802
IsPETaseWT_pool_1899,10.000363,55.521290,1.138794,-0.002999,0.567897,676,2360,1105
IsPETaseWT_pool_1900,6.237232,56.550240,-0.378832,1.644785,0.632977,3066,284,990
IsPETaseWT_pool_1901,11.354359,57.791069,1.684844,3.631879,2.658361,306,16,11
IsPETaseWT_pool_1902,4.587302,55.224426,-1.044229,-0.478404,-0.761316,4286,3371,4240
IsPETaseWT_pool_1903,5.603588,56.837406,-0.634373,2.104660,0.735144,3558,128,834
IsPETaseWT_pool_1904,7.428718,56.011189,0.101680,0.781536,0.441608,2155,995,1327
IsPETaseWT_pool_1905,8.051542,55.056725,0.352858,-0.746965,-0.197054,1714,3896,2837
IsPETaseWT_pool_1906,3.947010,55.655914,-1.302451,0.212591,-0.544930,4601,1912,3755
IsPETaseWT_pool_1907,6.917538,55.196384,-0.104473,-0.523311,-0.313892,2530,3455,3176
IsPETaseWT_pool_1908,8.589292,55.310677,0.569726,-0.340281,0.114723,1368,3076,2049
IsPETaseWT_pool_1909,6.174800,55.774845,-0.404010,0.403050,-0.000480,3112,1548,2325
IsPETaseWT_pool_1910,8.089247,55.038677,0.368064,-0.775867,-0.203902,1689,3952,2854
IsPETaseWT_pool_1911,10.362338,56.282890,1.284774,1.216646,1.250710,562,530,285
IsPETaseWT_pool_1912,4.142214,55.361610,-1.223728,-0.258714,-0.741221,4522,2904,4202
IsPETaseWT_pool_1913,3.251088,55.225189,-1.583108,-0.477182,-1.030145,4817,3366,4697
IsPETaseWT_pool_1914,5.649592,55.326393,-0.615820,-0.315112,-0.465466,3530,3033,3562
IsPETaseWT_pool_1915,3.356464,57.457962,-1.540611,3.098433,0.778911,4783,27,768
IsPETaseWT_pool_1916,5.690019,55.845264,-0.599516,0.515821,-0.041848,3501,1351,2441
IsPETaseWT_pool_1917,5.463135,55.227135,-0.691016,-0.474066,-0.582541,3669,3356,3838
IsPETaseWT_pool_1918,11.348742,56.641354,1.682579,1.790697,1.736638,307,220,73
IsPETaseWT_pool_1919,2.745733,55.197746,-1.786912,-0.521130,-1.154021,4907,3447,4815
IsPETaseWT_pool_1920,11.698450,55.554420,1.823612,0.050057,0.936834,238,2258,563
IsPETaseWT_pool_1921,4.917506,55.432617,-0.911062,-0.145002,-0.528032,4069,2677,3712
IsPETaseWT_pool_1922,8.318711,54.988247,0.460604,-0.856627,-0.198012,1547,4090,2841
IsPETaseWT_pool_1923,6.937725,55.366962,-0.096331,-0.250143,-0.173237,2508,2889,2775
IsPETaseWT_pool_1924,9.073311,55.660439,0.764925,0.219837,0.492381,1096,1897,1230
IsPETaseWT_pool_1925,8.965649,56.089108,0.721506,0.906317,0.813912,1143,829,715
IsPETaseWT_pool_1926,5.120214,55.720570,-0.829312,0.316132,-0.256590,3922,1714,3002
IsPETaseWT_pool_1927,8.489826,54.300644,0.529612,-1.957771,-0.714079,1436,4916,4136
IsPETaseWT_pool_1928,10.155789,55.590839,1.201475,0.108379,0.654927,624,2130,949
IsPETaseWT_pool_1929,3.314860,56.059868,-1.557390,0.859492,-0.348949,4797,889,3259
IsPETaseWT_pool_1930,10.851215,55.030514,1.481932,-0.788940,0.346496,427,3971,1508
IsPETaseWT_pool_1931,11.172542,55.505119,1.611520,-0.028895,0.791312,350,2421,751
IsPETaseWT_pool_1932,7.484281,55.204304,0.124088,-0.510629,-0.193270,2109,3418,2830
IsPETaseWT_pool_1933,7.004418,54.808399,-0.069435,-1.144639,-0.607037,2450,4503,3902
IsPETaseWT_pool_1934,5.351003,54.851807,-0.736238,-1.075126,-0.905682,3748,4407,4525
IsPETaseWT_pool_1935,11.567291,55.539276,1.770717,0.025804,0.898261,258,2297,612
IsPETaseWT_pool_1936,6.617484,55.925167,-0.225481,0.643779,0.209149,2761,1171,1804
IsPETaseWT_pool_1937,5.658587,56.960583,-0.612193,2.301918,0.844863,3523,96,672
IsPETaseWT_pool_1938,7.961083,54.810059,0.316377,-1.141982,-0.412803,1781,4500,3422
IsPETaseWT_pool_1939,9.004633,55.404915,0.737228,-0.189365,0.273931,1122,2765,1663
IsPETaseWT_pool_1940,7.591610,55.509533,0.167373,-0.021827,0.072773,2038,2401,2152
IsPETaseWT_pool_1941,9.044871,56.202702,0.753455,1.088229,0.920842,1109,644,579
IsPETaseWT_pool_1942,8.109212,56.565742,0.376115,1.669612,1.022863,1676,276,468
IsPETaseWT_pool_1943,6.230820,56.467686,-0.381418,1.512581,0.565582,3070,341,1108
IsPETaseWT_pool_1944,8.786338,55.540363,0.649192,0.027545,0.338369,1249,2293,1527
IsPETaseWT_pool_1945,10.278212,53.728661,1.250847,-2.873758,-0.811456,583,4996,4352
IsPETaseWT_pool_1946,6.476537,55.082855,-0.282323,-0.705119,-0.493721,2879,3825,3631
IsPETaseWT_pool_1947,7.363276,54.653534,0.075288,-1.392644,-0.658678,2190,4691,4019
IsPETaseWT_pool_1948,7.778201,54.955887,0.242623,-0.908449,-0.332913,1906,4164,3225
IsPETaseWT_pool_1949,5.943871,55.429886,-0.497141,-0.149376,-0.323258,3297,2692,3200
IsPETaseWT_pool_1950,8.759215,56.527637,0.638254,1.608590,1.123422,1269,298,373
IsPETaseWT_pool_1951,5.291038,55.652374,-0.760421,0.206922,-0.276749,3782,1928,3067
IsPETaseWT_pool_1952,7.897239,56.569305,0.290629,1.675318,0.982973,1816,273,517
IsPETaseWT_pool_1953,7.900139,55.924313,0.291799,0.642411,0.467105,1814,1174,1280
IsPETaseWT_pool_1954,12.292443,55.474960,2.063162,-0.077193,0.992985,155,2531,507
IsPETaseWT_pool_1955,4.493353,54.797844,-1.082118,-1.161543,-1.121830,4340,4521,4786
IsPETaseWT_pool_1956,4.539354,54.866188,-1.063566,-1.052095,-1.057830,4311,4383,4724
IsPETaseWT_pool_1957,7.241762,55.122093,0.026283,-0.642282,-0.308000,2278,3702,3160
IsPETaseWT_pool_1958,8.261870,56.402130,0.437680,1.407599,0.922640,1576,395,577
IsPETaseWT_pool_1959,9.326078,55.094227,0.866863,-0.686908,0.089977,958,3800,2107
IsPETaseWT_pool_1960,6.982375,54.870998,-0.078325,-1.044392,-0.561358,2471,4370,3788
IsPETaseWT_pool_1961,12.370180,55.913322,2.094513,0.624811,1.359662,145,1197,219
IsPETaseWT_pool_1962,5.381604,55.241467,-0.723896,-0.451115,-0.587506,3729,3302,3855
IsPETaseWT_pool_1963,6.022954,55.181351,-0.465248,-0.547386,-0.506317,3227,3507,3666
IsPETaseWT_pool_1964,4.721076,55.339603,-0.990280,-0.293956,-0.642118,4199,2985,3985
IsPETaseWT_pool_1965,8.732196,55.919544,0.627357,0.634775,0.631066,1288,1188,994
IsPETaseWT_pool_1966,5.684414,56.131092,-0.601777,0.973552,0.185888,3506,747,1867
IsPETaseWT_pool_1967,5.220671,55.952427,-0.788799,0.687434,-0.050683,3840,1104,2465
IsPETaseWT_pool_1968,9.463164,55.550388,0.922148,0.043600,0.482874,904,2267,1250
IsPETaseWT_pool_1969,5.282393,54.943760,-0.763907,-0.927870,-0.845888,3790,4196,4423
IsPETaseWT_pool_1970,9.121364,55.641144,0.784304,0.188938,0.486621,1074,1957,1240
IsPETaseWT_pool_1971,11.842435,55.507633,1.881680,-0.024870,0.928405,217,2413,573
IsPETaseWT_pool_1972,8.886090,54.550255,0.689421,-1.558038,-0.434309,1180,4774,3480
IsPETaseWT_pool_1973,4.893002,55.533398,-0.920944,0.016390,-0.452277,4081,2316,3527
IsPETaseWT_pool_1974,10.875731,54.839367,1.491819,-1.095047,0.198386,421,4441,1830
IsPETaseWT_pool_1975,8.056929,57.914284,0.355030,3.829198,2.092114,1710,12,27
IsPETaseWT_pool_1976,5.285361,55.840000,-0.762710,0.507391,-0.127660,3787,1361,2664
IsPETaseWT_pool_1977,3.672539,55.466248,-1.413142,-0.091145,-0.752144,4695,2567,4223
IsPETaseWT_pool_1978,5.758604,55.202682,-0.571857,-0.513225,-0.542541,3448,3429,3749
IsPETaseWT_pool_1979,6.254635,56.282574,-0.371813,1.216138,0.422162,3051,531,1366
IsPETaseWT_pool_1980,4.490379,56.868725,-1.083317,2.154815,0.535749,4342,113,1158
IsPETaseWT_pool_1981,8.284651,54.192848,0.446868,-2.130397,-0.841765,1564,4951,4414
IsPETaseWT_pool_1982,8.915044,55.723225,0.701098,0.320384,0.510741,1167,1706,1197
IsPETaseWT_pool_1983,6.244152,55.581158,-0.376041,0.092874,-0.141583,3061,2165,2707
IsPETaseWT_pool_1984,7.624779,55.827778,0.180749,0.487818,0.334283,2011,1391,1541
IsPETaseWT_pool_1985,2.785719,55.066128,-1.770786,-0.731907,-1.251346,4898,3867,4873
IsPETaseWT_pool_1986,5.256315,54.716232,-0.774424,-1.292238,-1.033331,3814,4616,4704
IsPETaseWT_pool_1987,5.975996,56.045368,-0.484185,0.836272,0.176043,3263,925,1885
IsPETaseWT_pool_1988,6.363638,55.284828,-0.327854,-0.381675,-0.354764,2959,3151,3280
IsPETaseWT_pool_1989,3.937224,55.624592,-1.306398,0.162431,-0.571983,4606,2006,3809
IsPETaseWT_pool_1990,5.044251,55.657204,-0.859947,0.214656,-0.322645,3982,1908,3197
IsPETaseWT_pool_1991,6.159872,55.274639,-0.410030,-0.397992,-0.404011,3117,3181,3399
IsPETaseWT_pool_1992,3.360812,55.181591,-1.538858,-0.547001,-1.042929,4782,3504,4713
IsPETaseWT_pool_1993,7.600615,55.732906,0.171004,0.335888,0.253446,2033,1684,1716
IsPETaseWT_pool_1994,10.268401,55.535683,1.246890,0.020050,0.633470,586,2309,987
IsPETaseWT_pool_1995,4.072466,55.961594,-1.251856,0.702113,-0.274871,4551,1084,3060
IsPETaseWT_pool_1996,7.423376,54.948696,0.099526,-0.919965,-0.410219,2159,4179,3411
IsPETaseWT_pool_1997,11.775999,55.544079,1.854887,0.033495,0.944191,230,2279,554
IsPETaseWT_pool_1998,4.819903,54.993103,-0.950424,-0.848850,-0.899637,4122,4076,4512
IsPETaseWT_pool_1999,5.725431,57.604031,-0.585235,3.332351,1.373558,3473,21,206
IsPETaseWT_pool_2000,9.971001,55.668400,1.126953,0.232586,0.679769,692,1864,917
IsPETaseWT_pool_2001,7.384684,55.276421,0.083922,-0.395139,-0.155609,2178,3174,2728
IsPETaseWT_pool_2002,6.267116,55.151531,-0.366780,-0.595140,-0.480960,3042,3604,3603
IsPETaseWT_pool_2003,8.275023,55.697517,0.442985,0.279216,0.361100,1570,1773,1484
IsPETaseWT_pool_2004,7.413645,55.619030,0.095601,0.153524,0.124563,2165,2028,2022
IsPETaseWT_pool_2005,10.672964,56.477467,1.410046,1.528245,1.469145,474,336,160
IsPETaseWT_pool_2006,6.993780,54.963013,-0.073725,-0.897038,-0.485381,2459,4149,3613
IsPETaseWT_pool_2007,8.335835,55.012688,0.467510,-0.817487,-0.174989,1536,4024,2779
IsPETaseWT_pool_2008,3.955789,56.277481,-1.298911,1.207983,-0.045464,4599,541,2450
IsPETaseWT_pool_2009,3.244651,55.504574,-1.585704,-0.029769,-0.807737,4821,2425,4348
IsPETaseWT_pool_2010,7.401320,54.689831,0.090631,-1.334518,-0.621943,2169,4650,3934
IsPETaseWT_pool_2011,4.551336,54.977657,-1.058734,-0.873585,-0.966160,4305,4118,4618
IsPETaseWT_pool_2012,5.501954,55.610878,-0.675361,0.140469,-0.267446,3644,2051,3036
IsPETaseWT_pool_2013,1.736606,54.795803,-2.193881,-1.164811,-1.679346,4986,4526,4988
IsPETaseWT_pool_2014,7.926192,54.948399,0.302306,-0.920441,-0.309068,1798,4180,3163
IsPETaseWT_pool_2015,8.314280,55.695377,0.458817,0.275788,0.367303,1550,1781,1475
IsPETaseWT_pool_2016,8.809453,55.474972,0.658514,-0.077174,0.290670,1229,2530,1632
IsPETaseWT_pool_2017,7.131205,55.692539,-0.018303,0.271243,0.126470,2359,1797,2017
IsPETaseWT_pool_2018,9.899642,55.985306,1.098174,0.740087,0.919131,723,1040,581
IsPETaseWT_pool_2019,10.065372,55.320126,1.165011,-0.325149,0.419931,655,3050,1370
IsPETaseWT_pool_2020,3.483933,55.665565,-1.489205,0.228047,-0.630579,4748,1880,3955
IsPETaseWT_pool_2021,8.350170,55.416702,0.473291,-0.170488,0.151401,1528,2724,1941
IsPETaseWT_pool_2022,7.355040,55.632450,0.071967,0.175015,0.123491,2201,1983,2027
IsPETaseWT_pool_2023,9.722794,55.809784,1.026854,0.459002,0.742928,785,1447,814
IsPETaseWT_pool_2024,3.486081,55.534634,-1.488338,0.018370,-0.734984,4747,2315,4185
IsPETaseWT_pool_2025,6.427590,56.215263,-0.302063,1.108346,0.403142,2922,614,1398
IsPETaseWT_pool_2026,7.579402,55.731171,0.162449,0.333109,0.247779,2048,1685,1728
IsPETaseWT_pool_2027,8.495543,54.663589,0.531918,-1.376541,-0.422312,1432,4678,3451
IsPETaseWT_pool_2028,5.297979,55.299747,-0.757621,-0.357783,-0.557702,3774,3117,3779
IsPETaseWT_pool_2029,7.288014,54.753689,0.044936,-1.232254,-0.593659,2240,4582,3874
IsPETaseWT_pool_2030,4.646699,55.043613,-1.020275,-0.767962,-0.894118,4243,3933,4501
IsPETaseWT_pool_2031,7.320955,54.251011,0.058221,-2.037254,-0.989517,2222,4934,4650
IsPETaseWT_pool_2032,4.173892,56.080826,-1.210952,0.893055,-0.158949,4505,850,2742
IsPETaseWT_pool_2033,5.081350,54.838757,-0.844985,-1.096024,-0.970505,3959,4443,4623
IsPETaseWT_pool_2034,4.779326,56.136395,-0.966788,0.982044,0.007628,4157,737,2305
IsPETaseWT_pool_2035,3.118548,56.018467,-1.636560,0.793192,-0.421684,4846,974,3450
IsPETaseWT_pool_2036,10.879572,55.348454,1.493368,-0.279784,0.606792,419,2963,1028
IsPETaseWT_pool_2037,5.452150,54.476357,-0.695446,-1.676381,-1.185913,3679,4829,4839
IsPETaseWT_pool_2038,3.221036,55.201569,-1.595228,-0.515009,-1.055118,4824,3433,4722
IsPETaseWT_pool_2039,5.284946,55.756790,-0.762878,0.374136,-0.194371,3788,1601,2834
IsPETaseWT_pool_2040,7.457587,54.463245,0.113323,-1.697377,-0.792027,2131,4836,4311
IsPETaseWT_pool_2041,6.443039,55.328632,-0.295832,-0.311526,-0.303679,2908,3024,3147
IsPETaseWT_pool_2042,12.549139,55.288563,2.166685,-0.375694,0.895495,122,3143,617
IsPETaseWT_pool_2043,4.704256,56.209656,-0.997063,1.099366,0.051152,4212,630,2212
IsPETaseWT_pool_2044,8.104390,55.653160,0.374171,0.208181,0.291176,1682,1922,1631
IsPETaseWT_pool_2045,6.385231,56.147247,-0.319146,0.999424,0.340139,2946,709,1524
IsPETaseWT_pool_2046,4.030825,55.951416,-1.268650,0.685815,-0.291417,4566,1111,3109
IsPETaseWT_pool_2047,12.266685,56.458008,2.052775,1.497083,1.774929,162,349,63
IsPETaseWT_pool_2048,8.778995,56.855267,0.646231,2.133262,1.389747,1254,122,198
IsPETaseWT_pool_2049,13.728199,55.102852,2.642186,-0.673096,0.984545,35,3771,515
IsPETaseWT_pool_2050,9.911606,57.390663,1.102999,2.990659,2.046829,714,31,32
IsPETaseWT_pool_2051,9.526627,54.514072,0.947742,-1.615981,-0.334120,882,4801,3228
IsPETaseWT_pool_2052,9.289207,55.827160,0.851993,0.486828,0.669411,977,1393,930
IsPETaseWT_pool_2053,7.736238,55.676529,0.225699,0.245604,0.235652,1940,1845,1752
IsPETaseWT_pool_2054,8.526448,55.374176,0.544382,-0.238591,0.152895,1404,2858,1938
IsPETaseWT_pool_2055,11.210670,56.307102,1.626896,1.255419,1.441158,343,498,174
IsPETaseWT_pool_2056,5.807124,56.072926,-0.552289,0.880403,0.164057,3408,869,1919
IsPETaseWT_pool_2057,7.220295,55.238018,0.017626,-0.456638,-0.219506,2294,3318,2901
IsPETaseWT_pool_2058,4.669693,55.589188,-1.011002,0.105734,-0.452634,4232,2133,3528
IsPETaseWT_pool_2059,7.956761,55.709656,0.314634,0.298654,0.306644,1784,1741,1603
IsPETaseWT_pool_2060,8.391154,55.587055,0.489819,0.102319,0.296069,1500,2139,1620
IsPETaseWT_pool_2061,4.600414,56.392265,-1.038941,1.391801,0.176430,4275,410,1884
IsPETaseWT_pool_2062,10.898363,55.346825,1.500947,-0.282392,0.609277,414,2967,1022
IsPETaseWT_pool_2063,7.337049,55.282749,0.064711,-0.385004,-0.160146,2209,3158,2746
IsPETaseWT_pool_2064,0.847126,56.022068,-2.552597,0.798959,-0.876819,4996,963,4477
IsPETaseWT_pool_2065,7.048767,56.424282,-0.051550,1.443074,0.695762,2416,378,889
IsPETaseWT_pool_2066,3.668215,56.538483,-1.414886,1.625957,0.105536,4697,294,2072
IsPETaseWT_pool_2067,9.534613,55.276661,0.950963,-0.394754,0.278104,879,3172,1657
IsPETaseWT_pool_2068,4.946050,56.540699,-0.899550,1.629506,0.364978,4054,292,1480
IsPETaseWT_pool_2069,4.479208,55.603016,-1.087822,0.127879,-0.479972,4349,2084,3601
IsPETaseWT_pool_2070,7.222191,55.591877,0.018390,0.110040,0.064215,2291,2128,2183
IsPETaseWT_pool_2071,13.052332,55.416275,2.369617,-0.171173,1.099222,73,2727,396
IsPETaseWT_pool_2072,8.413687,55.912029,0.498906,0.622740,0.560823,1485,1199,1117
IsPETaseWT_pool_2073,7.538333,56.144188,0.145887,0.994524,0.570205,2075,713,1100
IsPETaseWT_pool_2074,6.423651,55.326519,-0.303651,-0.314910,-0.309281,2923,3032,3164
IsPETaseWT_pool_2075,11.649475,55.439480,1.803861,-0.134012,0.834925,245,2651,689
IsPETaseWT_pool_2076,5.624830,55.517559,-0.625806,-0.008974,-0.317390,3543,2378,3183
IsPETaseWT_pool_2077,5.212012,55.253967,-0.792291,-0.431096,-0.611694,3846,3256,3917
IsPETaseWT_pool_2078,3.962463,55.206833,-1.296219,-0.506578,-0.901399,4596,3415,4513
IsPETaseWT_pool_2079,8.719382,56.106071,0.622190,0.933484,0.777837,1298,795,769
IsPETaseWT_pool_2080,4.126585,55.709820,-1.230031,0.298917,-0.465557,4528,1739,3563
IsPETaseWT_pool_2081,4.599554,55.875183,-1.039288,0.563734,-0.237777,4276,1289,2946
IsPETaseWT_pool_2082,5.434023,55.656586,-0.702757,0.213667,-0.244545,3693,1909,2963
IsPETaseWT_pool_2083,2.542717,56.072796,-1.868786,0.880195,-0.494295,4938,870,3634
IsPETaseWT_pool_2084,7.593176,55.293514,0.168004,-0.367765,-0.099880,2036,3129,2591
IsPETaseWT_pool_2085,9.992540,55.881023,1.135639,0.573086,0.854363,679,1277,657
IsPETaseWT_pool_2086,5.924920,55.629517,-0.504784,0.170317,-0.167233,3320,1991,2762
IsPETaseWT_pool_2087,6.682664,54.929539,-0.199195,-0.950644,-0.574919,2711,4243,3819
IsPETaseWT_pool_2088,12.858892,54.654785,2.291605,-1.390641,0.450482,83,4687,1305
IsPETaseWT_pool_2089,7.702039,55.654858,0.211907,0.210899,0.211403,1969,1916,1800
IsPETaseWT_pool_2090,4.621011,55.695007,-1.030635,0.275196,-0.377719,4261,1784,3337
IsPETaseWT_pool_2091,7.511852,55.814392,0.135207,0.466381,0.300794,2093,1437,1611
IsPETaseWT_pool_2092,5.879849,56.088516,-0.522960,0.905370,0.191205,3353,831,1851
IsPETaseWT_pool_2093,2.919084,54.947639,-1.717001,-0.921657,-1.319329,4876,4182,4904
IsPETaseWT_pool_2094,9.007698,54.917263,0.738464,-0.970302,-0.115919,1121,4277,2634
IsPETaseWT_pool_2095,3.575462,56.570492,-1.452292,1.677217,0.112463,4721,271,2058
IsPETaseWT_pool_2096,4.638929,55.358929,-1.023408,-0.263008,-0.643208,4248,2919,3988
IsPETaseWT_pool_2097,7.747577,56.443108,0.230272,1.473221,0.851747,1928,359,665
IsPETaseWT_pool_2098,5.535316,55.578880,-0.661906,0.089227,-0.286339,3617,2173,3097
IsPETaseWT_pool_2099,5.110779,55.041695,-0.833117,-0.771035,-0.802076,3932,3939,4338
IsPETaseWT_pool_2100,7.843240,54.820225,0.268852,-1.125702,-0.428425,1850,4476,3464
IsPETaseWT_pool_2101,7.630105,55.881470,0.182897,0.573801,0.378349,2009,1276,1446
IsPETaseWT_pool_2102,6.668022,55.639111,-0.205099,0.185681,-0.009709,2723,1960,2364
IsPETaseWT_pool_2103,9.454467,56.032207,0.918641,0.815196,0.866918,910,946,641
IsPETaseWT_pool_2104,4.548564,55.225784,-1.059852,-0.476229,-0.768040,4306,3362,4257
IsPETaseWT_pool_2105,7.634679,56.132179,0.184742,0.975293,0.580018,2008,744,1079
IsPETaseWT_pool_2106,3.910580,55.091866,-1.317143,-0.690690,-1.003916,4616,3807,4671
IsPETaseWT_pool_2107,7.462193,55.852985,0.115180,0.528186,0.321683,2128,1332,1570
IsPETaseWT_pool_2108,4.753056,55.595272,-0.977382,0.115477,-0.430952,4179,2111,3470
IsPETaseWT_pool_2109,1.800488,55.038685,-2.168118,-0.775855,-1.471986,4983,3950,4961
IsPETaseWT_pool_2110,4.655454,55.767490,-1.016744,0.391272,-0.312736,4238,1566,3171
IsPETaseWT_pool_2111,8.064449,56.821873,0.358063,2.079785,1.218924,1707,137,306
IsPETaseWT_pool_2112,7.306037,56.213818,0.052204,1.106031,0.579118,2230,618,1084
IsPETaseWT_pool_2113,5.102615,55.705715,-0.836409,0.292344,-0.272033,3938,1754,3049
IsPETaseWT_pool_2114,8.123271,55.051567,0.381785,-0.755225,-0.186720,1666,3912,2813
IsPETaseWT_pool_2115,11.473291,54.965004,1.732808,-0.893849,0.419480,274,4146,1371
IsPETaseWT_pool_2116,8.510883,55.780930,0.538104,0.412794,0.475449,1421,1534,1263
IsPETaseWT_pool_2117,8.568636,55.693939,0.561396,0.273485,0.417440,1382,1793,1374
IsPETaseWT_pool_2118,9.140201,55.729538,0.791901,0.330494,0.561197,1055,1690,1115
IsPETaseWT_pool_2119,6.239593,56.205105,-0.377880,1.092078,0.357099,3065,638,1493
IsPETaseWT_pool_2120,6.258988,55.106148,-0.370058,-0.667818,-0.518938,3048,3761,3691
IsPETaseWT_pool_2121,10.644050,55.255047,1.398385,-0.429367,0.484509,477,3253,1247
IsPETaseWT_pool_2122,7.032263,55.302650,-0.058205,-0.353134,-0.205670,2425,3106,2861
IsPETaseWT_pool_2123,7.873512,55.133179,0.281060,-0.624530,-0.171735,1832,3661,2770
IsPETaseWT_pool_2124,9.312813,55.367535,0.861513,-0.249227,0.306143,969,2886,1604
IsPETaseWT_pool_2125,7.814584,57.084091,0.257295,2.499708,1.378502,1873,75,202
IsPETaseWT_pool_2126,6.282596,54.952717,-0.360537,-0.913526,-0.637031,3032,4171,3970
IsPETaseWT_pool_2127,10.198656,55.797718,1.218763,0.439679,0.829221,606,1478,696
IsPETaseWT_pool_2128,4.300167,55.574711,-1.160027,0.082550,-0.538738,4442,2187,3742
IsPETaseWT_pool_2129,8.229762,55.010834,0.424732,-0.820456,-0.197862,1598,4028,2840
IsPETaseWT_pool_2130,8.274013,56.453815,0.442578,1.490369,0.966473,1571,352,530
IsPETaseWT_pool_2131,7.606259,58.005627,0.173280,3.975477,2.074378,2029,10,29
IsPETaseWT_pool_2132,13.877907,55.332466,2.702561,-0.305386,1.198587,27,3006,326
IsPETaseWT_pool_2133,4.724350,54.461094,-0.988959,-1.700822,-1.344891,4196,4838,4918
IsPETaseWT_pool_2134,2.769989,54.448368,-1.777130,-1.721202,-1.749166,4902,4845,4992
IsPETaseWT_pool_2135,6.000969,55.248833,-0.474114,-0.439319,-0.456716,3242,3276,3537
IsPETaseWT_pool_2136,6.478183,56.439186,-0.281659,1.466941,0.592641,2876,364,1055
IsPETaseWT_pool_2137,2.883392,56.128708,-1.731396,0.969734,-0.380831,4880,754,3342
IsPETaseWT_pool_2138,2.664834,54.931068,-1.819537,-0.948194,-1.383866,4925,4242,4937
IsPETaseWT_pool_2139,6.418483,55.138222,-0.305736,-0.616454,-0.461095,2928,3644,3550
IsPETaseWT_pool_2140,7.161746,55.937450,-0.005986,0.663450,0.328732,2340,1139,1550
IsPETaseWT_pool_2141,3.508267,55.125759,-1.479391,-0.636412,-1.057901,4740,3683,4725
IsPETaseWT_pool_2142,5.597626,55.909019,-0.636777,0.617920,-0.009429,3561,1206,2360
IsPETaseWT_pool_2143,2.692831,55.113888,-1.808247,-0.655423,-1.231835,4918,3734,4865
IsPETaseWT_pool_2144,5.812016,54.926807,-0.550316,-0.955018,-0.752667,3404,4248,4224
IsPETaseWT_pool_2145,8.689166,55.424164,0.610004,-0.158539,0.225732,1314,2705,1770
IsPETaseWT_pool_2146,7.016553,55.179455,-0.064541,-0.550422,-0.307482,2442,3513,3157
IsPETaseWT_pool_2147,8.023781,55.040401,0.341662,-0.773106,-0.215722,1731,3942,2891
IsPETaseWT_pool_2148,2.744515,55.679501,-1.787403,0.250363,-0.768520,4908,1838,4260
IsPETaseWT_pool_2149,9.868231,56.091599,1.085507,0.910306,0.997907,734,824,500
IsPETaseWT_pool_2150,6.354335,55.387768,-0.331606,-0.216825,-0.274215,2966,2816,3058
IsPETaseWT_pool_2151,3.706463,55.144234,-1.399461,-0.606826,-1.003143,4684,3629,4670
IsPETaseWT_pool_2152,8.508147,55.592018,0.537001,0.110266,0.323634,1424,2126,1564
IsPETaseWT_pool_2153,4.275699,54.618927,-1.169895,-1.448065,-1.308980,4455,4719,4898
IsPETaseWT_pool_2154,6.784784,54.823151,-0.158011,-1.121016,-0.639513,2632,4471,3979
IsPETaseWT_pool_2155,10.871908,55.411858,1.490278,-0.178247,0.656015,422,2739,947
IsPETaseWT_pool_2156,7.182405,55.680092,0.002345,0.251310,0.126827,2325,1835,2015
IsPETaseWT_pool_2157,8.288873,55.622593,0.448570,0.159230,0.303900,1563,2013,1607
IsPETaseWT_pool_2158,6.735696,55.050362,-0.177807,-0.757155,-0.467481,2675,3916,3567
IsPETaseWT_pool_2159,4.630758,55.192677,-1.026704,-0.529249,-0.777976,4252,3464,4279
IsPETaseWT_pool_2160,4.588243,54.969357,-1.043850,-0.886879,-0.965364,4285,4138,4616
IsPETaseWT_pool_2161,5.250803,56.278435,-0.776647,1.209510,0.216432,3818,538,1794
IsPETaseWT_pool_2162,6.108222,54.995197,-0.430860,-0.845497,-0.638178,3161,4069,3974
IsPETaseWT_pool_2163,10.378499,55.514786,1.291292,-0.013415,0.638938,558,2385,980
IsPETaseWT_pool_2164,5.281942,55.972927,-0.764089,0.720263,-0.021913,3791,1060,2390
IsPETaseWT_pool_2165,7.025171,54.831638,-0.061066,-1.107424,-0.584245,2434,4457,3847
IsPETaseWT_pool_2166,13.070945,55.168724,2.377123,-0.567607,0.904758,68,3545,604
IsPETaseWT_pool_2167,6.970837,55.713879,-0.082978,0.305417,0.111220,2477,1729,2064
IsPETaseWT_pool_2168,6.531563,55.116100,-0.260132,-0.651880,-0.456006,2822,3728,3533
IsPETaseWT_pool_2169,6.270355,54.764977,-0.365474,-1.214178,-0.789826,3036,4569,4304
IsPETaseWT_pool_2170,9.278299,56.801220,0.847594,2.046711,1.447153,986,145,169
IsPETaseWT_pool_2171,11.422594,55.143559,1.712363,-0.607907,0.552228,285,3630,1128
IsPETaseWT_pool_2172,5.206758,55.910007,-0.794410,0.619502,-0.087454,3851,1203,2558
IsPETaseWT_pool_2173,5.931702,55.840126,-0.502049,0.507592,0.002772,3310,1360,2312
IsPETaseWT_pool_2174,4.178354,54.942238,-1.209153,-0.930307,-1.069730,4503,4204,4734
IsPETaseWT_pool_2175,6.294098,55.831223,-0.355899,0.493334,0.068718,3022,1384,2167
IsPETaseWT_pool_2176,6.248675,55.907066,-0.374217,0.614792,0.120288,3057,1212,2039
IsPETaseWT_pool_2177,9.784653,55.436268,1.051801,-0.139156,0.456322,765,2668,1296
IsPETaseWT_pool_2178,10.346400,54.599442,1.278347,-1.479269,-0.100461,567,4737,2595
IsPETaseWT_pool_2179,11.259393,55.719452,1.646546,0.314342,0.980444,328,1717,519
IsPETaseWT_pool_2180,5.800232,56.608707,-0.555069,1.738417,0.591674,3411,242,1058
IsPETaseWT_pool_2181,3.336725,55.753357,-1.548572,0.368638,-0.589967,4789,1616,3863
IsPETaseWT_pool_2182,8.477570,54.619949,0.524670,-1.446427,-0.460879,1444,4717,3547
IsPETaseWT_pool_2183,3.865407,55.463390,-1.335361,-0.095721,-0.715541,4638,2577,4143
IsPETaseWT_pool_2184,7.170718,54.669415,-0.002368,-1.367213,-0.684790,2334,4668,4078
IsPETaseWT_pool_2185,8.797846,55.521988,0.653833,-0.001882,0.325976,1237,2358,1557
IsPETaseWT_pool_2186,8.581483,55.233032,0.566577,-0.464622,0.050977,1372,3338,2214
IsPETaseWT_pool_2187,5.108115,55.264179,-0.834191,-0.414742,-0.624467,3935,3223,3938
IsPETaseWT_pool_2188,10.608261,55.408237,1.383952,-0.184044,0.599954,492,2750,1041
IsPETaseWT_pool_2189,5.169006,54.340019,-0.809635,-1.894714,-1.352174,3886,4900,4922
IsPETaseWT_pool_2190,5.355914,54.444759,-0.734257,-1.726981,-1.230619,3744,4847,4862
IsPETaseWT_pool_2191,6.616491,54.943043,-0.225881,-0.929018,-0.577450,2762,4199,3826
IsPETaseWT_pool_2192,4.276047,55.566769,-1.169754,0.069831,-0.549962,4454,2212,3767
IsPETaseWT_pool_2193,9.504547,56.107929,0.938837,0.936459,0.937648,890,790,561
IsPETaseWT_pool_2194,6.762971,55.274204,-0.166808,-0.398688,-0.282748,2650,3182,3087
IsPETaseWT_pool_2195,6.709617,55.348991,-0.188325,-0.278922,-0.233623,2693,2960,2938
IsPETaseWT_pool_2196,7.549991,55.217461,0.150588,-0.489559,-0.169485,2068,3387,2768
IsPETaseWT_pool_2197,6.921550,55.373318,-0.102855,-0.239966,-0.171410,2525,2861,2769
IsPETaseWT_pool_2198,2.730626,55.270546,-1.793004,-0.404547,-1.098775,4911,3197,4761
IsPETaseWT_pool_2199,9.786048,54.474960,1.052363,-1.678616,-0.313127,764,4830,3173
IsPETaseWT_pool_2200,8.419833,56.109612,0.501385,0.939153,0.720269,1481,786,851
IsPETaseWT_pool_2201,9.320704,55.613731,0.864696,0.145039,0.504867,962,2045,1206
IsPETaseWT_pool_2202,2.817847,55.232841,-1.757829,-0.464927,-1.111378,4894,3339,4775
IsPETaseWT_pool_2203,6.975664,55.499695,-0.081031,-0.037582,-0.059307,2475,2445,2494
IsPETaseWT_pool_2204,2.732339,54.630394,-1.792313,-1.429701,-1.611007,4910,4710,4981
IsPETaseWT_pool_2205,5.713837,55.446266,-0.589911,-0.123144,-0.356528,3484,2631,3285
IsPETaseWT_pool_2206,5.484778,56.271370,-0.682288,1.198197,0.257954,3657,547,1701
IsPETaseWT_pool_2207,1.894882,55.095264,-2.130050,-0.685247,-1.407648,4979,3795,4944
IsPETaseWT_pool_2208,3.530403,56.194756,-1.470464,1.075504,-0.197480,4735,648,2839
IsPETaseWT_pool_2209,6.893128,54.799568,-0.114317,-1.158782,-0.636549,2548,4518,3968
IsPETaseWT_pool_2210,6.488620,55.329388,-0.277450,-0.310316,-0.293883,2864,3021,3116
IsPETaseWT_pool_2211,5.038384,54.744213,-0.862313,-1.247429,-1.054871,3988,4591,4721
IsPETaseWT_pool_2212,3.422341,55.222763,-1.514044,-0.481067,-0.997556,4760,3376,4666
IsPETaseWT_pool_2213,4.952459,55.252758,-0.896966,-0.433033,-0.664999,4048,3261,4032
IsPETaseWT_pool_2214,9.636987,55.271637,0.992249,-0.402799,0.294725,825,3194,1622
IsPETaseWT_pool_2215,6.514476,56.222321,-0.267023,1.119648,0.426313,2836,606,1352
IsPETaseWT_pool_2216,4.147057,55.113190,-1.221775,-0.656541,-0.939158,4518,3738,4573
IsPETaseWT_pool_2217,7.991795,55.880016,0.328762,0.571474,0.450118,1762,1280,1306
IsPETaseWT_pool_2218,7.003637,55.490910,-0.069750,-0.051651,-0.060701,2452,2472,2497
IsPETaseWT_pool_2219,7.649545,57.239388,0.190737,2.748403,1.469570,1997,45,159
IsPETaseWT_pool_2220,9.751506,55.406467,1.038433,-0.186879,0.425777,774,2759,1355
IsPETaseWT_pool_2221,12.107598,54.877686,1.988617,-1.033683,0.477467,178,4352,1261
IsPETaseWT_pool_2222,5.211619,55.497772,-0.792449,-0.040661,-0.416555,3847,2455,3430
IsPETaseWT_pool_2223,5.436423,55.079239,-0.701789,-0.710910,-0.706349,3692,3841,4119
IsPETaseWT_pool_2224,6.003991,55.466717,-0.472895,-0.090394,-0.281645,3240,2560,3080
IsPETaseWT_pool_2225,10.830123,55.358162,1.473426,-0.264236,0.604595,436,2923,1034
IsPETaseWT_pool_2226,7.995048,55.438610,0.330074,-0.135405,0.097335,1758,2655,2080
IsPETaseWT_pool_2227,11.498609,56.761059,1.743019,1.982396,1.862707,269,165,53
IsPETaseWT_pool_2228,6.450621,55.407867,-0.292775,-0.184637,-0.238706,2899,2752,2952
IsPETaseWT_pool_2229,12.271129,56.999138,2.054567,2.363661,2.209114,161,86,20
IsPETaseWT_pool_2230,9.975101,54.505032,1.128606,-1.630460,-0.250927,688,4810,2984
IsPETaseWT_pool_2231,5.140501,55.412262,-0.821130,-0.177599,-0.499365,3907,2737,3650
IsPETaseWT_pool_2232,6.515411,56.565239,-0.266646,1.668805,0.701080,2834,277,878
IsPETaseWT_pool_2233,5.975486,55.152695,-0.484391,-0.593276,-0.538834,3264,3601,3743
IsPETaseWT_pool_2234,7.894363,55.014408,0.289469,-0.814732,-0.262631,1819,4022,3023
IsPETaseWT_pool_2235,11.784415,56.916744,1.858281,2.231714,2.044998,228,105,33
IsPETaseWT_pool_2236,7.845996,54.689861,0.269963,-1.334469,-0.532253,1849,4649,3731
IsPETaseWT_pool_2237,4.669534,54.993374,-1.011066,-0.848417,-0.929741,4233,4075,4554
IsPETaseWT_pool_2238,4.800759,54.999622,-0.958144,-0.838410,-0.898277,4143,4055,4510
IsPETaseWT_pool_2239,5.909840,55.712891,-0.510865,0.303835,-0.103515,3336,1735,2603
IsPETaseWT_pool_2240,2.652282,54.511261,-1.824599,-1.620484,-1.722542,4926,4806,4991
IsPETaseWT_pool_2241,4.995780,57.131886,-0.879495,2.576247,0.848376,4018,59,669
IsPETaseWT_pool_2242,4.061370,55.350143,-1.256331,-0.277077,-0.766704,4555,2954,4251
IsPETaseWT_pool_2243,8.629272,55.170998,0.585849,-0.563966,0.010942,1353,3536,2296
IsPETaseWT_pool_2244,9.342510,55.213020,0.873490,-0.496670,0.188410,949,3400,1862
IsPETaseWT_pool_2245,11.934625,55.325256,1.918859,-0.316932,0.800963,206,3037,737
IsPETaseWT_pool_2246,8.819420,55.889992,0.662534,0.587449,0.624991,1222,1248,1000
IsPETaseWT_pool_2247,4.736762,55.906193,-0.983954,0.613393,-0.185280,4189,1214,2810
IsPETaseWT_pool_2248,8.280868,56.067192,0.445342,0.871221,0.658282,1569,878,943
IsPETaseWT_pool_2249,4.758083,55.384426,-0.975355,-0.222176,-0.598766,4176,2828,3884
IsPETaseWT_pool_2250,4.582264,56.589725,-1.046261,1.708019,0.330879,4291,253,1546
IsPETaseWT_pool_2251,4.265572,56.171211,-1.173979,1.037800,-0.068089,4462,675,2515
IsPETaseWT_pool_2252,4.992562,54.734356,-0.880792,-1.263214,-1.072003,4025,4601,4739
IsPETaseWT_pool_2253,6.229676,55.876625,-0.381879,0.566043,0.092082,3072,1285,2099
IsPETaseWT_pool_2254,7.791331,54.173302,0.247918,-2.161700,-0.956891,1893,4959,4597
IsPETaseWT_pool_2255,6.304054,54.743382,-0.351883,-1.248760,-0.800322,3014,4592,4333
IsPETaseWT_pool_2256,7.710997,55.007111,0.215520,-0.826418,-0.305449,1964,4040,3151
IsPETaseWT_pool_2257,6.714329,54.857784,-0.186424,-1.065553,-0.625989,2690,4391,3944
IsPETaseWT_pool_2258,6.547086,55.257519,-0.253871,-0.425409,-0.339640,2814,3244,3240
IsPETaseWT_pool_2259,7.463770,55.995945,0.115816,0.757124,0.436470,2126,1021,1336
IsPETaseWT_pool_2260,6.471158,56.053936,-0.284492,0.849993,0.282750,2884,904,1650
IsPETaseWT_pool_2261,9.622740,55.050224,0.986503,-0.757375,0.114564,837,3917,2051
IsPETaseWT_pool_2262,2.308643,55.490177,-1.963185,-0.052824,-1.008005,4959,2474,4674
IsPETaseWT_pool_2263,7.076344,55.637489,-0.040428,0.183085,0.071329,2392,1970,2155
IsPETaseWT_pool_2264,6.605718,55.348602,-0.230226,-0.279545,-0.254886,2771,2962,2994
IsPETaseWT_pool_2265,4.516541,54.712791,-1.072766,-1.297748,-1.185257,4326,4619,4837
IsPETaseWT_pool_2266,5.324225,54.889606,-0.747037,-1.014592,-0.880814,3759,4332,4480
IsPETaseWT_pool_2267,7.558092,56.684368,0.153855,1.859582,1.006718,2063,202,487
IsPETaseWT_pool_2268,10.695956,55.604912,1.419318,0.130915,0.775117,470,2071,775
IsPETaseWT_pool_2269,6.848792,55.927364,-0.132197,0.647298,0.257550,2583,1166,1703
IsPETaseWT_pool_2270,6.789157,54.849697,-0.156247,-1.078504,-0.617376,2624,4413,3929
IsPETaseWT_pool_2271,7.568436,56.461601,0.158027,1.502838,0.830432,2053,345,695
IsPETaseWT_pool_2272,4.482031,55.720310,-1.086684,0.315716,-0.385484,4345,1716,3351
IsPETaseWT_pool_2273,3.788719,55.349197,-1.366288,-0.278592,-0.822440,4664,2959,4371
IsPETaseWT_pool_2274,4.402536,56.337620,-1.118743,1.304291,0.092774,4384,459,2095
IsPETaseWT_pool_2275,6.496199,55.057274,-0.274394,-0.746086,-0.510240,2854,3895,3673
IsPETaseWT_pool_2276,9.668048,56.421783,1.004775,1.439072,1.221924,810,379,303
IsPETaseWT_pool_2277,5.400945,55.420830,-0.716096,-0.163879,-0.439988,3715,2716,3495
IsPETaseWT_pool_2278,8.238786,55.304947,0.428371,-0.349456,0.039457,1591,3100,2241
IsPETaseWT_pool_2279,12.611692,55.232716,2.191912,-0.465129,0.863391,116,3340,644
IsPETaseWT_pool_2280,9.667756,55.459431,1.004657,-0.102062,0.451298,811,2592,1304
IsPETaseWT_pool_2281,8.434981,55.624313,0.507494,0.161985,0.334739,1472,2007,1540
IsPETaseWT_pool_2282,10.431713,54.979713,1.312752,-0.870293,0.221230,542,4116,1784
IsPETaseWT_pool_2283,9.441059,55.756378,0.913233,0.373477,0.643355,918,1603,973
IsPETaseWT_pool_2284,8.517388,57.035683,0.540728,2.422185,1.481456,1411,84,153
IsPETaseWT_pool_2285,9.170095,55.795734,0.803957,0.436503,0.620230,1044,1487,1011
IsPETaseWT_pool_2286,7.912641,55.674557,0.296841,0.242446,0.269643,1808,1852,1675
IsPETaseWT_pool_2287,11.968871,55.260586,1.932670,-0.420497,0.756086,201,3232,795
IsPETaseWT_pool_2288,6.315586,57.317162,-0.347233,2.872952,1.262860,3006,39,274
IsPETaseWT_pool_2289,7.279863,56.820206,0.041649,2.077115,1.059382,2248,138,429
IsPETaseWT_pool_2290,5.313038,56.144783,-0.751548,0.995477,0.121964,3766,711,2033
IsPETaseWT_pool_2291,12.300810,54.220730,2.066537,-2.085747,-0.009605,154,4942,2362
IsPETaseWT_pool_2292,7.755520,55.955139,0.233476,0.691777,0.462626,1920,1097,1287
IsPETaseWT_pool_2293,5.669621,56.520863,-0.607743,1.597740,0.494999,3522,302,1224
IsPETaseWT_pool_2294,6.276988,54.286827,-0.362799,-1.979897,-1.171348,3034,4924,4827
IsPETaseWT_pool_2295,9.012659,55.034378,0.740465,-0.782752,-0.021143,1117,3963,2388
IsPETaseWT_pool_2296,6.951307,55.408394,-0.090854,-0.183794,-0.137324,2495,2748,2693
IsPETaseWT_pool_2297,10.636440,56.242695,1.395316,1.152276,1.273796,481,581,264
IsPETaseWT_pool_2298,9.580794,55.891094,0.969587,0.589214,0.779400,860,1247,766
IsPETaseWT_pool_2299,9.860234,55.516293,1.082282,-0.011002,0.535640,739,2381,1160
IsPETaseWT_pool_2300,6.037702,55.770382,-0.459300,0.395903,-0.031699,3213,1559,2411
IsPETaseWT_pool_2301,8.658656,56.389919,0.597700,1.388044,0.992872,1332,413,509
IsPETaseWT_pool_2302,6.714992,55.570568,-0.186157,0.075916,-0.055121,2689,2202,2482
IsPETaseWT_pool_2303,3.697844,54.667892,-1.402937,-1.369650,-1.386294,4687,4672,4938
IsPETaseWT_pool_2304,8.010387,54.546913,0.336260,-1.563389,-0.613565,1742,4777,3922
IsPETaseWT_pool_2305,3.829323,55.597446,-1.349913,0.118960,-0.615477,4650,2100,3926
IsPETaseWT_pool_2306,5.277577,55.642609,-0.765849,0.191283,-0.287283,3795,1952,3098
IsPETaseWT_pool_2307,7.016154,55.117348,-0.064702,-0.649882,-0.357292,2443,3724,3287
IsPETaseWT_pool_2308,12.397522,55.523129,2.105540,-0.000055,1.052742,139,2352,436
IsPETaseWT_pool_2309,5.655049,55.569332,-0.613619,0.073937,-0.269841,3526,2206,3045
IsPETaseWT_pool_2310,9.186351,56.264263,0.810513,1.186816,0.998664,1032,558,498
IsPETaseWT_pool_2311,2.933221,55.107315,-1.711300,-0.665949,-1.188624,4872,3758,4843
IsPETaseWT_pool_2312,9.357323,57.200081,0.879464,2.685456,1.782460,946,51,60
IsPETaseWT_pool_2313,6.941297,56.214539,-0.094891,1.107185,0.506147,2503,616,1204
IsPETaseWT_pool_2314,6.873954,54.619911,-0.122050,-1.446489,-0.784269,2561,4718,4289
IsPETaseWT_pool_2315,10.362690,56.301281,1.284916,1.246097,1.265506,561,506,271
IsPETaseWT_pool_2316,13.107622,56.690071,2.391914,1.868715,2.130314,65,196,24
IsPETaseWT_pool_2317,4.493430,55.436737,-1.082086,-0.138404,-0.610245,4339,2664,3912
IsPETaseWT_pool_2318,9.758731,55.485256,1.041347,-0.060705,0.490321,771,2491,1233
IsPETaseWT_pool_2319,7.541853,54.900566,0.147306,-0.997041,-0.424867,2073,4314,3456
IsPETaseWT_pool_2320,5.337646,54.783131,-0.741624,-1.185105,-0.963365,3753,4543,4613
IsPETaseWT_pool_2321,7.835907,55.341278,0.265895,-0.291275,-0.012690,1857,2979,2369
IsPETaseWT_pool_2322,7.520018,56.700592,0.138500,1.885563,1.012032,2087,188,484
IsPETaseWT_pool_2323,7.206142,54.595917,0.011918,-1.484914,-0.736498,2301,4740,4187
IsPETaseWT_pool_2324,4.812856,55.246445,-0.953266,-0.443143,-0.698204,4130,3287,4100
IsPETaseWT_pool_2325,5.609750,55.935673,-0.631888,0.660603,0.014358,3551,1145,2288
IsPETaseWT_pool_2326,4.723533,55.464634,-0.989289,-0.093730,-0.541509,4197,2575,3747
IsPETaseWT_pool_2327,8.522473,55.753536,0.542779,0.368925,0.455852,1409,1615,1298
IsPETaseWT_pool_2328,5.057061,55.636410,-0.854781,0.181356,-0.336712,3972,1973,3233
IsPETaseWT_pool_2329,4.459975,55.714939,-1.095578,0.307115,-0.394232,4356,1724,3370
IsPETaseWT_pool_2330,7.284611,55.176170,0.043564,-0.555682,-0.256059,2242,3519,3000
IsPETaseWT_pool_2331,4.290172,55.535374,-1.164058,0.019555,-0.572252,4446,2310,3810
IsPETaseWT_pool_2332,8.778359,55.432026,0.645974,-0.145949,0.250013,1255,2681,1721
IsPETaseWT_pool_2333,3.874329,54.889702,-1.331763,-1.014439,-1.173101,4634,4331,4830
IsPETaseWT_pool_2334,7.582061,55.604458,0.163522,0.130188,0.146855,2043,2075,1955
IsPETaseWT_pool_2335,8.161630,55.551811,0.397255,0.045878,0.221567,1640,2263,1782
IsPETaseWT_pool_2336,11.868966,56.324879,1.892379,1.283887,1.588133,214,476,114
IsPETaseWT_pool_2337,5.697896,55.720707,-0.596340,0.316352,-0.139994,3498,1712,2701
IsPETaseWT_pool_2338,11.022945,56.000664,1.551189,0.764681,1.157935,388,1014,352
IsPETaseWT_pool_2339,6.485386,55.149193,-0.278754,-0.598884,-0.438819,2869,3615,3488
IsPETaseWT_pool_2340,3.621306,55.922382,-1.433804,0.639320,-0.397242,4707,1180,3378
IsPETaseWT_pool_2341,3.530812,55.789753,-1.470299,0.426924,-0.521688,4734,1503,3698
IsPETaseWT_pool_2342,12.623423,55.556965,2.196643,0.054131,1.125387,110,2244,371
IsPETaseWT_pool_2343,5.996422,55.429867,-0.475948,-0.149407,-0.312677,3245,2694,3170
IsPETaseWT_pool_2344,2.106417,55.043503,-2.044740,-0.768139,-1.406440,4970,3934,4943
IsPETaseWT_pool_2345,4.392990,54.770336,-1.122593,-1.205595,-1.164094,4386,4559,4824
IsPETaseWT_pool_2346,7.605020,55.125080,0.172781,-0.637499,-0.232359,2030,3689,2934
IsPETaseWT_pool_2347,3.323772,55.082790,-1.553796,-0.705223,-1.129509,4793,3826,4794
IsPETaseWT_pool_2348,3.895133,56.043137,-1.323373,0.832698,-0.245337,4624,930,2966
IsPETaseWT_pool_2349,5.720001,55.437801,-0.587425,-0.136700,-0.362062,3478,2658,3304
IsPETaseWT_pool_2350,11.140993,54.762844,1.598796,-1.217592,0.190602,356,4571,1854
IsPETaseWT_pool_2351,4.053066,54.944782,-1.259680,-0.926232,-1.092956,4557,4191,4758
IsPETaseWT_pool_2352,9.473529,55.498833,0.926328,-0.038963,0.443683,899,2450,1321
IsPETaseWT_pool_2353,4.232448,55.694813,-1.187337,0.274884,-0.456227,4477,1786,3534
IsPETaseWT_pool_2354,7.727158,55.561901,0.222037,0.062036,0.142037,1952,2227,1975
IsPETaseWT_pool_2355,5.816901,55.555988,-0.548346,0.052567,-0.247889,3402,2253,2971
IsPETaseWT_pool_2356,5.841813,55.916775,-0.538300,0.630339,0.046020,3382,1190,2228
IsPETaseWT_pool_2357,10.878948,56.089546,1.493117,0.907020,1.200068,420,828,325
IsPETaseWT_pool_2358,7.619854,55.384224,0.178763,-0.222500,-0.021869,2017,2829,2389
IsPETaseWT_pool_2359,5.945659,54.920860,-0.496420,-0.964542,-0.730481,3291,4270,4172
IsPETaseWT_pool_2360,3.158322,55.248650,-1.620520,-0.439612,-1.030066,4834,3277,4696
IsPETaseWT_pool_2361,11.539530,55.493515,1.759522,-0.047479,0.856021,264,2466,655
IsPETaseWT_pool_2362,9.715181,54.990086,1.023783,-0.853683,0.085050,788,4085,2119
IsPETaseWT_pool_2363,10.603083,55.794781,1.381864,0.434975,0.908420,494,1492,598
IsPETaseWT_pool_2364,5.348030,55.072456,-0.737436,-0.721772,-0.729604,3751,3853,4171
IsPETaseWT_pool_2365,4.657320,56.073860,-1.015992,0.881900,-0.067046,4237,865,2513
IsPETaseWT_pool_2366,11.318829,55.676884,1.670516,0.246172,0.958344,311,1844,542
IsPETaseWT_pool_2367,10.090544,55.407860,1.175163,-0.184649,0.495257,642,2754,1223
IsPETaseWT_pool_2368,11.034598,55.604435,1.555889,0.130151,0.843020,384,2077,676
IsPETaseWT_pool_2369,4.445785,55.185535,-1.101301,-0.540685,-0.820993,4368,3489,4367
IsPETaseWT_pool_2370,3.740049,55.258335,-1.385916,-0.424101,-0.905009,4678,3239,4524
IsPETaseWT_pool_2371,5.422774,55.225636,-0.707293,-0.476467,-0.591880,3700,3364,3869
IsPETaseWT_pool_2372,11.836022,55.777649,1.879093,0.407540,1.143317,221,1542,360
IsPETaseWT_pool_2373,8.737802,55.756699,0.629618,0.373990,0.501804,1284,1602,1211
IsPETaseWT_pool_2374,7.728881,55.333824,0.222732,-0.303211,-0.040240,1950,3001,2437
IsPETaseWT_pool_2375,7.765232,55.469646,0.237392,-0.085702,0.075845,1913,2549,2143
IsPETaseWT_pool_2376,7.374715,55.088806,0.079901,-0.695589,-0.307844,2182,3811,3158
IsPETaseWT_pool_2377,8.803050,55.837624,0.655932,0.503585,0.579758,1233,1364,1080
IsPETaseWT_pool_2378,5.950572,55.224350,-0.494438,-0.478526,-0.486482,3286,3372,3618
IsPETaseWT_pool_2379,6.752482,56.553467,-0.171038,1.649953,0.739458,2658,282,823
IsPETaseWT_pool_2380,6.177716,54.771858,-0.402834,-1.203157,-0.802996,3108,4558,4340
IsPETaseWT_pool_2381,6.137654,55.082619,-0.418991,-0.705498,-0.562244,3133,3828,3790
IsPETaseWT_pool_2382,9.782951,55.592075,1.051114,0.110358,0.580736,766,2125,1076
IsPETaseWT_pool_2383,7.195204,54.965530,0.007507,-0.893006,-0.442750,2314,4144,3501
IsPETaseWT_pool_2384,6.217370,54.831608,-0.386842,-1.107473,-0.747157,3080,4458,4212
IsPETaseWT_pool_2385,6.734642,55.541676,-0.178232,0.029647,-0.074293,2676,2288,2527
IsPETaseWT_pool_2386,8.559143,55.177326,0.557567,-0.553831,0.001868,1386,3517,2313
IsPETaseWT_pool_2387,6.923512,56.766178,-0.102063,1.990594,0.944265,2519,162,553
IsPETaseWT_pool_2388,5.698839,54.749729,-0.595959,-1.238595,-0.917277,3497,4587,4536
IsPETaseWT_pool_2389,8.164943,56.417046,0.398591,1.431485,0.915038,1639,383,591
IsPETaseWT_pool_2390,7.048724,54.373947,-0.051567,-1.840381,-0.945974,2417,4888,4580
IsPETaseWT_pool_2391,7.832663,55.982979,0.264586,0.736360,0.500473,1860,1042,1212
IsPETaseWT_pool_2392,4.365635,54.933868,-1.133625,-0.943710,-1.038667,4400,4234,4709
IsPETaseWT_pool_2393,4.239928,55.678658,-1.184321,0.249013,-0.467654,4471,1840,3568
IsPETaseWT_pool_2394,5.785112,55.523453,-0.561167,0.000464,-0.280351,3426,2350,3075
IsPETaseWT_pool_2395,5.156007,54.916901,-0.814877,-0.970883,-0.892880,3900,4278,4499
IsPETaseWT_pool_2396,8.788691,55.367298,0.650141,-0.249605,0.200268,1245,2887,1824
IsPETaseWT_pool_2397,5.228898,56.095856,-0.785481,0.917124,0.065821,3833,815,2177
IsPETaseWT_pool_2398,7.020096,54.560169,-0.063112,-1.542161,-0.802636,2441,4767,4339
IsPETaseWT_pool_2399,8.765325,56.384449,0.640718,1.379284,1.010001,1264,419,486
IsPETaseWT_pool_2400,9.811361,55.245129,1.062572,-0.445251,0.308661,752,3290,1596
IsPETaseWT_pool_2401,5.510058,55.646805,-0.672093,0.198003,-0.237045,3639,1939,2945
IsPETaseWT_pool_2402,8.847209,56.430031,0.673741,1.452280,1.063010,1208,373,423
IsPETaseWT_pool_2403,10.883744,55.118084,1.495051,-0.648703,0.423174,416,3718,1359
IsPETaseWT_pool_2404,8.124066,55.114857,0.382106,-0.653871,-0.135883,1665,3731,2690
IsPETaseWT_pool_2405,6.419100,55.601124,-0.305487,0.124849,-0.090319,2926,2096,2568
IsPETaseWT_pool_2406,5.546921,55.691113,-0.657226,0.268959,-0.194134,3604,1802,2833
IsPETaseWT_pool_2407,5.198910,55.289333,-0.797575,-0.374460,-0.586017,3860,3139,3851
IsPETaseWT_pool_2408,8.939695,55.746918,0.711039,0.358326,0.534683,1154,1640,1163
IsPETaseWT_pool_2409,0.065935,57.414753,-2.867642,3.029237,0.080797,4998,29,2133
IsPETaseWT_pool_2410,4.982843,55.169804,-0.884712,-0.565878,-0.725295,4031,3541,4164
IsPETaseWT_pool_2411,5.715691,55.697605,-0.589163,0.279356,-0.154904,3482,1772,2725
IsPETaseWT_pool_2412,6.266317,55.320618,-0.367102,-0.324361,-0.345731,3043,3049,3253
IsPETaseWT_pool_2413,5.099033,55.694130,-0.837854,0.273791,-0.282032,3941,1790,3083
IsPETaseWT_pool_2414,6.985087,54.563171,-0.077231,-1.537353,-0.807292,2468,4764,4346
IsPETaseWT_pool_2415,5.373309,56.081593,-0.727242,0.894283,0.083520,3735,849,2123
IsPETaseWT_pool_2416,5.202750,54.852989,-0.796026,-1.073232,-0.934629,3856,4404,4563
IsPETaseWT_pool_2417,7.073263,55.387989,-0.041671,-0.216471,-0.129071,2394,2814,2672
IsPETaseWT_pool_2418,11.475677,54.594231,1.733770,-1.487614,0.123078,272,4741,2030
IsPETaseWT_pool_2419,6.599727,55.154026,-0.232642,-0.591144,-0.411893,2775,3594,3419
IsPETaseWT_pool_2420,5.676335,56.055595,-0.605035,0.852650,0.123808,3513,898,2025
IsPETaseWT_pool_2421,3.508766,55.593651,-1.479190,0.112881,-0.683154,4739,2118,4072
IsPETaseWT_pool_2422,8.858734,54.763592,0.678389,-1.216395,-0.269003,1195,4570,3044
IsPETaseWT_pool_2423,9.250957,55.853550,0.836567,0.529090,0.682829,999,1331,908
IsPETaseWT_pool_2424,2.768885,55.284599,-1.777575,-0.382041,-1.079808,4903,3153,4748
IsPETaseWT_pool_2425,10.008719,55.055119,1.142164,-0.749537,0.196313,674,3902,1838
IsPETaseWT_pool_2426,4.682535,55.557480,-1.005823,0.054956,-0.475433,4223,2242,3588
IsPETaseWT_pool_2427,6.609817,56.011497,-0.228573,0.782031,0.276729,2767,994,1661
IsPETaseWT_pool_2428,10.836355,55.796185,1.475940,0.437223,0.956581,433,1484,544
IsPETaseWT_pool_2429,5.944582,55.557499,-0.496854,0.054987,-0.220934,3293,2241,2903
IsPETaseWT_pool_2430,6.989258,55.677189,-0.075549,0.246661,0.085556,2465,1843,2118
IsPETaseWT_pool_2431,5.011716,55.407513,-0.873068,-0.185205,-0.529136,4009,2756,3715
IsPETaseWT_pool_2432,12.439904,56.303692,2.122632,1.249958,1.686295,135,504,86
IsPETaseWT_pool_2433,4.419074,54.830387,-1.112073,-1.109427,-1.110750,4378,4460,4771
IsPETaseWT_pool_2434,7.782503,55.195026,0.244357,-0.525485,-0.140564,1905,3459,2704
IsPETaseWT_pool_2435,9.137029,55.480186,0.790622,-0.068823,0.360899,1058,2513,1485
IsPETaseWT_pool_2436,4.975711,55.812740,-0.887588,0.463736,-0.211926,4034,1441,2878
IsPETaseWT_pool_2437,4.202193,55.951622,-1.199539,0.686145,-0.256697,4491,1109,3003
IsPETaseWT_pool_2438,6.036912,56.093975,-0.459619,0.914112,0.227247,3215,820,1768
IsPETaseWT_pool_2439,7.070179,55.560955,-0.042914,0.060521,0.008804,2397,2233,2300
IsPETaseWT_pool_2440,5.128195,55.629234,-0.826093,0.169865,-0.328114,3920,1993,3210
IsPETaseWT_pool_2441,4.815515,54.880157,-0.952193,-1.029724,-0.990959,4125,4348,4654
IsPETaseWT_pool_2442,4.792992,55.747040,-0.961277,0.358522,-0.301377,4148,1639,3139
IsPETaseWT_pool_2443,5.927903,55.336128,-0.503581,-0.299522,-0.401551,3315,2997,3390
IsPETaseWT_pool_2444,8.004619,55.759132,0.333934,0.377887,0.355911,1745,1596,1495
IsPETaseWT_pool_2445,7.323949,55.098454,0.059428,-0.680140,-0.310356,2219,3787,3168
IsPETaseWT_pool_2446,5.758640,55.295261,-0.571842,-0.364967,-0.468405,3447,3126,3569
IsPETaseWT_pool_2447,11.177894,55.157551,1.613678,-0.585500,0.514089,348,3581,1192
IsPETaseWT_pool_2448,6.331884,56.327202,-0.340660,1.287607,0.473474,2991,472,1266
IsPETaseWT_pool_2449,4.385641,55.730450,-1.125556,0.331954,-0.396801,4391,1688,3377
IsPETaseWT_pool_2450,4.694652,54.799263,-1.000936,-1.159270,-1.080103,4218,4519,4749
IsPETaseWT_pool_2451,5.262847,56.009731,-0.771790,0.779202,0.003706,3811,998,2311
IsPETaseWT_pool_2452,8.657963,54.768036,0.597420,-1.209278,-0.305929,1333,4563,3153
IsPETaseWT_pool_2453,13.401074,55.610802,2.510260,0.140347,1.325304,51,2052,237
IsPETaseWT_pool_2454,10.061549,54.940384,1.163470,-0.933276,0.115097,657,4211,2048
IsPETaseWT_pool_2455,8.387002,56.726654,0.488145,1.927299,1.207722,1504,179,317
IsPETaseWT_pool_2456,11.144803,55.753010,1.600333,0.368082,0.984208,355,1617,516
IsPETaseWT_pool_2457,4.665567,55.585693,-1.012666,0.100138,-0.456264,4234,2148,3535
IsPETaseWT_pool_2458,12.624894,55.852016,2.197236,0.526634,1.361935,109,1333,218
IsPETaseWT_pool_2459,3.520675,55.639160,-1.474387,0.185761,-0.644313,4738,1959,3992
IsPETaseWT_pool_2460,9.384412,55.521648,0.890388,-0.002425,0.443981,933,2359,1320
IsPETaseWT_pool_2461,5.039871,54.906200,-0.861713,-0.988018,-0.924866,3984,4305,4547
IsPETaseWT_pool_2462,5.492264,55.717823,-0.679269,0.311733,-0.183768,3648,1721,2806
IsPETaseWT_pool_2463,4.205294,55.227032,-1.198288,-0.474231,-0.836260,4490,3358,4405
IsPETaseWT_pool_2464,7.834229,55.537663,0.265218,0.023220,0.144219,1858,2301,1966
IsPETaseWT_pool_2465,5.817889,55.354202,-0.547948,-0.270577,-0.409263,3401,2941,3409
IsPETaseWT_pool_2466,9.571860,56.297588,0.965984,1.240183,1.103084,866,510,390
IsPETaseWT_pool_2467,3.780579,55.276524,-1.369571,-0.394974,-0.882272,4666,3173,4482
IsPETaseWT_pool_2468,6.391628,54.776833,-0.316566,-1.195191,-0.755878,2939,4551,4227
IsPETaseWT_pool_2469,7.203412,56.911915,0.010817,2.223980,1.117399,2303,107,376
IsPETaseWT_pool_2470,11.444173,55.954575,1.721065,0.690873,1.205969,280,1098,318
IsPETaseWT_pool_2471,8.779567,54.417038,0.646461,-1.771375,-0.562457,1253,4864,3791
IsPETaseWT_pool_2472,8.535253,55.521126,0.547933,-0.003262,0.272335,1402,2361,1666
IsPETaseWT_pool_2473,4.514085,56.725925,-1.073757,1.926133,0.426188,4328,180,1354
IsPETaseWT_pool_2474,7.481789,55.867229,0.123083,0.550996,0.337040,2110,1301,1531
IsPETaseWT_pool_2475,7.955292,55.774872,0.314041,0.403093,0.358567,1786,1547,1489
IsPETaseWT_pool_2476,7.773822,55.041748,0.240857,-0.770949,-0.265046,1909,3938,3027
IsPETaseWT_pool_2477,7.471565,55.401760,0.118960,-0.194417,-0.037729,2119,2776,2427
IsPETaseWT_pool_2478,5.414417,56.583958,-0.710663,1.698782,0.494059,3705,256,1227
IsPETaseWT_pool_2479,4.388253,55.445274,-1.124503,-0.124732,-0.624618,4390,2636,3939
IsPETaseWT_pool_2480,3.491042,55.488400,-1.486338,-0.055671,-0.771004,4746,2479,4267
IsPETaseWT_pool_2481,3.991455,55.972233,-1.284527,0.719151,-0.282688,4584,1063,3086
IsPETaseWT_pool_2482,8.883315,55.371006,0.688302,-0.243668,0.222317,1182,2872,1781
IsPETaseWT_pool_2483,9.482486,55.589195,0.929940,0.105746,0.517843,895,2132,1185
IsPETaseWT_pool_2484,4.763639,56.961098,-0.973114,2.302743,0.664814,4171,95,938
IsPETaseWT_pool_2485,8.904089,56.097626,0.696680,0.919958,0.808319,1171,809,726
IsPETaseWT_pool_2486,7.045055,55.822487,-0.053047,0.479345,0.213149,2419,1410,1798
IsPETaseWT_pool_2487,7.562016,55.122925,0.155438,-0.640951,-0.242757,2061,3697,2960
IsPETaseWT_pool_2488,5.898892,54.501255,-0.515280,-1.636507,-1.075894,3345,4814,4746
IsPETaseWT_pool_2489,7.910418,54.424068,0.295944,-1.760116,-0.732086,1809,4859,4175
IsPETaseWT_pool_2490,6.098458,55.411278,-0.434798,-0.179175,-0.306987,3169,2742,3156
IsPETaseWT_pool_2491,9.444843,55.106171,0.914759,-0.667781,0.123489,915,3760,2028
IsPETaseWT_pool_2492,10.922529,55.386944,1.510692,-0.218144,0.646274,406,2819,963
IsPETaseWT_pool_2493,8.159715,55.698586,0.396483,0.280926,0.338704,1643,1768,1526
IsPETaseWT_pool_2494,7.077017,55.264236,-0.040157,-0.414651,-0.227404,2390,3222,2921
IsPETaseWT_pool_2495,6.787830,56.004967,-0.156782,0.771572,0.307395,2626,1002,1600
IsPETaseWT_pool_2496,7.766347,55.846375,0.237842,0.517599,0.377720,1912,1349,1447
IsPETaseWT_pool_2497,7.038769,53.903706,-0.055582,-2.593437,-1.324509,2423,4986,4909
IsPETaseWT_pool_2498,9.727850,56.099091,1.028893,0.922304,0.975599,782,806,522
IsPETaseWT_pool_2499,9.623688,56.393211,0.986885,1.393316,1.190101,836,407,334
IsPETaseWT_pool_2500,3.790121,55.951027,-1.365723,0.685192,-0.340265,4663,1114,3244
IsPETaseWT_pool_2501,12.094266,55.102261,1.983240,-0.674043,0.654599,182,3774,950
IsPETaseWT_pool_2502,7.514858,55.762253,0.136419,0.382884,0.259652,2090,1591,1697
IsPETaseWT_pool_2503,8.803835,55.255173,0.656248,-0.429166,0.113541,1232,3252,2054
IsPETaseWT_pool_2504,5.569337,55.967999,-0.648186,0.712370,0.032092,3586,1075,2254
IsPETaseWT_pool_2505,5.775032,56.459011,-0.565232,1.498690,0.466729,3429,347,1281
IsPETaseWT_pool_2506,8.446160,54.654491,0.512002,-1.391111,-0.439554,1467,4689,3494
IsPETaseWT_pool_2507,11.790480,55.368290,1.860727,-0.248017,0.806355,226,2882,728
IsPETaseWT_pool_2508,5.418039,55.522758,-0.709203,-0.000648,-0.354925,3703,2356,3281
IsPETaseWT_pool_2509,10.632657,55.946918,1.393791,0.678612,1.036201,483,1118,455
IsPETaseWT_pool_2510,8.014165,55.236271,0.337784,-0.459436,-0.060826,1737,3326,2499
IsPETaseWT_pool_2511,13.500265,57.089413,2.550263,2.508229,2.529246,45,71,12
IsPETaseWT_pool_2512,6.842657,55.604160,-0.134671,0.129711,-0.002480,2590,2078,2336
IsPETaseWT_pool_2513,9.315530,54.508915,0.862609,-1.624241,-0.380816,967,4807,3341
IsPETaseWT_pool_2514,2.331357,56.189793,-1.954025,1.067557,-0.443234,4955,655,3504
IsPETaseWT_pool_2515,3.477728,55.547459,-1.491707,0.038908,-0.726400,4749,2271,4167
IsPETaseWT_pool_2516,9.631624,54.915482,0.990086,-0.973155,0.008465,828,4282,2302
IsPETaseWT_pool_2517,10.853240,55.797150,1.482749,0.438769,0.960759,426,1482,539
IsPETaseWT_pool_2518,6.897009,55.823803,-0.112752,0.481452,0.184350,2543,1408,1870
IsPETaseWT_pool_2519,4.163633,55.465042,-1.215090,-0.093076,-0.654083,4514,2573,4012
IsPETaseWT_pool_2520,7.104763,56.758247,-0.028967,1.977894,0.974463,2375,167,524
IsPETaseWT_pool_2521,6.759903,56.643459,-0.168045,1.794069,0.813012,2653,214,717
IsPETaseWT_pool_2522,8.640009,54.841938,0.590179,-1.090930,-0.250375,1347,4431,2981
IsPETaseWT_pool_2523,6.682868,55.965324,-0.199112,0.708088,0.254488,2710,1077,1712
IsPETaseWT_pool_2524,6.100508,57.504063,-0.433971,3.172260,1.369144,3168,25,211
IsPETaseWT_pool_2525,9.968783,55.909775,1.126058,0.619130,0.872594,693,1204,638
IsPETaseWT_pool_2526,8.881030,57.066231,0.687380,2.471106,1.579243,1184,79,117
IsPETaseWT_pool_2527,6.197368,55.933002,-0.394909,0.656327,0.130709,3092,1151,2002
IsPETaseWT_pool_2528,8.428337,54.036785,0.504815,-2.380321,-0.937753,1478,4978,4571
IsPETaseWT_pool_2529,6.021073,55.779854,-0.466006,0.411071,-0.027468,3229,1538,2399
IsPETaseWT_pool_2530,4.974387,54.574306,-0.888122,-1.519521,-1.203822,4035,4753,4853
IsPETaseWT_pool_2531,12.669801,55.052811,2.215346,-0.753233,0.731057,107,3909,839
IsPETaseWT_pool_2532,10.480617,55.556217,1.332475,0.052934,0.692704,530,2250,894
IsPETaseWT_pool_2533,7.364698,56.061256,0.075862,0.861716,0.468789,2188,885,1274
IsPETaseWT_pool_2534,8.970785,55.690395,0.723577,0.267810,0.495694,1140,1805,1220
IsPETaseWT_pool_2535,6.751179,55.460945,-0.171563,-0.099637,-0.135600,2660,2585,2688
IsPETaseWT_pool_2536,5.478339,55.769394,-0.684884,0.394320,-0.145282,3660,1561,2714
IsPETaseWT_pool_2537,7.574081,55.019527,0.160303,-0.806534,-0.323115,2051,4006,3199
IsPETaseWT_pool_2538,7.136723,55.304817,-0.016078,-0.349664,-0.182871,2355,3102,2804
IsPETaseWT_pool_2539,6.048901,56.701515,-0.454784,1.887041,0.716129,3205,187,855
IsPETaseWT_pool_2540,4.806481,55.819069,-0.955837,0.473871,-0.240983,4135,1424,2956
IsPETaseWT_pool_2541,6.543943,55.713699,-0.255139,0.305130,0.024995,2817,1731,2263
IsPETaseWT_pool_2542,4.440855,54.679768,-1.103289,-1.350633,-1.226961,4372,4659,4861
IsPETaseWT_pool_2543,6.454623,55.041416,-0.291161,-0.771481,-0.531321,2897,3940,3724
IsPETaseWT_pool_2544,7.986601,55.063084,0.326668,-0.736782,-0.205057,1764,3872,2858
IsPETaseWT_pool_2545,10.594005,56.489162,1.378203,1.546975,1.462589,500,326,164
IsPETaseWT_pool_2546,6.458229,55.436085,-0.289706,-0.139449,-0.214578,2891,2669,2887
IsPETaseWT_pool_2547,8.767945,54.520710,0.641774,-1.605352,-0.481789,1260,4795,3607
IsPETaseWT_pool_2548,12.832196,56.221306,2.280838,1.118023,1.699431,88,610,82
IsPETaseWT_pool_2549,5.109690,55.180653,-0.833556,-0.548504,-0.691030,3933,3510,4085
IsPETaseWT_pool_2550,6.125630,55.326012,-0.423840,-0.315723,-0.369781,3143,3034,3320
IsPETaseWT_pool_2551,2.709342,55.242146,-1.801588,-0.450028,-1.125808,4913,3299,4788
IsPETaseWT_pool_2552,10.080085,55.482426,1.170945,-0.065237,0.552854,649,2505,1126
IsPETaseWT_pool_2553,8.766738,54.779251,0.641288,-1.191318,-0.275015,1262,4547,3061
IsPETaseWT_pool_2554,4.884845,55.512554,-0.924233,-0.016989,-0.470611,4089,2393,3576
IsPETaseWT_pool_2555,7.442096,54.993805,0.107075,-0.847726,-0.370325,2143,4073,3321
IsPETaseWT_pool_2556,4.407681,54.344749,-1.116668,-1.887139,-1.501904,4382,4897,4965
IsPETaseWT_pool_2557,6.998867,54.817688,-0.071674,-1.129764,-0.600719,2457,4489,3888
IsPETaseWT_pool_2558,11.525451,55.929672,1.753844,0.650994,1.202419,267,1159,322
IsPETaseWT_pool_2559,5.094934,55.697906,-0.839507,0.279839,-0.279834,3944,1771,3074
IsPETaseWT_pool_2560,6.351327,55.924980,-0.332819,0.643480,0.155331,2971,1172,1933
IsPETaseWT_pool_2561,9.639832,55.502304,0.993396,-0.033404,0.479996,824,2433,1253
IsPETaseWT_pool_2562,5.380398,55.411552,-0.724383,-0.178736,-0.451559,3731,2741,3525
IsPETaseWT_pool_2563,11.611960,55.153858,1.788732,-0.591413,0.598659,254,3597,1042
IsPETaseWT_pool_2564,9.225277,55.190239,0.826211,-0.533152,0.146529,1013,3470,1956
IsPETaseWT_pool_2565,8.230067,56.021698,0.424855,0.798366,0.611610,1597,964,1018
IsPETaseWT_pool_2566,6.325889,54.666187,-0.343078,-1.372381,-0.857729,2996,4675,4445
IsPETaseWT_pool_2567,8.815423,55.984814,0.660922,0.739299,0.700110,1225,1041,883
IsPETaseWT_pool_2568,4.186519,55.235634,-1.205860,-0.460456,-0.833158,4500,3328,4399
IsPETaseWT_pool_2569,4.747062,56.313816,-0.979800,1.266171,0.143186,4183,488,1969
IsPETaseWT_pool_2570,8.924197,54.249516,0.704789,-2.039649,-0.667430,1163,4936,4039
IsPETaseWT_pool_2571,4.207314,55.526169,-1.197474,0.004814,-0.596330,4487,2338,3880
IsPETaseWT_pool_2572,6.870149,56.426178,-0.123584,1.446110,0.661263,2564,376,940
IsPETaseWT_pool_2573,7.082919,55.407551,-0.037776,-0.185144,-0.111460,2388,2755,2623
IsPETaseWT_pool_2574,4.526139,55.237892,-1.068895,-0.456839,-0.762867,4317,3319,4242
IsPETaseWT_pool_2575,7.279699,54.899002,0.041583,-0.999546,-0.478982,2250,4318,3597
IsPETaseWT_pool_2576,9.130206,56.365040,0.787870,1.348202,1.068036,1066,434,417
IsPETaseWT_pool_2577,4.935243,55.027454,-0.903909,-0.793839,-0.848874,4058,3983,4435
IsPETaseWT_pool_2578,6.711382,54.352524,-0.187613,-1.874689,-1.031151,2691,4893,4700
IsPETaseWT_pool_2579,9.474758,55.189762,0.926824,-0.533916,0.196454,897,3472,1837
IsPETaseWT_pool_2580,7.680893,55.677986,0.203379,0.247938,0.225659,1982,1842,1771
IsPETaseWT_pool_2581,8.244510,57.108635,0.430679,2.539013,1.484846,1587,65,150
IsPETaseWT_pool_2582,5.427969,56.305378,-0.705198,1.252658,0.273730,3698,501,1664
IsPETaseWT_pool_2583,4.598453,55.185883,-1.039732,-0.540129,-0.789930,4278,3488,4306
IsPETaseWT_pool_2584,9.254515,55.329048,0.838002,-0.310860,0.263571,997,3022,1684
IsPETaseWT_pool_2585,6.944247,56.328876,-0.093701,1.290289,0.598294,2499,469,1043
IsPETaseWT_pool_2586,7.887853,56.657383,0.286844,1.816367,1.051605,1823,209,437
IsPETaseWT_pool_2587,5.981329,55.280258,-0.482035,-0.388993,-0.435514,3257,3165,3482
IsPETaseWT_pool_2588,6.635753,55.338959,-0.218113,-0.294989,-0.256551,2751,2986,3001
IsPETaseWT_pool_2589,6.950828,55.209061,-0.091047,-0.503011,-0.297029,2497,3413,3128
IsPETaseWT_pool_2590,4.217449,55.674610,-1.193386,0.242531,-0.475428,4484,1850,3587
IsPETaseWT_pool_2591,5.925854,55.120655,-0.504407,-0.644585,-0.574496,3318,3710,3817
IsPETaseWT_pool_2592,3.546128,56.713772,-1.464122,1.906669,0.221274,4727,182,1783
IsPETaseWT_pool_2593,5.572906,55.754051,-0.646747,0.369750,-0.138498,3584,1612,2697
IsPETaseWT_pool_2594,9.250861,56.867386,0.836529,2.152671,1.494600,1000,114,148
IsPETaseWT_pool_2595,8.315355,55.346241,0.459250,-0.283327,0.087962,1549,2968,2115
IsPETaseWT_pool_2596,7.808073,55.429886,0.254670,-0.149376,0.052647,1881,2693,2208
IsPETaseWT_pool_2597,8.075130,55.404556,0.362370,-0.189939,0.086216,1698,2768,2117
IsPETaseWT_pool_2598,6.435087,56.319237,-0.299039,1.274852,0.487906,2914,483,1237
IsPETaseWT_pool_2599,9.270408,54.925816,0.844412,-0.956606,-0.056097,992,4255,2487
IsPETaseWT_pool_2600,4.592181,55.202133,-1.042261,-0.514104,-0.778183,4281,3432,4280
IsPETaseWT_pool_2601,11.278591,55.832096,1.654288,0.494733,1.074511,323,1383,413
IsPETaseWT_pool_2602,6.089383,55.173660,-0.438458,-0.559702,-0.499080,3173,3529,3647
IsPETaseWT_pool_2603,11.288019,55.027958,1.658090,-0.793033,0.432529,321,3982,1343
IsPETaseWT_pool_2604,5.245253,55.514496,-0.778885,-0.013880,-0.396382,3822,2386,3375
IsPETaseWT_pool_2605,10.777035,57.592087,1.452016,3.313224,2.382620,452,22,15
IsPETaseWT_pool_2606,2.421479,55.420017,-1.917680,-0.165180,-1.041430,4947,2718,4712
IsPETaseWT_pool_2607,3.824722,55.380081,-1.351768,-0.229134,-0.790451,4652,2847,4308
IsPETaseWT_pool_2608,7.918165,55.486076,0.299068,-0.059391,0.119839,1803,2488,2040
IsPETaseWT_pool_2609,6.495390,55.116520,-0.274720,-0.651208,-0.462964,2856,3727,3555
IsPETaseWT_pool_2610,7.960439,56.619091,0.316117,1.755045,1.035581,1782,238,459
IsPETaseWT_pool_2611,12.544020,55.411594,2.164620,-0.178668,0.992976,123,2740,508
IsPETaseWT_pool_2612,3.912011,55.257565,-1.316566,-0.425335,-0.870951,4614,3242,4471
IsPETaseWT_pool_2613,4.063803,55.149406,-1.255350,-0.598542,-0.926946,4553,3614,4549
IsPETaseWT_pool_2614,5.006853,55.826485,-0.875029,0.485747,-0.194641,4013,1398,2835
IsPETaseWT_pool_2615,7.090261,55.828789,-0.034815,0.489437,0.227311,2383,1387,1767
IsPETaseWT_pool_2616,6.667559,54.886730,-0.205286,-1.019198,-0.612242,2724,4337,3918
IsPETaseWT_pool_2617,9.049564,56.453899,0.755348,1.490504,1.122926,1107,351,374
IsPETaseWT_pool_2618,10.173771,55.576733,1.208727,0.085788,0.647258,612,2182,961
IsPETaseWT_pool_2619,7.908730,54.968315,0.295263,-0.888546,-0.296641,1811,4140,3123
IsPETaseWT_pool_2620,4.166568,54.796921,-1.213906,-1.163021,-1.188464,4511,4523,4842
IsPETaseWT_pool_2621,5.160337,54.988976,-0.813131,-0.855460,-0.834296,3896,4086,4401
IsPETaseWT_pool_2622,13.800807,55.691166,2.671468,0.269044,1.470256,33,1801,158
IsPETaseWT_pool_2623,4.571419,54.533955,-1.050634,-1.584141,-1.317388,4295,4788,4901
IsPETaseWT_pool_2624,8.427180,56.227619,0.504348,1.128133,0.816241,1479,597,712
IsPETaseWT_pool_2625,9.712011,56.394947,1.022505,1.396096,1.209300,791,406,316
IsPETaseWT_pool_2626,2.400278,55.195160,-1.926230,-0.525272,-1.225751,4949,3458,4860
IsPETaseWT_pool_2627,4.763699,55.713432,-0.973090,0.304702,-0.334194,4170,1732,3229
IsPETaseWT_pool_2628,6.201325,55.313129,-0.393313,-0.336352,-0.364833,3088,3068,3310
IsPETaseWT_pool_2629,12.687834,55.733177,2.222619,0.336322,1.279470,104,1682,259
IsPETaseWT_pool_2630,4.757078,54.868008,-0.975760,-1.049181,-1.012471,4177,4378,4680
IsPETaseWT_pool_2631,4.956896,55.874931,-0.895176,0.563330,-0.165923,4044,1290,2760
IsPETaseWT_pool_2632,10.272876,54.992908,1.248695,-0.849162,0.199767,584,4079,1826
IsPETaseWT_pool_2633,10.304059,55.668999,1.261271,0.233545,0.747408,581,1863,811
IsPETaseWT_pool_2634,7.502496,56.315811,0.131434,1.269366,0.700400,2098,485,882
IsPETaseWT_pool_2635,7.974763,55.849873,0.321894,0.523201,0.422547,1774,1341,1361
IsPETaseWT_pool_2636,6.550090,55.573135,-0.252660,0.080027,-0.086316,2809,2194,2553
IsPETaseWT_pool_2637,10.332622,56.037811,1.272790,0.824170,1.048480,573,937,441
IsPETaseWT_pool_2638,7.787624,55.174011,0.246423,-0.559140,-0.156358,1896,3526,2731
IsPETaseWT_pool_2639,5.905848,55.747784,-0.512475,0.359713,-0.076381,3338,1636,2530
IsPETaseWT_pool_2640,5.227372,56.015465,-0.786096,0.788384,0.001144,3836,983,2314
IsPETaseWT_pool_2641,10.532455,55.699486,1.353380,0.282368,0.817874,512,1767,708
IsPETaseWT_pool_2642,8.559830,55.363686,0.557844,-0.255391,0.151227,1385,2900,1944
IsPETaseWT_pool_2643,6.688363,56.254066,-0.196896,1.170486,0.486795,2705,568,1239
IsPETaseWT_pool_2644,5.723790,55.466507,-0.585897,-0.090730,-0.338314,3474,2564,3236
IsPETaseWT_pool_2645,4.882690,55.183147,-0.925103,-0.544509,-0.734806,4093,3496,4184
IsPETaseWT_pool_2646,6.697251,56.049454,-0.193312,0.842815,0.324751,2703,917,1562
IsPETaseWT_pool_2647,7.953502,56.373619,0.313319,1.361941,0.837630,1789,427,684
IsPETaseWT_pool_2648,4.690593,55.223583,-1.002573,-0.479754,-0.741163,4221,3375,4200
IsPETaseWT_pool_2649,4.770553,55.141338,-0.970326,-0.611463,-0.790894,4164,3637,4309
IsPETaseWT_pool_2650,5.723631,55.797707,-0.585961,0.439661,-0.073150,3476,1479,2522
IsPETaseWT_pool_2651,9.079140,55.565060,0.767276,0.067095,0.417185,1093,2218,1375
IsPETaseWT_pool_2652,9.138389,55.821007,0.791170,0.476974,0.634072,1057,1416,986
IsPETaseWT_pool_2653,11.150178,54.768425,1.602501,-1.208655,0.196923,353,4560,1835
IsPETaseWT_pool_2654,6.078631,57.397022,-0.442794,3.000843,1.279025,3188,30,260
IsPETaseWT_pool_2655,12.031233,54.817402,1.957820,-1.130222,0.413799,189,4490,1380
IsPETaseWT_pool_2656,5.186776,55.801853,-0.802468,0.446301,-0.178083,3873,1467,2791
IsPETaseWT_pool_2657,9.620669,55.260895,0.985668,-0.420002,0.282833,841,3229,1649
IsPETaseWT_pool_2658,6.088790,54.795662,-0.438697,-1.165037,-0.801867,3174,4527,4337
IsPETaseWT_pool_2659,6.269205,56.164024,-0.365938,1.026291,0.330177,3039,683,1547
IsPETaseWT_pool_2660,5.989721,57.065819,-0.478650,2.470446,0.995898,3249,80,502
IsPETaseWT_pool_2661,4.713758,54.854237,-0.993231,-1.071234,-1.032233,4207,4399,4703
IsPETaseWT_pool_2662,8.001135,55.235020,0.332529,-0.461439,-0.064455,1748,3330,2509
IsPETaseWT_pool_2663,2.821121,56.208038,-1.756509,1.096776,-0.329866,4891,633,3215
IsPETaseWT_pool_2664,9.151928,54.855648,0.796630,-1.068974,-0.136172,1050,4395,2691
IsPETaseWT_pool_2665,11.968227,55.256493,1.932410,-0.427052,0.752679,202,3246,801
IsPETaseWT_pool_2666,9.667354,56.022385,1.004495,0.799466,0.901980,812,961,608
IsPETaseWT_pool_2667,6.039874,54.986298,-0.458424,-0.859749,-0.659086,3212,4099,4020
IsPETaseWT_pool_2668,6.081631,55.419460,-0.441584,-0.166072,-0.303828,3183,2719,3148
IsPETaseWT_pool_2669,11.066566,56.205444,1.568781,1.092622,1.330701,375,635,235
IsPETaseWT_pool_2670,4.626068,55.368114,-1.028595,-0.248298,-0.638447,4255,2883,3976
IsPETaseWT_pool_2671,5.872608,55.692596,-0.525880,0.271335,-0.127273,3362,1796,2663
IsPETaseWT_pool_2672,4.005586,55.953812,-1.278828,0.689651,-0.294588,4576,1102,3118
IsPETaseWT_pool_2673,9.201681,54.793980,0.816695,-1.167731,-0.175518,1026,4528,2783
IsPETaseWT_pool_2674,5.900418,56.478321,-0.514665,1.529613,0.507474,3342,334,1202
IsPETaseWT_pool_2675,6.795329,54.776333,-0.153758,-1.195991,-0.674875,2621,4552,4055
IsPETaseWT_pool_2676,10.866071,56.295090,1.487924,1.236182,1.362053,424,516,217
IsPETaseWT_pool_2677,10.438208,57.335529,1.315372,2.902367,2.108869,541,35,25
IsPETaseWT_pool_2678,8.580841,55.170284,0.566318,-0.565108,0.000605,1373,3539,2320
IsPETaseWT_pool_2679,5.039687,55.720619,-0.861788,0.316211,-0.272788,3985,1713,3052
IsPETaseWT_pool_2680,4.978146,54.279396,-0.886606,-1.991798,-1.439202,4033,4926,4955
IsPETaseWT_pool_2681,7.209123,54.688698,0.013120,-1.336332,-0.661606,2300,4653,4024
IsPETaseWT_pool_2682,14.250144,56.236408,2.852680,1.142208,1.997444,22,586,37
IsPETaseWT_pool_2683,3.496054,55.252033,-1.484316,-0.434193,-0.959255,4744,3265,4601
IsPETaseWT_pool_2684,4.088166,55.930107,-1.245525,0.651690,-0.296917,4541,1158,3126
IsPETaseWT_pool_2685,7.777943,56.019455,0.242518,0.794774,0.518646,1907,970,1184
IsPETaseWT_pool_2686,7.098587,54.834682,-0.031458,-1.102549,-0.567003,2378,4451,3803
IsPETaseWT_pool_2687,7.549171,56.741970,0.150257,1.951827,1.051042,2069,172,439
IsPETaseWT_pool_2688,5.080999,54.851444,-0.845127,-1.075706,-0.960417,3960,4408,4602
IsPETaseWT_pool_2689,6.871276,55.594345,-0.123130,0.113993,-0.004568,2563,2115,2344
IsPETaseWT_pool_2690,6.180328,55.794624,-0.401781,0.434725,0.016472,3105,1493,2283
IsPETaseWT_pool_2691,8.505297,55.561085,0.535852,0.060729,0.298290,1426,2231,1614
IsPETaseWT_pool_2692,10.018225,55.273392,1.145997,-0.399989,0.373004,671,3186,1459
IsPETaseWT_pool_2693,5.206069,55.243626,-0.794688,-0.447657,-0.621173,3853,3296,3932
IsPETaseWT_pool_2694,10.870885,55.644382,1.489865,0.194124,0.841995,423,1947,678
IsPETaseWT_pool_2695,2.042504,56.930828,-2.070516,2.254268,0.091876,4975,101,2100
IsPETaseWT_pool_2696,8.360601,55.603951,0.477497,0.129375,0.303436,1515,2081,1608
IsPETaseWT_pool_2697,8.008589,55.113945,0.335535,-0.655331,-0.159898,1744,3733,2745
IsPETaseWT_pool_2698,9.232627,56.320766,0.829175,1.277301,1.053238,1008,480,434
IsPETaseWT_pool_2699,11.453816,55.089760,1.724954,-0.694062,0.515446,278,3809,1191
IsPETaseWT_pool_2700,6.581892,55.111931,-0.239835,-0.658557,-0.449196,2797,3744,3519
IsPETaseWT_pool_2701,5.689968,54.914833,-0.599537,-0.974194,-0.786865,3502,4284,4294
IsPETaseWT_pool_2702,4.366065,56.328358,-1.133451,1.289458,0.078003,4399,470,2140
IsPETaseWT_pool_2703,5.736104,55.551994,-0.580931,0.046171,-0.267380,3466,2262,3035
IsPETaseWT_pool_2704,7.148629,55.004131,-0.011276,-0.831189,-0.421233,2349,4046,3448
IsPETaseWT_pool_2705,6.120515,56.430191,-0.425902,1.452536,0.513317,3147,371,1194
IsPETaseWT_pool_2706,9.449582,55.354206,0.916671,-0.270571,0.323050,912,2940,1567
IsPETaseWT_pool_2707,3.351702,55.515827,-1.542532,-0.011748,-0.777140,4785,2384,4277
IsPETaseWT_pool_2708,2.382075,54.947563,-1.933571,-0.921779,-1.427675,4952,4183,4951
IsPETaseWT_pool_2709,5.491376,55.865273,-0.679627,0.547863,-0.065882,3649,1308,2511
IsPETaseWT_pool_2710,6.801814,55.780315,-0.151143,0.411810,0.130334,2617,1536,2003
IsPETaseWT_pool_2711,6.415982,55.674191,-0.306744,0.241859,-0.032442,2930,1853,2413
IsPETaseWT_pool_2712,7.359580,56.191425,0.073798,1.070171,0.571985,2196,653,1096
IsPETaseWT_pool_2713,9.173504,55.515888,0.805332,-0.011650,0.396841,1039,2383,1411
IsPETaseWT_pool_2714,8.930200,55.502445,0.707210,-0.033178,0.337016,1159,2432,1532
IsPETaseWT_pool_2715,8.844537,55.097954,0.672663,-0.680940,-0.004138,1209,3790,2342
IsPETaseWT_pool_2716,6.120434,55.333702,-0.425935,-0.303407,-0.364671,3148,3002,3309
IsPETaseWT_pool_2717,12.617685,55.018635,2.194329,-0.807963,0.693183,112,4013,893
IsPETaseWT_pool_2718,6.359015,55.491520,-0.329718,-0.050674,-0.190196,2962,2470,2822
IsPETaseWT_pool_2719,6.473805,54.923225,-0.283425,-0.960754,-0.622089,2882,4264,3935
IsPETaseWT_pool_2720,2.671298,55.120220,-1.816931,-0.645282,-1.231106,4923,3713,4863
IsPETaseWT_pool_2721,11.271265,55.612251,1.651334,0.142668,0.897001,325,2048,615
IsPETaseWT_pool_2722,3.604005,55.820694,-1.440781,0.476473,-0.482154,4716,1418,3608
IsPETaseWT_pool_2723,9.622438,55.087605,0.986381,-0.697513,0.144434,838,3813,1964
IsPETaseWT_pool_2724,8.938586,57.106552,0.710592,2.535677,1.623135,1155,66,105
IsPETaseWT_pool_2725,5.293572,56.051517,-0.759399,0.846120,0.043360,3776,911,2236
IsPETaseWT_pool_2726,7.071806,55.064468,-0.042258,-0.734564,-0.388411,2395,3870,3357
IsPETaseWT_pool_2727,4.738084,54.845734,-0.983420,-1.084851,-1.034136,4188,4421,4706
IsPETaseWT_pool_2728,7.653785,55.227600,0.192447,-0.473321,-0.140437,1993,3355,2703
IsPETaseWT_pool_2729,7.446768,53.771633,0.108960,-2.804941,-1.347991,2137,4992,4919
IsPETaseWT_pool_2730,7.391700,55.399216,0.086751,-0.198492,-0.055870,2174,2784,2486
IsPETaseWT_pool_2731,5.702353,55.137836,-0.594542,-0.617071,-0.605807,3495,3646,3899
IsPETaseWT_pool_2732,11.355846,55.796154,1.685444,0.437175,1.061309,304,1485,427
IsPETaseWT_pool_2733,10.500076,56.048534,1.340322,0.841342,1.090832,522,920,400
IsPETaseWT_pool_2734,5.985708,55.286003,-0.480269,-0.379793,-0.430031,3253,3146,3467
IsPETaseWT_pool_2735,10.247900,55.467400,1.238623,-0.089301,0.574661,594,2558,1091
IsPETaseWT_pool_2736,6.307503,54.613476,-0.350492,-1.456794,-0.903643,3012,4723,4517
IsPETaseWT_pool_2737,5.288004,55.428734,-0.761644,-0.151221,-0.456433,3785,2698,3536
IsPETaseWT_pool_2738,7.165082,55.402607,-0.004641,-0.193061,-0.098851,2337,2774,2588
IsPETaseWT_pool_2739,7.734844,55.028572,0.225137,-0.792049,-0.283456,1945,3977,3092
IsPETaseWT_pool_2740,10.707773,54.874878,1.424084,-1.038179,0.192953,466,4361,1844
IsPETaseWT_pool_2741,7.465896,55.786354,0.116674,0.421481,0.269077,2125,1513,1676
IsPETaseWT_pool_2742,5.789225,54.994236,-0.559508,-0.847036,-0.703272,3421,4072,4110
IsPETaseWT_pool_2743,8.402276,55.951893,0.494305,0.686578,0.590441,1494,1108,1060
IsPETaseWT_pool_2744,8.512355,54.633205,0.538698,-1.425199,-0.443250,1416,4706,3505
IsPETaseWT_pool_2745,6.858741,57.804497,-0.128185,3.653382,1.762599,2575,15,66
IsPETaseWT_pool_2746,7.251020,55.740360,0.030017,0.347825,0.188921,2266,1666,1858
IsPETaseWT_pool_2747,6.340984,55.031780,-0.336990,-0.786912,-0.561951,2983,3968,3789
IsPETaseWT_pool_2748,7.151733,55.275723,-0.010025,-0.396257,-0.203141,2346,3178,2851
IsPETaseWT_pool_2749,11.383971,55.004955,1.696787,-0.829870,0.433458,293,4044,1341
IsPETaseWT_pool_2750,6.966836,56.512344,-0.084591,1.584099,0.749754,2483,307,805
IsPETaseWT_pool_2751,4.015565,54.804150,-1.274804,-1.151445,-1.213124,4572,4514,4856
IsPETaseWT_pool_2752,4.995214,55.348045,-0.879723,-0.280437,-0.580080,4020,2966,3832
IsPETaseWT_pool_2753,8.336195,56.039970,0.467655,0.827628,0.647641,1535,934,959
IsPETaseWT_pool_2754,4.974208,55.784637,-0.888194,0.418732,-0.234731,4036,1521,2941
IsPETaseWT_pool_2755,6.499857,55.338585,-0.272918,-0.295587,-0.284253,2848,2988,3093
IsPETaseWT_pool_2756,7.443169,56.305927,0.107508,1.253538,0.680523,2142,500,914
IsPETaseWT_pool_2757,5.311907,54.977169,-0.752004,-0.874367,-0.813186,3767,4121,4355
IsPETaseWT_pool_2758,6.028025,56.259640,-0.463203,1.179412,0.358104,3223,559,1490
IsPETaseWT_pool_2759,7.523071,55.552666,0.139732,0.047247,0.093489,2086,2259,2094
IsPETaseWT_pool_2760,4.805047,55.082558,-0.956415,-0.705596,-0.831005,4138,3829,4391
IsPETaseWT_pool_2761,7.337779,56.001766,0.065006,0.766447,0.415726,2208,1013,1377
IsPETaseWT_pool_2762,3.912491,55.147171,-1.316372,-0.602122,-0.959247,4613,3620,4600
IsPETaseWT_pool_2763,6.949849,56.494659,-0.091442,1.555778,0.732168,2498,317,837
IsPETaseWT_pool_2764,4.708022,56.208637,-0.995544,1.097735,0.051095,4210,631,2213
IsPETaseWT_pool_2765,8.472124,55.794807,0.522473,0.435018,0.478746,1452,1491,1257
IsPETaseWT_pool_2766,2.334576,54.951687,-1.952727,-0.915175,-1.433951,4954,4176,4953
IsPETaseWT_pool_2767,5.038761,55.971600,-0.862161,0.718137,-0.072012,3987,1064,2519
IsPETaseWT_pool_2768,12.609933,56.280003,2.191202,1.212021,1.701612,117,534,80
IsPETaseWT_pool_2769,9.051228,55.149479,0.756019,-0.598426,0.078796,1104,3613,2137
IsPETaseWT_pool_2770,7.249565,56.653648,0.029430,1.810386,0.919908,2269,211,580
IsPETaseWT_pool_2771,10.599283,55.188908,1.380331,-0.535284,0.422524,497,3474,1362
IsPETaseWT_pool_2772,5.515958,55.504513,-0.669713,-0.029867,-0.349790,3631,2426,3262
IsPETaseWT_pool_2773,5.961407,54.783607,-0.490069,-1.184341,-0.837205,3274,4542,4408
IsPETaseWT_pool_2774,11.384446,55.409969,1.696978,-0.181271,0.757854,292,2745,794
IsPETaseWT_pool_2775,6.760190,54.564037,-0.167929,-1.535966,-0.851948,2652,4762,4440
IsPETaseWT_pool_2776,8.462249,55.038612,0.518491,-0.775971,-0.128740,1460,3953,2669
IsPETaseWT_pool_2777,4.363678,56.172009,-1.134414,1.039077,-0.047669,4403,672,2455
IsPETaseWT_pool_2778,8.874141,55.069328,0.684602,-0.726781,-0.021090,1190,3857,2387
IsPETaseWT_pool_2779,4.374473,55.502735,-1.130060,-0.032713,-0.581387,4396,2431,3834
IsPETaseWT_pool_2780,7.220724,55.158443,0.017799,-0.584070,-0.283136,2293,3575,3088
IsPETaseWT_pool_2781,7.528795,55.292904,0.142040,-0.368742,-0.113351,2082,3130,2627
IsPETaseWT_pool_2782,7.238835,55.229809,0.025103,-0.469784,-0.222341,2283,3347,2908
IsPETaseWT_pool_2783,7.972138,56.575649,0.320835,1.685477,1.003156,1776,266,492
IsPETaseWT_pool_2784,7.791822,56.284233,0.248116,1.218796,0.733456,1892,528,836
IsPETaseWT_pool_2785,7.850862,56.080639,0.271926,0.892755,0.582341,1845,852,1074
IsPETaseWT_pool_2786,10.674043,55.165440,1.410481,-0.572866,0.418807,473,3555,1373
IsPETaseWT_pool_2787,8.184347,56.129917,0.406416,0.971671,0.689044,1630,749,899
IsPETaseWT_pool_2788,5.653295,55.607182,-0.614327,0.134550,-0.239889,3528,2065,2953
IsPETaseWT_pool_2789,5.499995,55.056267,-0.676151,-0.747698,-0.711925,3645,3898,4132
IsPETaseWT_pool_2790,5.117184,54.970844,-0.830534,-0.884496,-0.857515,3925,4133,4444
IsPETaseWT_pool_2791,10.601857,56.384846,1.381369,1.379919,1.380644,496,417,201
IsPETaseWT_pool_2792,7.973883,55.619072,0.321539,0.153591,0.237565,1775,2027,1747
IsPETaseWT_pool_2793,10.089206,55.416382,1.174623,-0.171002,0.501811,643,2726,1210
IsPETaseWT_pool_2794,7.365610,55.217728,0.076229,-0.489131,-0.206451,2187,3385,2866
IsPETaseWT_pool_2795,5.072608,55.014618,-0.848511,-0.814396,-0.831453,3962,4021,4394
IsPETaseWT_pool_2796,5.050093,55.120728,-0.857591,-0.644469,-0.751030,3977,3709,4220
IsPETaseWT_pool_2797,8.009309,55.608040,0.335826,0.135924,0.235875,1743,2063,1751
IsPETaseWT_pool_2798,8.299222,55.652462,0.452744,0.207063,0.329903,1558,1927,1548
IsPETaseWT_pool_2799,7.663889,56.184258,0.196522,1.058693,0.627607,1989,659,999
IsPETaseWT_pool_2800,7.914185,55.185036,0.297463,-0.541485,-0.122011,1806,3491,2646
IsPETaseWT_pool_2801,6.736030,55.099903,-0.177673,-0.677818,-0.427745,2673,3782,3463
IsPETaseWT_pool_2802,8.732546,55.924400,0.627498,0.642551,0.635025,1287,1173,984
IsPETaseWT_pool_2803,8.053538,56.399540,0.353663,1.403451,0.878557,1712,397,635
IsPETaseWT_pool_2804,5.575671,55.360706,-0.645632,-0.260162,-0.452897,3581,2911,3529
IsPETaseWT_pool_2805,6.009517,55.277424,-0.470667,-0.393532,-0.432099,3236,3171,3473
IsPETaseWT_pool_2806,5.805955,55.241516,-0.552761,-0.451036,-0.501898,3410,3301,3656
IsPETaseWT_pool_2807,4.989558,55.933147,-0.882004,0.656559,-0.112722,4027,1150,2625
IsPETaseWT_pool_2808,1.965906,55.593479,-2.101407,0.112606,-0.994400,4976,2119,4661
IsPETaseWT_pool_2809,7.426073,55.770626,0.100613,0.396293,0.248453,2156,1558,1725
IsPETaseWT_pool_2810,7.989956,56.221806,0.328021,1.118823,0.723422,1763,608,850
IsPETaseWT_pool_2811,10.056158,55.968452,1.161295,0.713097,0.937196,658,1074,562
IsPETaseWT_pool_2812,10.880809,55.799442,1.493867,0.442440,0.968154,418,1476,529
IsPETaseWT_pool_2813,5.546295,55.767334,-0.657479,0.391021,-0.133229,3605,1567,2683
IsPETaseWT_pool_2814,7.021727,55.451794,-0.062454,-0.114292,-0.088373,2438,2616,2561
IsPETaseWT_pool_2815,4.504433,54.004650,-1.077649,-2.431782,-1.754716,4336,4981,4994
IsPETaseWT_pool_2816,5.164318,55.680614,-0.811525,0.252147,-0.279689,3891,1832,3073
IsPETaseWT_pool_2817,7.894524,55.001587,0.289534,-0.835264,-0.272865,1818,4054,3053
IsPETaseWT_pool_2818,3.966441,55.666950,-1.294615,0.230265,-0.532175,4594,1875,3730
IsPETaseWT_pool_2819,4.928330,55.360191,-0.906696,-0.260986,-0.583841,4061,2914,3843
IsPETaseWT_pool_2820,8.159057,55.282104,0.396217,-0.386037,0.005090,1644,3160,2310
IsPETaseWT_pool_2821,6.784889,56.053947,-0.157968,0.850011,0.346021,2630,903,1510
IsPETaseWT_pool_2822,10.399977,55.770683,1.299953,0.396385,0.848169,549,1556,670
IsPETaseWT_pool_2823,8.080822,55.767017,0.364666,0.390514,0.377590,1695,1570,1448
IsPETaseWT_pool_2824,5.519490,55.007854,-0.668289,-0.825227,-0.746758,3629,4035,4210
IsPETaseWT_pool_2825,5.214252,56.243546,-0.791388,1.153638,0.181125,3844,579,1877
IsPETaseWT_pool_2826,5.944299,55.094349,-0.496968,-0.686713,-0.591841,3295,3798,3868
IsPETaseWT_pool_2827,6.968895,55.274948,-0.083761,-0.397497,-0.240629,2478,3179,2955
IsPETaseWT_pool_2828,10.448700,56.088169,1.319603,0.904814,1.112209,538,832,380
IsPETaseWT_pool_2829,12.491743,55.421978,2.143538,-0.162040,0.990749,130,2710,512
IsPETaseWT_pool_2830,4.529083,55.641094,-1.067708,0.188858,-0.439425,4315,1958,3492
IsPETaseWT_pool_2831,5.551811,54.907776,-0.655254,-0.985495,-0.820375,3598,4299,4365
IsPETaseWT_pool_2832,7.790444,55.518944,0.247560,-0.006756,0.120402,1894,2370,2038
IsPETaseWT_pool_2833,12.032615,56.255302,1.958377,1.172466,1.565421,188,565,124
IsPETaseWT_pool_2834,8.992467,55.042313,0.732321,-0.770045,-0.018862,1130,3936,2384
IsPETaseWT_pool_2835,8.745884,55.509399,0.632878,-0.022041,0.305418,1280,2403,1605
IsPETaseWT_pool_2836,7.735928,55.883938,0.225574,0.577754,0.401664,1941,1266,1401
IsPETaseWT_pool_2837,7.248290,55.889351,0.028916,0.586422,0.307669,2271,1251,1599
IsPETaseWT_pool_2838,3.874240,54.705429,-1.331798,-1.309538,-1.320668,4635,4627,4905
IsPETaseWT_pool_2839,12.965769,55.741695,2.334707,0.349963,1.342335,78,1661,229
IsPETaseWT_pool_2840,9.564320,56.794926,0.962943,2.036631,1.499787,870,147,146
IsPETaseWT_pool_2841,8.723254,54.870216,0.623751,-1.045644,-0.210946,1295,4372,2875
IsPETaseWT_pool_2842,6.475021,56.027729,-0.282934,0.808024,0.262545,2880,951,1689
IsPETaseWT_pool_2843,7.719495,54.838490,0.218947,-1.096452,-0.438753,1957,4444,3487
IsPETaseWT_pool_2844,8.668671,55.833160,0.601738,0.496437,0.549088,1326,1377,1137
IsPETaseWT_pool_2845,5.392215,56.491680,-0.719617,1.551007,0.415695,3721,320,1378
IsPETaseWT_pool_2846,3.335102,55.709068,-1.549226,0.297713,-0.625756,4790,1743,3942
IsPETaseWT_pool_2847,11.084233,55.420872,1.575906,-0.163811,0.706047,370,2715,870
IsPETaseWT_pool_2848,5.453117,55.267902,-0.695056,-0.408780,-0.551918,3678,3209,3771
IsPETaseWT_pool_2849,7.179231,54.789276,0.001065,-1.175264,-0.587099,2328,4536,3853
IsPETaseWT_pool_2850,10.018594,54.901352,1.146146,-0.995783,0.075182,670,4312,2145
IsPETaseWT_pool_2851,12.764386,55.723190,2.253491,0.320329,1.286910,95,1707,254
IsPETaseWT_pool_2852,11.533843,55.856766,1.757228,0.534240,1.145734,265,1325,357
IsPETaseWT_pool_2853,7.031863,55.921898,-0.058367,0.638544,0.290089,2426,1181,1635
IsPETaseWT_pool_2854,7.714657,56.741867,0.216996,1.951662,1.084329,1960,173,406
IsPETaseWT_pool_2855,9.821089,55.751682,1.066495,0.365956,0.716226,748,1624,853
IsPETaseWT_pool_2856,8.525685,55.230076,0.544074,-0.469356,0.037359,1405,3346,2248
IsPETaseWT_pool_2857,6.397204,55.563614,-0.314317,0.064779,-0.124769,2936,2221,2652
IsPETaseWT_pool_2858,7.909796,56.282490,0.295693,1.216004,0.755849,1810,532,796
IsPETaseWT_pool_2859,10.883722,55.393459,1.495042,-0.207710,0.643666,417,2795,972
IsPETaseWT_pool_2860,9.322884,56.597698,0.865575,1.720786,1.293181,960,246,250
IsPETaseWT_pool_2861,4.813628,55.169155,-0.952954,-0.566916,-0.759935,4128,3543,4235
IsPETaseWT_pool_2862,11.238971,56.294975,1.638310,1.235999,1.437154,334,517,176
IsPETaseWT_pool_2863,7.732182,55.768822,0.224064,0.393404,0.308734,1948,1564,1594
IsPETaseWT_pool_2864,4.555564,55.555531,-1.057029,0.051834,-0.502597,4303,2256,3659
IsPETaseWT_pool_2865,7.488121,56.292889,0.125637,1.232657,0.679147,2107,522,919
IsPETaseWT_pool_2866,3.844910,55.638538,-1.343627,0.184765,-0.579431,4642,1963,3831
IsPETaseWT_pool_2867,4.211859,54.776089,-1.195641,-1.196382,-1.196011,4486,4553,4851
IsPETaseWT_pool_2868,6.919829,56.544559,-0.103549,1.635689,0.766070,2526,286,785
IsPETaseWT_pool_2869,10.909009,56.667713,1.505240,1.832910,1.669075,409,205,90
IsPETaseWT_pool_2870,10.842179,55.764454,1.478288,0.386409,0.932349,429,1581,566
IsPETaseWT_pool_2871,7.056523,54.842796,-0.048422,-1.089555,-0.568988,2407,4427,3806
IsPETaseWT_pool_2872,7.899567,55.453659,0.291568,-0.111305,0.090131,1815,2611,2106
IsPETaseWT_pool_2873,8.975000,55.091957,0.725277,-0.690543,0.017367,1138,3805,2282
IsPETaseWT_pool_2874,7.477419,54.926872,0.121321,-0.954914,-0.416797,2115,4247,3432
IsPETaseWT_pool_2875,5.595135,55.745144,-0.637782,0.355486,-0.141148,3565,1646,2705
IsPETaseWT_pool_2876,7.562083,55.266422,0.155465,-0.411150,-0.127843,2060,3215,2666
IsPETaseWT_pool_2877,6.463384,54.956295,-0.287628,-0.907796,-0.597712,2889,4161,3883
IsPETaseWT_pool_2878,11.027284,55.805294,1.552939,0.451812,1.002375,385,1457,493
IsPETaseWT_pool_2879,6.822564,55.050976,-0.142775,-0.756172,-0.449473,2606,3914,3520
IsPETaseWT_pool_2880,9.146367,55.010464,0.794388,-0.821049,-0.013331,1051,4029,2371
IsPETaseWT_pool_2881,2.859211,55.252663,-1.741147,-0.433185,-1.087166,4887,3262,4753
IsPETaseWT_pool_2882,10.794270,55.474804,1.458967,-0.077443,0.690762,448,2532,895
IsPETaseWT_pool_2883,8.476059,54.044998,0.524060,-2.367168,-0.921554,1447,4976,4545
IsPETaseWT_pool_2884,9.353416,58.348705,0.877888,4.524890,2.701389,947,9,9
IsPETaseWT_pool_2885,6.838201,55.666302,-0.136468,0.229226,0.046379,2592,1877,2226
IsPETaseWT_pool_2886,5.209000,55.894718,-0.793506,0.595017,-0.099244,3849,1239,2589
IsPETaseWT_pool_2887,10.730343,56.815353,1.433186,2.069345,1.751265,462,141,68
IsPETaseWT_pool_2888,8.858807,55.507744,0.678418,-0.024692,0.326863,1194,2412,1555
IsPETaseWT_pool_2889,6.308674,55.522354,-0.350020,-0.001295,-0.175658,3011,2357,2784
IsPETaseWT_pool_2890,7.689122,55.250736,0.206698,-0.436270,-0.114786,1977,3269,2632
IsPETaseWT_pool_2891,9.788448,56.068970,1.053331,0.874068,0.963700,761,877,535
IsPETaseWT_pool_2892,5.822215,55.059540,-0.546203,-0.742457,-0.644330,3398,3889,3993
IsPETaseWT_pool_2893,12.415977,55.179203,2.112982,-0.550825,0.781078,137,3515,761
IsPETaseWT_pool_2894,5.101525,55.782032,-0.836849,0.414559,-0.211145,3939,1532,2876
IsPETaseWT_pool_2895,6.343881,55.782909,-0.335822,0.415964,0.040071,2978,1527,2239
IsPETaseWT_pool_2896,7.797753,55.360878,0.250508,-0.259887,-0.004690,1885,2910,2345
IsPETaseWT_pool_2897,3.064787,54.919907,-1.658241,-0.966069,-1.312155,4852,4272,4899
IsPETaseWT_pool_2898,8.892879,55.036270,0.692159,-0.779721,-0.043781,1173,3959,2446
IsPETaseWT_pool_2899,6.092612,54.667156,-0.437155,-1.370829,-0.903992,3171,4673,4518
IsPETaseWT_pool_2900,5.241137,54.119213,-0.780545,-2.248318,-1.514432,3824,4968,4968
IsPETaseWT_pool_2901,6.660877,53.816933,-0.207981,-2.732397,-1.470189,2729,4990,4960
IsPETaseWT_pool_2902,8.258712,55.151073,0.436407,-0.595873,-0.079733,1578,3608,2541
IsPETaseWT_pool_2903,9.230865,55.612625,0.828465,0.143267,0.485866,1009,2047,1242
IsPETaseWT_pool_2904,5.957202,54.429443,-0.491765,-1.751508,-1.121636,3279,4853,4785
IsPETaseWT_pool_2905,6.642005,55.144550,-0.215592,-0.606319,-0.410955,2742,3628,3415
IsPETaseWT_pool_2906,4.587160,55.337132,-1.044286,-0.297915,-0.671101,4287,2994,4046
IsPETaseWT_pool_2907,9.181717,55.781616,0.808644,0.413893,0.611269,1034,1533,1020
IsPETaseWT_pool_2908,5.031467,57.086933,-0.865103,2.504259,0.819578,3995,73,707
IsPETaseWT_pool_2909,9.911040,55.329735,1.102771,-0.309760,0.396505,716,3019,1412
IsPETaseWT_pool_2910,7.060685,55.123356,-0.046743,-0.640260,-0.343502,2405,3695,3250
IsPETaseWT_pool_2911,4.874273,55.204433,-0.928497,-0.510421,-0.719459,4099,3417,4151
IsPETaseWT_pool_2912,9.185834,56.976948,0.810304,2.328126,1.569215,1033,91,122
IsPETaseWT_pool_2913,4.325311,56.128876,-1.149887,0.970003,-0.089942,4425,753,2566
IsPETaseWT_pool_2914,7.443724,54.807098,0.107732,-1.146723,-0.519495,2141,4506,3692
IsPETaseWT_pool_2915,3.146073,55.649796,-1.625459,0.202793,-0.711333,4839,1934,4129
IsPETaseWT_pool_2916,5.269705,54.398006,-0.769024,-1.801852,-1.285438,3806,4871,4891
IsPETaseWT_pool_2917,13.676632,55.476925,2.621389,-0.074047,1.273671,39,2529,265
IsPETaseWT_pool_2918,7.275285,54.352596,0.039802,-1.874573,-0.917385,2253,4892,4537
IsPETaseWT_pool_2919,4.628639,55.541569,-1.027558,0.029476,-0.499041,4254,2289,3646
IsPETaseWT_pool_2920,6.184980,55.166607,-0.399905,-0.570997,-0.485451,3101,3550,3614
IsPETaseWT_pool_2921,9.063621,58.967400,0.761017,5.515682,3.138350,1100,5,4
IsPETaseWT_pool_2922,6.677359,55.200932,-0.201334,-0.516029,-0.358681,2713,3435,3297
IsPETaseWT_pool_2923,8.207308,55.374569,0.415676,-0.237962,0.088857,1614,2857,2112
IsPETaseWT_pool_2924,9.599401,55.602943,0.977091,0.127763,0.552427,853,2085,1127
IsPETaseWT_pool_2925,4.016389,55.832245,-1.274471,0.494971,-0.389750,4570,1379,3360
IsPETaseWT_pool_2926,9.374470,55.576687,0.886379,0.085715,0.486047,938,2183,1241
IsPETaseWT_pool_2927,12.118133,55.627403,1.992865,0.166933,1.079899,175,1998,411
IsPETaseWT_pool_2928,6.349278,54.806316,-0.333645,-1.147975,-0.740810,2973,4507,4198
IsPETaseWT_pool_2929,10.214524,55.442806,1.225163,-0.128685,0.548239,601,2642,1139
IsPETaseWT_pool_2930,5.399261,55.801071,-0.716776,0.445049,-0.135863,3718,1471,2689
IsPETaseWT_pool_2931,7.623330,55.581547,0.180165,0.093497,0.136831,2014,2163,1988
IsPETaseWT_pool_2932,5.193029,54.940918,-0.799947,-0.932421,-0.866184,3868,4209,4461
IsPETaseWT_pool_2933,9.861727,54.623558,1.082884,-1.440648,-0.178882,737,4714,2795
IsPETaseWT_pool_2934,9.595324,55.916817,0.975447,0.630407,0.802927,855,1189,732
IsPETaseWT_pool_2935,5.718382,55.952991,-0.588078,0.688338,0.050130,3479,1103,2217
IsPETaseWT_pool_2936,8.890618,55.616940,0.691247,0.150176,0.420712,1176,2035,1367
IsPETaseWT_pool_2937,6.559021,54.974812,-0.249058,-0.878143,-0.563600,2805,4128,3794
IsPETaseWT_pool_2938,6.636260,55.018986,-0.217909,-0.807401,-0.512655,2750,4009,3682
IsPETaseWT_pool_2939,9.225976,55.855938,0.826493,0.532914,0.679703,1011,1327,918
IsPETaseWT_pool_2940,7.499312,56.403996,0.130150,1.410586,0.770368,2101,393,781
IsPETaseWT_pool_2941,7.827477,55.521072,0.262495,-0.003348,0.129574,1864,2363,2004
IsPETaseWT_pool_2942,8.174674,55.105469,0.402515,-0.668905,-0.133195,1635,3763,2682
IsPETaseWT_pool_2943,8.175579,54.562004,0.402880,-1.539222,-0.568171,1633,4766,3805
IsPETaseWT_pool_2944,10.156345,55.459625,1.201700,-0.101751,0.549975,623,2591,1135
IsPETaseWT_pool_2945,3.901036,56.087475,-1.320992,0.903703,-0.208645,4623,835,2872
IsPETaseWT_pool_2946,10.485187,55.505775,1.334318,-0.027845,0.653237,529,2418,952
IsPETaseWT_pool_2947,8.080105,56.338943,0.364377,1.306410,0.835394,1696,457,688
IsPETaseWT_pool_2948,8.496178,55.487789,0.532174,-0.056648,0.237763,1431,2480,1746
IsPETaseWT_pool_2949,6.088130,55.140060,-0.438963,-0.613509,-0.526236,3175,3640,3707
IsPETaseWT_pool_2950,4.612265,55.829548,-1.034162,0.490652,-0.271755,4265,1386,3048
IsPETaseWT_pool_2951,6.059418,54.977123,-0.450542,-0.874441,-0.662491,3195,4122,4027
IsPETaseWT_pool_2952,3.638226,55.469212,-1.426980,-0.086399,-0.756689,4701,2553,4232
IsPETaseWT_pool_2953,8.144977,56.511829,0.390539,1.583274,0.986906,1653,308,514
IsPETaseWT_pool_2954,8.825085,55.565491,0.664818,0.067785,0.366302,1219,2216,1476
IsPETaseWT_pool_2955,9.310350,54.339737,0.860520,-1.895166,-0.517323,971,4901,3690
IsPETaseWT_pool_2956,4.942392,55.369053,-0.901025,-0.246795,-0.573910,4057,2877,3815
IsPETaseWT_pool_2957,7.606372,54.812370,0.173326,-1.138280,-0.482477,2028,4497,3611
IsPETaseWT_pool_2958,7.895630,55.361164,0.289980,-0.259429,0.015276,1817,2908,2286
IsPETaseWT_pool_2959,4.914402,55.843845,-0.912313,0.513549,-0.199382,4071,1354,2844
IsPETaseWT_pool_2960,7.474585,54.828007,0.120178,-1.113239,-0.496531,2116,4466,3639
IsPETaseWT_pool_2961,6.430662,55.585979,-0.300824,0.100596,-0.100114,2920,2147,2593
IsPETaseWT_pool_2962,5.729118,55.100491,-0.583748,-0.676877,-0.630313,3471,3779,3952
IsPETaseWT_pool_2963,6.834672,55.506046,-0.137891,-0.027411,-0.082651,2596,2417,2546
IsPETaseWT_pool_2964,6.492707,55.903145,-0.275802,0.608512,0.166355,2860,1221,1911
IsPETaseWT_pool_2965,7.269599,55.388680,0.037509,-0.215365,-0.088928,2258,2812,2564
IsPETaseWT_pool_2966,13.844795,55.949036,2.689208,0.682003,1.685605,30,1117,87
IsPETaseWT_pool_2967,6.210728,55.783348,-0.389521,0.416667,0.013573,3083,1526,2291
IsPETaseWT_pool_2968,7.690031,55.450470,0.207065,-0.116412,0.045326,1976,2621,2231
IsPETaseWT_pool_2969,10.156810,56.124573,1.201887,0.963112,1.082500,622,763,408
IsPETaseWT_pool_2970,10.419839,54.176392,1.307964,-2.156751,-0.424394,545,4958,3455
IsPETaseWT_pool_2971,8.511689,55.832825,0.538429,0.495900,0.517165,1418,1378,1188
IsPETaseWT_pool_2972,8.248220,54.217834,0.432176,-2.090384,-0.829104,1585,4943,4387
IsPETaseWT_pool_2973,11.461057,55.920380,1.727874,0.636112,1.181993,276,1186,337
IsPETaseWT_pool_2974,2.922935,55.605091,-1.715448,0.131202,-0.792123,4875,2070,4313
IsPETaseWT_pool_2975,4.304694,55.361752,-1.158201,-0.258488,-0.708345,4438,2903,4124
IsPETaseWT_pool_2976,8.240552,55.370842,0.429083,-0.243930,0.092576,1590,2873,2097
IsPETaseWT_pool_2977,8.727199,55.373318,0.625342,-0.239966,0.192688,1292,2862,1847
IsPETaseWT_pool_2978,7.089412,56.481625,-0.035158,1.534903,0.749873,2385,330,804
IsPETaseWT_pool_2979,7.618223,55.067863,0.178105,-0.729127,-0.275511,2018,3863,3063
IsPETaseWT_pool_2980,5.339410,54.370003,-0.740913,-1.846698,-1.293805,3752,4891,4894
IsPETaseWT_pool_2981,5.157566,54.644108,-0.814248,-1.407740,-1.110994,3899,4698,4773
IsPETaseWT_pool_2982,6.852301,55.162361,-0.130782,-0.577796,-0.354289,2578,3562,3278
IsPETaseWT_pool_2983,7.240475,55.120781,0.025764,-0.644384,-0.309310,2279,3708,3165
IsPETaseWT_pool_2984,5.200823,56.307053,-0.796803,1.255340,0.229268,3858,499,1765
IsPETaseWT_pool_2985,8.485436,56.098888,0.527842,0.921981,0.724911,1439,807,849
IsPETaseWT_pool_2986,12.449267,55.723358,2.126408,0.320598,1.223503,134,1705,300
IsPETaseWT_pool_2987,12.737779,55.301544,2.242761,-0.354905,0.943928,100,3109,555
IsPETaseWT_pool_2988,7.241828,55.608936,0.026310,0.137360,0.081835,2277,2059,2128
IsPETaseWT_pool_2989,6.496968,55.436977,-0.274083,-0.138019,-0.206051,2852,2661,2862
IsPETaseWT_pool_2990,5.272049,56.779915,-0.768079,2.012593,0.622257,3802,156,1004
IsPETaseWT_pool_2991,3.890251,54.974590,-1.325341,-0.878497,-1.101919,4627,4129,4766
IsPETaseWT_pool_2992,13.059855,56.309341,2.372651,1.259005,1.815828,71,493,58
IsPETaseWT_pool_2993,3.852906,55.119137,-1.340402,-0.647017,-0.993710,4641,3716,4660
IsPETaseWT_pool_2994,6.869406,54.885403,-0.123884,-1.021324,-0.572604,2568,4340,3811
IsPETaseWT_pool_2995,4.983894,55.676235,-0.884288,0.245134,-0.319577,4030,1847,3187
IsPETaseWT_pool_2996,6.113670,55.479290,-0.428663,-0.070259,-0.249461,3154,2520,2978
IsPETaseWT_pool_2997,7.372593,55.353931,0.079046,-0.271011,-0.095983,2183,2945,2581
IsPETaseWT_pool_2998,7.316216,55.879578,0.056309,0.570771,0.313540,2225,1281,1584
IsPETaseWT_pool_2999,2.969933,54.913376,-1.696495,-0.976527,-1.336511,4868,4289,4913
IsPETaseWT_pool_3000,5.732088,55.805435,-0.582550,0.452038,-0.065256,3468,1456,2510
IsPETaseWT_pool_3001,6.744811,54.996506,-0.174131,-0.843401,-0.508766,2665,4062,3670
IsPETaseWT_pool_3002,9.714945,55.472118,1.023688,-0.081744,0.470972,790,2540,1269
IsPETaseWT_pool_3003,9.633375,57.812653,0.990792,3.666443,2.328618,827,14,16
IsPETaseWT_pool_3004,4.042916,54.326649,-1.263773,-1.916126,-1.589950,4562,4906,4976
IsPETaseWT_pool_3005,7.283477,57.381042,0.043106,2.975252,1.509179,2243,32,141
IsPETaseWT_pool_3006,5.282696,55.654568,-0.763785,0.210435,-0.276675,3789,1917,3066
IsPETaseWT_pool_3007,6.844671,55.880962,-0.133859,0.572989,0.219565,2589,1278,1789
IsPETaseWT_pool_3008,3.392724,56.093327,-1.525988,0.913074,-0.306457,4771,822,3155
IsPETaseWT_pool_3009,5.981192,55.235924,-0.482090,-0.459991,-0.471041,3258,3327,3578
IsPETaseWT_pool_3010,6.941159,55.271275,-0.094947,-0.403380,-0.249163,2504,3195,2977
IsPETaseWT_pool_3011,8.429427,56.787231,0.505254,2.024309,1.264782,1475,151,272
IsPETaseWT_pool_3012,7.309140,54.941055,0.053456,-0.932201,-0.439372,2229,4208,3490
IsPETaseWT_pool_3013,5.495129,55.998241,-0.678113,0.760802,0.041344,3647,1019,2238
IsPETaseWT_pool_3014,6.499700,56.257431,-0.272982,1.175874,0.451446,2849,562,1303
IsPETaseWT_pool_3015,6.887477,54.381901,-0.116596,-1.827644,-0.972120,2552,4885,4625
IsPETaseWT_pool_3016,7.148002,55.469345,-0.011529,-0.086185,-0.048857,2350,2551,2458
IsPETaseWT_pool_3017,6.138231,55.284191,-0.418758,-0.382695,-0.400726,3132,3155,3389
IsPETaseWT_pool_3018,7.000956,55.715805,-0.070831,0.308502,0.118835,2454,1722,2043
IsPETaseWT_pool_3019,10.027522,56.321312,1.149747,1.278175,1.213961,666,479,311
IsPETaseWT_pool_3020,4.545322,54.767658,-1.061159,-1.209883,-1.135521,4307,4564,4805
IsPETaseWT_pool_3021,6.618075,55.320873,-0.225242,-0.323951,-0.274597,2760,3047,3059
IsPETaseWT_pool_3022,12.037427,54.987278,1.960318,-0.858179,0.551069,187,4093,1131
IsPETaseWT_pool_3023,5.135826,54.866825,-0.823016,-1.051075,-0.937045,3912,4380,4568
IsPETaseWT_pool_3024,7.436049,54.759163,0.104637,-1.223488,-0.559425,2148,4572,3782
IsPETaseWT_pool_3025,9.265191,56.143887,0.842308,0.994042,0.918175,994,715,584
IsPETaseWT_pool_3026,6.835008,55.244801,-0.137756,-0.445776,-0.291766,2595,3291,3112
IsPETaseWT_pool_3027,8.341446,55.895248,0.469772,0.595867,0.532820,1531,1236,1167
IsPETaseWT_pool_3028,9.208701,54.948219,0.819526,-0.920728,-0.050601,1021,4181,2464
IsPETaseWT_pool_3029,9.892172,55.012516,1.095162,-0.817762,0.138700,726,4025,1984
IsPETaseWT_pool_3030,13.536178,55.432571,2.564746,-0.145075,1.209835,43,2678,315
IsPETaseWT_pool_3031,7.003963,56.700577,-0.069618,1.885539,0.907960,2451,189,600
IsPETaseWT_pool_3032,6.984588,55.423191,-0.077432,-0.160097,-0.118765,2469,2708,2638
IsPETaseWT_pool_3033,11.837876,55.199787,1.879841,-0.517861,0.680990,219,3440,913
IsPETaseWT_pool_3034,4.900006,55.508472,-0.918119,-0.023526,-0.470822,4076,2406,3577
IsPETaseWT_pool_3035,5.608210,55.859020,-0.632509,0.537850,-0.047330,3554,1315,2454
IsPETaseWT_pool_3036,5.439412,55.452744,-0.700583,-0.112771,-0.406677,3687,2614,3404
IsPETaseWT_pool_3037,8.696407,57.281918,0.612924,2.816511,1.714718,1306,41,77
IsPETaseWT_pool_3038,7.478926,55.213474,0.121928,-0.495943,-0.187007,2114,3397,2814
IsPETaseWT_pool_3039,6.795404,55.284771,-0.153728,-0.381766,-0.267747,2620,3152,3039
IsPETaseWT_pool_3040,6.869545,55.537384,-0.123828,0.022774,-0.050527,2567,2302,2463
IsPETaseWT_pool_3041,9.434699,55.745110,0.910668,0.355431,0.633050,921,1647,988
IsPETaseWT_pool_3042,9.587426,56.826473,0.972261,2.087152,1.529707,858,134,131
IsPETaseWT_pool_3043,7.514811,56.104763,0.136400,0.931388,0.533894,2091,800,1164
IsPETaseWT_pool_3044,5.294544,54.525482,-0.759007,-1.597709,-1.178358,3775,4792,4834
IsPETaseWT_pool_3045,9.606040,55.577679,0.979768,0.087303,0.533536,850,2176,1165
IsPETaseWT_pool_3046,6.590280,56.120804,-0.236452,0.957076,0.360312,2790,768,1486
IsPETaseWT_pool_3047,8.086833,55.198391,0.367090,-0.520097,-0.076504,1691,3444,2531
IsPETaseWT_pool_3048,6.494524,56.740166,-0.275069,1.948937,0.836934,2858,174,685
IsPETaseWT_pool_3049,5.097983,55.017582,-0.838277,-0.809649,-0.823963,3942,4016,4376
IsPETaseWT_pool_3050,3.914489,55.175896,-1.315566,-0.556122,-0.935844,4612,3521,4566
IsPETaseWT_pool_3051,4.262569,54.545887,-1.175190,-1.565033,-1.370111,4463,4778,4929
IsPETaseWT_pool_3052,8.749118,56.190514,0.634182,1.068711,0.851447,1277,654,667
IsPETaseWT_pool_3053,8.824407,56.626129,0.664545,1.766316,1.215431,1220,230,309
IsPETaseWT_pool_3054,7.808822,56.640636,0.254972,1.789549,1.022260,1880,221,472
IsPETaseWT_pool_3055,4.081684,55.305359,-1.248139,-0.348796,-0.798468,4544,3099,4331
IsPETaseWT_pool_3056,6.333187,56.227524,-0.340134,1.127980,0.393923,2989,598,1418
IsPETaseWT_pool_3057,8.136125,56.221851,0.386969,1.118896,0.752933,1661,607,798
IsPETaseWT_pool_3058,9.189671,55.162357,0.811852,-0.577802,0.117025,1030,3563,2046
IsPETaseWT_pool_3059,5.292283,55.536728,-0.759919,0.021723,-0.369098,3780,2304,3317
IsPETaseWT_pool_3060,8.894048,55.258057,0.692630,-0.424547,0.134041,1172,3240,1996
IsPETaseWT_pool_3061,8.825706,56.147942,0.665069,1.000535,0.832802,1218,708,692
IsPETaseWT_pool_3062,9.283757,56.349186,0.849795,1.322813,1.086304,980,446,402
IsPETaseWT_pool_3063,3.313346,54.822277,-1.558000,-1.122415,-1.340208,4799,4473,4916
IsPETaseWT_pool_3064,5.598602,54.477539,-0.636384,-1.674487,-1.155435,3560,4827,4817
IsPETaseWT_pool_3065,6.925328,55.865780,-0.101331,0.548675,0.223672,2517,1306,1774
IsPETaseWT_pool_3066,4.011500,54.615330,-1.276443,-1.453825,-1.365134,4574,4722,4928
IsPETaseWT_pool_3067,4.258345,55.055508,-1.176893,-0.748914,-0.962904,4466,3899,4611
IsPETaseWT_pool_3068,5.277024,55.929073,-0.766072,0.650035,-0.058019,3797,1162,2492
IsPETaseWT_pool_3069,4.794106,54.377754,-0.960827,-1.834285,-1.397556,4147,4886,4940
IsPETaseWT_pool_3070,6.227572,55.551628,-0.382728,0.045585,-0.168571,3073,2265,2766
IsPETaseWT_pool_3071,6.960329,56.091087,-0.087216,0.909488,0.411136,2489,826,1384
IsPETaseWT_pool_3072,4.086512,54.788715,-1.246192,-1.176162,-1.211177,4543,4537,4855
IsPETaseWT_pool_3073,6.859939,56.119995,-0.127702,0.955781,0.414040,2574,770,1379
IsPETaseWT_pool_3074,11.837338,56.133686,1.879624,0.977706,1.428665,220,741,181
IsPETaseWT_pool_3075,7.076929,55.148743,-0.040192,-0.599605,-0.319899,2391,3617,3189
IsPETaseWT_pool_3076,6.031505,55.353355,-0.461799,-0.271934,-0.366866,3222,2948,3314
IsPETaseWT_pool_3077,7.784853,55.080723,0.245305,-0.708534,-0.231614,1903,3837,2930
IsPETaseWT_pool_3078,9.614765,55.436478,0.983287,-0.138820,0.422234,844,2667,1365
IsPETaseWT_pool_3079,6.090872,55.787476,-0.437857,0.423277,-0.007290,3172,1510,2352
IsPETaseWT_pool_3080,6.131653,56.392406,-0.421411,1.392027,0.485308,3142,409,1244
IsPETaseWT_pool_3081,6.701534,55.288986,-0.191584,-0.375016,-0.283300,2699,3141,3089
IsPETaseWT_pool_3082,5.451987,55.858311,-0.695512,0.536714,-0.079399,3680,1319,2540
IsPETaseWT_pool_3083,7.802051,55.249023,0.252241,-0.439013,-0.093386,1883,3274,2576
IsPETaseWT_pool_3084,10.388117,55.934452,1.295170,0.658648,0.976909,555,1149,521
IsPETaseWT_pool_3085,9.050927,55.960999,0.755898,0.701160,0.728529,1105,1085,843
IsPETaseWT_pool_3086,5.463668,55.046482,-0.690801,-0.763368,-0.727084,3668,3925,4168
IsPETaseWT_pool_3087,5.137185,56.214245,-0.822468,1.106715,0.142124,3911,617,1974
IsPETaseWT_pool_3088,2.212928,55.741657,-2.001786,0.349902,-0.825942,4966,1663,4379
IsPETaseWT_pool_3089,4.792285,54.934345,-0.961562,-0.942946,-0.952254,4150,4231,4592
IsPETaseWT_pool_3090,11.793382,54.663025,1.861897,-1.377445,0.242226,225,4679,1735
IsPETaseWT_pool_3091,5.742364,54.877632,-0.578406,-1.033768,-0.806087,3457,4353,4343
IsPETaseWT_pool_3092,10.170107,55.498936,1.207250,-0.038798,0.584226,615,2449,1069
IsPETaseWT_pool_3093,6.303170,54.923923,-0.352240,-0.959636,-0.655938,3015,4258,4015
IsPETaseWT_pool_3094,4.312492,55.361576,-1.155057,-0.258769,-0.706913,4431,2905,4121
IsPETaseWT_pool_3095,7.860645,56.258095,0.275871,1.176937,0.726404,1838,561,846
IsPETaseWT_pool_3096,8.552412,55.414383,0.554853,-0.174203,0.190325,1391,2730,1855
IsPETaseWT_pool_3097,1.669040,56.249260,-2.221129,1.162789,-0.529170,4988,573,3716
IsPETaseWT_pool_3098,4.920921,55.535706,-0.909684,0.020086,-0.444799,4066,2308,3506
IsPETaseWT_pool_3099,5.676198,55.889351,-0.605090,0.586422,-0.009334,3514,1250,2359
IsPETaseWT_pool_3100,14.302552,55.440174,2.873815,-0.132900,1.370458,18,2646,209
IsPETaseWT_pool_3101,4.786182,54.135384,-0.964023,-2.222423,-1.593223,4154,4965,4977
IsPETaseWT_pool_3102,3.951395,54.999054,-1.300683,-0.839320,-1.070002,4600,4056,4736
IsPETaseWT_pool_3103,6.495222,55.147430,-0.274788,-0.601707,-0.438247,2857,3619,3485
IsPETaseWT_pool_3104,12.411440,56.298790,2.111153,1.242108,1.676630,138,508,89
IsPETaseWT_pool_3105,7.279531,54.777420,0.041515,-1.194250,-0.576368,2251,4549,3823
IsPETaseWT_pool_3106,6.773387,55.654453,-0.162607,0.210252,0.023822,2642,1918,2265
IsPETaseWT_pool_3107,8.357331,56.326824,0.476179,1.287002,0.881591,1518,473,629
IsPETaseWT_pool_3108,5.988930,55.204296,-0.478969,-0.510641,-0.494805,3250,3419,3636
IsPETaseWT_pool_3109,6.767410,54.227142,-0.165017,-2.075478,-1.120248,2645,4939,4781
IsPETaseWT_pool_3110,10.501159,55.957745,1.340759,0.695949,1.018354,521,1089,476
IsPETaseWT_pool_3111,10.629781,55.117268,1.392631,-0.650010,0.371310,484,3725,1468
IsPETaseWT_pool_3112,5.441148,56.390636,-0.699883,1.389193,0.344655,3684,411,1513
IsPETaseWT_pool_3113,6.014077,55.403557,-0.468828,-0.191540,-0.330184,3232,2771,3217
IsPETaseWT_pool_3114,5.456625,55.554634,-0.693641,0.050399,-0.321621,3675,2257,3194
IsPETaseWT_pool_3115,7.031731,54.842014,-0.058420,-1.090807,-0.574614,2427,4429,3818
IsPETaseWT_pool_3116,7.586091,55.889874,0.165147,0.587259,0.376203,2040,1249,1452
IsPETaseWT_pool_3117,9.270667,55.149487,0.844516,-0.598414,0.123051,991,3612,2031
IsPETaseWT_pool_3118,7.144759,54.698490,-0.012837,-1.320650,-0.666744,2351,4634,4036
IsPETaseWT_pool_3119,9.419571,55.350983,0.904567,-0.275733,0.314417,923,2952,1583
IsPETaseWT_pool_3120,4.335413,55.156094,-1.145813,-0.587833,-0.866823,4416,3587,4463
IsPETaseWT_pool_3121,4.752840,54.542545,-0.977470,-1.570384,-1.273927,4180,4779,4887
IsPETaseWT_pool_3122,5.016533,55.255783,-0.871125,-0.428188,-0.649657,4004,3250,4003
IsPETaseWT_pool_3123,5.440236,54.939400,-0.700251,-0.934852,-0.817552,3685,4216,4361
IsPETaseWT_pool_3124,4.444765,55.249191,-1.101712,-0.438745,-0.770229,4369,3273,4264
IsPETaseWT_pool_3125,3.975358,55.217873,-1.291019,-0.488899,-0.889959,4593,3384,4494
IsPETaseWT_pool_3126,3.314239,55.224689,-1.557640,-0.477982,-1.017811,4798,3370,4686
IsPETaseWT_pool_3127,9.440992,56.542515,0.913206,1.632414,1.272810,919,288,266
IsPETaseWT_pool_3128,3.780483,56.046696,-1.369609,0.838398,-0.265606,4667,923,3030
IsPETaseWT_pool_3129,9.885760,55.906696,1.092576,0.614200,0.853388,728,1213,660
IsPETaseWT_pool_3130,5.362925,55.088009,-0.731430,-0.696866,-0.714148,3738,3812,4137
IsPETaseWT_pool_3131,6.049688,54.690292,-0.454466,-1.333779,-0.894122,3203,4648,4502
IsPETaseWT_pool_3132,10.088889,55.458820,1.174495,-0.103040,0.535728,644,2594,1159
IsPETaseWT_pool_3133,9.597770,55.986794,0.976433,0.742469,0.859451,854,1037,649
IsPETaseWT_pool_3134,5.363186,56.353996,-0.731324,1.330516,0.299596,3737,441,1612
IsPETaseWT_pool_3135,6.347532,55.595669,-0.334349,0.116113,-0.109118,2975,2107,2616
IsPETaseWT_pool_3136,2.443438,55.604759,-1.908824,0.130670,-0.889077,4945,2074,4493
IsPETaseWT_pool_3137,6.247065,56.308945,-0.374866,1.258370,0.441752,3059,495,1326
IsPETaseWT_pool_3138,9.723811,55.742668,1.027264,0.351521,0.689392,784,1655,898
IsPETaseWT_pool_3139,3.541996,56.216663,-1.465788,1.110588,-0.177600,4730,613,2790
IsPETaseWT_pool_3140,8.303485,55.826347,0.454463,0.485527,0.469995,1557,1399,1271
IsPETaseWT_pool_3141,7.311273,55.249725,0.054316,-0.437889,-0.191787,2228,3271,2824
IsPETaseWT_pool_3142,4.305684,55.698528,-1.157802,0.280834,-0.438484,4437,1769,3486
IsPETaseWT_pool_3143,8.944363,54.316463,0.712922,-1.932437,-0.609758,1151,4911,3909
IsPETaseWT_pool_3144,5.773888,54.554535,-0.565693,-1.551184,-1.058438,3431,4770,4726
IsPETaseWT_pool_3145,4.487029,55.146496,-1.084668,-0.603203,-0.843936,4344,3624,4419
IsPETaseWT_pool_3146,6.226880,56.399345,-0.383007,1.403139,0.510066,3074,399,1198
IsPETaseWT_pool_3147,9.271888,55.691101,0.845009,0.268940,0.556974,990,1803,1121
IsPETaseWT_pool_3148,3.295722,55.683701,-1.565108,0.257089,-0.654009,4803,1824,4011
IsPETaseWT_pool_3149,6.034573,55.134800,-0.460562,-0.621934,-0.541248,3219,3654,3746
IsPETaseWT_pool_3150,5.889244,55.117989,-0.519171,-0.648856,-0.584013,3349,3721,3845
IsPETaseWT_pool_3151,2.804667,55.924038,-1.763144,0.641971,-0.560587,4897,1175,3785
IsPETaseWT_pool_3152,8.578296,54.701996,0.565291,-1.315036,-0.374873,1376,4630,3327
IsPETaseWT_pool_3153,8.620897,54.717773,0.582472,-1.289770,-0.353649,1355,4613,3275
IsPETaseWT_pool_3154,7.199630,55.310822,0.009292,-0.340048,-0.165378,2309,3074,2759
IsPETaseWT_pool_3155,5.875770,55.952156,-0.524605,0.687000,0.081197,3358,1106,2131
IsPETaseWT_pool_3156,12.578544,56.304005,2.178544,1.250459,1.714501,121,503,78
IsPETaseWT_pool_3157,7.331094,54.395275,0.062310,-1.806226,-0.871958,2214,4875,4473
IsPETaseWT_pool_3158,6.111363,55.282265,-0.429593,-0.385780,-0.407687,3157,3159,3406
IsPETaseWT_pool_3159,6.316539,55.418468,-0.346848,-0.167660,-0.257254,3005,2722,3005
IsPETaseWT_pool_3160,12.356013,55.061829,2.088799,-0.738792,0.675004,148,3878,927
IsPETaseWT_pool_3161,8.011462,55.387367,0.336694,-0.217466,0.059614,1740,2817,2195
IsPETaseWT_pool_3162,5.755076,56.107994,-0.573280,0.936563,0.181641,3450,789,1876
IsPETaseWT_pool_3163,4.413144,54.835819,-1.114465,-1.100728,-1.107597,4380,4449,4767
IsPETaseWT_pool_3164,7.640318,56.299297,0.187016,1.242920,0.714968,2005,507,858
IsPETaseWT_pool_3165,4.520533,55.454205,-1.071156,-0.110431,-0.590794,4323,2607,3864
IsPETaseWT_pool_3166,11.288506,56.942047,1.658287,2.272235,1.965261,320,98,42
IsPETaseWT_pool_3167,8.097712,55.765045,0.371477,0.387356,0.379417,1685,1579,1443
IsPETaseWT_pool_3168,6.540426,55.586033,-0.256557,0.100682,-0.077938,2818,2146,2538
IsPETaseWT_pool_3169,7.809368,57.744377,0.255192,3.557105,1.906149,1879,18,48
IsPETaseWT_pool_3170,6.784885,56.541248,-0.157970,1.630386,0.736208,2631,291,829
IsPETaseWT_pool_3171,4.183274,54.724041,-1.207169,-1.279733,-1.243451,4501,4605,4870
IsPETaseWT_pool_3172,10.065574,54.876343,1.165093,-1.035833,0.064630,654,4358,2178
IsPETaseWT_pool_3173,7.738427,56.399124,0.226582,1.402785,0.814684,1938,401,713
IsPETaseWT_pool_3174,8.021118,55.010330,0.340588,-0.821262,-0.240337,1733,4030,2954
IsPETaseWT_pool_3175,2.833271,55.897606,-1.751609,0.599642,-0.575983,4889,1228,3821
IsPETaseWT_pool_3176,9.924053,55.816929,1.108019,0.470444,0.789231,711,1432,753
IsPETaseWT_pool_3177,10.542324,54.758972,1.357360,-1.223793,0.066784,511,4573,2176
IsPETaseWT_pool_3178,6.495622,54.944859,-0.274626,-0.926110,-0.600368,2855,4190,3887
IsPETaseWT_pool_3179,8.289820,55.225716,0.448952,-0.476339,-0.013693,1561,3363,2372
IsPETaseWT_pool_3180,9.358504,57.221344,0.879940,2.719507,1.799724,945,49,59
IsPETaseWT_pool_3181,4.954064,54.847347,-0.896318,-1.082267,-0.989293,4046,4419,4649
IsPETaseWT_pool_3182,8.842511,55.196182,0.671846,-0.523634,0.074106,1211,3457,2149
IsPETaseWT_pool_3183,3.758923,56.670856,-1.378304,1.837944,0.229820,4670,204,1763
IsPETaseWT_pool_3184,10.065622,54.831985,1.165112,-1.106868,0.029122,653,4456,2258
IsPETaseWT_pool_3185,6.699083,54.557594,-0.192573,-1.546284,-0.869429,2701,4769,4468
IsPETaseWT_pool_3186,7.579711,56.198212,0.162574,1.081039,0.621807,2047,645,1008
IsPETaseWT_pool_3187,6.143363,55.904285,-0.416688,0.610339,0.096825,3126,1218,2082
IsPETaseWT_pool_3188,5.065571,55.762417,-0.851349,0.383147,-0.234101,3967,1590,2939
IsPETaseWT_pool_3189,7.831001,55.607548,0.263916,0.135136,0.199526,1862,2064,1827
IsPETaseWT_pool_3190,12.584003,55.921078,2.180745,0.637230,1.408988,119,1184,189
IsPETaseWT_pool_3191,8.047555,55.778370,0.351250,0.408695,0.379972,1720,1540,1440
IsPETaseWT_pool_3192,7.714795,54.887947,0.217052,-1.017250,-0.400099,1959,4334,3385
IsPETaseWT_pool_3193,8.689402,55.584251,0.610099,0.097829,0.353964,1313,2150,1497
IsPETaseWT_pool_3194,3.908820,55.672050,-1.317853,0.238432,-0.539710,4617,1860,3744
IsPETaseWT_pool_3195,6.967329,54.945889,-0.084393,-0.924461,-0.504427,2481,4188,3662
IsPETaseWT_pool_3196,7.613478,55.956005,0.176192,0.693164,0.434678,2024,1091,1340
IsPETaseWT_pool_3197,7.785773,54.184704,0.245676,-2.143440,-0.948882,1902,4954,4584
IsPETaseWT_pool_3198,4.118379,55.113388,-1.233340,-0.656223,-0.944782,4536,3737,4579
IsPETaseWT_pool_3199,7.249527,54.816986,0.029415,-1.130888,-0.550737,2270,4491,3769
IsPETaseWT_pool_3200,10.426547,55.623096,1.310669,0.160036,0.735352,543,2009,833
IsPETaseWT_pool_3201,9.335073,55.595970,0.870490,0.116595,0.493543,953,2104,1228
IsPETaseWT_pool_3202,4.826812,54.514576,-0.947637,-1.615175,-1.281406,4119,4800,4889
IsPETaseWT_pool_3203,10.518284,55.629047,1.347665,0.169566,0.758616,516,1994,793
IsPETaseWT_pool_3204,3.089193,55.118038,-1.648398,-0.648776,-1.148587,4850,3719,4813
IsPETaseWT_pool_3205,3.931338,55.302216,-1.308771,-0.353830,-0.831301,4607,3107,4392
IsPETaseWT_pool_3206,6.850555,54.154804,-0.131486,-2.191322,-1.161404,2579,4961,4822
IsPETaseWT_pool_3207,3.405240,55.247337,-1.520941,-0.441713,-0.981327,4767,3284,4636
IsPETaseWT_pool_3208,6.943106,56.062397,-0.094161,0.863542,0.384691,2501,882,1432
IsPETaseWT_pool_3209,6.446872,54.818897,-0.294287,-1.127828,-0.711057,2903,4484,4128
IsPETaseWT_pool_3210,10.126231,56.043888,1.189555,0.833902,1.011728,632,927,485
IsPETaseWT_pool_3211,10.971713,54.964733,1.530528,-0.894283,0.318123,398,4148,1576
IsPETaseWT_pool_3212,8.951748,55.970200,0.715900,0.715895,0.715898,1148,1066,857
IsPETaseWT_pool_3213,6.450257,57.093906,-0.292921,2.515426,1.111252,2900,70,381
IsPETaseWT_pool_3214,7.194572,56.641838,0.007252,1.791473,0.899362,2316,219,610
IsPETaseWT_pool_3215,7.417493,55.577816,0.097153,0.087523,0.092338,2163,2175,2098
IsPETaseWT_pool_3216,5.129403,55.466671,-0.825606,-0.090467,-0.458037,3918,2562,3540
IsPETaseWT_pool_3217,7.369599,55.542107,0.077838,0.030337,0.054088,2186,2285,2206
IsPETaseWT_pool_3218,8.418884,55.392895,0.501002,-0.208614,0.146194,1482,2797,1958
IsPETaseWT_pool_3219,7.507943,55.618088,0.133631,0.152015,0.142823,2096,2031,1970
IsPETaseWT_pool_3220,14.133803,55.354038,2.805761,-0.270840,1.267460,24,2942,268
IsPETaseWT_pool_3221,12.288719,55.571480,2.061661,0.077376,1.069518,156,2197,414
IsPETaseWT_pool_3222,3.166039,54.677349,-1.617407,-1.354506,-1.485957,4833,4661,4962
IsPETaseWT_pool_3223,6.035630,55.031052,-0.460136,-0.788079,-0.624107,3217,3970,3937
IsPETaseWT_pool_3224,4.325159,56.148739,-1.149948,1.001812,-0.074068,4426,706,2526
IsPETaseWT_pool_3225,4.619631,55.466133,-1.031191,-0.091329,-0.561260,4262,2570,3787
IsPETaseWT_pool_3226,11.233890,55.494339,1.636261,-0.046159,0.795051,336,2464,746
IsPETaseWT_pool_3227,10.732590,55.565098,1.434092,0.067156,0.750624,461,2217,803
IsPETaseWT_pool_3228,9.578962,56.399342,0.968848,1.403133,1.185991,862,400,335
IsPETaseWT_pool_3229,5.717977,55.138004,-0.588241,-0.616802,-0.602522,3480,3645,3894
IsPETaseWT_pool_3230,13.445225,54.914589,2.528066,-0.974585,0.776740,48,4285,771
IsPETaseWT_pool_3231,7.471499,56.169315,0.118933,1.034764,0.576849,2120,677,1088
IsPETaseWT_pool_3232,11.753230,55.310692,1.845704,-0.340256,0.752724,232,3075,800
IsPETaseWT_pool_3233,9.242862,54.429157,0.833303,-1.751966,-0.459332,1005,4854,3543
IsPETaseWT_pool_3234,9.084257,54.589718,0.769339,-1.494841,-0.362751,1088,4745,3306
IsPETaseWT_pool_3235,7.578255,54.753422,0.161987,-1.232682,-0.535347,2049,4583,3738
IsPETaseWT_pool_3236,9.399419,54.960964,0.896440,-0.900318,-0.001939,929,4155,2334
IsPETaseWT_pool_3237,5.551291,55.529575,-0.655464,0.010269,-0.322597,3599,2330,3196
IsPETaseWT_pool_3238,7.172247,55.910072,-0.001752,0.619606,0.308927,2332,1202,1593
IsPETaseWT_pool_3239,4.714420,55.941551,-0.992964,0.670017,-0.161473,4206,1130,2751
IsPETaseWT_pool_3240,13.195910,55.794834,2.427520,0.435061,1.431290,60,1490,180
IsPETaseWT_pool_3241,8.206687,56.058529,0.415426,0.857348,0.636387,1615,893,983
IsPETaseWT_pool_3242,8.755935,55.045780,0.636931,-0.764492,-0.063780,1272,3927,2508
IsPETaseWT_pool_3243,4.327547,54.828281,-1.148985,-1.112800,-1.130892,4423,4465,4797
IsPETaseWT_pool_3244,8.696374,54.944027,0.612911,-0.927442,-0.157266,1307,4193,2732
IsPETaseWT_pool_3245,8.553204,55.527172,0.555172,0.006421,0.280796,1390,2335,1652
IsPETaseWT_pool_3246,5.775641,55.024830,-0.564986,-0.798042,-0.681514,3428,3995,4070
IsPETaseWT_pool_3247,3.404153,55.619949,-1.521379,0.154996,-0.683191,4768,2022,4073
IsPETaseWT_pool_3248,5.806631,54.721031,-0.552488,-1.284553,-0.918520,3409,4608,4541
IsPETaseWT_pool_3249,7.295286,56.175713,0.047869,1.045009,0.546439,2235,666,1144
IsPETaseWT_pool_3250,8.449135,54.961380,0.513202,-0.899652,-0.193225,1464,4153,2829
IsPETaseWT_pool_3251,6.611640,55.332199,-0.227838,-0.305814,-0.266826,2766,3008,3033
IsPETaseWT_pool_3252,7.166535,54.967010,-0.004055,-0.890636,-0.447345,2335,4141,3515
IsPETaseWT_pool_3253,6.031558,54.993771,-0.461778,-0.847781,-0.654780,3221,4074,4014
IsPETaseWT_pool_3254,8.910888,55.651867,0.699422,0.206110,0.452766,1169,1930,1301
IsPETaseWT_pool_3255,4.206910,55.275837,-1.197637,-0.396074,-0.796855,4488,3177,4327
IsPETaseWT_pool_3256,4.272673,55.468185,-1.171115,-0.088042,-0.629579,4457,2554,3950
IsPETaseWT_pool_3257,8.308045,55.239273,0.456302,-0.454628,0.000837,1552,3307,2318
IsPETaseWT_pool_3258,4.371037,55.612114,-1.131446,0.142448,-0.494499,4398,2049,3635
IsPETaseWT_pool_3259,6.351621,55.332993,-0.332700,-0.304543,-0.318622,2970,3005,3185
IsPETaseWT_pool_3260,6.298966,55.485035,-0.353935,-0.061059,-0.207497,3019,2493,2867
IsPETaseWT_pool_3261,9.124716,55.762524,0.785656,0.383318,0.584487,1068,1588,1068
IsPETaseWT_pool_3262,3.675292,54.987061,-1.412032,-0.858527,-1.135279,4692,4095,4803
IsPETaseWT_pool_3263,8.001225,54.584919,0.332565,-1.502526,-0.584980,1747,4746,3850
IsPETaseWT_pool_3264,7.997144,55.789577,0.330920,0.426643,0.378781,1753,1505,1444
IsPETaseWT_pool_3265,5.923325,55.399258,-0.505427,-0.198425,-0.351926,3322,2782,3272
IsPETaseWT_pool_3266,6.416848,56.648533,-0.306395,1.802194,0.747900,2929,212,810
IsPETaseWT_pool_3267,9.155988,55.123352,0.798268,-0.640266,0.079001,1048,3696,2136
IsPETaseWT_pool_3268,2.143142,55.556522,-2.029930,0.053423,-0.988253,4969,2248,4647
IsPETaseWT_pool_3269,4.384247,54.991470,-1.126119,-0.851465,-0.988792,4393,4082,4648
IsPETaseWT_pool_3270,4.481751,55.465813,-1.086796,-0.091842,-0.589319,4347,2571,3859
IsPETaseWT_pool_3271,6.756385,55.709618,-0.169464,0.298593,0.064565,2655,1742,2181
IsPETaseWT_pool_3272,7.519453,56.860836,0.138273,2.142182,1.140227,2088,117,363
IsPETaseWT_pool_3273,8.223596,55.766632,0.422245,0.389897,0.406071,1605,1571,1395
IsPETaseWT_pool_3274,10.077326,55.645058,1.169832,0.195205,0.682519,651,1945,909
IsPETaseWT_pool_3275,5.970183,56.102428,-0.486530,0.927650,0.220560,3270,804,1787
IsPETaseWT_pool_3276,7.881484,55.833893,0.284275,0.497610,0.390943,1829,1374,1425
IsPETaseWT_pool_3277,5.798612,55.327900,-0.555722,-0.312699,-0.434210,3412,3026,3478
IsPETaseWT_pool_3278,7.953632,56.178802,0.313372,1.049957,0.681664,1788,664,910
IsPETaseWT_pool_3279,5.911250,54.428326,-0.510297,-1.753298,-1.131797,3334,4856,4799
IsPETaseWT_pool_3280,5.293098,54.819836,-0.759590,-1.126325,-0.942957,3777,4479,4578
IsPETaseWT_pool_3281,5.184118,54.839718,-0.803540,-1.094485,-0.949013,3876,4439,4586
IsPETaseWT_pool_3282,1.881337,55.923981,-2.135512,0.641879,-0.746817,4980,1176,4211
IsPETaseWT_pool_3283,12.675090,55.632973,2.217479,0.175852,1.196666,106,1982,329
IsPETaseWT_pool_3284,7.620820,54.458355,0.179153,-1.705209,-0.763028,2016,4839,4243
IsPETaseWT_pool_3285,6.869731,55.224846,-0.123753,-0.477732,-0.300742,2566,3369,3137
IsPETaseWT_pool_3286,5.677077,56.595081,-0.604736,1.716596,0.555930,3512,249,1123
IsPETaseWT_pool_3287,8.190909,54.118362,0.409063,-2.249681,-0.920309,1627,4969,4543
IsPETaseWT_pool_3288,7.122098,56.210663,-0.021976,1.100979,0.539501,2362,626,1155
IsPETaseWT_pool_3289,8.433268,54.856312,0.506803,-1.067911,-0.280554,1473,4394,3077
IsPETaseWT_pool_3290,7.113130,55.652294,-0.025593,0.206794,0.090601,2372,1929,2105
IsPETaseWT_pool_3291,11.741603,55.500401,1.841015,-0.036452,0.902282,233,2439,606
IsPETaseWT_pool_3292,5.004439,55.601498,-0.876003,0.125447,-0.375278,4015,2092,3328
IsPETaseWT_pool_3293,12.929775,55.866936,2.320191,0.550526,1.435358,79,1303,178
IsPETaseWT_pool_3294,7.758511,55.730141,0.234682,0.331459,0.283070,1916,1689,1646
IsPETaseWT_pool_3295,10.665006,55.216045,1.406837,-0.491825,0.457506,475,3389,1293
IsPETaseWT_pool_3296,5.515946,56.751518,-0.669718,1.967117,0.648700,3632,169,958
IsPETaseWT_pool_3297,6.803399,54.819935,-0.150504,-1.126166,-0.638335,2615,4478,3975
IsPETaseWT_pool_3298,5.089295,55.915131,-0.841781,0.627706,-0.107037,3951,1194,2613
IsPETaseWT_pool_3299,6.269636,55.091885,-0.365764,-0.690659,-0.528211,3038,3806,3713
IsPETaseWT_pool_3300,11.544705,56.440578,1.761609,1.469171,1.615390,261,361,106
IsPETaseWT_pool_3301,4.957038,56.769592,-0.895119,1.996062,0.550471,4043,161,1133
IsPETaseWT_pool_3302,4.761226,55.538887,-0.974088,0.025181,-0.474453,4173,2298,3582
IsPETaseWT_pool_3303,4.525602,56.072716,-1.069112,0.880067,-0.094522,4319,871,2578
IsPETaseWT_pool_3304,6.777128,55.938999,-0.161098,0.665930,0.252416,2638,1134,1717
IsPETaseWT_pool_3305,6.056028,55.862736,-0.451909,0.543800,0.045945,3199,1310,2229
IsPETaseWT_pool_3306,11.054262,55.156193,1.563819,-0.587675,0.488072,379,3585,1235
IsPETaseWT_pool_3307,4.825979,54.809792,-0.947973,-1.142410,-1.045192,4120,4501,4714
IsPETaseWT_pool_3308,5.037869,55.155796,-0.862521,-0.588310,-0.725415,3990,3590,4165
IsPETaseWT_pool_3309,8.511627,54.317898,0.538404,-1.930140,-0.695868,1419,4910,4096
IsPETaseWT_pool_3310,10.375386,55.330116,1.290036,-0.309149,0.490443,559,3017,1232
IsPETaseWT_pool_3311,4.144432,54.887272,-1.222833,-1.018331,-1.120582,4519,4336,4782
IsPETaseWT_pool_3312,11.727512,55.375267,1.835333,-0.236844,0.799244,234,2855,738
IsPETaseWT_pool_3313,4.048560,55.321663,-1.261497,-0.322687,-0.792092,4559,3046,4312
IsPETaseWT_pool_3314,6.869989,55.955750,-0.123649,0.692755,0.284553,2565,1094,1644
IsPETaseWT_pool_3315,12.381824,56.171608,2.099209,1.038435,1.568822,141,673,123
IsPETaseWT_pool_3316,6.285682,55.372070,-0.359293,-0.241963,-0.300628,3031,2865,3136
IsPETaseWT_pool_3317,7.931192,55.191483,0.304322,-0.531161,-0.113419,1796,3468,2628
IsPETaseWT_pool_3318,5.008505,55.997501,-0.874363,0.759617,-0.057373,4011,1020,2491
IsPETaseWT_pool_3319,7.025131,55.008728,-0.061082,-0.823828,-0.442455,2435,4033,3499
IsPETaseWT_pool_3320,2.574778,54.894375,-1.855856,-1.006956,-1.431406,4934,4323,4952
IsPETaseWT_pool_3321,10.181252,57.125023,1.211744,2.565257,1.888500,611,61,50
IsPETaseWT_pool_3322,10.050148,55.285698,1.158872,-0.380282,0.389295,660,3148,1429
IsPETaseWT_pool_3323,11.196711,57.264629,1.621267,2.788826,2.205046,344,42,21
IsPETaseWT_pool_3324,11.772504,54.983143,1.853477,-0.864801,0.494338,231,4108,1225
IsPETaseWT_pool_3325,10.520893,55.555775,1.348717,0.052225,0.700471,515,2254,880
IsPETaseWT_pool_3326,9.317242,55.125671,0.863299,-0.636552,0.113374,966,3684,2055
IsPETaseWT_pool_3327,12.856380,55.872711,2.290592,0.559775,1.425183,85,1294,184
IsPETaseWT_pool_3328,4.742435,55.736786,-0.981666,0.342101,-0.319782,4186,1675,3188
IsPETaseWT_pool_3329,7.485519,56.158234,0.124587,1.017017,0.570802,2108,690,1099
IsPETaseWT_pool_3330,6.169653,55.577343,-0.406086,0.086765,-0.159660,3115,2178,2743
IsPETaseWT_pool_3331,10.203733,55.254257,1.220811,-0.430632,0.395089,603,3254,1414
IsPETaseWT_pool_3332,3.329514,55.739777,-1.551480,0.346890,-0.602295,4791,1668,3891
IsPETaseWT_pool_3333,8.120026,55.176674,0.380476,-0.554876,-0.087200,1671,3518,2556
IsPETaseWT_pool_3334,5.266475,56.103588,-0.770327,0.929507,0.079590,3808,802,2135
IsPETaseWT_pool_3335,6.989869,55.655853,-0.075302,0.212494,0.068596,2462,1914,2168
IsPETaseWT_pool_3336,8.695052,56.192165,0.612378,1.071357,0.841867,1308,651,679
IsPETaseWT_pool_3337,2.765860,55.758972,-1.778795,0.377631,-0.700582,4904,1597,4104
IsPETaseWT_pool_3338,6.548540,56.749126,-0.253285,1.963287,0.855001,2811,170,656
IsPETaseWT_pool_3339,7.325131,55.653679,0.059905,0.209011,0.134458,2218,1921,1995
IsPETaseWT_pool_3340,4.544413,54.980980,-1.061526,-0.868265,-0.964895,4308,4113,4615
IsPETaseWT_pool_3341,4.359390,55.307793,-1.136143,-0.344899,-0.740521,4405,3090,4197
IsPETaseWT_pool_3342,7.333066,55.867085,0.063105,0.550764,0.306935,2212,1302,1602
IsPETaseWT_pool_3343,4.516066,55.121368,-1.072958,-0.643443,-0.858200,4327,3707,4446
IsPETaseWT_pool_3344,3.562280,55.771854,-1.457608,0.398261,-0.529674,4723,1554,3717
IsPETaseWT_pool_3345,3.878948,54.711491,-1.329900,-1.299831,-1.314865,4631,4622,4900
IsPETaseWT_pool_3346,6.754182,55.319645,-0.170352,-0.325918,-0.248135,2657,3052,2972
IsPETaseWT_pool_3347,9.799684,54.839668,1.057862,-1.094564,-0.018351,757,4440,2383
IsPETaseWT_pool_3348,5.849215,55.752598,-0.535315,0.367423,-0.083946,3378,1620,2548
IsPETaseWT_pool_3349,5.730595,54.925011,-0.583153,-0.957895,-0.770524,3470,4257,4266
IsPETaseWT_pool_3350,4.603948,56.331554,-1.037516,1.294577,0.128531,4270,465,2008
IsPETaseWT_pool_3351,4.678951,55.664162,-1.007268,0.225799,-0.390735,4227,1885,3362
IsPETaseWT_pool_3352,5.988402,55.332378,-0.479182,-0.305527,-0.392354,3251,3007,3365
IsPETaseWT_pool_3353,4.739217,55.253040,-0.982963,-0.432581,-0.707772,4187,3259,4123
IsPETaseWT_pool_3354,6.412836,56.226654,-0.308013,1.126588,0.409287,2931,599,1386
IsPETaseWT_pool_3355,5.293008,55.011066,-0.759626,-0.820083,-0.789855,3779,4027,4305
IsPETaseWT_pool_3356,8.379382,56.111618,0.485072,0.942366,0.713719,1508,782,861
IsPETaseWT_pool_3357,8.652635,55.333927,0.595271,-0.303047,0.146112,1341,3000,1959
IsPETaseWT_pool_3358,2.988383,55.165649,-1.689054,-0.572530,-1.130792,4863,3554,4796
IsPETaseWT_pool_3359,10.613439,56.368488,1.386040,1.353724,1.369882,490,431,210
IsPETaseWT_pool_3360,7.151049,55.277840,-0.010300,-0.392866,-0.201583,2347,3170,2847
IsPETaseWT_pool_3361,2.097522,55.748825,-2.048328,0.361381,-0.843473,4971,1632,4416
IsPETaseWT_pool_3362,7.996455,55.588966,0.330642,0.105379,0.218011,1755,2134,1791
IsPETaseWT_pool_3363,7.412530,55.797653,0.095152,0.439575,0.267364,2166,1480,1678
IsPETaseWT_pool_3364,9.201599,56.217060,0.816662,1.111223,0.963943,1027,612,533
IsPETaseWT_pool_3365,9.000557,55.247772,0.735584,-0.441017,0.147284,1124,3282,1953
IsPETaseWT_pool_3366,5.794808,55.018761,-0.557256,-0.807762,-0.682509,3414,4011,4071
IsPETaseWT_pool_3367,4.979113,55.766552,-0.886216,0.389769,-0.248224,4032,1573,2973
IsPETaseWT_pool_3368,5.875690,55.627594,-0.524637,0.167239,-0.178699,3359,1997,2793
IsPETaseWT_pool_3369,5.428701,54.842770,-0.704903,-1.089598,-0.897250,3697,4428,4507
IsPETaseWT_pool_3370,6.644819,55.620552,-0.214457,0.155961,-0.029248,2739,2020,2406
IsPETaseWT_pool_3371,4.857365,55.067661,-0.935316,-0.729451,-0.832383,4105,3864,4396
IsPETaseWT_pool_3372,6.301244,55.198673,-0.353017,-0.519645,-0.436331,3017,3443,3483
IsPETaseWT_pool_3373,5.144379,55.306225,-0.819566,-0.347410,-0.583488,3905,3095,3842
IsPETaseWT_pool_3374,8.072550,54.982372,0.361330,-0.866035,-0.252352,1700,4109,2987
IsPETaseWT_pool_3375,5.083440,55.572647,-0.844142,0.079245,-0.382449,3957,2195,3345
IsPETaseWT_pool_3376,4.057219,55.259258,-1.258005,-0.422623,-0.840314,4556,3236,4411
IsPETaseWT_pool_3377,4.971679,55.356556,-0.889214,-0.266808,-0.578011,4039,2931,3828
IsPETaseWT_pool_3378,9.066694,55.695415,0.762256,0.275849,0.519053,1099,1780,1183
IsPETaseWT_pool_3379,8.755217,55.285267,0.636641,-0.380972,0.127835,1274,3150,2012
IsPETaseWT_pool_3380,2.885244,54.669086,-1.730649,-1.367738,-1.549193,4879,4669,4973
IsPETaseWT_pool_3381,6.902002,55.445347,-0.110738,-0.124616,-0.117677,2541,2635,2635
IsPETaseWT_pool_3382,3.524320,56.174381,-1.472917,1.042877,-0.215020,4737,669,2889
IsPETaseWT_pool_3383,4.229253,55.374779,-1.188626,-0.237626,-0.713126,4479,2856,4133
IsPETaseWT_pool_3384,8.296494,55.844837,0.451644,0.515137,0.483390,1559,1352,1249
IsPETaseWT_pool_3385,9.234312,55.246964,0.829855,-0.442312,0.193771,1007,3285,1843
IsPETaseWT_pool_3386,10.326917,55.704796,1.270489,0.290871,0.780680,575,1758,762
IsPETaseWT_pool_3387,11.917003,55.563591,1.911752,0.064743,0.988247,209,2222,513
IsPETaseWT_pool_3388,4.903410,55.151184,-0.916746,-0.595696,-0.756221,4074,3606,4231
IsPETaseWT_pool_3389,4.774459,56.094009,-0.968751,0.914167,-0.027292,4160,819,2398
IsPETaseWT_pool_3390,12.498232,56.231220,2.146155,1.133900,1.640027,129,593,99
IsPETaseWT_pool_3391,9.059395,56.566311,0.759313,1.670522,1.214917,1102,275,310
IsPETaseWT_pool_3392,11.357436,55.018490,1.686085,-0.808195,0.438945,303,4014,1331
IsPETaseWT_pool_3393,8.785113,56.087807,0.648698,0.904234,0.776466,1250,833,772
IsPETaseWT_pool_3394,9.140265,53.748383,0.791927,-2.842175,-1.025124,1054,4993,4691
IsPETaseWT_pool_3395,5.567321,55.061405,-0.648999,-0.739470,-0.694234,3588,3879,4095
IsPETaseWT_pool_3396,3.250411,55.104851,-1.583381,-0.669895,-1.126638,4818,3765,4790
IsPETaseWT_pool_3397,8.892227,54.653812,0.691896,-1.392198,-0.350151,1174,4690,3267
IsPETaseWT_pool_3398,5.161047,55.541801,-0.812844,0.029848,-0.391498,3895,2287,3363
IsPETaseWT_pool_3399,7.434982,55.592690,0.104206,0.111342,0.107774,2150,2121,2068
IsPETaseWT_pool_3400,7.786534,55.025436,0.245983,-0.797071,-0.275544,1899,3993,3064
IsPETaseWT_pool_3401,11.463130,56.565128,1.728710,1.668628,1.698669,275,278,83
IsPETaseWT_pool_3402,5.382151,55.349636,-0.723676,-0.277890,-0.500783,3727,2956,3653
IsPETaseWT_pool_3403,8.851805,54.939098,0.675594,-0.935335,-0.129870,1203,4217,2675
IsPETaseWT_pool_3404,9.897293,55.006779,1.097227,-0.826950,0.135139,725,4041,1991
IsPETaseWT_pool_3405,9.950373,56.155811,1.118634,1.013138,1.065886,703,695,418
IsPETaseWT_pool_3406,5.084607,55.366932,-0.843672,-0.250192,-0.546932,3956,2890,3761
IsPETaseWT_pool_3407,8.003019,55.028240,0.333289,-0.792581,-0.229646,1746,3979,2925
IsPETaseWT_pool_3408,7.787423,56.086193,0.246342,0.901650,0.573996,1897,839,1093
IsPETaseWT_pool_3409,10.142491,55.430435,1.196112,-0.148496,0.523808,627,2689,1176
IsPETaseWT_pool_3410,4.513919,55.645325,-1.073823,0.195633,-0.439095,4329,1943,3489
IsPETaseWT_pool_3411,5.207920,54.905895,-0.793941,-0.988507,-0.891224,3850,4307,4496
IsPETaseWT_pool_3412,4.126006,55.103893,-1.230264,-0.671428,-0.950846,4530,3767,4589
IsPETaseWT_pool_3413,9.819242,56.395088,1.065750,1.396322,1.231036,749,405,294
IsPETaseWT_pool_3414,5.395910,55.510132,-0.718127,-0.020868,-0.369498,3719,2398,3319
IsPETaseWT_pool_3415,4.285002,56.641842,-1.166143,1.791479,0.312668,4448,218,1586
IsPETaseWT_pool_3416,9.987262,55.694935,1.133510,0.275080,0.704295,684,1785,873
IsPETaseWT_pool_3417,8.387221,55.053795,0.488233,-0.751657,-0.131712,1503,3906,2679
IsPETaseWT_pool_3418,3.365662,55.106743,-1.536902,-0.666865,-1.101883,4778,3759,4765
IsPETaseWT_pool_3419,9.626534,56.541500,0.988033,1.630789,1.309411,835,290,242
IsPETaseWT_pool_3420,9.128508,56.140232,0.787185,0.988189,0.887687,1067,729,625
IsPETaseWT_pool_3421,6.535954,55.761047,-0.258361,0.380954,0.061297,2821,1594,2190
IsPETaseWT_pool_3422,6.491036,54.637180,-0.276476,-1.418833,-0.847655,2863,4703,4429
IsPETaseWT_pool_3423,6.151948,55.310188,-0.413226,-0.341062,-0.377144,3123,3079,3332
IsPETaseWT_pool_3424,7.006155,55.501472,-0.068734,-0.034735,-0.051735,2448,2436,2473
IsPETaseWT_pool_3425,7.413666,55.695084,0.095610,0.275318,0.185464,2164,1782,1869
IsPETaseWT_pool_3426,8.264349,55.508133,0.438680,-0.024069,0.207305,1574,2408,1809
IsPETaseWT_pool_3427,10.382886,55.887379,1.293061,0.583264,0.938162,557,1256,560
IsPETaseWT_pool_3428,11.982388,55.870361,1.938121,0.556012,1.247066,197,1297,287
IsPETaseWT_pool_3429,7.392783,57.258896,0.087188,2.779644,1.433416,2172,43,179
IsPETaseWT_pool_3430,8.057101,56.331760,0.355100,1.294907,0.825003,1709,464,702
IsPETaseWT_pool_3431,8.814831,55.438557,0.660683,-0.135490,0.262596,1226,2656,1688
IsPETaseWT_pool_3432,9.475726,55.285477,0.927214,-0.380636,0.273289,896,3149,1665
IsPETaseWT_pool_3433,4.950458,55.009735,-0.897773,-0.822215,-0.859994,4049,4031,4451
IsPETaseWT_pool_3434,4.995035,55.415184,-0.879795,-0.172920,-0.526357,4021,2729,3708
IsPETaseWT_pool_3435,9.853050,55.620495,1.079384,0.155870,0.617627,740,2021,1013
IsPETaseWT_pool_3436,6.812179,56.016369,-0.146963,0.789832,0.321435,2610,979,1571
IsPETaseWT_pool_3437,6.248521,54.855583,-0.374279,-1.069078,-0.721679,3058,4397,4155
IsPETaseWT_pool_3438,4.466699,56.463722,-1.092867,1.506234,0.206684,4353,343,1810
IsPETaseWT_pool_3439,8.724212,56.513077,0.624137,1.585272,1.104705,1294,306,388
IsPETaseWT_pool_3440,7.624391,54.780800,0.180593,-1.188838,-0.504122,2012,4546,3661
IsPETaseWT_pool_3441,2.074780,56.126396,-2.057499,0.966032,-0.545734,4973,760,3758
IsPETaseWT_pool_3442,9.962002,55.009239,1.123323,-0.823009,0.150157,697,4032,1946
IsPETaseWT_pool_3443,7.175920,56.056618,-0.000270,0.854287,0.427009,2330,897,1349
IsPETaseWT_pool_3444,6.723352,55.460518,-0.182786,-0.100321,-0.141553,2681,2587,2706
IsPETaseWT_pool_3445,5.330296,55.188465,-0.744588,-0.535993,-0.640291,3757,3476,3981
IsPETaseWT_pool_3446,7.981307,55.316124,0.324533,-0.331557,-0.003512,1768,3064,2337
IsPETaseWT_pool_3447,7.400273,54.947102,0.090209,-0.922518,-0.416155,2170,4185,3429
IsPETaseWT_pool_3448,5.922937,54.981194,-0.505583,-0.867922,-0.686753,3323,4112,4081
IsPETaseWT_pool_3449,4.126099,54.848488,-1.230227,-1.080441,-1.155334,4529,4416,4816
IsPETaseWT_pool_3450,5.488610,56.032879,-0.680742,0.816271,0.067765,3651,945,2171
IsPETaseWT_pool_3451,7.007140,54.148293,-0.068337,-2.201750,-1.135044,2447,4962,4801
IsPETaseWT_pool_3452,9.613726,55.283089,0.982868,-0.384460,0.299204,845,3157,1613
IsPETaseWT_pool_3453,8.748076,55.451015,0.633762,-0.115539,0.259112,1279,2618,1698
IsPETaseWT_pool_3454,8.439071,55.048927,0.509143,-0.759452,-0.125154,1470,3918,2654
IsPETaseWT_pool_3455,5.298260,55.163826,-0.757508,-0.575451,-0.666479,3773,3558,4035
IsPETaseWT_pool_3456,6.596179,55.402283,-0.234073,-0.193580,-0.213827,2783,2775,2884
IsPETaseWT_pool_3457,9.608050,55.687550,0.980579,0.263253,0.621916,849,1812,1006
IsPETaseWT_pool_3458,4.694279,54.866730,-1.001086,-1.051228,-1.026157,4219,4381,4692
IsPETaseWT_pool_3459,5.739414,55.398445,-0.579596,-0.199726,-0.389661,3463,2786,3359
IsPETaseWT_pool_3460,2.480798,55.746246,-1.893757,0.357251,-0.768253,4942,1644,4258
IsPETaseWT_pool_3461,3.024740,56.036221,-1.674392,0.821623,-0.426384,4859,941,3460
IsPETaseWT_pool_3462,8.635758,55.130062,0.588465,-0.629521,-0.020528,1350,3672,2386
IsPETaseWT_pool_3463,7.133174,56.456959,-0.017509,1.495403,0.738947,2357,350,824
IsPETaseWT_pool_3464,5.186569,55.816422,-0.802552,0.469631,-0.166460,3874,1433,2761
IsPETaseWT_pool_3465,6.847582,54.668724,-0.132685,-1.368319,-0.750502,2585,4671,4219
IsPETaseWT_pool_3466,6.597027,55.626152,-0.233731,0.164929,-0.034401,2779,2003,2421
IsPETaseWT_pool_3467,6.962911,56.055374,-0.086174,0.852296,0.383061,2486,900,1437
IsPETaseWT_pool_3468,5.832710,55.564194,-0.541971,0.065708,-0.238131,3390,2220,2950
IsPETaseWT_pool_3469,6.909965,54.640839,-0.107527,-1.412975,-0.760251,2534,4701,4238
IsPETaseWT_pool_3470,12.745892,56.128063,2.246033,0.968702,1.607367,97,756,110
IsPETaseWT_pool_3471,6.137212,55.432156,-0.419169,-0.145741,-0.282455,3135,2680,3084
IsPETaseWT_pool_3472,5.193286,55.083450,-0.799843,-0.704166,-0.752004,3866,3824,4222
IsPETaseWT_pool_3473,5.411694,55.233929,-0.711762,-0.463186,-0.587474,3707,3334,3854
IsPETaseWT_pool_3474,4.813603,55.237194,-0.952965,-0.457957,-0.705461,4129,3322,4115
IsPETaseWT_pool_3475,11.544267,55.987900,1.761432,0.744241,1.252836,262,1036,281
IsPETaseWT_pool_3476,4.358087,56.415825,-1.136669,1.429530,0.146431,4406,384,1957
IsPETaseWT_pool_3477,7.152339,56.374107,-0.009780,1.362723,0.676471,2344,426,924
IsPETaseWT_pool_3478,8.098375,55.431042,0.371745,-0.147525,0.112110,1684,2686,2062
IsPETaseWT_pool_3479,5.713679,55.519661,-0.589975,-0.005608,-0.297791,3485,2368,3130
IsPETaseWT_pool_3480,6.588548,55.166325,-0.237150,-0.571449,-0.404300,2792,3552,3400
IsPETaseWT_pool_3481,4.908090,56.074097,-0.914859,0.882279,-0.016290,4073,864,2378
IsPETaseWT_pool_3482,2.775620,55.025623,-1.774859,-0.796772,-1.285815,4899,3992,4892
IsPETaseWT_pool_3483,5.179658,55.967705,-0.805339,0.711900,-0.046719,3879,1076,2452
IsPETaseWT_pool_3484,6.348140,54.921326,-0.334104,-0.963796,-0.648950,2974,4269,3999
IsPETaseWT_pool_3485,6.234592,55.535152,-0.379897,0.019200,-0.180348,3068,2311,2798
IsPETaseWT_pool_3486,7.429299,55.695457,0.101914,0.275917,0.188916,2154,1779,1859
IsPETaseWT_pool_3487,6.455283,55.378998,-0.290895,-0.230869,-0.260882,2894,2850,3018
IsPETaseWT_pool_3488,7.739828,56.204731,0.227147,1.091479,0.659313,1936,640,942
IsPETaseWT_pool_3489,8.892033,55.127934,0.691818,-0.632930,0.029444,1175,3676,2257
IsPETaseWT_pool_3490,6.824206,55.799103,-0.142112,0.441897,0.149892,2604,1477,1947
IsPETaseWT_pool_3491,8.650606,56.828888,0.594453,2.091019,1.342736,1343,133,228
IsPETaseWT_pool_3492,3.705185,55.525410,-1.399976,0.003598,-0.698189,4685,2341,4099
IsPETaseWT_pool_3493,10.025115,55.665825,1.148776,0.228462,0.688619,668,1878,900
IsPETaseWT_pool_3494,4.866338,55.199406,-0.931697,-0.518472,-0.725085,4103,3442,4163
IsPETaseWT_pool_3495,6.832148,55.268566,-0.138909,-0.407717,-0.273313,2598,3207,3055
IsPETaseWT_pool_3496,6.565592,55.676098,-0.246408,0.244914,-0.000747,2801,1848,2329
IsPETaseWT_pool_3497,14.387093,54.880966,2.907910,-1.028429,0.939740,16,4346,557
IsPETaseWT_pool_3498,10.202254,56.110191,1.220214,0.940081,1.080148,604,783,410
IsPETaseWT_pool_3499,4.814109,56.293034,-0.952760,1.232889,0.140064,4127,521,1983
IsPETaseWT_pool_3500,6.103927,55.524097,-0.432592,0.001497,-0.215548,3166,2348,2890
IsPETaseWT_pool_3501,3.202815,56.428284,-1.602576,1.449482,-0.076547,4828,375,2532
IsPETaseWT_pool_3502,6.199956,56.023998,-0.393865,0.802050,0.204092,3089,957,1818
IsPETaseWT_pool_3503,7.347163,56.430603,0.068790,1.453196,0.760993,2203,369,792
IsPETaseWT_pool_3504,7.819114,55.752041,0.259122,0.366531,0.312826,1870,1621,1585
IsPETaseWT_pool_3505,15.168254,54.697121,3.222943,-1.322844,0.950050,8,4638,549
IsPETaseWT_pool_3506,4.565367,55.496052,-1.053075,-0.043416,-0.548246,4299,2460,3763
IsPETaseWT_pool_3507,9.341424,56.229160,0.873052,1.130601,1.001826,950,595,494
IsPETaseWT_pool_3508,9.172294,55.188599,0.804844,-0.535779,0.134532,1040,3475,1994
IsPETaseWT_pool_3509,6.685203,55.148224,-0.198171,-0.600436,-0.399303,2708,3618,3382
IsPETaseWT_pool_3510,8.428703,54.426262,0.504962,-1.756603,-0.625820,1477,4857,3943
IsPETaseWT_pool_3511,8.570506,54.866489,0.562150,-1.051612,-0.244731,1381,4382,2964
IsPETaseWT_pool_3512,12.664618,55.060398,2.213256,-0.741082,0.736087,108,3885,830
IsPETaseWT_pool_3513,3.412359,55.582333,-1.518070,0.094756,-0.711657,4764,2158,4130
IsPETaseWT_pool_3514,5.140151,55.118782,-0.821272,-0.647585,-0.734428,3908,3717,4181
IsPETaseWT_pool_3515,4.144006,56.707825,-1.223005,1.897146,0.337070,4520,186,1530
IsPETaseWT_pool_3516,11.635985,55.119774,1.798421,-0.645997,0.576212,248,3715,1090
IsPETaseWT_pool_3517,4.885266,55.517742,-0.924064,-0.008681,-0.466372,4088,2376,3565
IsPETaseWT_pool_3518,6.512065,55.882839,-0.267995,0.575994,0.154000,2840,1271,1935
IsPETaseWT_pool_3519,7.050466,54.890846,-0.050864,-1.012607,-0.531736,2412,4327,3728
IsPETaseWT_pool_3520,3.758375,54.645164,-1.378525,-1.406047,-1.392286,4671,4696,4939
IsPETaseWT_pool_3521,11.415682,55.037178,1.709575,-0.778268,0.465654,289,3957,1283
IsPETaseWT_pool_3522,7.408462,55.308960,0.093511,-0.343030,-0.124759,2168,3087,2651
IsPETaseWT_pool_3523,7.593989,55.674843,0.168332,0.242904,0.205618,2035,1849,1816
IsPETaseWT_pool_3524,2.331248,54.997086,-1.954069,-0.842473,-1.398271,4956,4059,4941
IsPETaseWT_pool_3525,7.449908,56.966141,0.110226,2.310819,1.210522,2134,94,314
IsPETaseWT_pool_3526,5.336083,55.712906,-0.742255,0.303859,-0.219198,3755,1734,2898
IsPETaseWT_pool_3527,8.013217,54.480820,0.337402,-1.669233,-0.665916,1738,4825,4034
IsPETaseWT_pool_3528,8.355453,55.652588,0.475421,0.207264,0.341343,1520,1926,1519
IsPETaseWT_pool_3529,5.748845,55.268326,-0.575793,-0.408102,-0.491947,3454,3208,3630
IsPETaseWT_pool_3530,7.331447,56.591339,0.062452,1.710603,0.886527,2213,252,626
IsPETaseWT_pool_3531,5.271244,55.506214,-0.768403,-0.027142,-0.397773,3804,2416,3380
IsPETaseWT_pool_3532,6.565721,55.969181,-0.246356,0.714264,0.233954,2800,1073,1754
IsPETaseWT_pool_3533,12.539498,54.731365,2.162797,-1.268003,0.447397,125,4602,1314
IsPETaseWT_pool_3534,10.195485,55.978207,1.217484,0.728718,0.973101,608,1047,526
IsPETaseWT_pool_3535,10.722678,56.411755,1.430095,1.423012,1.426553,464,387,183
IsPETaseWT_pool_3536,10.531441,55.898891,1.352971,0.601701,0.977336,513,1227,520
IsPETaseWT_pool_3537,3.940747,56.022156,-1.304977,0.799099,-0.252939,4605,962,2988
IsPETaseWT_pool_3538,8.307501,56.693985,0.456083,1.874982,1.165533,1553,194,346
IsPETaseWT_pool_3539,2.862107,55.671371,-1.739980,0.237345,-0.751317,4886,1861,4221
IsPETaseWT_pool_3540,6.923251,54.191475,-0.102169,-2.132596,-1.117383,2520,4952,4780
IsPETaseWT_pool_3541,6.433474,54.706402,-0.299690,-1.307980,-0.803835,2917,4625,4342
IsPETaseWT_pool_3542,5.739875,54.940895,-0.579410,-0.932457,-0.755934,3462,4210,4228
IsPETaseWT_pool_3543,5.686080,54.985321,-0.601105,-0.861313,-0.731209,3504,4101,4173
IsPETaseWT_pool_3544,3.803323,55.008240,-1.360398,-0.824610,-1.092504,4659,4034,4757
IsPETaseWT_pool_3545,7.216643,55.181404,0.016153,-0.547301,-0.265574,2296,3505,3029
IsPETaseWT_pool_3546,8.067955,55.544456,0.359477,0.034100,0.196788,1705,2277,1836
IsPETaseWT_pool_3547,12.771932,55.970196,2.256535,0.715889,1.486212,94,1067,149
IsPETaseWT_pool_3548,13.314746,55.225788,2.475445,-0.476223,0.999611,54,3361,497
IsPETaseWT_pool_3549,2.266979,55.557869,-1.979988,0.055579,-0.962204,4962,2238,4607
IsPETaseWT_pool_3550,10.214693,56.132153,1.225231,0.975251,1.100241,600,745,395
IsPETaseWT_pool_3551,12.620907,55.846722,2.195628,0.518155,1.356891,111,1347,221
IsPETaseWT_pool_3552,8.889042,54.211609,0.690611,-2.100353,-0.704871,1177,4944,4114
IsPETaseWT_pool_3553,6.656543,55.844067,-0.209729,0.513903,0.152087,2731,1353,1940
IsPETaseWT_pool_3554,6.500415,54.234951,-0.272693,-2.062973,-1.167833,2847,4937,4825
IsPETaseWT_pool_3555,9.369601,54.966114,0.884415,-0.892071,-0.003828,942,4142,2339
IsPETaseWT_pool_3556,7.562201,55.785728,0.155512,0.420479,0.287996,2059,1516,1637
IsPETaseWT_pool_3557,3.341705,55.385563,-1.546563,-0.220356,-0.883460,4787,2826,4486
IsPETaseWT_pool_3558,8.738360,55.158863,0.629843,-0.583398,0.023222,1283,3572,2268
IsPETaseWT_pool_3559,7.735768,56.378998,0.225510,1.370554,0.798032,1943,420,740
IsPETaseWT_pool_3560,6.008645,54.395687,-0.471018,-1.805566,-1.138292,3237,4874,4807
IsPETaseWT_pool_3561,8.468369,55.534786,0.520959,0.018614,0.269786,1456,2314,1673
IsPETaseWT_pool_3562,8.676020,54.728359,0.604702,-1.272817,-0.334058,1318,4603,3227
IsPETaseWT_pool_3563,8.610603,55.186028,0.578320,-0.539896,0.019212,1359,3487,2279
IsPETaseWT_pool_3564,5.764113,54.539173,-0.569635,-1.575784,-1.072710,3444,4782,4740
IsPETaseWT_pool_3565,4.867596,54.391415,-0.931190,-1.812408,-1.371799,4102,4879,4931
IsPETaseWT_pool_3566,4.974124,55.076481,-0.888228,-0.715327,-0.801778,4037,3850,4336
IsPETaseWT_pool_3567,6.923024,56.077595,-0.102260,0.887880,0.392810,2521,860,1422
IsPETaseWT_pool_3568,15.234992,54.537212,3.249857,-1.578924,0.835466,7,4783,687
IsPETaseWT_pool_3569,8.337838,55.343990,0.468317,-0.286931,0.090693,1533,2974,2103
IsPETaseWT_pool_3570,13.371932,54.846004,2.498507,-1.084417,0.707045,52,4420,869
IsPETaseWT_pool_3571,4.728609,55.289799,-0.987242,-0.373715,-0.680478,4193,3138,4067
IsPETaseWT_pool_3572,10.565163,55.484100,1.366571,-0.062556,0.652008,504,2496,955
IsPETaseWT_pool_3573,4.851887,55.544765,-0.937525,0.034595,-0.451465,4107,2276,3524
IsPETaseWT_pool_3574,5.198469,55.753590,-0.797753,0.369011,-0.214371,3861,1614,2885
IsPETaseWT_pool_3575,10.171474,55.307686,1.207801,-0.345070,0.431366,614,3091,1344
IsPETaseWT_pool_3576,3.622208,55.423950,-1.433440,-0.158881,-0.796161,4706,2706,4323
IsPETaseWT_pool_3577,3.892198,55.787903,-1.324556,0.423961,-0.450298,4626,1508,3523
IsPETaseWT_pool_3578,6.117736,54.981564,-0.427023,-0.867330,-0.647177,3150,4111,3996
IsPETaseWT_pool_3579,3.863156,55.280586,-1.336268,-0.388468,-0.862368,4639,3163,4457
IsPETaseWT_pool_3580,3.089317,54.574093,-1.648348,-1.519863,-1.584106,4849,4754,4975
IsPETaseWT_pool_3581,7.842345,54.274467,0.268491,-1.999690,-0.865600,1852,4927,4460
IsPETaseWT_pool_3582,6.374383,55.309963,-0.323521,-0.341423,-0.332472,2951,3082,3223
IsPETaseWT_pool_3583,9.751518,55.626163,1.038438,0.164948,0.601693,773,2002,1038
IsPETaseWT_pool_3584,6.797467,56.044743,-0.152896,0.835270,0.341187,2619,926,1520
IsPETaseWT_pool_3585,4.079618,55.824921,-1.248972,0.483242,-0.382865,4547,1402,3346
IsPETaseWT_pool_3586,7.375625,55.128601,0.080268,-0.631861,-0.275796,2180,3675,3065
IsPETaseWT_pool_3587,13.931916,56.285458,2.724342,1.220757,1.972550,26,526,41
IsPETaseWT_pool_3588,6.602553,55.345020,-0.231502,-0.285282,-0.258392,2773,2971,3009
IsPETaseWT_pool_3589,5.751125,55.349361,-0.574873,-0.278330,-0.426601,3453,2957,3461
IsPETaseWT_pool_3590,9.609824,55.673958,0.981294,0.241487,0.611390,847,1855,1019
IsPETaseWT_pool_3591,6.192021,55.612671,-0.397065,0.143340,-0.126862,3097,2046,2660
IsPETaseWT_pool_3592,9.590942,56.742241,0.973679,1.952260,1.462970,856,171,163
IsPETaseWT_pool_3593,7.727457,56.578888,0.222158,1.690663,0.956411,1951,263,545
IsPETaseWT_pool_3594,6.450096,54.962341,-0.292986,-0.898113,-0.595550,2901,4152,3878
IsPETaseWT_pool_3595,4.621558,55.666912,-1.030414,0.230203,-0.400105,4260,1876,3386
IsPETaseWT_pool_3596,3.566568,55.921295,-1.455879,0.637579,-0.409150,4722,1183,3408
IsPETaseWT_pool_3597,8.511298,55.399239,0.538272,-0.198455,0.169908,1420,2783,1896
IsPETaseWT_pool_3598,6.908189,56.349224,-0.108243,1.322874,0.607316,2536,445,1026
IsPETaseWT_pool_3599,7.050240,54.706951,-0.050955,-1.307101,-0.679028,2414,4624,4063
IsPETaseWT_pool_3600,7.022451,55.907619,-0.062162,0.615678,0.276758,2437,1209,1660
IsPETaseWT_pool_3601,7.555852,55.409767,0.152952,-0.181595,-0.014321,2064,2746,2373
IsPETaseWT_pool_3602,10.862236,56.658249,1.486377,1.817754,1.652065,425,208,95
IsPETaseWT_pool_3603,8.535797,56.052971,0.548152,0.848447,0.698300,1400,906,886
IsPETaseWT_pool_3604,5.128509,55.125530,-0.825967,-0.636778,-0.731372,3919,3685,4174
IsPETaseWT_pool_3605,6.250427,55.189514,-0.373511,-0.534313,-0.453912,3054,3473,3532
IsPETaseWT_pool_3606,5.054664,55.477180,-0.855747,-0.073637,-0.464692,3975,2528,3558
IsPETaseWT_pool_3607,3.886624,56.179352,-1.326804,1.050837,-0.137984,4629,663,2694
IsPETaseWT_pool_3608,8.399076,55.259880,0.493014,-0.421627,0.035693,1497,3234,2251
IsPETaseWT_pool_3609,13.670249,55.779724,2.618815,0.410863,1.514839,40,1539,136
IsPETaseWT_pool_3610,12.277817,56.342037,2.057264,1.311365,1.684314,158,454,88
IsPETaseWT_pool_3611,8.764134,54.669537,0.640238,-1.367017,-0.363390,1265,4667,3307
IsPETaseWT_pool_3612,6.880610,55.876049,-0.119365,0.565120,0.222878,2557,1287,1778
IsPETaseWT_pool_3613,4.771506,55.742500,-0.969942,0.351252,-0.309345,4162,1656,3166
IsPETaseWT_pool_3614,5.476154,55.354908,-0.685766,-0.269447,-0.477606,3662,2937,3595
IsPETaseWT_pool_3615,10.193656,55.310375,1.216747,-0.340763,0.437992,609,3078,1333
IsPETaseWT_pool_3616,8.045768,55.621311,0.350529,0.157177,0.253853,1722,2018,1715
IsPETaseWT_pool_3617,8.797569,56.408939,0.653721,1.418504,1.036112,1238,389,456
IsPETaseWT_pool_3618,4.808008,54.987782,-0.955221,-0.857372,-0.906297,4134,4092,4527
IsPETaseWT_pool_3619,9.141873,55.459629,0.792575,-0.101745,0.345415,1053,2590,1511
IsPETaseWT_pool_3620,6.003261,55.368050,-0.473190,-0.248402,-0.360796,3241,2884,3301
IsPETaseWT_pool_3621,6.355087,55.602463,-0.331302,0.126993,-0.102155,2965,2086,2600
IsPETaseWT_pool_3622,4.802269,55.562897,-0.957535,0.063631,-0.446952,4142,2225,3513
IsPETaseWT_pool_3623,4.852810,54.722946,-0.937153,-1.281486,-1.109319,4106,4606,4770
IsPETaseWT_pool_3624,4.719126,55.436752,-0.991066,-0.138380,-0.564723,4203,2663,3799
IsPETaseWT_pool_3625,9.972513,56.087223,1.127562,0.903299,1.015431,690,837,480
IsPETaseWT_pool_3626,12.887316,56.223595,2.303068,1.121688,1.712378,81,603,79
IsPETaseWT_pool_3627,9.040621,55.513767,0.751741,-0.015046,0.368348,1111,2389,1471
IsPETaseWT_pool_3628,9.278304,55.555599,0.847596,0.051944,0.449770,985,2255,1309
IsPETaseWT_pool_3629,7.000814,54.822701,-0.070888,-1.121737,-0.596313,2455,4472,3879
IsPETaseWT_pool_3630,8.267429,55.848270,0.439922,0.520635,0.480279,1573,1344,1252
IsPETaseWT_pool_3631,9.225297,54.420479,0.826219,-1.765864,-0.469823,1012,4860,3570
IsPETaseWT_pool_3632,5.485616,55.093620,-0.681950,-0.687880,-0.684915,3656,3803,4079
IsPETaseWT_pool_3633,5.594740,54.720715,-0.637941,-1.285060,-0.961500,3568,4611,4606
IsPETaseWT_pool_3634,6.805344,55.604454,-0.149719,0.130182,-0.009769,2613,2076,2365
IsPETaseWT_pool_3635,6.570649,56.294701,-0.244369,1.235559,0.495595,2799,518,1221
IsPETaseWT_pool_3636,9.143516,55.102539,0.793238,-0.673597,0.059820,1052,3772,2194
IsPETaseWT_pool_3637,6.355845,55.978516,-0.330997,0.729213,0.199108,2964,1046,1828
IsPETaseWT_pool_3638,8.105633,55.991772,0.374672,0.750441,0.562557,1680,1025,1114
IsPETaseWT_pool_3639,12.893344,55.158436,2.305499,-0.584082,0.860708,80,3576,646
IsPETaseWT_pool_3640,8.129467,55.679794,0.384284,0.250833,0.317559,1663,1837,1579
IsPETaseWT_pool_3641,9.317827,55.172821,0.863535,-0.561046,0.151245,964,3531,1943
IsPETaseWT_pool_3642,4.281224,55.355827,-1.167667,-0.267975,-0.717821,4452,2934,4148
IsPETaseWT_pool_3643,9.459443,55.025635,0.920647,-0.796753,0.061947,907,3991,2188
IsPETaseWT_pool_3644,11.619020,55.789726,1.791579,0.426881,1.109230,250,1504,383
IsPETaseWT_pool_3645,6.125297,56.297024,-0.423974,1.239279,0.407653,3144,512,1393
IsPETaseWT_pool_3646,10.620021,57.200195,1.388695,2.685640,2.037167,488,50,35
IsPETaseWT_pool_3647,6.730532,56.012257,-0.179890,0.783246,0.301678,2679,991,1610
IsPETaseWT_pool_3648,3.288448,55.608902,-1.568041,0.137305,-0.715368,4806,2060,4141
IsPETaseWT_pool_3649,7.855260,55.561279,0.273699,0.061041,0.167370,1841,2229,1906
IsPETaseWT_pool_3650,3.943332,54.928135,-1.303934,-0.952892,-1.128413,4602,4246,4792
IsPETaseWT_pool_3651,2.619652,57.782654,-1.837759,3.618402,0.890322,4929,17,622
IsPETaseWT_pool_3652,8.780673,55.382820,0.646908,-0.224748,0.211080,1252,2836,1801
IsPETaseWT_pool_3653,8.907098,54.420151,0.697893,-1.766390,-0.534248,1170,4861,3735
IsPETaseWT_pool_3654,8.470105,55.594646,0.521659,0.114476,0.318067,1454,2113,1577
IsPETaseWT_pool_3655,8.941917,55.263756,0.711935,-0.415421,0.148257,1153,3224,1950
IsPETaseWT_pool_3656,8.212989,54.758694,0.417967,-1.224239,-0.403136,1611,4574,3397
IsPETaseWT_pool_3657,9.207807,56.154205,0.819166,1.010566,0.914866,1022,699,592
IsPETaseWT_pool_3658,9.989051,55.220936,1.134232,-0.483994,0.325119,681,3380,1560
IsPETaseWT_pool_3659,6.176313,54.689514,-0.403400,-1.335025,-0.869212,3110,4651,4467
IsPETaseWT_pool_3660,9.012048,55.700691,0.740218,0.284298,0.512258,1118,1764,1195
IsPETaseWT_pool_3661,5.538719,55.533329,-0.660534,0.016280,-0.322127,3613,2317,3195
IsPETaseWT_pool_3662,5.766967,55.111046,-0.568484,-0.659974,-0.614229,3442,3746,3925
IsPETaseWT_pool_3663,7.950986,55.545628,0.312305,0.035976,0.174140,1791,2274,1891
IsPETaseWT_pool_3664,10.461315,55.097992,1.324690,-0.680879,0.321906,534,3789,1569
IsPETaseWT_pool_3665,5.767120,55.832130,-0.568422,0.494788,-0.036817,3441,1382,2423
IsPETaseWT_pool_3666,8.579951,55.507927,0.565959,-0.024399,0.270780,1375,2410,1670
IsPETaseWT_pool_3667,5.482719,55.429443,-0.683118,-0.150085,-0.416601,3658,2697,3431
IsPETaseWT_pool_3668,13.706684,55.305649,2.633509,-0.348332,1.142588,38,3098,361
IsPETaseWT_pool_3669,5.048686,55.792282,-0.858158,0.430974,-0.213592,3978,1500,2883
IsPETaseWT_pool_3670,7.925919,55.317940,0.302195,-0.328649,-0.013227,1799,3060,2370
IsPETaseWT_pool_3671,7.722826,55.330791,0.220290,-0.308068,-0.043889,1955,3014,2447
IsPETaseWT_pool_3672,8.720613,55.481445,0.622686,-0.066807,0.277939,1296,2507,1658
IsPETaseWT_pool_3673,8.426956,55.960705,0.504258,0.700690,0.602474,1480,1086,1035
IsPETaseWT_pool_3674,6.121140,54.821587,-0.425650,-1.123521,-0.774586,3146,4474,4273
IsPETaseWT_pool_3675,3.586460,55.577950,-1.447857,0.087737,-0.680060,4718,2174,4065
IsPETaseWT_pool_3676,7.089946,55.739269,-0.034943,0.346078,0.155568,2384,1669,1931
IsPETaseWT_pool_3677,8.333081,55.561314,0.466399,0.061096,0.263747,1539,2228,1683
IsPETaseWT_pool_3678,11.880719,55.709946,1.897119,0.299118,1.098119,212,1738,397
IsPETaseWT_pool_3679,8.622485,55.882389,0.583112,0.575273,0.579193,1354,1274,1083
IsPETaseWT_pool_3680,10.542908,56.002438,1.357596,0.767522,1.062559,510,1010,424
IsPETaseWT_pool_3681,9.715153,54.890354,1.023772,-1.013395,0.005189,789,4329,2309
IsPETaseWT_pool_3682,7.510997,54.178406,0.134862,-2.153526,-1.009332,2095,4957,4676
IsPETaseWT_pool_3683,5.933214,55.054794,-0.501439,-0.750056,-0.625748,3309,3903,3941
IsPETaseWT_pool_3684,6.962635,55.660618,-0.086286,0.220124,0.066919,2487,1895,2174
IsPETaseWT_pool_3685,6.286142,55.130108,-0.359107,-0.629448,-0.494277,3030,3671,3633
IsPETaseWT_pool_3686,8.042305,55.324532,0.349132,-0.318093,0.015520,1723,3039,2284
IsPETaseWT_pool_3687,7.812625,56.637882,0.256505,1.785138,1.020822,1876,224,474
IsPETaseWT_pool_3688,10.542917,55.676483,1.357599,0.245531,0.801565,509,1846,736
IsPETaseWT_pool_3689,6.250040,55.262756,-0.373667,-0.417021,-0.395344,3055,3226,3372
IsPETaseWT_pool_3690,5.430212,54.832886,-0.704293,-1.105426,-0.904860,3696,4454,4523
IsPETaseWT_pool_3691,6.477667,54.567505,-0.281867,-1.530413,-0.906140,2877,4759,4526
IsPETaseWT_pool_3692,4.650206,55.043270,-1.018861,-0.768512,-0.893686,4242,3935,4500
IsPETaseWT_pool_3693,13.068743,55.954006,2.376235,0.689963,1.533099,69,1101,130
IsPETaseWT_pool_3694,9.083542,55.886086,0.769051,0.581193,0.675122,1089,1259,926
IsPETaseWT_pool_3695,5.374944,55.092155,-0.726582,-0.690225,-0.708404,3734,3804,4125
IsPETaseWT_pool_3696,5.793704,55.667824,-0.557701,0.231663,-0.163019,3417,1866,2753
IsPETaseWT_pool_3697,9.731416,55.694561,1.030331,0.274481,0.652406,781,1789,954
IsPETaseWT_pool_3698,6.053318,55.385193,-0.453002,-0.220948,-0.336975,3200,2827,3234
IsPETaseWT_pool_3699,5.370476,54.496845,-0.728384,-1.643569,-1.185977,3736,4818,4840
IsPETaseWT_pool_3700,8.994752,55.820953,0.733243,0.476889,0.605066,1127,1417,1032
IsPETaseWT_pool_3701,5.195332,55.741459,-0.799018,0.349584,-0.224717,3864,1664,2914
IsPETaseWT_pool_3702,9.286699,55.706238,0.850982,0.293181,0.572081,979,1751,1095
IsPETaseWT_pool_3703,6.316897,55.945705,-0.346704,0.676670,0.164983,3004,1121,1915
IsPETaseWT_pool_3704,6.481075,55.480904,-0.280493,-0.067675,-0.174084,2874,2511,2777
IsPETaseWT_pool_3705,4.954787,54.908077,-0.896027,-0.985013,-0.940520,4045,4298,4576
IsPETaseWT_pool_3706,10.966622,56.517693,1.528475,1.592663,1.560569,399,304,126
IsPETaseWT_pool_3707,9.461780,55.018978,0.921590,-0.807413,0.057088,905,4010,2199
IsPETaseWT_pool_3708,5.958908,55.632236,-0.491077,0.174673,-0.158202,3278,1984,2737
IsPETaseWT_pool_3709,8.130474,55.720497,0.384690,0.316016,0.350353,1662,1715,1501
IsPETaseWT_pool_3710,5.055430,55.478931,-0.855439,-0.070833,-0.463136,3974,2522,3557
IsPETaseWT_pool_3711,4.597591,55.510036,-1.040080,-0.021021,-0.530550,4280,2399,3720
IsPETaseWT_pool_3712,9.767195,55.679398,1.044760,0.250198,0.647479,768,1839,960
IsPETaseWT_pool_3713,3.211053,54.942665,-1.599254,-0.929623,-1.264438,4827,4202,4880
IsPETaseWT_pool_3714,6.564041,55.366421,-0.247034,-0.251011,-0.249022,2802,2891,2976
IsPETaseWT_pool_3715,4.957555,55.039410,-0.894910,-0.774694,-0.834802,4042,3946,4402
IsPETaseWT_pool_3716,5.794471,55.431858,-0.557392,-0.146218,-0.351805,3416,2682,3271
IsPETaseWT_pool_3717,5.009060,55.510643,-0.874139,-0.020050,-0.447094,4010,2396,3514
IsPETaseWT_pool_3718,6.710350,56.698997,-0.188029,1.883009,0.847490,2692,191,671
IsPETaseWT_pool_3719,4.655269,54.943890,-1.016819,-0.927662,-0.972240,4239,4195,4626
IsPETaseWT_pool_3720,15.304810,55.643520,3.278014,0.192743,1.735379,6,1949,75
IsPETaseWT_pool_3721,7.613974,55.557732,0.176392,0.055359,0.115875,2023,2240,2047
IsPETaseWT_pool_3722,5.572170,55.239246,-0.647043,-0.454671,-0.550857,3585,3309,3770
IsPETaseWT_pool_3723,6.654535,55.525093,-0.210539,0.003091,-0.103724,2733,2344,2607
IsPETaseWT_pool_3724,6.035275,56.019764,-0.460279,0.795269,0.167495,3218,968,1905
IsPETaseWT_pool_3725,9.218654,55.022999,0.823540,-0.800975,0.011283,1017,3998,2295
IsPETaseWT_pool_3726,5.277263,55.641563,-0.765976,0.189609,-0.288183,3796,1956,3102
IsPETaseWT_pool_3727,5.840721,55.252598,-0.538740,-0.433289,-0.486015,3383,3264,3616
IsPETaseWT_pool_3728,9.133086,56.235088,0.789031,1.140094,0.964563,1063,587,531
IsPETaseWT_pool_3729,3.136945,55.364952,-1.629141,-0.253362,-0.941252,4841,2895,4577
IsPETaseWT_pool_3730,5.139097,54.941914,-0.821697,-0.930826,-0.876261,3909,4206,4476
IsPETaseWT_pool_3731,3.038774,55.776463,-1.668732,0.405640,-0.631546,4856,1544,3957
IsPETaseWT_pool_3732,4.887256,55.197258,-0.923261,-0.521912,-0.722586,4087,3448,4160
IsPETaseWT_pool_3733,11.659247,55.723007,1.807802,0.320035,1.063919,242,1708,420
IsPETaseWT_pool_3734,2.899451,55.437130,-1.724919,-0.137775,-0.931347,4877,2660,4558
IsPETaseWT_pool_3735,6.179530,54.988033,-0.402102,-0.856969,-0.629536,3106,4091,3949
IsPETaseWT_pool_3736,8.726850,55.104904,0.625201,-0.669809,-0.022304,1293,3764,2392
IsPETaseWT_pool_3737,12.115789,56.503765,1.991920,1.570360,1.781140,176,312,62
IsPETaseWT_pool_3738,9.602450,55.090000,0.978320,-0.693677,0.142322,851,3808,1973
IsPETaseWT_pool_3739,11.648846,55.243378,1.803607,-0.448055,0.677776,246,3298,923
IsPETaseWT_pool_3740,4.993846,55.615772,-0.880275,0.148307,-0.365984,4023,2039,3312
IsPETaseWT_pool_3741,3.810386,55.112019,-1.357550,-0.658416,-1.007983,4657,3743,4673
IsPETaseWT_pool_3742,6.599487,55.297642,-0.232739,-0.361155,-0.296947,2776,3124,3127
IsPETaseWT_pool_3743,9.029548,55.950901,0.747276,0.684990,0.716133,1112,1115,854
IsPETaseWT_pool_3744,7.480790,55.341995,0.122680,-0.290126,-0.083723,2111,2978,2547
IsPETaseWT_pool_3745,3.134898,55.508934,-1.629966,-0.022786,-0.826376,4843,2405,4382
IsPETaseWT_pool_3746,12.613719,55.451939,2.192729,-0.114060,1.039335,114,2615,452
IsPETaseWT_pool_3747,6.015177,55.992702,-0.468384,0.751932,0.141774,3231,1023,1977
IsPETaseWT_pool_3748,7.855606,54.981712,0.273839,-0.867092,-0.296626,1840,4110,3122
IsPETaseWT_pool_3749,6.892860,55.038769,-0.114425,-0.775720,-0.445073,2549,3949,3508
IsPETaseWT_pool_3750,8.668957,56.348465,0.601854,1.321658,0.961756,1325,448,537
IsPETaseWT_pool_3751,6.444053,55.146011,-0.295423,-0.603979,-0.449701,2906,3625,3521
IsPETaseWT_pool_3752,9.317445,55.598267,0.863381,0.120273,0.491827,965,2099,1231
IsPETaseWT_pool_3753,3.451089,55.060875,-1.502450,-0.740319,-1.121384,4753,3882,4784
IsPETaseWT_pool_3754,7.149851,55.752800,-0.010784,0.367746,0.178481,2348,1619,1880
IsPETaseWT_pool_3755,6.676543,54.591312,-0.201663,-1.492287,-0.846975,2716,4743,4426
IsPETaseWT_pool_3756,6.469348,56.685558,-0.285222,1.861488,0.788133,2885,199,754
IsPETaseWT_pool_3757,11.189095,55.045048,1.618195,-0.765665,0.426265,346,3928,1353
IsPETaseWT_pool_3758,5.544452,54.791023,-0.658222,-1.172466,-0.915344,3606,4534,4534
IsPETaseWT_pool_3759,5.769008,55.819485,-0.567661,0.474537,-0.046562,3439,1421,2451
IsPETaseWT_pool_3760,8.853132,54.754051,0.676129,-1.231674,-0.277772,1202,4581,3069
IsPETaseWT_pool_3761,5.880714,55.407345,-0.522611,-0.185474,-0.354043,3352,2757,3276
IsPETaseWT_pool_3762,8.334789,56.273834,0.467088,1.202143,0.834615,1538,546,690
IsPETaseWT_pool_3763,6.341390,55.653862,-0.336826,0.209305,-0.063761,2982,1920,2507
IsPETaseWT_pool_3764,10.351653,56.792648,1.280465,2.032984,1.656725,565,149,94
IsPETaseWT_pool_3765,8.224780,55.616901,0.422722,0.150115,0.286419,1604,2036,1640
IsPETaseWT_pool_3766,6.864724,55.247803,-0.125772,-0.440968,-0.283370,2570,3281,3091
IsPETaseWT_pool_3767,3.325709,54.221184,-1.553014,-2.085020,-1.819017,4792,4941,4996
IsPETaseWT_pool_3768,6.599458,54.833118,-0.232750,-1.105053,-0.668902,2777,4453,4042
IsPETaseWT_pool_3769,10.107649,55.673309,1.182061,0.240448,0.711255,635,1858,864
IsPETaseWT_pool_3770,9.964367,56.018295,1.124277,0.792917,0.958597,695,975,541
IsPETaseWT_pool_3771,5.633064,54.553787,-0.622486,-1.552381,-1.087433,3541,4771,4754
IsPETaseWT_pool_3772,10.198612,55.750496,1.218745,0.364057,0.791401,607,1626,750
IsPETaseWT_pool_3773,5.956838,55.540813,-0.491911,0.028266,-0.231823,3280,2291,2931
IsPETaseWT_pool_3774,6.980101,55.819126,-0.079242,0.473963,0.197360,2473,1423,1834
IsPETaseWT_pool_3775,4.625966,55.459858,-1.028636,-0.101378,-0.565007,4256,2589,3800
IsPETaseWT_pool_3776,7.034300,56.542355,-0.057384,1.632158,0.787387,2424,289,755
IsPETaseWT_pool_3777,3.731750,54.512081,-1.389263,-1.619170,-1.504217,4681,4804,4966
IsPETaseWT_pool_3778,4.332681,55.811047,-1.146915,0.461024,-0.342945,4419,1445,3248
IsPETaseWT_pool_3779,6.317741,56.729740,-0.346364,1.932241,0.792939,3003,177,749
IsPETaseWT_pool_3780,5.838235,56.107430,-0.539743,0.935658,0.197958,3384,791,1831
IsPETaseWT_pool_3781,9.440391,55.032177,0.912964,-0.786276,0.063344,920,3967,2185
IsPETaseWT_pool_3782,5.253623,55.141823,-0.775510,-0.610687,-0.693098,3816,3635,4093
IsPETaseWT_pool_3783,10.256043,56.060932,1.241907,0.861197,1.051552,590,886,438
IsPETaseWT_pool_3784,6.392401,55.619209,-0.316254,0.153811,-0.081222,2938,2026,2544
IsPETaseWT_pool_3785,6.745560,56.596401,-0.173829,1.718709,0.772440,2664,248,780
IsPETaseWT_pool_3786,4.890684,54.853065,-0.921879,-1.073110,-0.997494,4085,4403,4664
IsPETaseWT_pool_3787,11.700282,55.588375,1.824351,0.104432,0.964392,237,2136,532
IsPETaseWT_pool_3788,10.919679,55.473026,1.509543,-0.080290,0.714627,407,2537,860
IsPETaseWT_pool_3789,5.766880,55.148857,-0.568519,-0.599422,-0.583971,3443,3616,3844
IsPETaseWT_pool_3790,7.116659,55.738655,-0.024169,0.345094,0.160462,2367,1670,1925
IsPETaseWT_pool_3791,9.446807,55.663502,0.915551,0.224742,0.570147,913,1887,1101
IsPETaseWT_pool_3792,9.460953,55.712505,0.921256,0.303218,0.612237,906,1736,1017
IsPETaseWT_pool_3793,4.809013,55.005833,-0.954816,-0.828465,-0.891640,4132,4043,4497
IsPETaseWT_pool_3794,8.973410,55.814442,0.724636,0.466461,0.595548,1139,1436,1047
IsPETaseWT_pool_3795,11.567541,55.359585,1.770818,-0.261958,0.754430,257,2916,797
IsPETaseWT_pool_3796,4.842692,55.238373,-0.941233,-0.456070,-0.698651,4109,3316,4101
IsPETaseWT_pool_3797,5.909866,55.441185,-0.510855,-0.131281,-0.321068,3335,2644,3192
IsPETaseWT_pool_3798,-0.792424,56.119076,-3.213808,0.954309,-1.129750,4999,772,4795
IsPETaseWT_pool_3799,7.868313,55.306255,0.278964,-0.347361,-0.034199,1835,3094,2420
IsPETaseWT_pool_3800,7.370451,54.542076,0.078182,-1.571136,-0.746477,2185,4780,4209
IsPETaseWT_pool_3801,9.676017,55.373672,1.007989,-0.239397,0.384296,805,2859,1433
IsPETaseWT_pool_3802,6.631391,54.782150,-0.219872,-1.186675,-0.703274,2754,4545,4111
IsPETaseWT_pool_3803,5.319929,56.082008,-0.748769,0.894948,0.073090,3763,848,2151
IsPETaseWT_pool_3804,4.280600,55.483612,-1.167918,-0.063338,-0.615628,4453,2499,3927
IsPETaseWT_pool_3805,5.299684,55.436035,-0.756934,-0.139528,-0.448231,3772,2671,3518
IsPETaseWT_pool_3806,6.780134,54.768398,-0.159886,-1.208698,-0.684292,2636,4561,4077
IsPETaseWT_pool_3807,5.576587,54.465267,-0.645262,-1.694139,-1.169701,3580,4834,4826
IsPETaseWT_pool_3808,4.680320,55.269234,-1.006716,-0.406648,-0.706682,4226,3201,4120
IsPETaseWT_pool_3809,6.463488,56.591927,-0.287586,1.711544,0.711979,2888,250,863
IsPETaseWT_pool_3810,4.199373,55.243504,-1.200676,-0.447853,-0.824265,4492,3297,4377
IsPETaseWT_pool_3811,7.121365,55.141857,-0.022272,-0.610632,-0.316452,2363,3634,3180
IsPETaseWT_pool_3812,1.083915,55.975636,-2.457103,0.724600,-0.866251,4994,1053,4462
IsPETaseWT_pool_3813,9.008742,55.461979,0.738885,-0.097981,0.320452,1120,2580,1572
IsPETaseWT_pool_3814,7.474112,55.181683,0.119987,-0.546855,-0.213434,2117,3502,2882
IsPETaseWT_pool_3815,8.438028,56.039207,0.508723,0.826406,0.667564,1471,935,933
IsPETaseWT_pool_3816,4.525873,55.022995,-1.069003,-0.800981,-0.934992,4318,3999,4564
IsPETaseWT_pool_3817,5.235994,55.808121,-0.782619,0.456338,-0.163140,3827,1449,2754
IsPETaseWT_pool_3818,8.539920,54.752945,0.549815,-1.233445,-0.341815,1395,4584,3246
IsPETaseWT_pool_3819,10.204678,55.209373,1.221192,-0.502510,0.359341,602,3411,1488
IsPETaseWT_pool_3820,7.739013,55.382847,0.226818,-0.224705,0.001057,1937,2835,2315
IsPETaseWT_pool_3821,6.980423,55.016582,-0.079112,-0.811250,-0.445181,2472,4017,3509
IsPETaseWT_pool_3822,9.174516,55.272892,0.805740,-0.400790,0.202475,1037,3188,1819
IsPETaseWT_pool_3823,6.886806,55.802574,-0.116866,0.447456,0.165295,2553,1463,1913
IsPETaseWT_pool_3824,7.564190,56.227669,0.156314,1.128212,0.642263,2057,596,977
IsPETaseWT_pool_3825,5.267071,55.807114,-0.770086,0.454726,-0.157680,3807,1453,2735
IsPETaseWT_pool_3826,5.188132,54.823669,-0.801921,-1.120185,-0.961053,3871,4470,4604
IsPETaseWT_pool_3827,6.186442,55.106144,-0.399315,-0.667824,-0.533569,3099,3762,3733
IsPETaseWT_pool_3828,10.018613,55.658058,1.146154,0.216025,0.681089,669,1905,912
IsPETaseWT_pool_3829,7.523103,54.695107,0.139745,-1.326069,-0.593162,2085,4639,3872
IsPETaseWT_pool_3830,4.266679,56.474426,-1.173532,1.523376,0.174922,4461,337,1888
IsPETaseWT_pool_3831,9.532559,55.111320,0.950134,-0.659534,0.145300,880,3745,1962
IsPETaseWT_pool_3832,10.625366,55.630638,1.390850,0.172113,0.781482,486,1987,760
IsPETaseWT_pool_3833,8.339155,55.550388,0.468849,0.043600,0.256224,1532,2266,1707
IsPETaseWT_pool_3834,8.606624,55.747471,0.576716,0.359212,0.467964,1361,1637,1278
IsPETaseWT_pool_3835,9.087157,56.051796,0.770509,0.846566,0.808537,1085,909,725
IsPETaseWT_pool_3836,4.604419,55.470829,-1.037326,-0.083809,-0.560567,4269,2542,3784
IsPETaseWT_pool_3837,1.841731,55.529594,-2.151485,0.010300,-1.070593,4981,2329,4737
IsPETaseWT_pool_3838,11.650164,56.141132,1.804139,0.989631,1.396885,244,723,196
IsPETaseWT_pool_3839,5.741775,55.893509,-0.578644,0.593081,0.007219,3459,1241,2307
IsPETaseWT_pool_3840,7.246494,55.173328,0.028191,-0.560233,-0.266021,2274,3530,3031
IsPETaseWT_pool_3841,9.569894,54.691433,0.965191,-1.331952,-0.183381,868,4646,2805
IsPETaseWT_pool_3842,5.402854,55.527626,-0.715327,0.007147,-0.354090,3712,2333,3277
IsPETaseWT_pool_3843,8.052981,55.472580,0.353438,-0.081005,0.136217,1713,2538,1989
IsPETaseWT_pool_3844,10.691663,55.785511,1.417587,0.420131,0.918859,471,1518,583
IsPETaseWT_pool_3845,4.331884,54.736874,-1.147236,-1.259182,-1.203209,4421,4598,4852
IsPETaseWT_pool_3846,9.886198,54.371094,1.092753,-1.844951,-0.376099,727,4890,3330
IsPETaseWT_pool_3847,11.864347,56.233238,1.890516,1.137132,1.513824,215,590,137
IsPETaseWT_pool_3848,5.848482,55.884037,-0.535610,0.577912,0.021151,3379,1265,2272
IsPETaseWT_pool_3849,14.578574,56.070950,2.985132,0.877239,1.931185,14,875,47
IsPETaseWT_pool_3850,4.795561,55.681751,-0.960241,0.253967,-0.353137,4146,1828,3274
IsPETaseWT_pool_3851,11.394193,54.536213,1.700909,-1.580525,0.060192,291,4784,2193
IsPETaseWT_pool_3852,8.039396,55.315849,0.347959,-0.331997,0.007981,1726,3065,2304
IsPETaseWT_pool_3853,6.584311,54.789371,-0.238859,-1.175111,-0.706985,2795,4535,4122
IsPETaseWT_pool_3854,8.146980,55.643970,0.391347,0.193464,0.292405,1652,1948,1628
IsPETaseWT_pool_3855,8.976574,54.446236,0.725912,-1.724617,-0.499352,1137,4846,3649
IsPETaseWT_pool_3856,6.487357,55.318325,-0.277959,-0.328032,-0.302996,2866,3058,3146
IsPETaseWT_pool_3857,5.288754,55.099323,-0.761342,-0.678747,-0.720044,3784,3785,4152
IsPETaseWT_pool_3858,4.583913,55.936043,-1.045596,0.661196,-0.192200,4289,1144,2825
IsPETaseWT_pool_3859,7.848139,56.004143,0.270828,0.770253,0.520540,1846,1004,1181
IsPETaseWT_pool_3860,8.096970,55.487633,0.371178,-0.056899,0.157140,1686,2481,1927
IsPETaseWT_pool_3861,3.977782,56.119686,-1.290041,0.955287,-0.167377,4592,771,2763
IsPETaseWT_pool_3862,6.439043,56.374836,-0.297444,1.363890,0.533223,2911,425,1166
IsPETaseWT_pool_3863,8.512090,56.017250,0.538591,0.791243,0.664917,1417,976,936
IsPETaseWT_pool_3864,8.153147,55.661728,0.393834,0.221901,0.307868,1649,1891,1598
IsPETaseWT_pool_3865,11.066208,55.439941,1.568637,-0.133273,0.717682,376,2648,852
IsPETaseWT_pool_3866,7.878206,55.281361,0.282953,-0.387228,-0.052137,1831,3162,2474
IsPETaseWT_pool_3867,5.521308,57.097641,-0.667556,2.521407,0.926926,3628,68,575
IsPETaseWT_pool_3868,4.076909,55.979393,-1.250064,0.730618,-0.259723,4549,1045,3015
IsPETaseWT_pool_3869,7.029418,54.738289,-0.059353,-1.256916,-0.658134,2429,4596,4018
IsPETaseWT_pool_3870,6.594674,55.203396,-0.234680,-0.512082,-0.373381,2786,3424,3325
IsPETaseWT_pool_3871,9.382620,54.965477,0.889666,-0.893091,-0.001713,934,4145,2333
IsPETaseWT_pool_3872,6.827975,54.817894,-0.140592,-1.129434,-0.635013,2602,4486,3961
IsPETaseWT_pool_3873,8.355295,56.238903,0.475358,1.146203,0.810780,1521,585,723
IsPETaseWT_pool_3874,8.500125,55.705849,0.533766,0.292557,0.413162,1429,1752,1382
IsPETaseWT_pool_3875,6.176234,56.210114,-0.403432,1.100099,0.348334,3111,628,1506
IsPETaseWT_pool_3876,7.529194,56.139053,0.142201,0.986302,0.564251,2081,732,1111
IsPETaseWT_pool_3877,9.154418,55.323338,0.797634,-0.320005,0.238815,1049,3041,1743
IsPETaseWT_pool_3878,4.453885,56.003323,-1.098034,0.768939,-0.164548,4362,1008,2757
IsPETaseWT_pool_3879,8.800799,54.988586,0.655024,-0.856083,-0.100530,1235,4089,2596
IsPETaseWT_pool_3880,5.621737,56.042385,-0.627054,0.831495,0.102221,3546,932,2077
IsPETaseWT_pool_3881,7.732136,56.275768,0.224045,1.205240,0.714643,1949,542,859
IsPETaseWT_pool_3882,14.641939,55.483776,3.010686,-0.063075,1.473806,13,2498,155
IsPETaseWT_pool_3883,8.144312,55.491146,0.390271,-0.051272,0.169499,1654,2471,1899
IsPETaseWT_pool_3884,6.193922,55.054283,-0.396298,-0.750875,-0.573587,3095,3904,3814
IsPETaseWT_pool_3885,7.356034,54.970467,0.072368,-0.885101,-0.406367,2199,4135,3403
IsPETaseWT_pool_3886,6.309187,55.471035,-0.349813,-0.083479,-0.216646,3010,2541,2894
IsPETaseWT_pool_3887,6.455611,54.645412,-0.290762,-1.405650,-0.848206,2893,4695,4433
IsPETaseWT_pool_3888,6.136670,54.913624,-0.419387,-0.976130,-0.697759,3137,4288,4098
IsPETaseWT_pool_3889,6.079330,55.513458,-0.442512,-0.015541,-0.229027,3187,2390,2923
IsPETaseWT_pool_3890,11.310266,54.901550,1.667062,-0.995465,0.335799,314,4311,1537
IsPETaseWT_pool_3891,5.512182,54.870022,-0.671236,-1.045956,-0.858596,3636,4373,4447
IsPETaseWT_pool_3892,8.117250,55.447075,0.379357,-0.121849,0.128754,1672,2628,2006
IsPETaseWT_pool_3893,11.256983,56.266319,1.645574,1.190108,1.417841,329,555,185
IsPETaseWT_pool_3894,9.629565,55.019520,0.989256,-0.806546,0.091355,832,4007,2102
IsPETaseWT_pool_3895,7.581941,55.095062,0.163473,-0.685570,-0.261049,2044,3796,3019
IsPETaseWT_pool_3896,12.098519,55.693836,1.984955,0.273320,1.129138,181,1795,370
IsPETaseWT_pool_3897,6.864987,55.193882,-0.125666,-0.527318,-0.326492,2569,3462,3209
IsPETaseWT_pool_3898,5.532036,55.500374,-0.663229,-0.036495,-0.349862,3621,2440,3263
IsPETaseWT_pool_3899,5.928683,55.390778,-0.503266,-0.212005,-0.357635,3313,2802,3291
IsPETaseWT_pool_3900,9.443231,55.876568,0.914109,0.565951,0.740030,916,1286,821
IsPETaseWT_pool_3901,4.995680,55.351208,-0.879535,-0.275373,-0.577454,4019,2951,3827
IsPETaseWT_pool_3902,7.590561,56.118431,0.166950,0.953277,0.560113,2039,773,1119
IsPETaseWT_pool_3903,6.613815,55.531918,-0.226960,0.014020,-0.106470,2764,2322,2611
IsPETaseWT_pool_3904,9.470662,54.848572,0.925172,-1.080306,-0.077567,900,4415,2536
IsPETaseWT_pool_3905,4.186918,55.400867,-1.205699,-0.195847,-0.700773,4499,2778,4106
IsPETaseWT_pool_3906,5.594379,55.691635,-0.638087,0.269796,-0.184146,3569,1799,2807
IsPETaseWT_pool_3907,7.795270,54.746670,0.249506,-1.243494,-0.496994,1888,4590,3640
IsPETaseWT_pool_3908,3.273709,56.095978,-1.573985,0.917319,-0.328333,4812,814,3211
IsPETaseWT_pool_3909,5.063198,54.798473,-0.852306,-1.160535,-1.006420,3969,4520,4672
IsPETaseWT_pool_3910,7.535128,55.546131,0.144594,0.036782,0.090688,2079,2272,2104
IsPETaseWT_pool_3911,10.078739,55.857052,1.170402,0.534698,0.852550,650,1324,662
IsPETaseWT_pool_3912,7.051070,55.478859,-0.050621,-0.070949,-0.060785,2411,2523,2498
IsPETaseWT_pool_3913,6.538117,55.241299,-0.257489,-0.451384,-0.354436,2819,3303,3279
IsPETaseWT_pool_3914,9.339895,55.303459,0.872435,-0.351839,0.260298,951,3104,1695
IsPETaseWT_pool_3915,7.846423,56.643253,0.270136,1.793739,1.031938,1848,215,462
IsPETaseWT_pool_3916,6.287441,55.083805,-0.358583,-0.703598,-0.531091,3027,3822,3722
IsPETaseWT_pool_3917,5.788043,55.078365,-0.559984,-0.712309,-0.636147,3422,3845,3967
IsPETaseWT_pool_3918,5.201617,55.319939,-0.796483,-0.325448,-0.560966,3857,3051,3786
IsPETaseWT_pool_3919,12.107117,55.465336,1.988423,-0.092606,0.947909,179,2572,551
IsPETaseWT_pool_3920,10.084462,55.237682,1.172710,-0.457175,0.357767,647,3320,1492
IsPETaseWT_pool_3921,10.106650,55.588203,1.181658,0.104158,0.642908,637,2137,975
IsPETaseWT_pool_3922,3.267164,56.214912,-1.576625,1.107784,-0.234420,4815,615,2940
IsPETaseWT_pool_3923,7.864451,55.235027,0.277406,-0.461427,-0.092010,1836,3329,2572
IsPETaseWT_pool_3924,3.978717,54.143921,-1.289664,-2.208751,-1.749207,4590,4963,4993
IsPETaseWT_pool_3925,7.218814,56.278507,0.017028,1.209626,0.613327,2295,537,1015
IsPETaseWT_pool_3926,12.755815,55.822792,2.250035,0.479833,1.364934,96,1409,213
IsPETaseWT_pool_3927,9.883065,54.551674,1.091489,-1.555765,-0.232138,729,4773,2932
IsPETaseWT_pool_3928,5.732871,56.927727,-0.582235,2.249302,0.833534,3467,103,691
IsPETaseWT_pool_3929,10.723140,56.618732,1.430281,1.754471,1.592376,463,239,112
IsPETaseWT_pool_3930,5.914256,55.595367,-0.509084,0.115630,-0.196727,3331,2110,2836
IsPETaseWT_pool_3931,11.436327,56.210205,1.717901,1.100246,1.409073,283,627,188
IsPETaseWT_pool_3932,11.260658,54.984474,1.647056,-0.862669,0.392194,327,4104,1423
IsPETaseWT_pool_3933,5.807801,54.918449,-0.552016,-0.968402,-0.760209,3407,4274,4236
IsPETaseWT_pool_3934,9.786488,54.867043,1.052541,-1.050727,0.000907,763,4379,2316
IsPETaseWT_pool_3935,7.081564,54.938461,-0.038323,-0.936355,-0.487339,2389,4219,3619
IsPETaseWT_pool_3936,8.927953,55.929520,0.706304,0.650749,0.678527,1160,1161,920
IsPETaseWT_pool_3937,12.359120,55.793381,2.090052,0.432733,1.261393,147,1499,276
IsPETaseWT_pool_3938,5.380896,54.996426,-0.724182,-0.843529,-0.783856,3730,4063,4288
IsPETaseWT_pool_3939,4.729852,55.484676,-0.986740,-0.061633,-0.524187,4191,2494,3704
IsPETaseWT_pool_3940,3.633911,55.455666,-1.428720,-0.108092,-0.768406,4702,2604,4259
IsPETaseWT_pool_3941,6.639897,54.901630,-0.216442,-0.995337,-0.605889,2746,4310,3901
IsPETaseWT_pool_3942,12.278384,55.390442,2.057493,-0.212542,0.922475,157,2805,578
IsPETaseWT_pool_3943,10.773736,59.492176,1.450686,6.356072,3.903379,453,2,2
IsPETaseWT_pool_3944,3.372766,55.096657,-1.534037,-0.683017,-1.108527,4776,3792,4769
IsPETaseWT_pool_3945,7.391088,55.454456,0.086504,-0.110028,-0.011762,2175,2606,2368
IsPETaseWT_pool_3946,8.729446,55.133118,0.626248,-0.624628,0.000810,1290,3662,2319
IsPETaseWT_pool_3947,6.929880,54.683193,-0.099495,-1.345147,-0.722321,2512,4656,4158
IsPETaseWT_pool_3948,3.676744,56.087376,-1.411446,0.903544,-0.253951,4691,836,2992
IsPETaseWT_pool_3949,5.008227,55.318729,-0.874475,-0.327385,-0.600930,4012,3057,3889
IsPETaseWT_pool_3950,3.338094,55.113792,-1.548020,-0.655576,-1.101798,4788,3735,4763
IsPETaseWT_pool_3951,8.136180,56.247929,0.386991,1.160657,0.773824,1660,574,779
IsPETaseWT_pool_3952,5.087069,55.245827,-0.842679,-0.444133,-0.643406,3953,3289,3990
IsPETaseWT_pool_3953,8.255732,55.101406,0.435205,-0.675411,-0.120103,1581,3776,2641
IsPETaseWT_pool_3954,10.000851,55.941975,1.138991,0.670695,0.904843,675,1127,603
IsPETaseWT_pool_3955,9.515786,55.719288,0.943370,0.314079,0.628725,885,1718,998
IsPETaseWT_pool_3956,10.403139,54.260071,1.301229,-2.022746,-0.360758,548,4931,3300
IsPETaseWT_pool_3957,7.394600,55.877522,0.087921,0.567478,0.327700,2171,1283,1553
IsPETaseWT_pool_3958,6.112172,55.239124,-0.429267,-0.454866,-0.442067,3155,3310,3497
IsPETaseWT_pool_3959,12.062640,56.120502,1.970486,0.956594,1.463540,184,769,162
IsPETaseWT_pool_3960,10.095203,56.321758,1.177042,1.278890,1.227966,641,478,296
IsPETaseWT_pool_3961,9.332395,56.080029,0.869410,0.891778,0.880594,956,854,630
IsPETaseWT_pool_3962,8.458407,54.976254,0.516941,-0.875834,-0.179446,1462,4125,2797
IsPETaseWT_pool_3963,10.839980,56.314224,1.477401,1.266824,1.372113,432,487,207
IsPETaseWT_pool_3964,6.975292,54.773605,-0.081181,-1.200359,-0.640770,2476,4557,3982
IsPETaseWT_pool_3965,6.562843,55.819557,-0.247517,0.474653,0.113568,2803,1420,2053
IsPETaseWT_pool_3966,4.217822,55.681366,-1.193236,0.253350,-0.469943,4483,1830,3572
IsPETaseWT_pool_3967,4.642902,54.921387,-1.021806,-0.963699,-0.992752,4247,4268,4659
IsPETaseWT_pool_3968,5.914877,54.915276,-0.508834,-0.973485,-0.741159,3330,4283,4199
IsPETaseWT_pool_3969,9.629073,54.535038,0.989057,-1.582407,-0.296675,833,4787,3124
IsPETaseWT_pool_3970,6.661178,56.566624,-0.207860,1.671023,0.731582,2728,274,838
IsPETaseWT_pool_3971,8.786687,55.937317,0.649333,0.663236,0.656284,1248,1140,946
IsPETaseWT_pool_3972,7.810183,55.459187,0.255520,-0.102453,0.076534,1878,2593,2142
IsPETaseWT_pool_3973,7.813190,55.387867,0.256733,-0.216666,0.020034,1875,2815,2275
IsPETaseWT_pool_3974,3.546011,55.209885,-1.464169,-0.501691,-0.982930,4728,3410,4639
IsPETaseWT_pool_3975,11.421030,56.188038,1.711732,1.064747,1.388239,288,657,199
IsPETaseWT_pool_3976,4.607751,55.502167,-1.035982,-0.033624,-0.534803,4266,2434,3736
IsPETaseWT_pool_3977,4.888385,56.007202,-0.922806,0.775152,-0.073827,4086,1000,2525
IsPETaseWT_pool_3978,8.795055,55.276257,0.652708,-0.395402,0.128653,1240,3175,2007
IsPETaseWT_pool_3979,12.102394,56.191807,1.986518,1.070782,1.528650,180,652,132
IsPETaseWT_pool_3980,4.645213,55.474602,-1.020874,-0.077767,-0.549321,4244,2534,3765
IsPETaseWT_pool_3981,5.895308,55.003479,-0.516726,-0.832234,-0.674480,3348,4049,4053
IsPETaseWT_pool_3982,9.541960,55.406445,0.953925,-0.186915,0.383505,878,2760,1435
IsPETaseWT_pool_3983,10.030723,56.915237,1.151038,2.229301,1.690169,665,106,85
IsPETaseWT_pool_3984,7.184206,56.172512,0.003071,1.039883,0.521477,2324,670,1178
IsPETaseWT_pool_3985,7.020264,55.259052,-0.063044,-0.422953,-0.242999,2440,3237,2961
IsPETaseWT_pool_3986,9.972084,55.622120,1.127389,0.158472,0.642931,691,2015,974
IsPETaseWT_pool_3987,6.468004,56.792965,-0.285764,2.033491,0.873863,2886,148,637
IsPETaseWT_pool_3988,8.241530,55.764130,0.429478,0.385890,0.407684,1589,1583,1392
IsPETaseWT_pool_3989,7.380172,56.155392,0.082102,1.012466,0.547284,2179,696,1140
IsPETaseWT_pool_3990,6.613425,55.330620,-0.227118,-0.308343,-0.267730,2765,3016,3038
IsPETaseWT_pool_3991,8.448625,55.908947,0.512997,0.617804,0.565400,1465,1207,1109
IsPETaseWT_pool_3992,7.743640,54.952637,0.228684,-0.913654,-0.342485,1933,4172,3247
IsPETaseWT_pool_3993,8.789009,56.393070,0.650269,1.393090,1.021680,1244,408,473
IsPETaseWT_pool_3994,7.887795,55.084835,0.286820,-0.701949,-0.207564,1824,3820,2868
IsPETaseWT_pool_3995,5.447989,55.272438,-0.697124,-0.401517,-0.549320,3682,3191,3764
IsPETaseWT_pool_3996,7.116649,54.689217,-0.024174,-1.335501,-0.679837,2368,4652,4064
IsPETaseWT_pool_3997,3.820959,55.026161,-1.353286,-0.795910,-1.074598,4655,3989,4743
IsPETaseWT_pool_3998,9.277050,55.170006,0.847090,-0.565554,0.140768,987,3540,1980
IsPETaseWT_pool_3999,8.539264,54.996128,0.549550,-0.844006,-0.147228,1397,4064,2717
IsPETaseWT_pool_4000,11.646936,55.684753,1.802837,0.258775,1.030806,247,1821,463
IsPETaseWT_pool_4001,11.986241,55.359634,1.939675,-0.261878,0.838898,196,2915,682
IsPETaseWT_pool_4002,5.822338,56.867035,-0.546154,2.152109,0.802977,3397,115,731
IsPETaseWT_pool_4003,7.469472,55.175499,0.118116,-0.556757,-0.219321,2122,3523,2900
IsPETaseWT_pool_4004,6.083430,55.257668,-0.440858,-0.425170,-0.433014,3182,3241,3474
IsPETaseWT_pool_4005,2.599806,55.048565,-1.845762,-0.760032,-1.302897,4932,3920,4896
IsPETaseWT_pool_4006,3.925424,55.542965,-1.311157,0.031712,-0.639722,4610,2283,3980
IsPETaseWT_pool_4007,4.589634,54.407909,-1.043289,-1.785993,-1.414641,4284,4867,4947
IsPETaseWT_pool_4008,9.186677,55.892780,0.810644,0.591914,0.701279,1031,1243,877
IsPETaseWT_pool_4009,7.297885,54.292721,0.048917,-1.970459,-0.960771,2234,4922,4603
IsPETaseWT_pool_4010,8.143266,55.520599,0.389849,-0.004105,0.192872,1655,2365,1846
IsPETaseWT_pool_4011,4.524438,55.969975,-1.069581,0.715535,-0.177023,4320,1068,2788
IsPETaseWT_pool_4012,8.565543,55.969368,0.560148,0.714563,0.637356,1383,1071,981
IsPETaseWT_pool_4013,6.158329,56.843510,-0.410653,2.114435,0.851891,3119,126,664
IsPETaseWT_pool_4014,5.757756,55.160934,-0.572199,-0.580081,-0.576140,3449,3569,3822
IsPETaseWT_pool_4015,5.164622,55.517387,-0.811403,-0.009249,-0.410326,3889,2379,3412
IsPETaseWT_pool_4016,7.886305,54.387383,0.286220,-1.818866,-0.766323,1825,4882,4250
IsPETaseWT_pool_4017,5.177680,55.373077,-0.806137,-0.240350,-0.523243,3881,2863,3702
IsPETaseWT_pool_4018,5.462256,55.381851,-0.691370,-0.226300,-0.458835,3671,2839,3541
IsPETaseWT_pool_4019,7.734366,54.637074,0.224944,-1.419004,-0.597030,1946,4704,3882
IsPETaseWT_pool_4020,6.107949,55.238842,-0.430970,-0.455318,-0.443144,3164,3314,3503
IsPETaseWT_pool_4021,6.345377,56.231659,-0.335218,1.134602,0.399692,2977,592,1405
IsPETaseWT_pool_4022,8.749910,55.214912,0.634501,-0.493640,0.070431,1276,3392,2160
IsPETaseWT_pool_4023,4.881169,55.456219,-0.925716,-0.107206,-0.516461,4095,2601,3689
IsPETaseWT_pool_4024,8.335038,56.078495,0.467188,0.889322,0.678255,1537,857,921
IsPETaseWT_pool_4025,8.614776,54.819206,0.580003,-1.127333,-0.273665,1357,4483,3057
IsPETaseWT_pool_4026,4.079805,55.500122,-1.248896,-0.036898,-0.642897,4545,2441,3987
IsPETaseWT_pool_4027,10.383686,55.271782,1.293384,-0.402567,0.445408,556,3193,1315
IsPETaseWT_pool_4028,5.503226,55.337955,-0.674848,-0.296595,-0.485722,3643,2991,3615
IsPETaseWT_pool_4029,10.335970,55.181114,1.274140,-0.547765,0.363188,571,3509,1482
IsPETaseWT_pool_4030,9.983581,56.364365,1.132026,1.347120,1.239573,685,435,290
IsPETaseWT_pool_4031,5.439333,55.382355,-0.700615,-0.225493,-0.463054,3688,2838,3556
IsPETaseWT_pool_4032,3.741531,54.974499,-1.385318,-0.878644,-1.131981,4677,4130,4800
IsPETaseWT_pool_4033,7.345374,54.845421,0.068069,-1.085352,-0.508642,2204,4422,3669
IsPETaseWT_pool_4034,10.025494,54.607872,1.148929,-1.465768,-0.158420,667,4727,2738
IsPETaseWT_pool_4035,12.456302,55.706463,2.129245,0.293541,1.211393,133,1750,312
IsPETaseWT_pool_4036,5.646626,56.902370,-0.617016,2.208696,0.795840,3532,108,745
IsPETaseWT_pool_4037,7.279747,56.220966,0.041602,1.117479,0.579541,2249,611,1081
IsPETaseWT_pool_4038,7.915128,54.513275,0.297844,-1.617258,-0.659707,1805,4802,4021
IsPETaseWT_pool_4039,10.439313,54.911442,1.315817,-0.979625,0.168096,540,4292,1902
IsPETaseWT_pool_4040,4.542067,55.385590,-1.062472,-0.220313,-0.641392,4310,2825,3984
IsPETaseWT_pool_4041,9.508095,55.653133,0.940268,0.208138,0.574203,888,1924,1092
IsPETaseWT_pool_4042,6.323791,55.941612,-0.343924,0.670115,0.163096,2998,1128,1920
IsPETaseWT_pool_4043,7.794919,55.573811,0.249365,0.081108,0.165237,1889,2191,1914
IsPETaseWT_pool_4044,5.262556,55.157944,-0.771907,-0.584871,-0.678389,3812,3578,4059
IsPETaseWT_pool_4045,7.243703,55.705814,0.027066,0.292502,0.159784,2276,1753,1926
IsPETaseWT_pool_4046,9.716249,55.292366,1.024214,-0.369603,0.327305,787,3132,1554
IsPETaseWT_pool_4047,4.461893,54.832745,-1.094805,-1.105652,-1.100229,4355,4455,4762
IsPETaseWT_pool_4048,7.425962,54.717972,0.100569,-1.289452,-0.594442,2157,4612,3875
IsPETaseWT_pool_4049,7.333662,56.736679,0.063345,1.943354,1.003349,2210,175,491
IsPETaseWT_pool_4050,9.134632,55.142254,0.789655,-0.609997,0.089829,1061,3633,2108
IsPETaseWT_pool_4051,10.397085,55.895817,1.298787,0.596777,0.947782,552,1234,552
IsPETaseWT_pool_4052,6.229766,55.022961,-0.381843,-0.801036,-0.591439,3071,4000,3865
IsPETaseWT_pool_4053,7.769894,55.353504,0.239272,-0.271695,-0.016212,1910,2946,2377
IsPETaseWT_pool_4054,6.987479,55.884155,-0.076266,0.578102,0.250918,2466,1263,1720
IsPETaseWT_pool_4055,6.117078,56.981209,-0.427289,2.334949,0.953830,3152,89,546
IsPETaseWT_pool_4056,1.451479,55.813515,-2.308869,0.464976,-0.921946,4991,1439,4546
IsPETaseWT_pool_4057,4.325754,55.824909,-1.149708,0.483224,-0.333242,4424,1403,3226
IsPETaseWT_pool_4058,6.110906,55.029160,-0.429778,-0.791109,-0.610443,3158,3976,3914
IsPETaseWT_pool_4059,2.302175,55.736290,-1.965793,0.341307,-0.812243,4960,1678,4353
IsPETaseWT_pool_4060,6.723328,55.348141,-0.182795,-0.280285,-0.231540,2682,2965,2929
IsPETaseWT_pool_4061,4.109765,54.936489,-1.236814,-0.939513,-1.088164,4538,4226,4756
IsPETaseWT_pool_4062,10.305204,55.978165,1.261733,0.728651,0.995192,580,1048,503
IsPETaseWT_pool_4063,8.414882,55.958393,0.499388,0.696988,0.598188,1484,1087,1044
IsPETaseWT_pool_4064,11.056237,55.131695,1.564615,-0.626906,0.468855,378,3666,1273
IsPETaseWT_pool_4065,6.491210,54.876495,-0.276406,-1.035589,-0.655997,2862,4357,4016
IsPETaseWT_pool_4066,10.324089,55.032505,1.269349,-0.785751,0.241799,576,3966,1736
IsPETaseWT_pool_4067,6.199903,56.624775,-0.393886,1.764148,0.685131,3090,232,907
IsPETaseWT_pool_4068,7.746627,55.499363,0.229889,-0.038114,0.095888,1929,2447,2084
IsPETaseWT_pool_4069,6.343363,55.535091,-0.336031,0.019103,-0.158464,2981,2312,2739
IsPETaseWT_pool_4070,7.646642,55.380188,0.189566,-0.228963,-0.019698,1999,2846,2385
IsPETaseWT_pool_4071,7.820562,54.739300,0.259706,-1.255297,-0.497795,1868,4595,3642
IsPETaseWT_pool_4072,6.286837,54.390549,-0.358827,-1.813795,-1.086311,3029,4880,4752
IsPETaseWT_pool_4073,4.173008,55.466194,-1.211309,-0.091231,-0.651270,4508,2568,4006
IsPETaseWT_pool_4074,6.263532,54.940010,-0.368225,-0.933875,-0.651050,3044,4213,4005
IsPETaseWT_pool_4075,3.092661,55.496410,-1.647000,-0.042842,-0.844921,4848,2459,4421
IsPETaseWT_pool_4076,2.690173,55.667583,-1.809319,0.231279,-0.789020,4921,1870,4302
IsPETaseWT_pool_4077,9.766266,54.522236,1.044385,-1.602908,-0.279261,769,4794,3072
IsPETaseWT_pool_4078,6.782829,54.943722,-0.158799,-0.927931,-0.543365,2633,4197,3752
IsPETaseWT_pool_4079,13.721489,56.325485,2.639480,1.284858,1.962169,36,475,43
IsPETaseWT_pool_4080,5.901183,55.591915,-0.514356,0.110102,-0.202127,3341,2127,2848
IsPETaseWT_pool_4081,12.974764,55.655865,2.338334,0.212512,1.275423,76,1913,262
IsPETaseWT_pool_4082,6.961276,57.135803,-0.086834,2.582520,1.247843,2488,57,286
IsPETaseWT_pool_4083,6.636549,55.686897,-0.217792,0.262208,0.022208,2748,1816,2270
IsPETaseWT_pool_4084,5.947330,55.857319,-0.495746,0.535125,0.019690,3288,1322,2278
IsPETaseWT_pool_4085,6.650098,55.603909,-0.212328,0.129308,-0.041510,2737,2082,2440
IsPETaseWT_pool_4086,5.127162,55.808285,-0.826510,0.456601,-0.184954,3921,1448,2809
IsPETaseWT_pool_4087,9.089823,56.369797,0.771584,1.355820,1.063702,1084,428,421
IsPETaseWT_pool_4088,8.156572,55.713413,0.395215,0.304671,0.349943,1648,1733,1502
IsPETaseWT_pool_4089,5.013079,55.607082,-0.872518,0.134391,-0.369064,4008,2066,3316
IsPETaseWT_pool_4090,7.246982,55.039070,0.028388,-0.775238,-0.373425,2273,3947,3326
IsPETaseWT_pool_4091,7.333376,56.986732,0.063230,2.343795,1.203512,2211,88,321
IsPETaseWT_pool_4092,8.310541,54.940208,0.457309,-0.933557,-0.238124,1551,4212,2949
IsPETaseWT_pool_4093,6.451733,54.558750,-0.292326,-1.544433,-0.918380,2898,4768,4540
IsPETaseWT_pool_4094,9.648621,55.601479,0.996941,0.125417,0.561179,818,2093,1116
IsPETaseWT_pool_4095,9.749736,56.171280,1.037719,1.037910,1.037815,775,674,453
IsPETaseWT_pool_4096,5.542468,54.957760,-0.659022,-0.905450,-0.782236,3609,4159,4285
IsPETaseWT_pool_4097,4.166150,55.470104,-1.214075,-0.084969,-0.649522,4512,2547,4002
IsPETaseWT_pool_4098,8.197803,55.570721,0.411843,0.076160,0.244002,1621,2201,1731
IsPETaseWT_pool_4099,5.311543,56.063946,-0.752151,0.866023,0.056936,3768,881,2200
IsPETaseWT_pool_4100,9.224626,56.194588,0.825948,1.075236,0.950592,1014,649,548
IsPETaseWT_pool_4101,-5.094209,56.212238,-4.948667,1.103502,-1.922583,5000,623,4998
IsPETaseWT_pool_4102,5.468172,55.487301,-0.688985,-0.057430,-0.373207,3667,2483,3324
IsPETaseWT_pool_4103,6.589143,54.935604,-0.236910,-0.940930,-0.588920,2791,4228,3858
IsPETaseWT_pool_4104,9.763240,55.150578,1.043165,-0.596667,0.223249,770,3609,1776
IsPETaseWT_pool_4105,7.953145,55.385735,0.313175,-0.220081,0.046547,1790,2824,2225
IsPETaseWT_pool_4106,8.866578,55.144897,0.681552,-0.605763,0.037894,1191,3627,2246
IsPETaseWT_pool_4107,5.487472,55.625797,-0.681201,0.164361,-0.258420,3653,2004,3010
IsPETaseWT_pool_4108,3.870295,55.704258,-1.333389,0.290010,-0.521690,4637,1760,3699
IsPETaseWT_pool_4109,6.651365,56.397751,-0.211817,1.400586,0.594384,2735,403,1052
IsPETaseWT_pool_4110,1.543411,54.845173,-2.271794,-1.085749,-1.678772,4990,4424,4987
IsPETaseWT_pool_4111,6.692836,55.327808,-0.195092,-0.312845,-0.253969,2704,3027,2993
IsPETaseWT_pool_4112,6.722155,55.190353,-0.183268,-0.532969,-0.358119,2683,3469,3293
IsPETaseWT_pool_4113,10.497061,56.155849,1.339106,1.013199,1.176153,524,694,340
IsPETaseWT_pool_4114,9.017030,54.622913,0.742227,-1.441681,-0.349727,1116,4715,3261
IsPETaseWT_pool_4115,8.821794,55.338005,0.663491,-0.296516,0.183488,1221,2990,1871
IsPETaseWT_pool_4116,6.953113,56.499584,-0.090126,1.563664,0.736769,2493,314,828
IsPETaseWT_pool_4117,3.167771,55.113182,-1.616709,-0.656553,-1.136631,4832,3739,4806
IsPETaseWT_pool_4118,7.900726,55.482754,0.292035,-0.064712,0.113662,1813,2502,2052
IsPETaseWT_pool_4119,5.356752,54.706097,-0.733919,-1.308469,-1.021194,3743,4626,4688
IsPETaseWT_pool_4120,5.621755,55.595535,-0.627046,0.115899,-0.255574,3545,2108,2997
IsPETaseWT_pool_4121,9.124550,55.626163,0.785589,0.164948,0.475268,1069,2001,1264
IsPETaseWT_pool_4122,5.389660,55.039539,-0.720648,-0.774486,-0.747567,3722,3945,4213
IsPETaseWT_pool_4123,12.142216,55.260807,2.002578,-0.420143,0.791217,169,3230,752
IsPETaseWT_pool_4124,5.411574,56.133205,-0.711810,0.976937,0.132563,3708,743,1999
IsPETaseWT_pool_4125,7.228720,55.586433,0.021023,0.101323,0.061173,2289,2145,2191
IsPETaseWT_pool_4126,8.543014,56.232948,0.551062,1.136667,0.843865,1394,591,674
IsPETaseWT_pool_4127,13.201038,55.938316,2.429588,0.664837,1.547212,58,1135,127
IsPETaseWT_pool_4128,7.220941,56.174622,0.017886,1.043261,0.530574,2292,668,1168
IsPETaseWT_pool_4129,7.087299,55.285889,-0.036010,-0.379976,-0.207993,2386,3147,2869
IsPETaseWT_pool_4130,11.215179,55.799908,1.628715,0.443186,1.035950,340,1474,457
IsPETaseWT_pool_4131,4.390171,54.578953,-1.123730,-1.512080,-1.317905,4389,4752,4902
IsPETaseWT_pool_4132,8.786996,56.249424,0.649457,1.163052,0.906255,1247,572,601
IsPETaseWT_pool_4133,6.241358,55.167397,-0.377168,-0.569733,-0.473450,3063,3549,3580
IsPETaseWT_pool_4134,9.570477,56.136597,0.965426,0.982367,0.973897,867,735,525
IsPETaseWT_pool_4135,9.864205,55.067074,1.083883,-0.730392,0.176746,736,3866,1882
IsPETaseWT_pool_4136,2.723817,55.928581,-1.795750,0.649247,-0.573252,4912,1163,3813
IsPETaseWT_pool_4137,7.199779,55.110123,0.009352,-0.661452,-0.326050,2308,3752,3208
IsPETaseWT_pool_4138,5.461163,55.265816,-0.691811,-0.412122,-0.551967,3673,3218,3772
IsPETaseWT_pool_4139,8.851687,55.425671,0.675547,-0.156126,0.259710,1204,2702,1696
IsPETaseWT_pool_4140,5.670071,55.053207,-0.607561,-0.752598,-0.680079,3520,3907,4066
IsPETaseWT_pool_4141,12.067594,55.032928,1.972484,-0.785073,0.593705,183,3965,1053
IsPETaseWT_pool_4142,7.439748,54.934486,0.106128,-0.942720,-0.418296,2144,4229,3438
IsPETaseWT_pool_4143,6.210883,56.001823,-0.389458,0.766538,0.188540,3082,1012,1861
IsPETaseWT_pool_4144,5.680393,54.856976,-0.603398,-1.066848,-0.835123,3511,4392,4403
IsPETaseWT_pool_4145,6.680138,55.558899,-0.200213,0.057229,-0.071492,2712,2235,2517
IsPETaseWT_pool_4146,9.674991,55.051281,1.007575,-0.755683,0.125946,807,3913,2021
IsPETaseWT_pool_4147,7.232750,54.517132,0.022649,-1.611082,-0.794217,2285,4798,4317
IsPETaseWT_pool_4148,3.231619,55.835018,-1.590960,0.499412,-0.545774,4823,1371,3759
IsPETaseWT_pool_4149,6.139030,55.445808,-0.418436,-0.123877,-0.271156,3130,2632,3047
IsPETaseWT_pool_4150,7.639612,55.744839,0.186731,0.354997,0.270864,2006,1648,1669
IsPETaseWT_pool_4151,7.201142,55.574356,0.009901,0.081982,0.045942,2305,2189,2230
IsPETaseWT_pool_4152,6.382419,55.604057,-0.320280,0.129546,-0.095367,2948,2079,2579
IsPETaseWT_pool_4153,8.958341,55.253471,0.718559,-0.431890,0.143334,1146,3257,1968
IsPETaseWT_pool_4154,7.055970,54.819530,-0.048645,-1.126814,-0.587729,2408,4481,3856
IsPETaseWT_pool_4155,10.359060,56.489529,1.283452,1.547561,1.415507,563,325,186
IsPETaseWT_pool_4156,5.061363,56.144581,-0.853046,0.995153,0.071054,3971,712,2156
IsPETaseWT_pool_4157,9.453331,56.552677,0.918182,1.648689,1.283436,911,283,257
IsPETaseWT_pool_4158,11.725603,54.715305,1.834563,-1.293722,0.270420,235,4618,1672
IsPETaseWT_pool_4159,10.510029,56.038071,1.344336,0.824586,1.084461,520,936,405
IsPETaseWT_pool_4160,3.278289,54.130516,-1.572138,-2.230217,-1.901178,4809,4967,4997
IsPETaseWT_pool_4161,7.090829,55.097790,-0.034586,-0.681203,-0.357894,2382,3791,3292
IsPETaseWT_pool_4162,5.632854,55.828148,-0.622570,0.488410,-0.067080,3542,1390,2514
IsPETaseWT_pool_4163,4.023676,55.244331,-1.271533,-0.446527,-0.859030,4568,3293,4449
IsPETaseWT_pool_4164,13.948658,56.389923,2.731094,1.388050,2.059572,25,412,30
IsPETaseWT_pool_4165,4.480427,55.040031,-1.087330,-0.773698,-0.930514,4348,3943,4557
IsPETaseWT_pool_4166,8.109352,55.196308,0.376172,-0.523433,-0.073631,1675,3456,2524
IsPETaseWT_pool_4167,7.796343,55.952419,0.249939,0.687421,0.468680,1887,1105,1275
IsPETaseWT_pool_4168,7.748989,55.197975,0.230842,-0.520763,-0.144961,1926,3445,2711
IsPETaseWT_pool_4169,10.352445,54.615452,1.280784,-1.453630,-0.086423,564,4721,2554
IsPETaseWT_pool_4170,9.362545,55.483204,0.881570,-0.063991,0.408789,943,2500,1388
IsPETaseWT_pool_4171,3.537884,54.882957,-1.467447,-1.025240,-1.246343,4732,4342,4872
IsPETaseWT_pool_4172,4.696000,55.339645,-1.000392,-0.293889,-0.647141,4217,2984,3995
IsPETaseWT_pool_4173,6.404356,55.806122,-0.311433,0.453137,0.070852,2935,1455,2158
IsPETaseWT_pool_4174,6.497398,55.530075,-0.273910,0.011069,-0.131420,2851,2328,2678
IsPETaseWT_pool_4175,7.172203,54.676777,-0.001769,-1.355422,-0.678596,2333,4664,4060
IsPETaseWT_pool_4176,4.384874,55.121532,-1.125866,-0.643180,-0.884523,4392,3706,4487
IsPETaseWT_pool_4177,5.553400,55.007671,-0.654613,-0.825520,-0.740067,3596,4036,4195
IsPETaseWT_pool_4178,7.200422,55.298969,0.009611,-0.359029,-0.174709,2307,3121,2778
IsPETaseWT_pool_4179,5.977501,55.601265,-0.483578,0.125075,-0.179252,3262,2094,2796
IsPETaseWT_pool_4180,11.908137,55.977196,1.908176,0.727099,1.317638,210,1049,239
IsPETaseWT_pool_4181,7.273198,55.371124,0.038961,-0.243478,-0.102259,2254,2871,2601
IsPETaseWT_pool_4182,5.830513,56.159363,-0.542857,1.018826,0.237984,3393,689,1745
IsPETaseWT_pool_4183,4.040174,54.836544,-1.264879,-1.099568,-1.182223,4563,4446,4836
IsPETaseWT_pool_4184,7.721497,55.294052,0.219754,-0.366903,-0.073574,1956,3128,2523
IsPETaseWT_pool_4185,8.403073,56.277672,0.494626,1.208289,0.851457,1493,540,666
IsPETaseWT_pool_4186,4.899655,54.958740,-0.918261,-0.903880,-0.911070,4078,4158,4529
IsPETaseWT_pool_4187,7.022897,55.107986,-0.061983,-0.664873,-0.363428,2436,3755,3308
IsPETaseWT_pool_4188,11.541396,55.596420,1.760274,0.117316,0.938795,263,2102,559
IsPETaseWT_pool_4189,5.187478,55.194736,-0.802185,-0.525950,-0.664067,3872,3461,4029
IsPETaseWT_pool_4190,10.557609,56.708893,1.363525,1.898856,1.631190,506,185,102
IsPETaseWT_pool_4191,10.707356,55.028122,1.423916,-0.792770,0.315573,467,3981,1581
IsPETaseWT_pool_4192,5.027703,56.430180,-0.866621,1.452518,0.292949,3999,372,1626
IsPETaseWT_pool_4193,6.206060,55.521095,-0.391403,-0.003311,-0.197357,3085,2362,2838
IsPETaseWT_pool_4194,5.504478,55.022179,-0.674343,-0.802288,-0.738315,3642,4001,4191
IsPETaseWT_pool_4195,6.108063,55.539337,-0.430924,0.025902,-0.202511,3162,2296,2849
IsPETaseWT_pool_4196,4.191465,55.291248,-1.203865,-0.371393,-0.787629,4497,3135,4296
IsPETaseWT_pool_4197,10.487682,55.504669,1.335324,-0.029616,0.652854,528,2423,953
IsPETaseWT_pool_4198,4.875089,55.691219,-0.928168,0.269130,-0.329519,4098,1800,3214
IsPETaseWT_pool_4199,8.125949,54.907696,0.382865,-0.985624,-0.301379,1664,4300,3140
IsPETaseWT_pool_4200,6.483042,54.834583,-0.279700,-1.102708,-0.691204,2871,4452,4086
IsPETaseWT_pool_4201,5.222925,55.358574,-0.787890,-0.263577,-0.525733,3837,2921,3705
IsPETaseWT_pool_4202,5.400741,55.839996,-0.716179,0.507385,-0.104397,3716,1362,2608
IsPETaseWT_pool_4203,3.156561,56.072929,-1.621230,0.880409,-0.370410,4835,867,3322
IsPETaseWT_pool_4204,6.776406,55.260014,-0.161389,-0.421413,-0.291401,2639,3233,3108
IsPETaseWT_pool_4205,12.248664,55.494289,2.045507,-0.046239,0.999634,163,2465,496
IsPETaseWT_pool_4206,7.812426,55.208977,0.256425,-0.503145,-0.123360,1877,3414,2647
IsPETaseWT_pool_4207,6.675405,55.212212,-0.202122,-0.497965,-0.350043,2717,3405,3265
IsPETaseWT_pool_4208,10.170094,55.354034,1.207244,-0.270846,0.468199,616,2943,1277
IsPETaseWT_pool_4209,7.584639,56.583916,0.164561,1.698715,0.931638,2042,257,568
IsPETaseWT_pool_4210,5.525294,55.937160,-0.665948,0.662986,-0.001481,3625,1142,2332
IsPETaseWT_pool_4211,9.543553,54.804485,0.954568,-1.150907,-0.098170,877,4513,2585
IsPETaseWT_pool_4212,3.581604,55.510818,-1.449815,-0.019769,-0.734792,4720,2395,4183
IsPETaseWT_pool_4213,6.890533,55.393005,-0.115363,-0.208437,-0.161900,2550,2796,2752
IsPETaseWT_pool_4214,6.494227,55.284584,-0.275189,-0.382066,-0.328627,2859,3154,3212
IsPETaseWT_pool_4215,9.645910,55.857445,0.995847,0.535327,0.765587,820,1320,786
IsPETaseWT_pool_4216,8.360223,54.939999,0.477345,-0.933893,-0.228274,1517,4214,2922
IsPETaseWT_pool_4217,7.924127,55.630138,0.301473,0.171313,0.236393,1800,1989,1749
IsPETaseWT_pool_4218,13.839902,55.642960,2.687234,0.191845,1.439540,31,1951,175
IsPETaseWT_pool_4219,5.852199,56.155968,-0.534111,1.013389,0.239639,3374,693,1740
IsPETaseWT_pool_4220,9.631540,55.661690,0.990052,0.221840,0.605946,829,1892,1031
IsPETaseWT_pool_4221,6.329745,56.172188,-0.341523,1.039364,0.348921,2992,671,1504
IsPETaseWT_pool_4222,3.838482,55.518387,-1.346219,-0.007648,-0.676934,4645,2375,4057
IsPETaseWT_pool_4223,6.822558,55.794250,-0.142777,0.434126,0.145675,2607,1494,1961
IsPETaseWT_pool_4224,9.333727,55.704651,0.869948,0.290639,0.580293,955,1759,1077
IsPETaseWT_pool_4225,7.742405,56.377209,0.228186,1.367689,0.797938,1934,423,742
IsPETaseWT_pool_4226,13.100726,55.308304,2.389133,-0.344080,1.022527,66,3088,470
IsPETaseWT_pool_4227,6.844886,54.870682,-0.133772,-1.044899,-0.589335,2588,4371,3860
IsPETaseWT_pool_4228,6.292585,55.377880,-0.356509,-0.232659,-0.294584,3023,2853,3117
IsPETaseWT_pool_4229,8.167295,55.636250,0.399539,0.181100,0.290320,1638,1975,1633
IsPETaseWT_pool_4230,10.829816,55.462639,1.473302,-0.096925,0.688189,437,2578,901
IsPETaseWT_pool_4231,5.741096,55.899723,-0.578918,0.603032,0.012057,3460,1225,2294
IsPETaseWT_pool_4232,5.740340,56.939720,-0.579223,2.268508,0.844643,3461,99,673
IsPETaseWT_pool_4233,6.976597,55.684036,-0.080655,0.257627,0.088486,2474,1823,2113
IsPETaseWT_pool_4234,7.293710,55.364189,0.047233,-0.254584,-0.103676,2239,2897,2606
IsPETaseWT_pool_4235,8.652837,55.003414,0.595353,-0.832338,-0.118493,1340,4051,2637
IsPETaseWT_pool_4236,10.747204,56.100925,1.439986,0.925243,1.182614,458,805,336
IsPETaseWT_pool_4237,6.737822,55.626896,-0.176950,0.166121,-0.005415,2670,1999,2346
IsPETaseWT_pool_4238,4.902975,55.453121,-0.916922,-0.112166,-0.514544,4075,2613,3686
IsPETaseWT_pool_4239,4.319660,56.136513,-1.152166,0.982233,-0.084966,4428,736,2549
IsPETaseWT_pool_4240,9.526402,55.937317,0.947651,0.663236,0.805444,883,1141,729
IsPETaseWT_pool_4241,6.440802,55.261993,-0.296735,-0.418243,-0.357489,2909,3228,3289
IsPETaseWT_pool_4242,6.986858,55.780670,-0.076517,0.412378,0.167931,2467,1535,1903
IsPETaseWT_pool_4243,8.777875,55.492088,0.645779,-0.049763,0.298008,1256,2468,1615
IsPETaseWT_pool_4244,11.621367,56.684196,1.792526,1.859307,1.825916,249,203,56
IsPETaseWT_pool_4245,7.535800,56.015480,0.144865,0.788408,0.466637,2077,982,1282
IsPETaseWT_pool_4246,7.628626,55.096607,0.182301,-0.683096,-0.250398,2010,3793,2983
IsPETaseWT_pool_4247,6.177464,54.810322,-0.402936,-1.141561,-0.772248,3109,4499,4270
IsPETaseWT_pool_4248,3.892411,55.381413,-1.324470,-0.227002,-0.775736,4625,2840,4274
IsPETaseWT_pool_4249,5.117219,55.635967,-0.830520,0.180648,-0.324936,3924,1977,3203
IsPETaseWT_pool_4250,5.405319,55.816998,-0.714333,0.470554,-0.121889,3711,1430,2645
IsPETaseWT_pool_4251,9.809643,55.638138,1.061879,0.184124,0.623001,753,1967,1003
IsPETaseWT_pool_4252,7.516199,54.661568,0.136960,-1.379779,-0.621409,2089,4681,3933
IsPETaseWT_pool_4253,6.703469,56.108227,-0.190804,0.936935,0.373066,2698,788,1458
IsPETaseWT_pool_4254,5.056584,55.392670,-0.854973,-0.208975,-0.531974,3973,2799,3729
IsPETaseWT_pool_4255,11.519692,55.882988,1.751521,0.576232,1.163877,268,1270,349
IsPETaseWT_pool_4256,4.000400,55.157024,-1.280920,-0.586343,-0.933631,4579,3583,4562
IsPETaseWT_pool_4257,8.806496,55.212986,0.657322,-0.496725,0.080299,1231,3401,2134
IsPETaseWT_pool_4258,5.561402,56.491539,-0.651386,1.550781,0.449697,3591,321,1310
IsPETaseWT_pool_4259,6.081027,55.132877,-0.441828,-0.625012,-0.533420,3184,3663,3732
IsPETaseWT_pool_4260,8.584248,54.912304,0.567692,-0.978244,-0.205276,1370,4290,2859
IsPETaseWT_pool_4261,10.637699,56.518250,1.395824,1.593555,1.494690,480,303,147
IsPETaseWT_pool_4262,8.018398,55.050880,0.339491,-0.756324,-0.208417,1736,3915,2870
IsPETaseWT_pool_4263,8.791756,55.522766,0.651377,-0.000635,0.325371,1242,2355,1559
IsPETaseWT_pool_4264,11.854799,54.293667,1.886666,-1.968944,-0.041139,216,4921,2439
IsPETaseWT_pool_4265,6.757573,55.069489,-0.168985,-0.726525,-0.447755,2654,3856,3516
IsPETaseWT_pool_4266,4.590291,54.903801,-1.043024,-0.991861,-1.017442,4283,4308,4685
IsPETaseWT_pool_4267,9.911337,56.296452,1.102891,1.238363,1.170627,715,513,343
IsPETaseWT_pool_4268,9.322193,55.031322,0.865296,-0.787645,0.038826,961,3969,2243
IsPETaseWT_pool_4269,7.113814,56.072102,-0.025317,0.879084,0.426883,2371,872,1351
IsPETaseWT_pool_4270,8.761116,56.975487,0.639020,2.325786,1.482403,1268,93,152
IsPETaseWT_pool_4271,7.449449,55.297733,0.110041,-0.361008,-0.125484,2135,3123,2656
IsPETaseWT_pool_4272,9.791352,55.991611,1.054502,0.750185,0.902344,758,1026,605
IsPETaseWT_pool_4273,9.345521,55.601219,0.874704,0.125001,0.499853,948,2095,1214
IsPETaseWT_pool_4274,5.783175,54.854568,-0.561948,-1.070703,-0.816325,3427,4398,4358
IsPETaseWT_pool_4275,5.096047,55.448425,-0.839058,-0.119686,-0.479372,3943,2625,3598
IsPETaseWT_pool_4276,9.464871,56.693329,0.922836,1.873932,1.398384,902,195,194
IsPETaseWT_pool_4277,9.693106,55.694080,1.014881,0.273711,0.644296,797,1791,970
IsPETaseWT_pool_4278,4.792052,56.104412,-0.961656,0.930826,-0.015415,4151,801,2374
IsPETaseWT_pool_4279,4.949984,55.567223,-0.897964,0.070558,-0.413703,4050,2211,3425
IsPETaseWT_pool_4280,10.902438,57.133053,1.502590,2.578116,2.040353,410,58,34
IsPETaseWT_pool_4281,4.760629,54.412285,-0.974328,-1.778986,-1.376657,4174,4865,4932
IsPETaseWT_pool_4282,8.731739,55.309849,0.627173,-0.341606,0.142783,1289,3083,1971
IsPETaseWT_pool_4283,7.014713,55.240173,-0.065283,-0.453186,-0.259235,2444,3306,3014
IsPETaseWT_pool_4284,7.726152,55.309380,0.221632,-0.342358,-0.060363,1954,3085,2496
IsPETaseWT_pool_4285,9.333737,55.874268,0.869952,0.562267,0.716110,954,1291,856
IsPETaseWT_pool_4286,5.169891,54.327961,-0.809278,-1.914025,-1.361651,3885,4904,4924
IsPETaseWT_pool_4287,5.072661,55.936405,-0.848490,0.661776,-0.093357,3961,1143,2575
IsPETaseWT_pool_4288,3.731718,54.872013,-1.389276,-1.042767,-1.216021,4682,4367,4857
IsPETaseWT_pool_4289,8.714033,55.253986,0.620032,-0.431066,0.094483,1299,3255,2089
IsPETaseWT_pool_4290,3.957709,55.992950,-1.298136,0.752329,-0.272904,4598,1022,3054
IsPETaseWT_pool_4291,11.314643,55.750492,1.668827,0.364050,1.016439,313,1627,479
IsPETaseWT_pool_4292,8.851499,55.156162,0.675471,-0.587723,0.043874,1205,3586,2234
IsPETaseWT_pool_4293,9.989263,55.665817,1.134317,0.228450,0.681384,680,1879,911
IsPETaseWT_pool_4294,8.829773,54.444408,0.666709,-1.727543,-0.530417,1215,4848,3719
IsPETaseWT_pool_4295,5.939338,56.020218,-0.498969,0.795996,0.148513,3302,967,1949
IsPETaseWT_pool_4296,6.521366,55.135342,-0.264244,-0.621066,-0.442655,2832,3653,3500
IsPETaseWT_pool_4297,10.925155,55.530361,1.511752,0.011528,0.761640,405,2326,790
IsPETaseWT_pool_4298,11.254249,56.150009,1.644471,1.003847,1.324159,330,704,238
IsPETaseWT_pool_4299,4.412301,55.457256,-1.114805,-0.105544,-0.610175,4381,2599,3911
IsPETaseWT_pool_4300,7.198183,54.630966,0.008708,-1.428785,-0.710038,2313,4708,4126
IsPETaseWT_pool_4301,5.595572,54.301414,-0.637606,-1.956537,-1.297071,3564,4914,4895
IsPETaseWT_pool_4302,4.501411,54.331249,-1.078868,-1.908759,-1.493813,4337,4903,4963
IsPETaseWT_pool_4303,5.912904,55.907078,-0.509630,0.614810,0.052590,3332,1211,2209
IsPETaseWT_pool_4304,8.352361,56.093700,0.474174,0.913672,0.693923,1524,821,891
IsPETaseWT_pool_4305,4.692199,54.749058,-1.001925,-1.239670,-1.120798,4220,4589,4783
IsPETaseWT_pool_4306,8.053558,56.978554,0.353671,2.330698,1.342184,1711,90,230
IsPETaseWT_pool_4307,6.596780,54.855595,-0.233830,-1.069059,-0.651445,2780,4396,4007
IsPETaseWT_pool_4308,6.672744,56.030739,-0.203195,0.812844,0.304825,2719,948,1606
IsPETaseWT_pool_4309,8.827559,55.927921,0.665816,0.648190,0.657003,1217,1164,945
IsPETaseWT_pool_4310,9.288808,54.757198,0.851832,-1.226634,-0.187401,978,4578,2815
IsPETaseWT_pool_4311,12.353636,56.072929,2.087841,0.880409,1.484125,149,868,151
IsPETaseWT_pool_4312,11.165289,55.398708,1.608595,-0.199304,0.704645,351,2785,871
IsPETaseWT_pool_4313,8.950394,55.225582,0.715354,-0.476553,0.119401,1149,3365,2042
IsPETaseWT_pool_4314,6.709163,55.216179,-0.188508,-0.491611,-0.340060,2694,3388,3242
IsPETaseWT_pool_4315,8.927501,54.853996,0.706121,-1.071619,-0.182749,1161,4401,2803
IsPETaseWT_pool_4316,12.700818,55.494465,2.227855,-0.045958,1.090949,102,2462,399
IsPETaseWT_pool_4317,5.601469,54.942661,-0.635228,-0.929629,-0.782428,3559,4203,4286
IsPETaseWT_pool_4318,6.829259,55.999096,-0.140074,0.762170,0.311048,2601,1017,1588
IsPETaseWT_pool_4319,5.111535,54.409061,-0.832812,-1.784148,-1.308480,3930,4866,4897
IsPETaseWT_pool_4320,12.700231,54.019451,2.227618,-2.408080,-0.090231,103,4980,2567
IsPETaseWT_pool_4321,8.184382,56.289936,0.406430,1.227929,0.817180,1629,524,710
IsPETaseWT_pool_4322,4.528837,54.858990,-1.067807,-1.063623,-1.065715,4316,4389,4732
IsPETaseWT_pool_4323,6.523507,56.654144,-0.263381,1.811180,0.773900,2830,210,778
IsPETaseWT_pool_4324,3.540167,55.680180,-1.466526,0.251450,-0.607538,4731,1834,3904
IsPETaseWT_pool_4325,2.810220,55.172634,-1.760905,-0.561345,-1.161125,4895,3532,4821
IsPETaseWT_pool_4326,10.070602,55.602459,1.167120,0.126987,0.647054,652,2087,962
IsPETaseWT_pool_4327,6.765969,55.466248,-0.165599,-0.091145,-0.128372,2647,2566,2668
IsPETaseWT_pool_4328,8.122029,55.486488,0.381284,-0.058731,0.161276,1668,2485,1922
IsPETaseWT_pool_4329,2.237503,56.192970,-1.991875,1.072646,-0.459615,4965,650,3544
IsPETaseWT_pool_4330,10.096466,56.211971,1.177551,1.103074,1.140313,640,624,362
IsPETaseWT_pool_4331,5.590515,55.328869,-0.639645,-0.311147,-0.475396,3574,3023,3586
IsPETaseWT_pool_4332,7.758461,54.984810,0.234662,-0.862131,-0.313735,1917,4102,3174
IsPETaseWT_pool_4333,4.994384,55.236492,-0.880058,-0.459081,-0.669569,4022,3324,4043
IsPETaseWT_pool_4334,3.825106,55.755440,-1.351614,0.371974,-0.489820,4651,1606,3625
IsPETaseWT_pool_4335,8.647768,55.964508,0.593309,0.706781,0.650045,1345,1079,957
IsPETaseWT_pool_4336,4.353504,55.494392,-1.138517,-0.046074,-0.592295,4410,2463,3871
IsPETaseWT_pool_4337,8.595466,54.918236,0.572216,-0.968745,-0.198264,1365,4275,2843
IsPETaseWT_pool_4338,14.932603,56.579998,3.127907,1.692441,2.410174,11,261,14
IsPETaseWT_pool_4339,6.548433,55.524113,-0.253328,0.001521,-0.125904,2812,2347,2657
IsPETaseWT_pool_4340,7.211607,55.316246,0.014122,-0.331361,-0.158620,2299,3063,2740
IsPETaseWT_pool_4341,3.963629,55.183159,-1.295749,-0.544490,-0.920120,4595,3495,4542
IsPETaseWT_pool_4342,3.121576,55.120548,-1.635339,-0.644757,-1.140048,4845,3711,4808
IsPETaseWT_pool_4343,8.672732,56.580444,0.603376,1.693156,1.148266,1322,259,356
IsPETaseWT_pool_4344,4.405149,55.645741,-1.117689,0.196299,-0.460695,4383,1942,3546
IsPETaseWT_pool_4345,9.943336,55.327366,1.115796,-0.313554,0.401121,706,3030,1403
IsPETaseWT_pool_4346,7.097934,55.349293,-0.031721,-0.278440,-0.155080,2379,2958,2727
IsPETaseWT_pool_4347,8.756415,56.658524,0.637125,1.818194,1.227659,1271,207,297
IsPETaseWT_pool_4348,9.446538,55.464890,0.915443,-0.093320,0.411061,914,2574,1385
IsPETaseWT_pool_4349,7.741385,56.157581,0.227775,1.015973,0.621874,1935,692,1007
IsPETaseWT_pool_4350,5.879718,55.530430,-0.523013,0.011638,-0.255688,3354,2324,2998
IsPETaseWT_pool_4351,4.521261,56.347000,-1.070863,1.319313,0.124225,4322,451,2024
IsPETaseWT_pool_4352,7.837525,54.299248,0.266547,-1.960007,-0.846730,1854,4917,4425
IsPETaseWT_pool_4353,10.371454,56.387936,1.288451,1.384868,1.336659,560,414,233
IsPETaseWT_pool_4354,5.129893,55.019661,-0.825409,-0.806320,-0.815864,3917,4005,4356
IsPETaseWT_pool_4355,7.330885,55.805199,0.062225,0.451659,0.256942,2215,1459,1704
IsPETaseWT_pool_4356,8.050505,56.773544,0.352439,2.002391,1.177415,1717,159,339
IsPETaseWT_pool_4357,8.282245,55.086346,0.445897,-0.699529,-0.126816,1567,3818,2659
IsPETaseWT_pool_4358,8.445356,54.349384,0.511678,-1.879717,-0.684019,1468,4895,4076
IsPETaseWT_pool_4359,9.000099,55.564632,0.735399,0.066410,0.400905,1125,2219,1404
IsPETaseWT_pool_4360,5.496125,55.905006,-0.677712,0.611493,-0.033109,3646,1216,2417
IsPETaseWT_pool_4361,9.297631,55.249699,0.855390,-0.437932,0.208729,972,3272,1805
IsPETaseWT_pool_4362,8.105183,56.543415,0.374490,1.633856,1.004173,1681,287,490
IsPETaseWT_pool_4363,11.075967,54.925823,1.572572,-0.956594,0.307989,372,4254,1597
IsPETaseWT_pool_4364,8.573434,55.506821,0.563330,-0.026171,0.268580,1380,2415,1677
IsPETaseWT_pool_4365,3.942866,55.435303,-1.304122,-0.140701,-0.722412,4603,2672,4159
IsPETaseWT_pool_4366,7.560022,59.291218,0.154634,6.034253,3.094443,2062,3,5
IsPETaseWT_pool_4367,8.709260,55.300884,0.618107,-0.355962,0.131073,1302,3115,2001
IsPETaseWT_pool_4368,8.942040,56.141125,0.711985,0.989619,0.850802,1152,724,668
IsPETaseWT_pool_4369,8.509147,55.862671,0.537404,0.543696,0.540550,1423,1311,1154
IsPETaseWT_pool_4370,9.166993,55.312099,0.802706,-0.338002,0.232352,1045,3072,1757
IsPETaseWT_pool_4371,8.977514,56.376930,0.726291,1.367243,1.046767,1136,424,444
IsPETaseWT_pool_4372,6.363874,55.888130,-0.327759,0.584467,0.128354,2958,1255,2010
IsPETaseWT_pool_4373,6.109611,55.619297,-0.430300,0.153952,-0.138174,3160,2025,2695
IsPETaseWT_pool_4374,8.551866,56.466087,0.554632,1.510022,1.032327,1392,342,461
IsPETaseWT_pool_4375,8.282611,55.234127,0.446045,-0.462869,-0.008412,1565,3333,2356
IsPETaseWT_pool_4376,5.771314,55.355507,-0.566731,-0.268488,-0.417610,3434,2936,3435
IsPETaseWT_pool_4377,7.004441,55.877487,-0.069426,0.567423,0.248999,2449,1284,1723
IsPETaseWT_pool_4378,8.042047,55.557735,0.349028,0.055365,0.202197,1724,2239,1820
IsPETaseWT_pool_4379,6.903061,55.221230,-0.110311,-0.483523,-0.296917,2540,3377,3125
IsPETaseWT_pool_4380,9.120253,55.439697,0.783856,-0.133664,0.325096,1075,2649,1561
IsPETaseWT_pool_4381,2.476966,55.460903,-1.895302,-0.099704,-0.997503,4943,2586,4665
IsPETaseWT_pool_4382,7.548503,56.785152,0.149988,2.020980,1.085484,2071,153,404
IsPETaseWT_pool_4383,6.080159,54.473404,-0.442178,-1.681109,-1.061643,3186,4831,4729
IsPETaseWT_pool_4384,9.662482,55.154217,1.002531,-0.590839,0.205846,814,3593,1813
IsPETaseWT_pool_4385,5.769227,57.143044,-0.567573,2.594115,1.013271,3437,55,482
IsPETaseWT_pool_4386,5.895857,55.231319,-0.516504,-0.467365,-0.491935,3347,3342,3629
IsPETaseWT_pool_4387,7.187817,54.562439,0.004528,-1.538526,-0.766999,2321,4765,4254
IsPETaseWT_pool_4388,10.453480,54.942955,1.321531,-0.929159,0.196186,535,4200,1839
IsPETaseWT_pool_4389,9.981097,55.888386,1.131024,0.584877,0.857950,686,1254,653
IsPETaseWT_pool_4390,5.563360,56.254627,-0.650596,1.171384,0.260394,3589,567,1694
IsPETaseWT_pool_4391,9.011477,56.051529,0.739988,0.846138,0.793063,1119,910,748
IsPETaseWT_pool_4392,9.503331,55.089252,0.938347,-0.694874,0.121736,891,3810,2034
IsPETaseWT_pool_4393,4.196896,55.241741,-1.201675,-0.450675,-0.826175,4493,3300,4381
IsPETaseWT_pool_4394,3.903553,54.861034,-1.319977,-1.060348,-1.190162,4621,4387,4845
IsPETaseWT_pool_4395,9.644182,55.003391,0.995150,-0.832375,0.081388,822,4052,2129
IsPETaseWT_pool_4396,10.143068,55.068501,1.196345,-0.728107,0.234119,626,3861,1753
IsPETaseWT_pool_4397,4.413568,55.239033,-1.114294,-0.455013,-0.784653,4379,3313,4291
IsPETaseWT_pool_4398,4.568451,55.279205,-1.051831,-0.390679,-0.721255,4298,3166,4154
IsPETaseWT_pool_4399,8.809009,54.687920,0.658335,-1.337578,-0.339622,1230,4654,3238
IsPETaseWT_pool_4400,6.435659,56.386532,-0.298809,1.382620,0.541905,2912,416,1149
IsPETaseWT_pool_4401,11.227376,55.202858,1.633634,-0.512944,0.560345,337,3427,1118
IsPETaseWT_pool_4402,6.584314,55.165161,-0.238858,-0.573312,-0.406085,2794,3556,3401
IsPETaseWT_pool_4403,6.034026,55.267090,-0.460782,-0.410081,-0.435432,3220,3210,3481
IsPETaseWT_pool_4404,4.228223,55.873676,-1.189041,0.561321,-0.313860,4480,1293,3175
IsPETaseWT_pool_4405,10.748283,54.886181,1.440421,-1.020078,0.210172,457,4338,1802
IsPETaseWT_pool_4406,10.953250,54.859566,1.523082,-1.062700,0.230191,400,4388,1761
IsPETaseWT_pool_4407,7.258889,55.942905,0.033190,0.672186,0.352688,2265,1125,1499
IsPETaseWT_pool_4408,8.787199,54.984524,0.649539,-0.862589,-0.106525,1246,4103,2612
IsPETaseWT_pool_4409,4.606772,54.110897,-1.036377,-2.261636,-1.649006,4268,4972,4982
IsPETaseWT_pool_4410,5.232411,55.368515,-0.784064,-0.247657,-0.515860,3831,2880,3688
IsPETaseWT_pool_4411,5.687583,54.830124,-0.600499,-1.109849,-0.855174,3503,4461,4443
IsPETaseWT_pool_4412,8.089670,56.540066,0.368234,1.628492,0.998363,1688,293,499
IsPETaseWT_pool_4413,4.875090,56.012981,-0.928168,0.784407,-0.071880,4097,990,2518
IsPETaseWT_pool_4414,10.979617,55.725765,1.533715,0.324452,0.929084,395,1695,572
IsPETaseWT_pool_4415,5.874774,55.542240,-0.525007,0.030551,-0.247228,3361,2284,2969
IsPETaseWT_pool_4416,9.690281,55.260780,1.013742,-0.420186,0.296778,799,3231,1616
IsPETaseWT_pool_4417,7.321097,54.987148,0.058278,-0.858386,-0.400054,2221,4094,3384
IsPETaseWT_pool_4418,6.728166,55.946659,-0.180844,0.678197,0.248676,2680,1119,1724
IsPETaseWT_pool_4419,5.118353,55.439957,-0.830062,-0.133248,-0.481655,3923,2647,3605
IsPETaseWT_pool_4420,9.207793,56.574112,0.819160,1.683015,1.251087,1023,267,284
IsPETaseWT_pool_4421,10.623256,54.955425,1.389999,-0.909188,0.240405,487,4166,1738
IsPETaseWT_pool_4422,5.361114,55.595802,-0.732160,0.116327,-0.307917,3740,2106,3159
IsPETaseWT_pool_4423,11.173353,56.695507,1.611847,1.877420,1.744633,349,192,71
IsPETaseWT_pool_4424,8.849184,56.694710,0.674537,1.876143,1.275340,1207,193,263
IsPETaseWT_pool_4425,3.118096,56.343842,-1.636742,1.314254,-0.161244,4847,453,2749
IsPETaseWT_pool_4426,8.400992,55.543056,0.493787,0.031858,0.262822,1495,2282,1686
IsPETaseWT_pool_4427,9.867513,56.230793,1.085217,1.133216,1.109216,735,594,384
IsPETaseWT_pool_4428,6.087324,55.536194,-0.439288,0.020868,-0.209210,3177,2307,2873
IsPETaseWT_pool_4429,9.502296,55.492485,0.937929,-0.049128,0.444401,892,2467,1318
IsPETaseWT_pool_4430,6.508790,55.188206,-0.269316,-0.536408,-0.402862,2841,3477,3395
IsPETaseWT_pool_4431,4.767436,55.121742,-0.971583,-0.642844,-0.807214,4166,3705,4345
IsPETaseWT_pool_4432,4.163277,56.281307,-1.215233,1.214110,-0.000561,4515,533,2327
IsPETaseWT_pool_4433,6.803048,56.891769,-0.150645,2.191719,1.020537,2616,110,475
IsPETaseWT_pool_4434,10.812237,56.591438,1.466213,1.710762,1.588487,443,251,113
IsPETaseWT_pool_4435,8.173668,55.523006,0.402110,-0.000250,0.200930,1636,2353,1823
IsPETaseWT_pool_4436,6.812386,55.399773,-0.146879,-0.197600,-0.172240,2609,2780,2772
IsPETaseWT_pool_4437,7.237746,56.293209,0.024663,1.233170,0.628917,2284,520,996
IsPETaseWT_pool_4438,9.492909,55.746433,0.934144,0.357551,0.645847,893,1642,964
IsPETaseWT_pool_4439,9.066777,55.516155,0.762290,-0.011222,0.375534,1098,2382,1453
IsPETaseWT_pool_4440,8.861360,56.369659,0.679448,1.355600,1.017524,1193,429,477
IsPETaseWT_pool_4441,3.616015,56.047424,-1.435937,0.839565,-0.298186,4712,921,3132
IsPETaseWT_pool_4442,10.160260,55.577213,1.203278,0.086558,0.644918,621,2180,967
IsPETaseWT_pool_4443,6.504394,56.136250,-0.271089,0.981812,0.355361,2843,738,1496
IsPETaseWT_pool_4444,7.797753,55.357117,0.250508,-0.265910,-0.007701,1884,2928,2353
IsPETaseWT_pool_4445,3.870477,55.228291,-1.333316,-0.472215,-0.902766,4636,3352,4516
IsPETaseWT_pool_4446,4.714507,55.986526,-0.992929,0.742042,-0.125444,4205,1038,2655
IsPETaseWT_pool_4447,7.488366,55.283676,0.125736,-0.383520,-0.128892,2106,3156,2670
IsPETaseWT_pool_4448,4.002777,56.042263,-1.279961,0.831299,-0.224331,4578,933,2913
IsPETaseWT_pool_4449,7.272396,56.284283,0.038637,1.218875,0.628756,2255,527,997
IsPETaseWT_pool_4450,8.734181,55.248405,0.628158,-0.440003,0.094077,1286,3278,2090
IsPETaseWT_pool_4451,8.233866,56.294403,0.426387,1.235082,0.830735,1595,519,694
IsPETaseWT_pool_4452,5.918189,54.658028,-0.507498,-1.385448,-0.946473,3327,4685,4581
IsPETaseWT_pool_4453,2.558571,56.304020,-1.862392,1.250483,-0.305954,4936,502,3154
IsPETaseWT_pool_4454,5.281462,56.084507,-0.764283,0.898950,0.067334,3792,842,2172
IsPETaseWT_pool_4455,11.246644,56.384808,1.641404,1.379858,1.510631,331,418,139
IsPETaseWT_pool_4456,7.994325,55.962368,0.329783,0.703354,0.516568,1760,1082,1190
IsPETaseWT_pool_4457,8.630739,56.014004,0.586441,0.786044,0.686243,1352,986,904
IsPETaseWT_pool_4458,8.792373,56.319992,0.651626,1.276061,0.963844,1241,482,534
IsPETaseWT_pool_4459,5.940391,54.607315,-0.498544,-1.466660,-0.982602,3301,4728,4638
IsPETaseWT_pool_4460,5.233642,54.923344,-0.783568,-0.960565,-0.872066,3830,4263,4474
IsPETaseWT_pool_4461,11.782006,53.722366,1.857309,-2.883838,-0.513264,229,4997,3685
IsPETaseWT_pool_4462,9.053669,56.083324,0.757004,0.897056,0.827030,1103,846,697
IsPETaseWT_pool_4463,12.136615,55.849693,2.000319,0.522914,1.261616,172,1342,275
IsPETaseWT_pool_4464,3.928792,55.615990,-1.309798,0.148655,-0.580572,4609,2038,3833
IsPETaseWT_pool_4465,8.637556,53.575745,0.589190,-3.118642,-1.264726,1349,5000,4881
IsPETaseWT_pool_4466,7.735802,56.500385,0.225523,1.564947,0.895235,1942,313,618
IsPETaseWT_pool_4467,4.364015,54.658672,-1.134278,-1.384416,-1.259347,4401,4682,4879
IsPETaseWT_pool_4468,4.804492,54.754665,-0.956639,-1.230690,-1.093664,4139,4580,4759
IsPETaseWT_pool_4469,7.118363,56.030735,-0.023482,0.812838,0.394678,2365,949,1417
IsPETaseWT_pool_4470,7.313738,55.273243,0.055310,-0.400228,-0.172459,2226,3187,2773
IsPETaseWT_pool_4471,3.028125,53.855377,-1.673026,-2.670831,-2.171929,4858,4988,5000
IsPETaseWT_pool_4472,7.859820,55.636261,0.275538,0.181118,0.228328,1839,1974,1766
IsPETaseWT_pool_4473,7.854874,58.812500,0.273544,5.267622,2.770583,1842,6,6
IsPETaseWT_pool_4474,5.690125,55.321701,-0.599474,-0.322626,-0.461050,3500,3045,3549
IsPETaseWT_pool_4475,7.846736,54.815586,0.270262,-1.133130,-0.431434,1847,4494,3471
IsPETaseWT_pool_4476,6.165809,56.563602,-0.407636,1.666185,0.629274,3116,279,995
IsPETaseWT_pool_4477,12.742725,54.666428,2.244756,-1.371996,0.436380,98,4674,1337
IsPETaseWT_pool_4478,8.323599,55.737427,0.462575,0.343127,0.402851,1544,1673,1399
IsPETaseWT_pool_4479,9.827913,55.252647,1.069247,-0.433210,0.318019,746,3263,1578
IsPETaseWT_pool_4480,3.545449,55.264458,-1.464396,-0.414297,-0.939346,4729,3220,4574
IsPETaseWT_pool_4481,8.648356,55.583649,0.593546,0.096863,0.345205,1344,2152,1512
IsPETaseWT_pool_4482,7.204313,55.247917,0.011180,-0.440785,-0.214802,2302,3280,2888
IsPETaseWT_pool_4483,9.131923,55.893330,0.788562,0.592794,0.690678,1064,1242,897
IsPETaseWT_pool_4484,5.526249,56.162094,-0.665563,1.023200,0.178818,3624,685,1879
IsPETaseWT_pool_4485,5.707594,54.326431,-0.592429,-1.916474,-1.254451,3491,4907,4875
IsPETaseWT_pool_4486,10.139857,55.695789,1.195050,0.276448,0.735749,628,1777,831
IsPETaseWT_pool_4487,4.715270,55.821613,-0.992621,0.477946,-0.257338,4204,1413,3006
IsPETaseWT_pool_4488,5.237737,56.221508,-0.781916,1.118347,0.168215,3825,609,1901
IsPETaseWT_pool_4489,6.775395,55.777679,-0.161797,0.407589,0.122896,2641,1541,2032
IsPETaseWT_pool_4490,6.864167,55.909245,-0.125997,0.618280,0.246142,2571,1205,1729
IsPETaseWT_pool_4491,7.199480,55.099827,0.009231,-0.677940,-0.334355,2310,3783,3230
IsPETaseWT_pool_4492,4.644525,54.938992,-1.021152,-0.935506,-0.978329,4246,4218,4632
IsPETaseWT_pool_4493,8.236040,54.933617,0.427264,-0.944113,-0.258425,1593,4235,3011
IsPETaseWT_pool_4494,4.292365,55.569183,-1.163174,0.073698,-0.544738,4445,2207,3754
IsPETaseWT_pool_4495,8.413219,54.868237,0.498718,-1.048815,-0.275048,1486,4377,3062
IsPETaseWT_pool_4496,5.028509,55.413795,-0.866295,-0.175143,-0.520719,3998,2733,3695
IsPETaseWT_pool_4497,7.312642,55.268623,0.054868,-0.407626,-0.176379,2227,3206,2786
IsPETaseWT_pool_4498,3.444540,55.784550,-1.505091,0.418591,-0.543250,4756,1522,3751
IsPETaseWT_pool_4499,7.466765,55.187984,0.117024,-0.536763,-0.209869,2124,3479,2874
IsPETaseWT_pool_4500,7.180222,55.811752,0.001465,0.462154,0.231809,2326,1444,1759
IsPETaseWT_pool_4501,3.407423,54.768097,-1.520060,-1.209180,-1.364620,4765,4562,4927
IsPETaseWT_pool_4502,5.603648,54.926498,-0.634349,-0.955513,-0.794931,3557,4250,4320
IsPETaseWT_pool_4503,9.290808,56.405884,0.852639,1.413610,1.133125,975,392,369
IsPETaseWT_pool_4504,9.952056,55.082115,1.119312,-0.706304,0.206504,701,3831,1811
IsPETaseWT_pool_4505,6.019107,54.623756,-0.466799,-1.440331,-0.953565,3230,4713,4595
IsPETaseWT_pool_4506,13.475573,56.140377,2.540305,0.988421,1.764363,47,728,65
IsPETaseWT_pool_4507,3.363695,55.218113,-1.537695,-0.488514,-1.013105,4779,3383,4683
IsPETaseWT_pool_4508,5.033397,55.221134,-0.864324,-0.483676,-0.674000,3993,3378,4052
IsPETaseWT_pool_4509,11.996001,56.728584,1.943611,1.930390,1.937001,193,178,46
IsPETaseWT_pool_4510,4.051412,55.340336,-1.260347,-0.292783,-0.776565,4558,2981,4275
IsPETaseWT_pool_4511,4.356768,55.785641,-1.137201,0.420338,-0.358431,4408,1517,3295
IsPETaseWT_pool_4512,10.885904,55.199863,1.495922,-0.517739,0.489091,415,3439,1234
IsPETaseWT_pool_4513,4.599553,56.844513,-1.039288,2.116041,0.538377,4277,125,1157
IsPETaseWT_pool_4514,8.369711,54.038925,0.481171,-2.376893,-0.947861,1511,4977,4583
IsPETaseWT_pool_4515,5.647555,56.834076,-0.616642,2.099327,0.741343,3531,130,817
IsPETaseWT_pool_4516,2.632012,55.378880,-1.832774,-0.231059,-1.031916,4928,2851,4702
IsPETaseWT_pool_4517,3.303628,55.503902,-1.561919,-0.030844,-0.796382,4800,2428,4325
IsPETaseWT_pool_4518,4.870898,55.183483,-0.929858,-0.543971,-0.736915,4100,3494,4189
IsPETaseWT_pool_4519,4.077852,55.582973,-1.249684,0.095782,-0.576951,4548,2154,3825
IsPETaseWT_pool_4520,5.886332,55.274815,-0.520346,-0.397711,-0.459028,3350,3180,3542
IsPETaseWT_pool_4521,8.712545,55.153992,0.619432,-0.591199,0.014116,1300,3595,2290
IsPETaseWT_pool_4522,9.280574,55.625557,0.848512,0.163976,0.506244,984,2005,1203
IsPETaseWT_pool_4523,7.068915,55.056305,-0.043424,-0.747637,-0.395531,2400,3897,3373
IsPETaseWT_pool_4524,9.907063,55.331768,1.101167,-0.306504,0.397331,719,3011,1407
IsPETaseWT_pool_4525,6.634605,55.596218,-0.218576,0.116992,-0.050792,2752,2103,2466
IsPETaseWT_pool_4526,13.240808,55.527130,2.445627,0.006353,1.225990,56,2336,298
IsPETaseWT_pool_4527,6.850210,55.543308,-0.131625,0.032261,-0.049682,2580,2281,2460
IsPETaseWT_pool_4528,5.870696,55.171909,-0.526652,-0.562506,-0.544579,3364,3534,3753
IsPETaseWT_pool_4529,11.785907,56.065136,1.858883,0.867929,1.363406,227,880,215
IsPETaseWT_pool_4530,4.629524,55.652664,-1.027201,0.207387,-0.409907,4253,1925,3410
IsPETaseWT_pool_4531,8.796502,55.357536,0.653291,-0.265238,0.194026,1239,2927,1841
IsPETaseWT_pool_4532,4.121547,55.067165,-1.232062,-0.730245,-0.981154,4534,3865,4635
IsPETaseWT_pool_4533,8.999180,55.014133,0.735029,-0.815172,-0.040071,1126,4023,2436
IsPETaseWT_pool_4534,4.931788,55.060631,-0.905302,-0.740710,-0.823006,4059,3884,4372
IsPETaseWT_pool_4535,4.469698,55.269753,-1.091657,-0.405817,-0.748737,4351,3198,4217
IsPETaseWT_pool_4536,6.919072,55.187702,-0.103854,-0.537215,-0.320534,2528,3480,3191
IsPETaseWT_pool_4537,8.694608,56.025951,0.612199,0.805178,0.708688,1310,954,866
IsPETaseWT_pool_4538,3.693980,55.775467,-1.404495,0.404046,-0.500225,4688,1546,3651
IsPETaseWT_pool_4539,7.600705,55.567867,0.171040,0.071591,0.121316,2032,2209,2035
IsPETaseWT_pool_4540,6.959918,55.626530,-0.087381,0.165534,0.039076,2490,2000,2242
IsPETaseWT_pool_4541,6.763259,55.549011,-0.166692,0.041394,-0.062649,2649,2269,2502
IsPETaseWT_pool_4542,9.925736,54.766449,1.108698,-1.211820,-0.051561,710,4567,2472
IsPETaseWT_pool_4543,5.865868,55.743889,-0.528599,0.353476,-0.087561,3368,1651,2559
IsPETaseWT_pool_4544,4.913440,56.226467,-0.912701,1.126288,0.106793,4072,600,2071
IsPETaseWT_pool_4545,9.710554,54.986641,1.021917,-0.859199,0.081359,792,4096,2130
IsPETaseWT_pool_4546,6.199269,55.757931,-0.394142,0.375963,-0.009090,3091,1598,2358
IsPETaseWT_pool_4547,6.338578,54.908279,-0.337960,-0.984689,-0.661325,2987,4297,4023
IsPETaseWT_pool_4548,3.495230,55.163609,-1.484649,-0.575799,-1.030224,4745,3559,4698
IsPETaseWT_pool_4549,2.975266,54.507607,-1.694344,-1.626336,-1.660340,4866,4809,4985
IsPETaseWT_pool_4550,5.235337,53.945724,-0.782884,-2.526147,-1.654516,3828,4984,4983
IsPETaseWT_pool_4551,11.375916,54.783924,1.693538,-1.183834,0.254852,297,4541,1710
IsPETaseWT_pool_4552,4.972942,56.587971,-0.888705,1.705209,0.408252,4038,255,1389
IsPETaseWT_pool_4553,6.787895,55.643517,-0.156756,0.192737,0.017991,2625,1950,2281
IsPETaseWT_pool_4554,3.681761,54.995213,-1.409423,-0.845472,-1.127447,4690,4068,4791
IsPETaseWT_pool_4555,7.694904,55.224178,0.209030,-0.478801,-0.134886,1973,3373,2687
IsPETaseWT_pool_4556,11.377456,55.765221,1.694159,0.387637,1.040898,296,1578,450
IsPETaseWT_pool_4557,5.594977,55.110779,-0.637846,-0.660402,-0.649124,3566,3748,4000
IsPETaseWT_pool_4558,3.687905,54.992229,-1.406945,-0.850249,-1.128597,4689,4081,4793
IsPETaseWT_pool_4559,3.279153,55.266220,-1.571790,-0.411474,-0.991632,4808,3217,4655
IsPETaseWT_pool_4560,8.655570,55.368599,0.596455,-0.247522,0.174466,1337,2879,1889
IsPETaseWT_pool_4561,6.138518,55.343884,-0.418642,-0.287102,-0.352872,3131,2975,3273
IsPETaseWT_pool_4562,11.294211,57.320210,1.660587,2.877833,2.269210,316,38,17
IsPETaseWT_pool_4563,5.618457,55.931946,-0.628376,0.654635,0.013129,3547,1152,2292
IsPETaseWT_pool_4564,7.670563,54.950924,0.199213,-0.916397,-0.358592,1987,4177,3296
IsPETaseWT_pool_4565,10.742756,55.865726,1.438192,0.548590,0.993391,459,1307,506
IsPETaseWT_pool_4566,8.763240,56.643974,0.639877,1.794894,1.217385,1266,213,307
IsPETaseWT_pool_4567,4.340025,54.914516,-1.143953,-0.974701,-1.059327,4413,4286,4728
IsPETaseWT_pool_4568,8.023350,55.577084,0.341488,0.086350,0.213919,1732,2181,1797
IsPETaseWT_pool_4569,8.182001,54.934441,0.405470,-0.942794,-0.268662,1632,4230,3042
IsPETaseWT_pool_4570,5.683264,54.947182,-0.602241,-0.922390,-0.762315,3507,4184,4241
IsPETaseWT_pool_4571,11.683956,56.312332,1.817767,1.263794,1.540781,240,491,129
IsPETaseWT_pool_4572,7.040710,55.616741,-0.054799,0.149859,0.047530,2421,2037,2222
IsPETaseWT_pool_4573,2.961781,56.525841,-1.699782,1.605712,-0.047035,4870,300,2453
IsPETaseWT_pool_4574,6.077527,55.580822,-0.443239,0.092337,-0.175451,3189,2167,2782
IsPETaseWT_pool_4575,6.072573,54.801044,-0.445237,-1.156417,-0.800827,3192,4516,4334
IsPETaseWT_pool_4576,8.711221,55.041306,0.618898,-0.771658,-0.076380,1301,3941,2529
IsPETaseWT_pool_4577,6.885529,55.433292,-0.117381,-0.143921,-0.130651,2555,2675,2677
IsPETaseWT_pool_4578,6.332804,55.357689,-0.340289,-0.264994,-0.302641,2990,2925,3144
IsPETaseWT_pool_4579,5.415023,54.931297,-0.710419,-0.947828,-0.829123,3704,4240,4388
IsPETaseWT_pool_4580,6.736335,55.586674,-0.177550,0.101708,-0.037921,2672,2143,2431
IsPETaseWT_pool_4581,4.079704,54.701843,-1.248937,-1.315281,-1.282109,4546,4632,4890
IsPETaseWT_pool_4582,6.746100,55.857220,-0.173612,0.534967,0.180678,2662,1323,1878
IsPETaseWT_pool_4583,11.805700,55.421486,1.866865,-0.162828,0.852018,222,2712,663
IsPETaseWT_pool_4584,6.546610,55.424389,-0.254063,-0.158179,-0.206121,2815,2704,2863
IsPETaseWT_pool_4585,9.658745,55.443844,1.001023,-0.127023,0.437000,815,2639,1335
IsPETaseWT_pool_4586,6.655583,56.459480,-0.210116,1.499441,0.644662,2732,346,968
IsPETaseWT_pool_4587,12.419989,55.344852,2.114600,-0.285550,0.914525,136,2973,593
IsPETaseWT_pool_4588,8.986052,55.500595,0.729734,-0.036141,0.346797,1134,2437,1507
IsPETaseWT_pool_4589,8.705142,54.750786,0.616447,-1.236903,-0.310228,1304,4586,3167
IsPETaseWT_pool_4590,11.087793,55.330727,1.577341,-0.308172,0.634585,368,3015,985
IsPETaseWT_pool_4591,10.799311,56.329754,1.461000,1.291694,1.376347,447,466,204
IsPETaseWT_pool_4592,12.460483,55.937618,2.130931,0.663719,1.397325,132,1138,195
IsPETaseWT_pool_4593,10.463008,56.003330,1.325373,0.768951,1.047162,533,1007,442
IsPETaseWT_pool_4594,7.994539,54.439423,0.329869,-1.735527,-0.702829,1759,4850,4108
IsPETaseWT_pool_4595,5.426100,55.383083,-0.705952,-0.224327,-0.465139,3699,2834,3560
IsPETaseWT_pool_4596,10.818089,55.100430,1.468573,-0.676975,0.395799,441,3780,1413
IsPETaseWT_pool_4597,6.338693,55.124874,-0.337914,-0.637829,-0.487871,2986,3690,3621
IsPETaseWT_pool_4598,6.766502,57.078373,-0.165384,2.490550,1.162583,2646,76,350
IsPETaseWT_pool_4599,8.524457,56.322384,0.543579,1.279891,0.911735,1407,477,594
IsPETaseWT_pool_4600,7.362345,55.365406,0.074913,-0.252635,-0.088861,2193,2893,2563
IsPETaseWT_pool_4601,7.498414,56.776398,0.129788,2.006960,1.068374,2103,157,415
IsPETaseWT_pool_4602,4.989153,55.170517,-0.882167,-0.564735,-0.723451,4028,3538,4162
IsPETaseWT_pool_4603,7.050270,56.085236,-0.050943,0.900117,0.424587,2413,841,1357
IsPETaseWT_pool_4604,2.695750,54.961357,-1.807069,-0.899689,-1.353379,4917,4154,4923
IsPETaseWT_pool_4605,6.781350,55.391102,-0.159396,-0.211486,-0.185441,2635,2801,2811
IsPETaseWT_pool_4606,9.062128,56.161896,0.760415,1.022882,0.891648,1101,686,620
IsPETaseWT_pool_4607,5.952029,55.841629,-0.493851,0.509999,0.008074,3284,1359,2303
IsPETaseWT_pool_4608,7.837163,55.233505,0.266401,-0.463865,-0.098732,1855,3336,2587
IsPETaseWT_pool_4609,4.555697,55.430714,-1.056975,-0.148050,-0.602513,4302,2687,3893
IsPETaseWT_pool_4610,3.445413,55.851902,-1.504739,0.526451,-0.489144,4755,1334,3624
IsPETaseWT_pool_4611,5.857191,54.548698,-0.532098,-1.560530,-1.046314,3370,4775,4715
IsPETaseWT_pool_4612,4.697472,55.266403,-0.999799,-0.411181,-0.705490,4215,3216,4116
IsPETaseWT_pool_4613,3.612206,55.181831,-1.437474,-0.546616,-0.992045,4714,3501,4656
IsPETaseWT_pool_4614,6.144250,55.134258,-0.416330,-0.622801,-0.519566,3124,3656,3693
IsPETaseWT_pool_4615,5.855075,57.622910,-0.532951,3.362584,1.414816,3371,19,187
IsPETaseWT_pool_4616,5.675250,55.278595,-0.605473,-0.391657,-0.498565,3515,3169,3645
IsPETaseWT_pool_4617,6.131773,56.860058,-0.421362,2.140935,0.859787,3141,118,648
IsPETaseWT_pool_4618,6.684701,54.613361,-0.198373,-1.456978,-0.827675,2709,4724,4384
IsPETaseWT_pool_4619,6.249385,56.634377,-0.373931,1.779524,0.702797,3056,226,876
IsPETaseWT_pool_4620,8.658765,54.816544,0.597743,-1.131597,-0.266927,1331,4493,3034
IsPETaseWT_pool_4621,8.243537,55.750488,0.430287,0.364044,0.397166,1588,1628,1409
IsPETaseWT_pool_4622,6.529612,56.283337,-0.260919,1.217360,0.478221,2825,529,1258
IsPETaseWT_pool_4623,8.734823,58.533604,0.628417,4.820991,2.724704,1285,8,7
IsPETaseWT_pool_4624,3.474572,55.367973,-1.492980,-0.248524,-0.870752,4751,2885,4470
IsPETaseWT_pool_4625,10.297517,55.901966,1.258633,0.606624,0.932629,582,1223,565
IsPETaseWT_pool_4626,6.217661,55.508102,-0.386725,-0.024118,-0.205421,3079,2409,2860
IsPETaseWT_pool_4627,7.712676,55.724972,0.216197,0.323182,0.269689,1962,1698,1674
IsPETaseWT_pool_4628,5.931538,54.662163,-0.502115,-1.378826,-0.940470,3311,4680,4575
IsPETaseWT_pool_4629,7.748013,55.907219,0.230448,0.615037,0.422742,1927,1210,1360
IsPETaseWT_pool_4630,10.399488,56.428570,1.299756,1.449940,1.374848,550,374,205
IsPETaseWT_pool_4631,5.092537,55.807934,-0.840474,0.456039,-0.192217,3948,1450,2826
IsPETaseWT_pool_4632,4.896465,57.852997,-0.919547,3.731051,1.405752,4079,13,191
IsPETaseWT_pool_4633,10.574712,55.585026,1.370422,0.099069,0.734745,503,2149,835
IsPETaseWT_pool_4634,4.239528,55.339890,-1.184482,-0.293498,-0.738990,4472,2982,4194
IsPETaseWT_pool_4635,10.335470,56.109173,1.273939,0.938450,1.106194,572,787,386
IsPETaseWT_pool_4636,13.601926,55.980064,2.591261,0.731693,1.661477,42,1044,91
IsPETaseWT_pool_4637,5.946981,55.766331,-0.495887,0.389415,-0.053236,3289,1575,2478
IsPETaseWT_pool_4638,5.972955,55.227016,-0.485412,-0.474256,-0.479834,3266,3359,3599
IsPETaseWT_pool_4639,7.707819,55.251968,0.214238,-0.434297,-0.110029,1966,3266,2619
IsPETaseWT_pool_4640,6.140110,55.164734,-0.418000,-0.573997,-0.495998,3127,3557,3637
IsPETaseWT_pool_4641,5.640758,54.898621,-0.619383,-1.000157,-0.809770,3536,4319,4349
IsPETaseWT_pool_4642,4.952875,55.054264,-0.896798,-0.750906,-0.823852,4047,3905,4375
IsPETaseWT_pool_4643,12.204044,55.969753,2.027512,0.715180,1.371346,166,1070,208
IsPETaseWT_pool_4644,7.064796,55.743469,-0.045085,0.352804,0.153859,2404,1652,1936
IsPETaseWT_pool_4645,11.026929,54.871193,1.552796,-1.044080,0.254358,386,4369,1714
IsPETaseWT_pool_4646,4.577652,55.855946,-1.048121,0.532926,-0.257597,4293,1326,3007
IsPETaseWT_pool_4647,1.326199,55.937916,-2.359393,0.664195,-0.847599,4992,1137,4428
IsPETaseWT_pool_4648,4.297968,55.098286,-1.160914,-0.680408,-0.920661,4443,3788,4544
IsPETaseWT_pool_4649,4.563234,55.594307,-1.053935,0.113932,-0.470002,4300,2116,3574
IsPETaseWT_pool_4650,6.742295,55.431561,-0.175146,-0.146694,-0.160920,2668,2683,2747
IsPETaseWT_pool_4651,4.819638,56.179993,-0.950531,1.051863,0.050666,4123,662,2216
IsPETaseWT_pool_4652,10.103055,54.697468,1.180208,-1.322288,-0.071040,639,4637,2516
IsPETaseWT_pool_4653,10.612785,55.757111,1.385776,0.374649,0.880213,491,1599,631
IsPETaseWT_pool_4654,9.118471,55.353943,0.783137,-0.270993,0.256072,1076,2944,1708
IsPETaseWT_pool_4655,8.039368,54.955620,0.347948,-0.908877,-0.280464,1727,4165,3076
IsPETaseWT_pool_4656,5.905000,55.518917,-0.512817,-0.006799,-0.259808,3340,2371,3016
IsPETaseWT_pool_4657,4.314447,54.569569,-1.154268,-1.527108,-1.340688,4430,4757,4917
IsPETaseWT_pool_4658,7.280990,56.369312,0.042103,1.355044,0.698574,2246,430,885
IsPETaseWT_pool_4659,4.122548,55.865925,-1.231659,0.548907,-0.341376,4533,1305,3245
IsPETaseWT_pool_4660,9.758462,56.140594,1.041238,0.988770,1.015004,772,726,481
IsPETaseWT_pool_4661,7.434456,55.200466,0.103994,-0.516774,-0.206390,2152,3438,2865
IsPETaseWT_pool_4662,8.139494,55.896881,0.388328,0.598481,0.493404,1658,1230,1229
IsPETaseWT_pool_4663,5.907517,54.926277,-0.511802,-0.955867,-0.733834,3337,4252,4180
IsPETaseWT_pool_4664,11.364713,54.487698,1.689020,-1.658219,0.015401,299,4820,2285
IsPETaseWT_pool_4665,7.499217,54.711823,0.130112,-1.299300,-0.584594,2102,4620,3849
IsPETaseWT_pool_4666,5.771074,56.641949,-0.566828,1.791650,0.612411,3435,217,1016
IsPETaseWT_pool_4667,8.685185,56.268768,0.608398,1.194030,0.901214,1315,551,609
IsPETaseWT_pool_4668,6.374104,55.828323,-0.323633,0.488691,0.082529,2952,1389,2126
IsPETaseWT_pool_4669,8.857146,55.327511,0.677748,-0.313322,0.182213,1196,3028,1874
IsPETaseWT_pool_4670,6.786016,55.124641,-0.157514,-0.638202,-0.397858,2629,3691,3381
IsPETaseWT_pool_4671,7.565052,56.010330,0.156662,0.780161,0.468412,2056,997,1276
IsPETaseWT_pool_4672,6.087259,56.242107,-0.439314,1.151335,0.356010,3178,582,1494
IsPETaseWT_pool_4673,5.114765,55.046520,-0.831509,-0.763307,-0.797408,3927,3924,4328
IsPETaseWT_pool_4674,6.458514,55.489117,-0.289592,-0.054522,-0.172057,2890,2475,2771
IsPETaseWT_pool_4675,10.822264,54.552677,1.470257,-1.554159,-0.041951,439,4772,2442
IsPETaseWT_pool_4676,5.791205,54.843735,-0.558709,-1.088052,-0.823381,3418,4425,4373
IsPETaseWT_pool_4677,8.816570,55.300446,0.661384,-0.356665,0.152360,1224,3116,1939
IsPETaseWT_pool_4678,6.240186,55.972584,-0.377641,0.719713,0.171036,3064,1062,1895
IsPETaseWT_pool_4679,7.753611,55.466179,0.232706,-0.091255,0.070725,1923,2569,2159
IsPETaseWT_pool_4680,14.266811,55.062996,2.859402,-0.736922,1.061240,19,3874,428
IsPETaseWT_pool_4681,6.289270,56.823296,-0.357846,2.082063,0.862109,3025,136,645
IsPETaseWT_pool_4682,10.985551,54.462872,1.536109,-1.697976,-0.080934,394,4837,2543
IsPETaseWT_pool_4683,10.392604,55.388531,1.296980,-0.215603,0.540688,554,2813,1153
IsPETaseWT_pool_4684,3.812262,55.931625,-1.356793,0.654122,-0.351336,4656,1155,3270
IsPETaseWT_pool_4685,5.025115,55.107330,-0.867664,-0.665924,-0.766794,4003,3757,4252
IsPETaseWT_pool_4686,6.676759,56.084496,-0.201576,0.898932,0.348678,2714,843,1505
IsPETaseWT_pool_4687,4.329863,55.942799,-1.148051,0.672015,-0.238018,4422,1126,2948
IsPETaseWT_pool_4688,10.162467,55.499821,1.204169,-0.037381,0.583394,619,2444,1071
IsPETaseWT_pool_4689,6.636336,55.976883,-0.217878,0.726598,0.254360,2749,1050,1713
IsPETaseWT_pool_4690,9.177885,55.774601,0.807098,0.402659,0.604879,1036,1549,1033
IsPETaseWT_pool_4691,7.268455,55.327393,0.037048,-0.313511,-0.138232,2259,3029,2696
IsPETaseWT_pool_4692,10.111413,55.186295,1.183579,-0.539469,0.322055,634,3485,1568
IsPETaseWT_pool_4693,6.159002,54.938152,-0.410381,-0.936850,-0.673615,3118,4220,4051
IsPETaseWT_pool_4694,5.671165,55.250813,-0.607120,-0.436148,-0.521634,3518,3268,3697
IsPETaseWT_pool_4695,9.135790,55.077930,0.790122,-0.713006,0.038558,1060,3848,2244
IsPETaseWT_pool_4696,5.532949,55.451038,-0.662861,-0.115502,-0.389181,3620,2617,3358
IsPETaseWT_pool_4697,5.279313,54.693363,-0.765149,-1.328861,-1.047005,3794,4642,4716
IsPETaseWT_pool_4698,9.824326,55.026249,1.067800,-0.795770,0.136015,747,3987,1990
IsPETaseWT_pool_4699,5.927113,55.329456,-0.503899,-0.310206,-0.407053,3316,3020,3405
IsPETaseWT_pool_4700,5.844005,55.454895,-0.537416,-0.109326,-0.323371,3381,2605,3202
IsPETaseWT_pool_4701,5.027690,55.336956,-0.866626,-0.298196,-0.582411,4000,2996,3836
IsPETaseWT_pool_4702,3.032771,55.990612,-1.671153,0.748584,-0.461284,4857,1028,3551
IsPETaseWT_pool_4703,9.828499,55.131386,1.069483,-0.627401,0.221041,745,3669,1785
IsPETaseWT_pool_4704,6.056668,56.271362,-0.451651,1.198184,0.373267,3197,548,1457
IsPETaseWT_pool_4705,4.961408,56.368134,-0.893357,1.353156,0.229900,4041,432,1762
IsPETaseWT_pool_4706,7.937499,54.755344,0.306865,-1.229603,-0.461369,1794,4579,3552
IsPETaseWT_pool_4707,6.456145,55.913048,-0.290547,0.624371,0.166912,2892,1198,1910
IsPETaseWT_pool_4708,9.083342,54.850498,0.768970,-1.077221,-0.154125,1090,4411,2723
IsPETaseWT_pool_4709,6.745926,54.996807,-0.173682,-0.842919,-0.508300,2663,4061,3668
IsPETaseWT_pool_4710,12.475401,55.929630,2.136947,0.650927,1.393937,131,1160,197
IsPETaseWT_pool_4711,10.149404,55.413071,1.198900,-0.176304,0.511298,625,2735,1196
IsPETaseWT_pool_4712,11.117108,56.430325,1.589164,1.452750,1.520957,363,370,135
IsPETaseWT_pool_4713,12.277189,55.910179,2.057011,0.619777,1.338394,160,1201,231
IsPETaseWT_pool_4714,6.367286,55.313213,-0.326383,-0.336218,-0.331300,2955,3067,3221
IsPETaseWT_pool_4715,8.360332,56.351795,0.477389,1.326991,0.902190,1516,443,607
IsPETaseWT_pool_4716,5.608357,56.160385,-0.632450,1.020463,0.194007,3553,688,1842
IsPETaseWT_pool_4717,8.011282,57.119865,0.336621,2.556997,1.446809,1741,62,170
IsPETaseWT_pool_4718,8.105906,55.052704,0.374782,-0.753404,-0.189311,1679,3910,2820
IsPETaseWT_pool_4719,4.005623,56.255482,-1.278813,1.172753,-0.053030,4575,564,2477
IsPETaseWT_pool_4720,8.193943,55.424751,0.410286,-0.157599,0.126344,1624,2703,2018
IsPETaseWT_pool_4721,5.439676,56.020432,-0.700477,0.796338,0.047931,3686,966,2221
IsPETaseWT_pool_4722,5.989844,54.923790,-0.478601,-0.959850,-0.719225,3248,4259,4150
IsPETaseWT_pool_4723,11.127662,55.976669,1.593420,0.726256,1.159838,358,1051,351
IsPETaseWT_pool_4724,6.503694,56.432110,-0.271371,1.455609,0.592119,2844,367,1056
IsPETaseWT_pool_4725,7.360405,54.863152,0.074130,-1.056958,-0.491414,2195,4385,3627
IsPETaseWT_pool_4726,4.449260,54.681068,-1.099900,-1.348550,-1.224225,4366,4657,4858
IsPETaseWT_pool_4727,9.323876,55.838989,0.865975,0.505772,0.685873,959,1363,906
IsPETaseWT_pool_4728,7.437255,54.962414,0.105123,-0.897997,-0.396437,2146,4151,3376
IsPETaseWT_pool_4729,4.991494,56.149036,-0.881223,1.002289,0.060533,4026,705,2192
IsPETaseWT_pool_4730,8.196315,55.467709,0.411243,-0.088806,0.161219,1622,2557,1923
IsPETaseWT_pool_4731,9.532068,55.397877,0.949936,-0.200636,0.374650,881,2789,1455
IsPETaseWT_pool_4732,6.225463,55.467896,-0.383578,-0.088506,-0.236042,3076,2555,2944
IsPETaseWT_pool_4733,7.997406,55.674004,0.331025,0.241560,0.286293,1751,1854,1642
IsPETaseWT_pool_4734,9.473736,55.419186,0.926412,-0.166512,0.379950,898,2721,1442
IsPETaseWT_pool_4735,7.436687,55.135948,0.104894,-0.620095,-0.257600,2147,3652,3008
IsPETaseWT_pool_4736,9.111120,56.102745,0.780173,0.928157,0.854165,1079,803,658
IsPETaseWT_pool_4737,3.402354,55.755295,-1.522104,0.371742,-0.575181,4770,1607,3820
IsPETaseWT_pool_4738,5.876615,55.700291,-0.524264,0.283657,-0.120304,3357,1765,2642
IsPETaseWT_pool_4739,9.868552,56.458790,1.085636,1.498335,1.291986,733,348,251
IsPETaseWT_pool_4740,5.809106,54.647949,-0.551490,-1.401588,-0.976539,3406,4693,4629
IsPETaseWT_pool_4741,3.859165,55.800850,-1.337878,0.444695,-0.446592,4640,1473,3511
IsPETaseWT_pool_4742,9.579275,55.571133,0.968974,0.076820,0.522897,861,2199,1177
IsPETaseWT_pool_4743,3.657569,55.412758,-1.419179,-0.176805,-0.797992,4698,2736,4330
IsPETaseWT_pool_4744,9.926174,55.472485,1.108874,-0.081157,0.513859,709,2539,1193
IsPETaseWT_pool_4745,5.548301,55.498695,-0.656670,-0.039183,-0.347926,3603,2452,3257
IsPETaseWT_pool_4746,9.874747,56.223415,1.088134,1.121401,1.104768,732,604,387
IsPETaseWT_pool_4747,8.082592,56.830154,0.365380,2.093047,1.229214,1692,132,295
IsPETaseWT_pool_4748,4.179525,55.378056,-1.208681,-0.232378,-0.720529,4502,2852,4153
IsPETaseWT_pool_4749,8.157297,55.470390,0.395507,-0.084511,0.155498,1647,2545,1932
IsPETaseWT_pool_4750,8.983772,54.264591,0.728815,-2.015507,-0.643346,1135,4928,3989
IsPETaseWT_pool_4751,8.641346,57.033417,0.590719,2.418556,1.504638,1346,85,143
IsPETaseWT_pool_4752,5.025838,54.849648,-0.867373,-1.078583,-0.972978,4002,4414,4627
IsPETaseWT_pool_4753,9.172082,56.602409,0.804758,1.728331,1.266545,1041,243,270
IsPETaseWT_pool_4754,3.416787,55.480656,-1.516284,-0.068072,-0.792178,4761,2512,4314
IsPETaseWT_pool_4755,5.454898,54.490406,-0.694338,-1.653881,-1.174110,3677,4819,4831
IsPETaseWT_pool_4756,6.042996,54.943890,-0.457165,-0.927662,-0.692413,3209,4194,4090
IsPETaseWT_pool_4757,6.715201,55.630394,-0.186073,0.171722,-0.007175,2688,1988,2351
IsPETaseWT_pool_4758,8.405288,55.175343,0.495519,-0.557008,-0.030744,1491,3525,2409
IsPETaseWT_pool_4759,5.981618,54.933048,-0.481918,-0.945023,-0.713471,3256,4236,4135
IsPETaseWT_pool_4760,3.581689,55.301212,-1.449781,-0.355437,-0.902609,4719,3111,4515
IsPETaseWT_pool_4761,8.582941,54.566738,0.567165,-1.531641,-0.482238,1371,4760,3609
IsPETaseWT_pool_4762,7.787414,56.610298,0.246338,1.740964,0.993651,1898,241,505
IsPETaseWT_pool_4763,8.050701,55.274136,0.352519,-0.398798,-0.023140,1716,3183,2393
IsPETaseWT_pool_4764,10.763433,56.808025,1.446531,2.057609,1.752070,455,144,67
IsPETaseWT_pool_4765,7.157524,54.890259,-0.007689,-1.013548,-0.510618,2342,4330,3676
IsPETaseWT_pool_4766,5.384993,55.973152,-0.722530,0.720624,-0.000953,3725,1059,2330
IsPETaseWT_pool_4767,4.838594,54.816803,-0.942886,-1.131181,-1.037034,4112,4492,4707
IsPETaseWT_pool_4768,7.511159,54.922421,0.134928,-0.962043,-0.413558,2094,4267,3424
IsPETaseWT_pool_4769,7.968844,56.234295,0.319507,1.138824,0.729165,1777,588,842
IsPETaseWT_pool_4770,6.329648,54.590454,-0.341562,-1.493662,-0.917612,2993,4744,4539
IsPETaseWT_pool_4771,5.217210,55.954376,-0.790195,0.690555,-0.049820,3842,1100,2461
IsPETaseWT_pool_4772,5.289856,55.123924,-0.760897,-0.639350,-0.700124,3783,3693,4103
IsPETaseWT_pool_4773,7.437915,55.689499,0.105389,0.266374,0.185882,2145,1809,1868
IsPETaseWT_pool_4774,12.615518,56.188335,2.193455,1.065223,1.629339,113,656,104
IsPETaseWT_pool_4775,2.870916,55.404800,-1.736427,-0.189548,-0.962988,4883,2766,4612
IsPETaseWT_pool_4776,4.492639,55.310112,-1.082405,-0.341185,-0.711795,4341,3080,4131
IsPETaseWT_pool_4777,8.071203,55.425705,0.360787,-0.156071,0.102358,1701,2701,2076
IsPETaseWT_pool_4778,5.470118,56.786499,-0.688200,2.023136,0.667468,3664,152,934
IsPETaseWT_pool_4779,7.792274,56.206333,0.248298,1.094045,0.671172,1891,634,929
IsPETaseWT_pool_4780,13.873753,55.507294,2.700886,-0.025413,1.337736,28,2414,232
IsPETaseWT_pool_4781,14.936818,55.692135,3.129607,0.270596,1.700102,10,1798,81
IsPETaseWT_pool_4782,6.781580,54.476704,-0.159303,-1.675825,-0.917564,2634,4828,4538
IsPETaseWT_pool_4783,5.430462,55.305733,-0.704193,-0.348198,-0.526195,3695,3097,3706
IsPETaseWT_pool_4784,3.447550,55.408375,-1.503877,-0.183824,-0.843851,4754,2749,4418
IsPETaseWT_pool_4785,12.520038,57.507618,2.154949,3.177953,2.666451,128,24,10
IsPETaseWT_pool_4786,6.530978,56.052879,-0.260368,0.848301,0.293966,2824,907,1623
IsPETaseWT_pool_4787,7.927145,55.272594,0.302690,-0.401266,-0.049288,1797,3189,2459
IsPETaseWT_pool_4788,5.996355,55.212910,-0.475975,-0.496847,-0.486411,3246,3403,3617
IsPETaseWT_pool_4789,11.036486,55.398178,1.556650,-0.200154,0.678248,383,2787,922
IsPETaseWT_pool_4790,9.213941,56.057968,0.821639,0.856450,0.839045,1019,894,681
IsPETaseWT_pool_4791,4.333821,55.176014,-1.146455,-0.555932,-0.851194,4417,3520,4438
IsPETaseWT_pool_4792,9.955339,56.116280,1.120636,0.949831,1.035234,700,776,460
IsPETaseWT_pool_4793,9.788024,54.881039,1.053160,-1.028313,0.012424,762,4345,2293
IsPETaseWT_pool_4794,7.753892,55.680584,0.232819,0.252098,0.242458,1922,1833,1734
IsPETaseWT_pool_4795,6.384413,56.597412,-0.319476,1.720328,0.700426,2947,247,881
IsPETaseWT_pool_4796,6.393867,56.139839,-0.315663,0.987560,0.335949,2937,731,1536
IsPETaseWT_pool_4797,4.519100,56.014107,-1.071734,0.786209,-0.142762,4324,984,2708
IsPETaseWT_pool_4798,11.943258,56.339043,1.922340,1.306569,1.614455,204,456,107
IsPETaseWT_pool_4799,7.263230,56.554142,0.034941,1.651034,0.842988,2262,281,677
IsPETaseWT_pool_4800,4.333113,55.017750,-1.146740,-0.809380,-0.978060,4418,4015,4631
IsPETaseWT_pool_4801,6.548429,56.021038,-0.253330,0.797309,0.271990,2813,965,1667
IsPETaseWT_pool_4802,7.917048,55.396759,0.298618,-0.202426,0.048096,1804,2791,2220
IsPETaseWT_pool_4803,4.829360,55.479599,-0.946610,-0.069764,-0.508187,4117,2517,3667
IsPETaseWT_pool_4804,4.362304,55.187138,-1.134968,-0.538119,-0.836543,4404,3484,4407
IsPETaseWT_pool_4805,12.820322,55.641705,2.276050,0.189836,1.232943,90,1954,292
IsPETaseWT_pool_4806,5.917863,55.950489,-0.507630,0.684330,0.088350,3328,1116,2114
IsPETaseWT_pool_4807,6.481377,55.301102,-0.280371,-0.355614,-0.317993,2873,3114,3184
IsPETaseWT_pool_4808,14.951944,55.927505,3.135707,0.647524,1.891616,9,1165,49
IsPETaseWT_pool_4809,6.651550,55.137604,-0.211742,-0.617443,-0.414593,2734,3648,3426
IsPETaseWT_pool_4810,4.511526,54.986530,-1.074789,-0.859376,-0.967082,4331,4097,4620
IsPETaseWT_pool_4811,8.352665,55.940884,0.474297,0.668948,0.571622,1523,1131,1097
IsPETaseWT_pool_4812,8.406490,55.689281,0.496004,0.266026,0.381015,1490,1810,1438
IsPETaseWT_pool_4813,4.702675,55.710884,-0.997700,0.300621,-0.348540,4213,1737,3258
IsPETaseWT_pool_4814,6.906350,54.697521,-0.108985,-1.322202,-0.715593,2537,4636,4144
IsPETaseWT_pool_4815,5.603689,55.500027,-0.634332,-0.037051,-0.335692,3556,2443,3232
IsPETaseWT_pool_4816,10.272086,56.332317,1.248377,1.295799,1.272088,585,463,267
IsPETaseWT_pool_4817,6.955823,56.043354,-0.089033,0.833046,0.372007,2492,929,1462
IsPETaseWT_pool_4818,4.230107,56.106441,-1.188281,0.934076,-0.127103,4478,793,2662
IsPETaseWT_pool_4819,8.888991,56.049397,0.690591,0.842723,0.766657,1178,918,783
IsPETaseWT_pool_4820,5.726898,55.714298,-0.584644,0.306089,-0.139277,3472,1728,2698
IsPETaseWT_pool_4821,10.200809,56.136147,1.219631,0.981647,1.100639,605,739,394
IsPETaseWT_pool_4822,4.764723,54.442547,-0.972677,-1.730524,-1.351601,4168,4849,4921
IsPETaseWT_pool_4823,5.723761,55.761524,-0.585909,0.381718,-0.102096,3475,1593,2599
IsPETaseWT_pool_4824,4.194107,55.767059,-1.202800,0.390582,-0.406109,4494,1569,3402
IsPETaseWT_pool_4825,11.290190,55.725281,1.658966,0.323676,0.991321,318,1697,511
IsPETaseWT_pool_4826,5.590653,56.141056,-0.639590,0.989509,0.174960,3573,725,1887
IsPETaseWT_pool_4827,9.486415,54.483902,0.931525,-1.664297,-0.366386,894,4823,3313
IsPETaseWT_pool_4828,2.391485,55.482735,-1.929776,-0.064743,-0.997259,4950,2503,4663
IsPETaseWT_pool_4829,12.810049,55.197781,2.271907,-0.521075,0.875416,92,3446,636
IsPETaseWT_pool_4830,11.023440,56.222927,1.551389,1.120619,1.336004,387,605,234
IsPETaseWT_pool_4831,9.815469,55.955917,1.064228,0.693023,0.878626,751,1092,634
IsPETaseWT_pool_4832,6.232519,55.507923,-0.380733,-0.024405,-0.202569,3069,2411,2850
IsPETaseWT_pool_4833,4.570183,54.630508,-1.051133,-1.429518,-1.240325,4296,4709,4868
IsPETaseWT_pool_4834,3.176963,55.231945,-1.613002,-0.466363,-1.039683,4831,3341,4710
IsPETaseWT_pool_4835,14.214104,55.703865,2.838145,0.289381,1.563763,23,1761,125
IsPETaseWT_pool_4836,10.167168,56.147125,1.206064,0.999228,1.102646,617,710,392
IsPETaseWT_pool_4837,6.367590,54.620033,-0.326260,-1.446293,-0.886277,2954,4716,4489
IsPETaseWT_pool_4838,8.486273,55.405514,0.528179,-0.188406,0.169887,1438,2762,1897
IsPETaseWT_pool_4839,3.406385,56.142788,-1.520479,0.992282,-0.264098,4766,718,3025
IsPETaseWT_pool_4840,10.826328,55.701946,1.471896,0.286308,0.879102,438,1763,632
IsPETaseWT_pool_4841,6.108047,55.415352,-0.430931,-0.172651,-0.301791,3163,2728,3142
IsPETaseWT_pool_4842,10.594807,55.185513,1.378526,-0.540721,0.418902,499,3490,1372
IsPETaseWT_pool_4843,5.819264,55.069099,-0.547393,-0.727148,-0.637271,3399,3859,3972
IsPETaseWT_pool_4844,4.722595,54.909870,-0.989667,-0.982141,-0.985904,4198,4295,4644
IsPETaseWT_pool_4845,4.837253,55.197071,-0.943427,-0.522211,-0.732819,4114,3449,4179
IsPETaseWT_pool_4846,4.769167,55.072292,-0.970885,-0.722035,-0.846460,4165,3855,4424
IsPETaseWT_pool_4847,5.709658,54.721027,-0.591596,-1.284559,-0.938077,3489,4609,4572
IsPETaseWT_pool_4848,5.912694,54.877350,-0.509714,-1.034220,-0.771967,3333,4355,4268
IsPETaseWT_pool_4849,8.605269,55.345852,0.576169,-0.283950,0.146110,1363,2969,1960
IsPETaseWT_pool_4850,7.071058,54.209087,-0.042560,-2.104392,-1.073476,2396,4946,4742
IsPETaseWT_pool_4851,11.285361,56.314823,1.657018,1.267784,1.462401,322,486,165
IsPETaseWT_pool_4852,11.563760,54.879459,1.769293,-1.030842,0.369226,260,4349,1470
IsPETaseWT_pool_4853,4.591654,55.694565,-1.042474,0.274487,-0.383993,4282,1788,3348
IsPETaseWT_pool_4854,8.373214,54.596462,0.482584,-1.484040,-0.500728,1510,4739,3652
IsPETaseWT_pool_4855,10.598734,56.065651,1.380110,0.868753,1.124432,498,879,372
IsPETaseWT_pool_4856,3.245178,55.622559,-1.585492,0.159175,-0.713158,4820,2014,4134
IsPETaseWT_pool_4857,4.337823,55.163498,-1.144841,-0.575976,-0.860408,4415,3560,4453
IsPETaseWT_pool_4858,8.445183,55.536198,0.511608,0.020874,0.266241,1469,2306,1681
IsPETaseWT_pool_4859,4.883341,55.358253,-0.924840,-0.264090,-0.594465,4091,2922,3876
IsPETaseWT_pool_4860,12.050603,56.135700,1.965631,0.980932,1.473282,186,740,156
IsPETaseWT_pool_4861,7.305649,56.760208,0.052048,1.981034,1.016541,2231,166,478
IsPETaseWT_pool_4862,11.365494,55.274094,1.689335,-0.398865,0.645235,298,3184,965
IsPETaseWT_pool_4863,6.310387,57.119053,-0.349329,2.555696,1.103183,3009,63,389
IsPETaseWT_pool_4864,13.802037,55.558281,2.671964,0.056239,1.364101,32,2237,214
IsPETaseWT_pool_4865,9.079153,56.204762,0.767281,1.091528,0.929405,1092,639,571
IsPETaseWT_pool_4866,4.993431,54.678856,-0.880442,-1.352093,-1.116268,4024,4660,4779
IsPETaseWT_pool_4867,3.415492,54.922974,-1.516806,-0.961157,-1.238982,4762,4266,4866
IsPETaseWT_pool_4868,7.446267,55.609501,0.108757,0.138264,0.123511,2139,2056,2026
IsPETaseWT_pool_4869,10.138720,56.129406,1.194592,0.970852,1.082722,630,750,407
IsPETaseWT_pool_4870,8.655706,55.236786,0.596510,-0.458611,0.068949,1335,3323,2165
IsPETaseWT_pool_4871,9.086001,55.003735,0.770043,-0.831825,-0.030891,1086,4048,2410
IsPETaseWT_pool_4872,8.814133,56.387707,0.660402,1.384501,1.022451,1227,415,471
IsPETaseWT_pool_4873,8.393780,55.818928,0.490878,0.473645,0.482262,1499,1425,1251
IsPETaseWT_pool_4874,3.619860,55.182140,-1.434387,-0.546121,-0.990254,4708,3500,4653
IsPETaseWT_pool_4875,4.915265,55.616993,-0.911965,0.150262,-0.380852,4070,2034,3343
IsPETaseWT_pool_4876,10.528957,54.633606,1.351970,-1.424557,-0.036294,514,4705,2422
IsPETaseWT_pool_4877,9.414675,56.105225,0.902593,0.932127,0.917360,925,799,586
IsPETaseWT_pool_4878,7.187665,55.485256,0.004466,-0.060705,-0.028119,2322,2492,2403
IsPETaseWT_pool_4879,5.182242,54.978012,-0.804297,-0.873017,-0.838657,3877,4117,4410
IsPETaseWT_pool_4880,5.670765,55.660896,-0.607281,0.220570,-0.193356,3519,1893,2832
IsPETaseWT_pool_4881,8.532480,55.706493,0.546814,0.293590,0.420202,1403,1749,1368
IsPETaseWT_pool_4882,7.143974,55.062199,-0.013154,-0.738199,-0.375676,2352,3876,3329
IsPETaseWT_pool_4883,6.894430,56.047260,-0.113792,0.839302,0.362755,2546,922,1483
IsPETaseWT_pool_4884,10.674783,54.881927,1.410779,-1.026889,0.191945,472,4343,1849
IsPETaseWT_pool_4885,8.878811,55.782551,0.686485,0.415390,0.550938,1188,1528,1132
IsPETaseWT_pool_4886,4.696056,55.026226,-1.000370,-0.795806,-0.898088,4216,3988,4508
IsPETaseWT_pool_4887,7.132460,55.857319,-0.017797,0.535125,0.258664,2358,1321,1700
IsPETaseWT_pool_4888,7.946714,55.187294,0.310582,-0.537868,-0.113643,1792,3482,2629
IsPETaseWT_pool_4889,5.536679,55.109818,-0.661357,-0.661941,-0.661649,3615,3753,4026
IsPETaseWT_pool_4890,8.675156,55.689728,0.604354,0.266741,0.435547,1320,1806,1339
IsPETaseWT_pool_4891,5.914949,55.245911,-0.508805,-0.443998,-0.476402,3329,3288,3593
IsPETaseWT_pool_4892,6.595373,55.896660,-0.234398,0.598127,0.181865,2785,1232,1875
IsPETaseWT_pool_4893,10.306581,55.160229,1.262288,-0.581211,0.340538,578,3570,1522
IsPETaseWT_pool_4894,4.840495,55.344944,-0.942119,-0.285404,-0.613762,4110,2972,3923
IsPETaseWT_pool_4895,4.660367,54.483559,-1.014763,-1.664847,-1.339805,4235,4824,4915
IsPETaseWT_pool_4896,11.040770,55.934532,1.558378,0.658777,1.108577,380,1148,385
IsPETaseWT_pool_4897,10.448077,55.821339,1.319352,0.477506,0.898429,539,1414,611
IsPETaseWT_pool_4898,2.691637,55.369457,-1.808728,-0.246148,-1.027438,4919,2876,4694
IsPETaseWT_pool_4899,9.080342,55.182743,0.767760,-0.545156,0.111302,1091,3498,2063
IsPETaseWT_pool_4900,6.435042,55.756828,-0.299058,0.374197,0.037570,2915,1600,2247
IsPETaseWT_pool_4901,5.190479,54.836372,-0.800975,-1.099843,-0.950409,3870,4447,4588
IsPETaseWT_pool_4902,4.551347,55.025692,-1.058729,-0.796662,-0.927695,4304,3990,4550
IsPETaseWT_pool_4903,4.892751,54.895844,-0.921045,-1.004604,-0.962825,4082,4321,4610
IsPETaseWT_pool_4904,9.095576,55.527603,0.773904,0.007111,0.390507,1082,2334,1427
IsPETaseWT_pool_4905,5.984575,56.121670,-0.480725,0.958463,0.238869,3254,767,1742
IsPETaseWT_pool_4906,5.030660,54.508213,-0.865428,-1.625365,-1.245396,3997,4808,4871
IsPETaseWT_pool_4907,10.469314,56.060162,1.327916,0.859963,1.093939,531,888,398
IsPETaseWT_pool_4908,7.996398,55.853672,0.330619,0.529285,0.429952,1756,1330,1346
IsPETaseWT_pool_4909,8.665072,54.850281,0.600287,-1.077569,-0.238641,1328,4412,2951
IsPETaseWT_pool_4910,11.565329,55.846611,1.769926,0.517978,1.143952,259,1348,359
IsPETaseWT_pool_4911,5.960876,56.882477,-0.490283,2.176838,0.843277,3276,111,675
IsPETaseWT_pool_4912,8.112122,55.723938,0.377289,0.321526,0.349407,1673,1702,1503
IsPETaseWT_pool_4913,7.953691,55.485855,0.313396,-0.059745,0.126825,1787,2489,2016
IsPETaseWT_pool_4914,7.107528,55.184303,-0.027852,-0.542658,-0.285255,2374,3492,3095
IsPETaseWT_pool_4915,5.536226,55.802399,-0.661539,0.447175,-0.107182,3616,1464,2614
IsPETaseWT_pool_4916,11.362280,55.338787,1.688039,-0.295264,0.696388,301,2987,888
IsPETaseWT_pool_4917,6.304405,54.406658,-0.351742,-1.787997,-1.069869,3013,4868,4735
IsPETaseWT_pool_4918,10.496579,55.429459,1.338912,-0.150060,0.594426,525,2696,1051
IsPETaseWT_pool_4919,6.464610,54.716984,-0.287133,-1.291034,-0.789084,2887,4615,4303
IsPETaseWT_pool_4920,10.592293,55.026825,1.377512,-0.794847,0.291332,501,3984,1630
IsPETaseWT_pool_4921,9.945785,55.989574,1.116783,0.746923,0.931853,705,1032,567
IsPETaseWT_pool_4922,7.548554,54.910866,0.150009,-0.980547,-0.415269,2070,4293,3428
IsPETaseWT_pool_4923,8.762732,55.312656,0.639672,-0.337110,0.151281,1267,3071,1942
IsPETaseWT_pool_4924,7.340897,55.526646,0.066263,0.005577,0.035920,2206,2337,2250
IsPETaseWT_pool_4925,5.375756,55.580521,-0.726255,0.091854,-0.317200,3733,2169,3182
IsPETaseWT_pool_4926,6.043626,55.386395,-0.456911,-0.219024,-0.337967,3208,2821,3235
IsPETaseWT_pool_4927,9.635063,54.884438,0.991473,-1.022870,-0.015699,826,4341,2376
IsPETaseWT_pool_4928,6.135662,55.404602,-0.419794,-0.189866,-0.304830,3139,2767,3150
IsPETaseWT_pool_4929,6.195085,55.544296,-0.395829,0.033844,-0.180993,3094,2278,2800
IsPETaseWT_pool_4930,6.938161,55.281876,-0.096156,-0.386403,-0.241279,2506,3161,2957
IsPETaseWT_pool_4931,9.664596,55.131615,1.003383,-0.627034,0.188174,813,3667,1863
IsPETaseWT_pool_4932,6.833666,56.266121,-0.138297,1.189791,0.525747,2597,556,1175
IsPETaseWT_pool_4933,6.957956,54.907581,-0.088173,-0.985807,-0.536990,2491,4301,3741
IsPETaseWT_pool_4934,5.922810,55.650288,-0.505635,0.203581,-0.151027,3324,1933,2720
IsPETaseWT_pool_4935,6.943725,54.942204,-0.093912,-0.930362,-0.512137,2500,4205,3680
IsPETaseWT_pool_4936,6.940721,55.766304,-0.095123,0.389372,0.147124,2505,1576,1954
IsPETaseWT_pool_4937,9.050156,55.824036,0.755587,0.481825,0.618706,1106,1406,1012
IsPETaseWT_pool_4938,5.101223,54.877071,-0.836971,-1.034666,-0.935818,3940,4356,4565
IsPETaseWT_pool_4939,5.962954,55.667709,-0.489445,0.231480,-0.128982,3273,1868,2671
IsPETaseWT_pool_4940,4.742997,56.425171,-0.981439,1.444497,0.231529,4185,377,1760
IsPETaseWT_pool_4941,7.111585,55.642269,-0.026216,0.190740,0.082262,2373,1953,2127
IsPETaseWT_pool_4942,5.145292,54.464802,-0.819198,-1.694884,-1.257041,3904,4835,4878
IsPETaseWT_pool_4943,7.552851,54.305313,0.151742,-1.950293,-0.899276,2067,4913,4511
IsPETaseWT_pool_4944,5.731050,54.296524,-0.582969,-1.964368,-1.273669,3469,4919,4886
IsPETaseWT_pool_4945,5.165901,55.939308,-0.810887,0.666425,-0.072231,3888,1133,2520
IsPETaseWT_pool_4946,11.800052,55.389931,1.864587,-0.213361,0.825613,223,2809,700
IsPETaseWT_pool_4947,1.770750,55.439423,-2.180111,-0.134104,-1.157107,4985,2652,4819
IsPETaseWT_pool_4948,8.855895,54.108799,0.677244,-2.264996,-0.793876,1197,4973,4316
IsPETaseWT_pool_4949,3.390753,55.503086,-1.526783,-0.032151,-0.779467,4772,2429,4282
IsPETaseWT_pool_4950,7.472736,55.414085,0.119432,-0.174679,-0.027624,2118,2732,2401
IsPETaseWT_pool_4951,14.440437,55.509487,2.929423,-0.021901,1.453761,15,2402,166
IsPETaseWT_pool_4952,5.877486,54.829502,-0.523913,-1.110845,-0.817379,3355,4463,4360
IsPETaseWT_pool_4953,6.012782,54.838963,-0.469350,-1.095695,-0.782522,3233,4442,4287
IsPETaseWT_pool_4954,4.803342,55.310062,-0.957103,-0.341264,-0.649183,4141,3081,4001
IsPETaseWT_pool_4955,9.162793,55.974689,0.801012,0.723085,0.762049,1046,1055,789
IsPETaseWT_pool_4956,13.416103,54.949558,2.516321,-0.918584,0.798869,50,4178,739
IsPETaseWT_pool_4957,8.993327,55.646053,0.732668,0.196800,0.464734,1129,1940,1286
IsPETaseWT_pool_4958,4.814155,55.481350,-0.952742,-0.066960,-0.509851,4126,2508,3672
IsPETaseWT_pool_4959,6.863433,55.354534,-0.126293,-0.270046,-0.198169,2572,2939,2842
IsPETaseWT_pool_4960,12.586169,56.942894,2.181619,2.273591,2.227605,118,97,19
IsPETaseWT_pool_4961,7.260073,55.046001,0.033668,-0.764138,-0.365235,2264,3926,3311
IsPETaseWT_pool_4962,10.063771,56.610680,1.164366,1.741575,1.452970,656,240,167
IsPETaseWT_pool_4963,14.341371,55.292171,2.889471,-0.369915,1.259778,17,3133,278
IsPETaseWT_pool_4964,6.893388,55.787586,-0.114212,0.423454,0.154621,2547,1509,1934
IsPETaseWT_pool_4965,9.804595,54.872124,1.059843,-1.042589,0.008627,755,4366,2301
IsPETaseWT_pool_4966,9.378396,55.011715,0.887962,-0.819045,0.034459,936,4026,2253
IsPETaseWT_pool_4967,9.960672,55.900658,1.122787,0.604529,0.863658,698,1224,643
IsPETaseWT_pool_4968,9.044785,56.619781,0.753421,1.756151,1.254786,1110,236,279
IsPETaseWT_pool_4969,8.853899,54.166988,0.676439,-2.171810,-0.747686,1201,4960,4214
IsPETaseWT_pool_4970,7.093910,54.502525,-0.033344,-1.634473,-0.833908,2381,4812,4400
IsPETaseWT_pool_4971,5.589988,55.826763,-0.639858,0.486193,-0.076832,3576,1396,2534
IsPETaseWT_pool_4972,12.193757,55.228817,2.023364,-0.471372,0.775996,167,3351,773
IsPETaseWT_pool_4973,6.074418,56.268726,-0.444493,1.193963,0.374735,3191,552,1454
IsPETaseWT_pool_4974,12.148548,55.602009,2.005131,0.126266,1.065699,168,2090,419
IsPETaseWT_pool_4975,11.271530,55.659508,1.651440,0.218346,0.934893,324,1900,564
IsPETaseWT_pool_4976,9.018159,55.862305,0.742683,0.543110,0.642896,1115,1312,976
IsPETaseWT_pool_4977,8.497058,54.206448,0.532529,-2.108619,-0.788045,1430,4948,4299
IsPETaseWT_pool_4978,12.335546,55.747082,2.080545,0.358589,1.219567,151,1638,305
IsPETaseWT_pool_4979,9.379041,56.052406,0.888222,0.847543,0.867883,935,908,640
IsPETaseWT_pool_4980,9.973287,56.312893,1.127875,1.264692,1.196283,689,489,330
IsPETaseWT_pool_4981,13.619342,55.588680,2.598285,0.104921,1.351603,41,2135,226
IsPETaseWT_pool_4982,9.648074,57.228477,0.996720,2.730931,1.863826,819,47,52
IsPETaseWT_pool_4983,6.235602,55.562992,-0.379489,0.063784,-0.157853,3067,2224,2736
IsPETaseWT_pool_4984,10.703121,55.601742,1.422208,0.125838,0.774023,468,2091,777
IsPETaseWT_pool_4985,6.302268,54.926060,-0.352604,-0.956215,-0.654409,3016,4253,4013
IsPETaseWT_pool_4986,6.662202,54.983574,-0.207447,-0.864110,-0.535779,2727,4107,3739
IsPETaseWT_pool_4987,5.933256,55.772800,-0.501422,0.399776,-0.050823,3308,1553,2467
IsPETaseWT_pool_4988,8.881789,54.096134,0.687686,-2.285278,-0.798796,1183,4974,4332
IsPETaseWT_pool_4989,7.012116,55.112503,-0.066330,-0.657640,-0.361985,2446,3741,3303
IsPETaseWT_pool_4990,5.550579,54.263447,-0.655751,-2.017339,-1.336545,3600,4929,4914
IsPETaseWT_pool_4991,8.670489,55.192493,0.602472,-0.529542,0.036465,1323,3465,2249
IsPETaseWT_pool_4992,9.376666,55.458557,0.887264,-0.103461,0.391902,937,2595,1424
IsPETaseWT_pool_4993,8.559861,54.647346,0.557857,-1.402553,-0.422348,1384,4694,3453
IsPETaseWT_pool_4994,5.938401,55.695816,-0.499347,0.276491,-0.111428,3303,1776,2622
IsPETaseWT_pool_4995,6.755436,55.903111,-0.169846,0.608457,0.219305,2656,1222,1790
IsPETaseWT_pool_4996,7.249870,55.622852,0.029553,0.159645,0.094599,2268,2011,2087
IsPETaseWT_pool_4997,3.616994,55.610699,-1.435543,0.140182,-0.647680,4709,2053,3997
IsPETaseWT_pool_4998,8.920224,56.115135,0.703187,0.947999,0.825593,1164,777,701
IsPETaseWT_pool_4999,7.984326,55.272560,0.325750,-0.401321,-0.037785,1765,3190,2428
