id,pred_residual
IsPETaseWT_pool_0,-1.0654656
IsPETaseWT_pool_1,-0.051654134
IsPETaseWT_pool_2,-1.2882681
IsPETaseWT_pool_3,-1.0295836
IsPETaseWT_pool_4,-0.9265083
IsPETaseWT_pool_5,-1.6744825
IsPETaseWT_pool_6,-1.1367272
IsPETaseWT_pool_7,-1.5316415
IsPETaseWT_pool_8,-2.3732789
IsPETaseWT_pool_9,-1.024872
IsPETaseWT_pool_10,-1.3037508
IsPETaseWT_pool_11,-1.0817343
IsPETaseWT_pool_12,-1.7253313
IsPETaseWT_pool_13,-2.557903
IsPETaseWT_pool_14,-1.653085
IsPETaseWT_pool_15,-1.0702829
IsPETaseWT_pool_16,-1.7912965
IsPETaseWT_pool_17,-1.2665862
IsPETaseWT_pool_18,-1.1592537
IsPETaseWT_pool_19,-0.5723372
IsPETaseWT_pool_20,-2.3729455
IsPETaseWT_pool_21,-1.615633
IsPETaseWT_pool_22,-0.9901877
IsPETaseWT_pool_23,-1.2430314
IsPETaseWT_pool_24,-1.1137385
IsPETaseWT_pool_25,-1.8301545
IsPETaseWT_pool_26,-2.0118787
IsPETaseWT_pool_27,-0.7553908
IsPETaseWT_pool_28,-2.1063685
IsPETaseWT_pool_29,-1.0702829
IsPETaseWT_pool_30,-0.55114365
IsPETaseWT_pool_31,-1.1253427
IsPETaseWT_pool_32,-1.0667423
IsPETaseWT_pool_33,-1.0702829
IsPETaseWT_pool_34,-0.9300444
IsPETaseWT_pool_35,-1.7318684
IsPETaseWT_pool_36,-1.9510274
IsPETaseWT_pool_37,-0.9356612
IsPETaseWT_pool_38,-2.231233
IsPETaseWT_pool_39,-1.0702829
IsPETaseWT_pool_40,-1.1317245
IsPETaseWT_pool_41,-1.1137385
IsPETaseWT_pool_42,-1.036853
IsPETaseWT_pool_43,-1.4863423
IsPETaseWT_pool_44,-1.8881937
IsPETaseWT_pool_45,-1.0625899
IsPETaseWT_pool_46,-1.3869941
IsPETaseWT_pool_47,-1.6884595
IsPETaseWT_pool_48,-1.1039639
IsPETaseWT_pool_49,-1.4231154
IsPETaseWT_pool_50,-1.1712475
IsPETaseWT_pool_51,-1.0831327
IsPETaseWT_pool_52,-1.6027832
IsPETaseWT_pool_53,-1.0831327
IsPETaseWT_pool_54,-1.0702829
IsPETaseWT_pool_55,-1.7637662
IsPETaseWT_pool_56,-1.1728699
IsPETaseWT_pool_57,-1.0225395
IsPETaseWT_pool_58,-1.7053567
IsPETaseWT_pool_59,-1.1028799
IsPETaseWT_pool_60,-1.449443
IsPETaseWT_pool_61,-1.0256023
IsPETaseWT_pool_62,-0.7886929
IsPETaseWT_pool_63,-1.088116
IsPETaseWT_pool_64,-1.5612905
IsPETaseWT_pool_65,-1.1344342
IsPETaseWT_pool_66,-0.38263258
IsPETaseWT_pool_67,-1.774175
IsPETaseWT_pool_68,-1.7148525
IsPETaseWT_pool_69,-1.5718737
IsPETaseWT_pool_70,-1.1997545
IsPETaseWT_pool_71,-1.1593498
IsPETaseWT_pool_72,-1.0103309
IsPETaseWT_pool_73,-1.1547866
IsPETaseWT_pool_74,-1.2062099
IsPETaseWT_pool_75,-1.2810479
IsPETaseWT_pool_76,-1.2063167
IsPETaseWT_pool_77,-1.0831327
IsPETaseWT_pool_78,-1.8744942
IsPETaseWT_pool_79,-1.0723832
IsPETaseWT_pool_80,-1.1154796
IsPETaseWT_pool_81,-1.6483302
IsPETaseWT_pool_82,-1.1232028
IsPETaseWT_pool_83,-1.6680773
IsPETaseWT_pool_84,-1.0702829
IsPETaseWT_pool_85,-1.1130373
IsPETaseWT_pool_86,-1.695464
IsPETaseWT_pool_87,-1.1168137
IsPETaseWT_pool_88,-1.8436016
IsPETaseWT_pool_89,-1.9958638
IsPETaseWT_pool_90,-1.2223333
IsPETaseWT_pool_91,-1.0702829
IsPETaseWT_pool_92,-1.6403166
IsPETaseWT_pool_93,-1.2273891
IsPETaseWT_pool_94,-1.5239297
IsPETaseWT_pool_95,-1.1857738
IsPETaseWT_pool_96,-1.1921297
IsPETaseWT_pool_97,-1.1634551
IsPETaseWT_pool_98,-2.5883353
IsPETaseWT_pool_99,-0.8651761
IsPETaseWT_pool_100,-1.0831327
IsPETaseWT_pool_101,-0.8803995
IsPETaseWT_pool_102,-1.8856908
IsPETaseWT_pool_103,-1.196894
IsPETaseWT_pool_104,-1.7390606
IsPETaseWT_pool_105,-1.9233115
IsPETaseWT_pool_106,-1.423568
IsPETaseWT_pool_107,-1.66118
IsPETaseWT_pool_108,-2.1815004
IsPETaseWT_pool_109,-2.3302755
IsPETaseWT_pool_110,-1.1683252
IsPETaseWT_pool_111,-1.0773611
IsPETaseWT_pool_112,-1.1145619
IsPETaseWT_pool_113,-2.5891085
IsPETaseWT_pool_114,-1.9655423
IsPETaseWT_pool_115,-1.0985974
IsPETaseWT_pool_116,-2.0540993
IsPETaseWT_pool_117,-1.331978
IsPETaseWT_pool_118,-1.3007975
IsPETaseWT_pool_119,-0.79818153
IsPETaseWT_pool_120,-0.99333817
IsPETaseWT_pool_121,-2.2921813
IsPETaseWT_pool_122,-0.760193
IsPETaseWT_pool_123,-1.2129487
IsPETaseWT_pool_124,-2.1688845
IsPETaseWT_pool_125,-1.7529095
IsPETaseWT_pool_126,-0.8772107
IsPETaseWT_pool_127,-1.7090287
IsPETaseWT_pool_128,-1.2057102
IsPETaseWT_pool_129,-0.9171151
IsPETaseWT_pool_130,-1.5552046
IsPETaseWT_pool_131,-1.1138914
IsPETaseWT_pool_132,-1.2218648
IsPETaseWT_pool_133,-1.0702829
IsPETaseWT_pool_134,-1.8790064
IsPETaseWT_pool_135,-1.2032392
IsPETaseWT_pool_136,-0.9264482
IsPETaseWT_pool_137,-1.1105926
IsPETaseWT_pool_138,-1.0831327
IsPETaseWT_pool_139,-1.3705243
IsPETaseWT_pool_140,-1.197637
IsPETaseWT_pool_141,-1.0702829
IsPETaseWT_pool_142,-1.0856216
IsPETaseWT_pool_143,-0.81363404
IsPETaseWT_pool_144,-1.8913
IsPETaseWT_pool_145,-1.1344342
IsPETaseWT_pool_146,-1.6845133
IsPETaseWT_pool_147,-0.91067773
IsPETaseWT_pool_148,-1.1541814
IsPETaseWT_pool_149,-1.709619
IsPETaseWT_pool_150,-0.98111826
IsPETaseWT_pool_151,-0.31226122
IsPETaseWT_pool_152,-1.1147931
IsPETaseWT_pool_153,-1.969871
IsPETaseWT_pool_154,-1.6771628
IsPETaseWT_pool_155,-0.8812293
IsPETaseWT_pool_156,-1.7308015
IsPETaseWT_pool_157,-0.9369651
IsPETaseWT_pool_158,-1.0625899
IsPETaseWT_pool_159,-0.96240306
IsPETaseWT_pool_160,-1.6266366
IsPETaseWT_pool_161,-1.8832669
IsPETaseWT_pool_162,-1.0315341
IsPETaseWT_pool_163,-1.1137385
IsPETaseWT_pool_164,-1.8746608
IsPETaseWT_pool_165,-1.8393052
IsPETaseWT_pool_166,-1.0945841
IsPETaseWT_pool_167,-1.85714
IsPETaseWT_pool_168,-1.0702829
IsPETaseWT_pool_169,-1.0702829
IsPETaseWT_pool_170,-1.425075
IsPETaseWT_pool_171,-1.0780928
IsPETaseWT_pool_172,-1.0702829
IsPETaseWT_pool_173,-1.1138914
IsPETaseWT_pool_174,-0.28138372
IsPETaseWT_pool_175,-1.0825027
IsPETaseWT_pool_176,-1.45702
IsPETaseWT_pool_177,-1.7388433
IsPETaseWT_pool_178,-1.5372517
IsPETaseWT_pool_179,-0.9282247
IsPETaseWT_pool_180,-2.3443878
IsPETaseWT_pool_181,-1.1790878
IsPETaseWT_pool_182,-1.1501193
IsPETaseWT_pool_183,-1.7709273
IsPETaseWT_pool_184,-1.155529
IsPETaseWT_pool_185,-1.7500924
IsPETaseWT_pool_186,-1.0625899
IsPETaseWT_pool_187,-1.4032023
IsPETaseWT_pool_188,-1.6546494
IsPETaseWT_pool_189,-1.585441
IsPETaseWT_pool_190,-1.1344342
IsPETaseWT_pool_191,-1.5648668
IsPETaseWT_pool_192,-1.0702829
IsPETaseWT_pool_193,-0.9039805
IsPETaseWT_pool_194,-1.2876712
IsPETaseWT_pool_195,-3.0284555
IsPETaseWT_pool_196,-1.9121755
IsPETaseWT_pool_197,-0.9450369
IsPETaseWT_pool_198,-1.6041497
IsPETaseWT_pool_199,-0.70042044
IsPETaseWT_pool_200,-2.7926507
IsPETaseWT_pool_201,-1.2854633
IsPETaseWT_pool_202,-1.8780614
IsPETaseWT_pool_203,-1.1395667
IsPETaseWT_pool_204,-0.94339114
IsPETaseWT_pool_205,-1.0017232
IsPETaseWT_pool_206,-1.7097181
IsPETaseWT_pool_207,-1.7188163
IsPETaseWT_pool_208,-1.1247168
IsPETaseWT_pool_209,-1.067137
IsPETaseWT_pool_210,-0.84593415
IsPETaseWT_pool_211,-1.0611914
IsPETaseWT_pool_212,-1.2353988
IsPETaseWT_pool_213,-1.9308507
IsPETaseWT_pool_214,-1.1475472
IsPETaseWT_pool_215,-1.3897762
IsPETaseWT_pool_216,-1.2984924
IsPETaseWT_pool_217,-0.98449177
IsPETaseWT_pool_218,-2.1491141
IsPETaseWT_pool_219,-1.7967435
IsPETaseWT_pool_220,-1.1541814
IsPETaseWT_pool_221,-1.1344342
IsPETaseWT_pool_222,-1.0702829
IsPETaseWT_pool_223,-1.8339145
IsPETaseWT_pool_224,-1.0702829
IsPETaseWT_pool_225,-1.3962468
IsPETaseWT_pool_226,-1.7322286
IsPETaseWT_pool_227,-1.1078632
IsPETaseWT_pool_228,-1.0751425
IsPETaseWT_pool_229,-1.943887
IsPETaseWT_pool_230,-1.7596139
IsPETaseWT_pool_231,-1.642061
IsPETaseWT_pool_232,-1.1058857
IsPETaseWT_pool_233,-1.7304407
IsPETaseWT_pool_234,-1.7450521
IsPETaseWT_pool_235,-1.611525
IsPETaseWT_pool_236,-1.0702829
IsPETaseWT_pool_237,-1.0702829
IsPETaseWT_pool_238,-0.96964526
IsPETaseWT_pool_239,-1.4579359
IsPETaseWT_pool_240,-1.0443839
IsPETaseWT_pool_241,-1.1512421
IsPETaseWT_pool_242,-1.0831327
IsPETaseWT_pool_243,-0.923071
IsPETaseWT_pool_244,-1.1704545
IsPETaseWT_pool_245,-1.4248859
IsPETaseWT_pool_246,-1.0900301
IsPETaseWT_pool_247,-0.97293293
IsPETaseWT_pool_248,-1.0702829
IsPETaseWT_pool_249,-1.0831327
IsPETaseWT_pool_250,-1.0702829
IsPETaseWT_pool_251,-1.0702829
IsPETaseWT_pool_252,-1.1137385
IsPETaseWT_pool_253,-1.911935
IsPETaseWT_pool_254,-1.0935141
IsPETaseWT_pool_255,-1.4006662
IsPETaseWT_pool_256,-1.8793904
IsPETaseWT_pool_257,-1.6338831
IsPETaseWT_pool_258,-0.91906345
IsPETaseWT_pool_259,-0.8975881
IsPETaseWT_pool_260,-1.0974047
IsPETaseWT_pool_261,-1.0702829
IsPETaseWT_pool_262,-1.1137385
IsPETaseWT_pool_263,-1.147284
IsPETaseWT_pool_264,-0.66358805
IsPETaseWT_pool_265,-1.2172881
IsPETaseWT_pool_266,-1.1043396
IsPETaseWT_pool_267,-1.4874905
IsPETaseWT_pool_268,-1.7837378
IsPETaseWT_pool_269,-1.1412082
IsPETaseWT_pool_270,-0.8426024
IsPETaseWT_pool_271,-1.0831327
IsPETaseWT_pool_272,-1.0406567
IsPETaseWT_pool_273,-1.6701655
IsPETaseWT_pool_274,-1.1344342
IsPETaseWT_pool_275,-1.1077222
IsPETaseWT_pool_276,-1.3677329
IsPETaseWT_pool_277,-1.2107234
IsPETaseWT_pool_278,-1.6475056
IsPETaseWT_pool_279,-1.1084
IsPETaseWT_pool_280,-1.0980103
IsPETaseWT_pool_281,-1.1575987
IsPETaseWT_pool_282,-1.3854299
IsPETaseWT_pool_283,-1.1168137
IsPETaseWT_pool_284,-1.8425839
IsPETaseWT_pool_285,-1.6378993
IsPETaseWT_pool_286,-2.325942
IsPETaseWT_pool_287,-2.1426806
IsPETaseWT_pool_288,-1.7684675
IsPETaseWT_pool_289,-1.4340314
IsPETaseWT_pool_290,-1.8787693
IsPETaseWT_pool_291,-2.0760536
IsPETaseWT_pool_292,-1.1196489
IsPETaseWT_pool_293,-1.0702829
IsPETaseWT_pool_294,-1.6501014
IsPETaseWT_pool_295,-1.0831327
IsPETaseWT_pool_296,-1.0702829
IsPETaseWT_pool_297,-1.6355696
IsPETaseWT_pool_298,-1.8346801
IsPETaseWT_pool_299,-1.0831327
IsPETaseWT_pool_300,-1.275176
IsPETaseWT_pool_301,-1.4275565
IsPETaseWT_pool_302,-1.7395707
IsPETaseWT_pool_303,-1.453541
IsPETaseWT_pool_304,-1.4756674
IsPETaseWT_pool_305,-0.8755506
IsPETaseWT_pool_306,-1.1344342
IsPETaseWT_pool_307,-0.97553277
IsPETaseWT_pool_308,-1.1221324
IsPETaseWT_pool_309,-1.7506655
IsPETaseWT_pool_310,-1.0327098
IsPETaseWT_pool_311,-2.1937919
IsPETaseWT_pool_312,-1.1171894
IsPETaseWT_pool_313,-1.6597816
IsPETaseWT_pool_314,-1.4136914
IsPETaseWT_pool_315,-1.2456224
IsPETaseWT_pool_316,-1.190798
IsPETaseWT_pool_317,-1.0900301
IsPETaseWT_pool_318,-0.8455614
IsPETaseWT_pool_319,-0.8405778
IsPETaseWT_pool_320,-0.93389237
IsPETaseWT_pool_321,-0.92550933
IsPETaseWT_pool_322,-1.0702829
IsPETaseWT_pool_323,-0.8839943
IsPETaseWT_pool_324,-1.0497401
IsPETaseWT_pool_325,-1.454808
IsPETaseWT_pool_326,-1.2049513
IsPETaseWT_pool_327,-1.13134
IsPETaseWT_pool_328,-1.1772088
IsPETaseWT_pool_329,-1.7239329
IsPETaseWT_pool_330,-1.0182047
IsPETaseWT_pool_331,-2.0834446
IsPETaseWT_pool_332,-1.0690109
IsPETaseWT_pool_333,-0.91067773
IsPETaseWT_pool_334,-1.6222793
IsPETaseWT_pool_335,-1.144318
IsPETaseWT_pool_336,-1.0627556
IsPETaseWT_pool_337,-1.1238602
IsPETaseWT_pool_338,-1.6558961
IsPETaseWT_pool_339,-1.1334857
IsPETaseWT_pool_340,-1.1915938
IsPETaseWT_pool_341,-0.88431025
IsPETaseWT_pool_342,-1.1288335
IsPETaseWT_pool_343,-1.5726223
IsPETaseWT_pool_344,-1.1160852
IsPETaseWT_pool_345,-1.1688159
IsPETaseWT_pool_346,-1.1486741
IsPETaseWT_pool_347,-1.0653219
IsPETaseWT_pool_348,-1.4645838
IsPETaseWT_pool_349,-1.5933344
IsPETaseWT_pool_350,-1.2542425
IsPETaseWT_pool_351,-1.7317797
IsPETaseWT_pool_352,-1.6933529
IsPETaseWT_pool_353,-1.7081648
IsPETaseWT_pool_354,-1.6225303
IsPETaseWT_pool_355,-1.8010439
IsPETaseWT_pool_356,-1.7301103
IsPETaseWT_pool_357,-1.1344342
IsPETaseWT_pool_358,-2.4855669
IsPETaseWT_pool_359,-1.2359198
IsPETaseWT_pool_360,-1.0588136
IsPETaseWT_pool_361,-1.812965
IsPETaseWT_pool_362,-1.196969
IsPETaseWT_pool_363,-1.4201194
IsPETaseWT_pool_364,-0.9629744
IsPETaseWT_pool_365,-1.0497401
IsPETaseWT_pool_366,-0.9217808
IsPETaseWT_pool_367,-1.9626151
IsPETaseWT_pool_368,-1.0222417
IsPETaseWT_pool_369,-1.1672536
IsPETaseWT_pool_370,-1.8657757
IsPETaseWT_pool_371,-0.9332497
IsPETaseWT_pool_372,-1.1811041
IsPETaseWT_pool_373,-0.91446483
IsPETaseWT_pool_374,-1.1732987
IsPETaseWT_pool_375,-1.0322069
IsPETaseWT_pool_376,-1.3162715
IsPETaseWT_pool_377,-1.6544641
IsPETaseWT_pool_378,-1.0751644
IsPETaseWT_pool_379,-1.0512812
IsPETaseWT_pool_380,-1.5199355
IsPETaseWT_pool_381,-1.1921297
IsPETaseWT_pool_382,-0.499379
IsPETaseWT_pool_383,-2.1618915
IsPETaseWT_pool_384,-1.0678266
IsPETaseWT_pool_385,-1.1681151
IsPETaseWT_pool_386,-0.86647713
IsPETaseWT_pool_387,-1.0702829
IsPETaseWT_pool_388,-1.0702829
IsPETaseWT_pool_389,-1.5467808
IsPETaseWT_pool_390,-1.0702829
IsPETaseWT_pool_391,-1.0702829
IsPETaseWT_pool_392,-1.2246581
IsPETaseWT_pool_393,-1.8359966
IsPETaseWT_pool_394,-1.8770806
IsPETaseWT_pool_395,-1.2826761
IsPETaseWT_pool_396,-1.2383525
IsPETaseWT_pool_397,-1.0942403
IsPETaseWT_pool_398,-2.103626
IsPETaseWT_pool_399,-1.0972207
IsPETaseWT_pool_400,-1.1265883
IsPETaseWT_pool_401,-1.1497837
IsPETaseWT_pool_402,-1.7959316
IsPETaseWT_pool_403,-0.93193984
IsPETaseWT_pool_404,-1.6188884
IsPETaseWT_pool_405,-1.0281943
IsPETaseWT_pool_406,-1.0702829
IsPETaseWT_pool_407,-1.8472524
IsPETaseWT_pool_408,-1.147284
IsPETaseWT_pool_409,-1.7892922
IsPETaseWT_pool_410,-1.6437643
IsPETaseWT_pool_411,-1.4979718
IsPETaseWT_pool_412,-0.9133475
IsPETaseWT_pool_413,-1.5078042
IsPETaseWT_pool_414,-1.187482
IsPETaseWT_pool_415,-1.3815308
IsPETaseWT_pool_416,-1.2613224
IsPETaseWT_pool_417,-1.0702829
IsPETaseWT_pool_418,-0.8904346
IsPETaseWT_pool_419,-1.0900301
IsPETaseWT_pool_420,-1.088116
IsPETaseWT_pool_421,-1.147284
IsPETaseWT_pool_422,-1.0028123
IsPETaseWT_pool_423,-1.7145374
IsPETaseWT_pool_424,-1.5191905
IsPETaseWT_pool_425,-1.0702829
IsPETaseWT_pool_426,-2.2385008
IsPETaseWT_pool_427,-1.2303907
IsPETaseWT_pool_428,-1.1127698
IsPETaseWT_pool_429,-1.7305392
IsPETaseWT_pool_430,-1.7253313
IsPETaseWT_pool_431,-1.216118
IsPETaseWT_pool_432,-1.1896384
IsPETaseWT_pool_433,-1.3649133
IsPETaseWT_pool_434,-1.6087315
IsPETaseWT_pool_435,-1.7292138
IsPETaseWT_pool_436,-1.5045639
IsPETaseWT_pool_437,-1.6483302
IsPETaseWT_pool_438,-1.0308839
IsPETaseWT_pool_439,-1.1712414
IsPETaseWT_pool_440,-1.5401127
IsPETaseWT_pool_441,-2.0227656
IsPETaseWT_pool_442,-1.0900301
IsPETaseWT_pool_443,-1.0702829
IsPETaseWT_pool_444,-1.1168137
IsPETaseWT_pool_445,-1.5697991
IsPETaseWT_pool_446,-1.0956347
IsPETaseWT_pool_447,-1.4702404
IsPETaseWT_pool_448,-1.2017179
IsPETaseWT_pool_449,-1.8328092
IsPETaseWT_pool_450,-1.0997481
IsPETaseWT_pool_451,-1.7009093
IsPETaseWT_pool_452,-1.8702108
IsPETaseWT_pool_453,-1.6515261
IsPETaseWT_pool_454,-1.1493413
IsPETaseWT_pool_455,-0.9877849
IsPETaseWT_pool_456,-0.7562188
IsPETaseWT_pool_457,-1.9655154
IsPETaseWT_pool_458,-1.0499058
IsPETaseWT_pool_459,-2.520689
IsPETaseWT_pool_460,-1.088116
IsPETaseWT_pool_461,-1.1908566
IsPETaseWT_pool_462,-1.0702829
IsPETaseWT_pool_463,-0.9095223
IsPETaseWT_pool_464,-1.0831327
IsPETaseWT_pool_465,-0.98440224
IsPETaseWT_pool_466,-1.9751756
IsPETaseWT_pool_467,-1.7037072
IsPETaseWT_pool_468,-1.8547316
IsPETaseWT_pool_469,-1.0702829
IsPETaseWT_pool_470,-0.878531
IsPETaseWT_pool_471,-1.2819275
IsPETaseWT_pool_472,-0.9741845
IsPETaseWT_pool_473,-1.6722238
IsPETaseWT_pool_474,-1.0702829
IsPETaseWT_pool_475,-1.7723994
IsPETaseWT_pool_476,-1.8057086
IsPETaseWT_pool_477,-1.1611394
IsPETaseWT_pool_478,-1.1522673
IsPETaseWT_pool_479,-0.92808414
IsPETaseWT_pool_480,-1.3089721
IsPETaseWT_pool_481,-1.3338164
IsPETaseWT_pool_482,-1.3992604
IsPETaseWT_pool_483,-1.8288437
IsPETaseWT_pool_484,-0.37522802
IsPETaseWT_pool_485,-1.0544469
IsPETaseWT_pool_486,-1.0702829
IsPETaseWT_pool_487,-1.0900301
IsPETaseWT_pool_488,-0.7152839
IsPETaseWT_pool_489,-1.1137385
IsPETaseWT_pool_490,-1.1608652
IsPETaseWT_pool_491,-0.97827804
IsPETaseWT_pool_492,-1.7508532
IsPETaseWT_pool_493,-0.4553932
IsPETaseWT_pool_494,-1.686583
IsPETaseWT_pool_495,-1.9831802
IsPETaseWT_pool_496,-1.0831327
IsPETaseWT_pool_497,-1.4962218
IsPETaseWT_pool_498,-1.1435077
IsPETaseWT_pool_499,-1.0702829
IsPETaseWT_pool_500,-1.3648537
IsPETaseWT_pool_501,-1.0702829
IsPETaseWT_pool_502,-1.8716482
IsPETaseWT_pool_503,-0.9551033
IsPETaseWT_pool_504,-0.8762547
IsPETaseWT_pool_505,-1.1275524
IsPETaseWT_pool_506,-1.2679241
IsPETaseWT_pool_507,-1.2560837
IsPETaseWT_pool_508,-1.8222622
IsPETaseWT_pool_509,-1.1536924
IsPETaseWT_pool_510,-1.7115874
IsPETaseWT_pool_511,-1.5280529
IsPETaseWT_pool_512,-1.0702829
IsPETaseWT_pool_513,-1.7046357
IsPETaseWT_pool_514,-1.0536172
IsPETaseWT_pool_515,-1.8164825
IsPETaseWT_pool_516,-1.0757976
IsPETaseWT_pool_517,-1.1168137
IsPETaseWT_pool_518,-1.099734
IsPETaseWT_pool_519,-1.1028799
IsPETaseWT_pool_520,-1.1039639
IsPETaseWT_pool_521,-1.6197834
IsPETaseWT_pool_522,-1.617551
IsPETaseWT_pool_523,-1.0831327
IsPETaseWT_pool_524,-1.1461104
IsPETaseWT_pool_525,-1.0895902
IsPETaseWT_pool_526,-1.0995674
IsPETaseWT_pool_527,-1.4162275
IsPETaseWT_pool_528,-1.0702829
IsPETaseWT_pool_529,-1.1154796
IsPETaseWT_pool_530,-1.1857197
IsPETaseWT_pool_531,-1.1912847
IsPETaseWT_pool_532,-1.7498324
IsPETaseWT_pool_533,-0.84593415
IsPETaseWT_pool_534,-1.6706442
IsPETaseWT_pool_535,-1.017148
IsPETaseWT_pool_536,-0.9283463
IsPETaseWT_pool_537,-1.0702829
IsPETaseWT_pool_538,-1.802515
IsPETaseWT_pool_539,-1.3307375
IsPETaseWT_pool_540,-1.0406076
IsPETaseWT_pool_541,-1.1547182
IsPETaseWT_pool_542,-0.9885095
IsPETaseWT_pool_543,-0.8496832
IsPETaseWT_pool_544,-2.0274138
IsPETaseWT_pool_545,-1.9275286
IsPETaseWT_pool_546,-1.8279175
IsPETaseWT_pool_547,-1.122812
IsPETaseWT_pool_548,-2.269641
IsPETaseWT_pool_549,-0.711971
IsPETaseWT_pool_550,-1.1053803
IsPETaseWT_pool_551,-1.2267333
IsPETaseWT_pool_552,-1.1773459
IsPETaseWT_pool_553,-1.9909624
IsPETaseWT_pool_554,-1.0111569
IsPETaseWT_pool_555,-0.85539806
IsPETaseWT_pool_556,-1.0028123
IsPETaseWT_pool_557,-1.4612503
IsPETaseWT_pool_558,-0.8587839
IsPETaseWT_pool_559,-1.0702829
IsPETaseWT_pool_560,-1.5204382
IsPETaseWT_pool_561,-1.3361183
IsPETaseWT_pool_562,-1.6483302
IsPETaseWT_pool_563,-2.2512975
IsPETaseWT_pool_564,-0.47254676
IsPETaseWT_pool_565,-1.2424824
IsPETaseWT_pool_566,-1.0887219
IsPETaseWT_pool_567,-1.802515
IsPETaseWT_pool_568,-1.0980103
IsPETaseWT_pool_569,-1.1658462
IsPETaseWT_pool_570,-1.1481787
IsPETaseWT_pool_571,-0.9919124
IsPETaseWT_pool_572,-1.3113422
IsPETaseWT_pool_573,-1.8302457
IsPETaseWT_pool_574,-1.2244685
IsPETaseWT_pool_575,-0.8847383
IsPETaseWT_pool_576,-1.9492059
IsPETaseWT_pool_577,-1.7342464
IsPETaseWT_pool_578,-1.0894059
IsPETaseWT_pool_579,-1.1187356
IsPETaseWT_pool_580,-1.2098292
IsPETaseWT_pool_581,-1.7019564
IsPETaseWT_pool_582,-1.1426778
IsPETaseWT_pool_583,-1.2244685
IsPETaseWT_pool_584,-0.6215073
IsPETaseWT_pool_585,-1.5327662
IsPETaseWT_pool_586,-1.0702829
IsPETaseWT_pool_587,-1.193994
IsPETaseWT_pool_588,-1.0702829
IsPETaseWT_pool_589,-1.0443839
IsPETaseWT_pool_590,-1.2609826
IsPETaseWT_pool_591,-1.6273043
IsPETaseWT_pool_592,-1.0751425
IsPETaseWT_pool_593,-0.9585382
IsPETaseWT_pool_594,-1.7113595
IsPETaseWT_pool_595,-1.2501059
IsPETaseWT_pool_596,-1.2377485
IsPETaseWT_pool_597,-1.1039639
IsPETaseWT_pool_598,-1.0771182
IsPETaseWT_pool_599,-1.0846827
IsPETaseWT_pool_600,-0.6162086
IsPETaseWT_pool_601,-1.669553
IsPETaseWT_pool_602,-1.1137385
IsPETaseWT_pool_603,-1.0315341
IsPETaseWT_pool_604,-1.8521669
IsPETaseWT_pool_605,-0.9617392
IsPETaseWT_pool_606,-1.6209688
IsPETaseWT_pool_607,-1.802515
IsPETaseWT_pool_608,-0.8161483
IsPETaseWT_pool_609,-0.9596613
IsPETaseWT_pool_610,-1.7828021
IsPETaseWT_pool_611,-1.5045905
IsPETaseWT_pool_612,-1.1447489
IsPETaseWT_pool_613,-1.3939561
IsPETaseWT_pool_614,-1.7991292
IsPETaseWT_pool_615,-1.4569168
IsPETaseWT_pool_616,-1.866036
IsPETaseWT_pool_617,-1.0458218
IsPETaseWT_pool_618,-1.1562003
IsPETaseWT_pool_619,-0.9235681
IsPETaseWT_pool_620,-1.2777991
IsPETaseWT_pool_621,-1.0831327
IsPETaseWT_pool_622,-1.8507305
IsPETaseWT_pool_623,-1.4485645
IsPETaseWT_pool_624,-1.0625899
IsPETaseWT_pool_625,-1.1463355
IsPETaseWT_pool_626,-1.680115
IsPETaseWT_pool_627,-1.1724763
IsPETaseWT_pool_628,-1.2116187
IsPETaseWT_pool_629,-0.86647713
IsPETaseWT_pool_630,-1.1317245
IsPETaseWT_pool_631,-1.1613997
IsPETaseWT_pool_632,-0.9076508
IsPETaseWT_pool_633,-1.2237788
IsPETaseWT_pool_634,-1.1306522
IsPETaseWT_pool_635,-1.535845
IsPETaseWT_pool_636,-1.8216034
IsPETaseWT_pool_637,-1.2409337
IsPETaseWT_pool_638,-1.0702829
IsPETaseWT_pool_639,-1.1300029
IsPETaseWT_pool_640,-1.166238
IsPETaseWT_pool_641,-1.8041238
IsPETaseWT_pool_642,-1.197464
IsPETaseWT_pool_643,-1.1965292
IsPETaseWT_pool_644,-1.1154796
IsPETaseWT_pool_645,-1.615633
IsPETaseWT_pool_646,-0.99028844
IsPETaseWT_pool_647,-0.98647505
IsPETaseWT_pool_648,-1.7832537
IsPETaseWT_pool_649,-1.518251
IsPETaseWT_pool_650,-1.0817343
IsPETaseWT_pool_651,-1.1137385
IsPETaseWT_pool_652,-2.035922
IsPETaseWT_pool_653,-0.93043756
IsPETaseWT_pool_654,-0.9224718
IsPETaseWT_pool_655,-2.316948
IsPETaseWT_pool_656,-1.5966312
IsPETaseWT_pool_657,-1.1265883
IsPETaseWT_pool_658,-1.6483302
IsPETaseWT_pool_659,-0.8121728
IsPETaseWT_pool_660,-0.9753957
IsPETaseWT_pool_661,-1.1344342
IsPETaseWT_pool_662,-1.5603082
IsPETaseWT_pool_663,-1.0236719
IsPETaseWT_pool_664,-1.0715227
IsPETaseWT_pool_665,-0.9460313
IsPETaseWT_pool_666,-1.7637662
IsPETaseWT_pool_667,-2.4225852
IsPETaseWT_pool_668,-1.0831327
IsPETaseWT_pool_669,-2.4560313
IsPETaseWT_pool_670,-1.1334857
IsPETaseWT_pool_671,-1.1522673
IsPETaseWT_pool_672,-1.2054669
IsPETaseWT_pool_673,-1.1815162
IsPETaseWT_pool_674,-1.3063049
IsPETaseWT_pool_675,-1.275518
IsPETaseWT_pool_676,-0.8248384
IsPETaseWT_pool_677,-1.0831327
IsPETaseWT_pool_678,-0.64583105
IsPETaseWT_pool_679,-1.7302928
IsPETaseWT_pool_680,-0.9136913
IsPETaseWT_pool_681,-2.1908503
IsPETaseWT_pool_682,-1.1343701
IsPETaseWT_pool_683,-1.0702829
IsPETaseWT_pool_684,-0.994827
IsPETaseWT_pool_685,-0.9215368
IsPETaseWT_pool_686,-1.1556818
IsPETaseWT_pool_687,-1.6143681
IsPETaseWT_pool_688,-0.8904346
IsPETaseWT_pool_689,-1.2054669
IsPETaseWT_pool_690,-1.4114143
IsPETaseWT_pool_691,-1.2880701
IsPETaseWT_pool_692,-2.6281767
IsPETaseWT_pool_693,-1.0702829
IsPETaseWT_pool_694,-1.1344342
IsPETaseWT_pool_695,-0.75966036
IsPETaseWT_pool_696,-2.0684772
IsPETaseWT_pool_697,-0.9318513
IsPETaseWT_pool_698,-2.4177172
IsPETaseWT_pool_699,-1.0831327
IsPETaseWT_pool_700,-1.2873503
IsPETaseWT_pool_701,-1.2886198
IsPETaseWT_pool_702,-1.4438386
IsPETaseWT_pool_703,-0.8989807
IsPETaseWT_pool_704,-1.0252966
IsPETaseWT_pool_705,-1.0013263
IsPETaseWT_pool_706,-1.1265883
IsPETaseWT_pool_707,-1.0128499
IsPETaseWT_pool_708,-2.0000274
IsPETaseWT_pool_709,-1.0778197
IsPETaseWT_pool_710,-0.28917757
IsPETaseWT_pool_711,-0.92997855
IsPETaseWT_pool_712,-1.0497401
IsPETaseWT_pool_713,-1.1344342
IsPETaseWT_pool_714,-0.9819092
IsPETaseWT_pool_715,-1.8882236
IsPETaseWT_pool_716,-1.2145973
IsPETaseWT_pool_717,-1.2720335
IsPETaseWT_pool_718,-1.3513281
IsPETaseWT_pool_719,-1.7482435
IsPETaseWT_pool_720,-2.0370467
IsPETaseWT_pool_721,-2.1385522
IsPETaseWT_pool_722,-1.6045103
IsPETaseWT_pool_723,-1.8973286
IsPETaseWT_pool_724,-2.412502
IsPETaseWT_pool_725,-1.0895805
IsPETaseWT_pool_726,-1.6233445
IsPETaseWT_pool_727,-1.3192265
IsPETaseWT_pool_728,-1.1028799
IsPETaseWT_pool_729,-0.9139823
IsPETaseWT_pool_730,-1.7211696
IsPETaseWT_pool_731,-1.2060413
IsPETaseWT_pool_732,-1.2886198
IsPETaseWT_pool_733,-1.7585287
IsPETaseWT_pool_734,-0.88431025
IsPETaseWT_pool_735,-1.0800192
IsPETaseWT_pool_736,-1.2092837
IsPETaseWT_pool_737,-1.0831327
IsPETaseWT_pool_738,-1.1298431
IsPETaseWT_pool_739,-0.46733242
IsPETaseWT_pool_740,-1.7046357
IsPETaseWT_pool_741,-1.1137385
IsPETaseWT_pool_742,-0.52665424
IsPETaseWT_pool_743,-1.171785
IsPETaseWT_pool_744,-1.3654491
IsPETaseWT_pool_745,-1.0702829
IsPETaseWT_pool_746,-0.87451905
IsPETaseWT_pool_747,-1.0702829
IsPETaseWT_pool_748,-1.5343282
IsPETaseWT_pool_749,-1.6144643
IsPETaseWT_pool_750,-1.7249583
IsPETaseWT_pool_751,-1.0588136
IsPETaseWT_pool_752,-1.0702829
IsPETaseWT_pool_753,-2.1291592
IsPETaseWT_pool_754,-1.0664636
IsPETaseWT_pool_755,-1.8272743
IsPETaseWT_pool_756,-2.1858256
IsPETaseWT_pool_757,-1.7154746
IsPETaseWT_pool_758,-1.11716
IsPETaseWT_pool_759,-0.9408473
IsPETaseWT_pool_760,-1.0497401
IsPETaseWT_pool_761,-0.94891316
IsPETaseWT_pool_762,-1.0793564
IsPETaseWT_pool_763,-1.0960115
IsPETaseWT_pool_764,-0.97059035
IsPETaseWT_pool_765,-2.8018897
IsPETaseWT_pool_766,-1.7290627
IsPETaseWT_pool_767,-0.96126235
IsPETaseWT_pool_768,-0.92922866
IsPETaseWT_pool_769,-2.1212213
IsPETaseWT_pool_770,-0.44688445
IsPETaseWT_pool_771,-1.8088713
IsPETaseWT_pool_772,-1.1120734
IsPETaseWT_pool_773,-1.2548584
IsPETaseWT_pool_774,-1.0702829
IsPETaseWT_pool_775,-1.0702829
IsPETaseWT_pool_776,-1.2018533
IsPETaseWT_pool_777,-0.95106554
IsPETaseWT_pool_778,-1.5708491
IsPETaseWT_pool_779,-0.82772803
IsPETaseWT_pool_780,-1.0155627
IsPETaseWT_pool_781,-1.29197
IsPETaseWT_pool_782,-1.000126
IsPETaseWT_pool_783,-1.0302962
IsPETaseWT_pool_784,-1.4026825
IsPETaseWT_pool_785,-1.1684909
IsPETaseWT_pool_786,-0.9119698
IsPETaseWT_pool_787,-1.8003473
IsPETaseWT_pool_788,-1.68126
IsPETaseWT_pool_789,-1.2254548
IsPETaseWT_pool_790,-1.0222417
IsPETaseWT_pool_791,-1.0497401
IsPETaseWT_pool_792,-1.1344342
IsPETaseWT_pool_793,-1.8251163
IsPETaseWT_pool_794,-1.0683413
IsPETaseWT_pool_795,-0.9178105
IsPETaseWT_pool_796,-0.9952963
IsPETaseWT_pool_797,-1.0520484
IsPETaseWT_pool_798,-1.083421
IsPETaseWT_pool_799,-1.1241119
IsPETaseWT_pool_800,-1.7226677
IsPETaseWT_pool_801,-1.0831327
IsPETaseWT_pool_802,-1.1464883
IsPETaseWT_pool_803,-0.31872392
IsPETaseWT_pool_804,-1.0831327
IsPETaseWT_pool_805,-1.1028799
IsPETaseWT_pool_806,-1.5324434
IsPETaseWT_pool_807,-1.9138917
IsPETaseWT_pool_808,-3.0027082
IsPETaseWT_pool_809,-1.9363574
IsPETaseWT_pool_810,-2.5554981
IsPETaseWT_pool_811,-0.88231635
IsPETaseWT_pool_812,-1.7139305
IsPETaseWT_pool_813,-1.5032344
IsPETaseWT_pool_814,-1.5832239
IsPETaseWT_pool_815,-1.8476492
IsPETaseWT_pool_816,-0.04405592
IsPETaseWT_pool_817,-1.043329
IsPETaseWT_pool_818,-1.0900301
IsPETaseWT_pool_819,-1.7605685
IsPETaseWT_pool_820,-1.0831327
IsPETaseWT_pool_821,-1.19624
IsPETaseWT_pool_822,-1.170037
IsPETaseWT_pool_823,-1.0702829
IsPETaseWT_pool_824,-1.1575987
IsPETaseWT_pool_825,-1.1028799
IsPETaseWT_pool_826,-1.1154796
IsPETaseWT_pool_827,-2.405396
IsPETaseWT_pool_828,-1.0702829
IsPETaseWT_pool_829,-1.9611125
IsPETaseWT_pool_830,-0.34299114
IsPETaseWT_pool_831,-1.0690377
IsPETaseWT_pool_832,-1.0772032
IsPETaseWT_pool_833,-1.4698521
IsPETaseWT_pool_834,-1.1318824
IsPETaseWT_pool_835,-0.9368595
IsPETaseWT_pool_836,-1.1447489
IsPETaseWT_pool_837,-1.1376959
IsPETaseWT_pool_838,-1.0831327
IsPETaseWT_pool_839,-1.0096897
IsPETaseWT_pool_840,-1.2134972
IsPETaseWT_pool_841,-1.7171245
IsPETaseWT_pool_842,-1.6628623
IsPETaseWT_pool_843,-1.6811974
IsPETaseWT_pool_844,-1.3255622
IsPETaseWT_pool_845,-1.6184908
IsPETaseWT_pool_846,-1.0702829
IsPETaseWT_pool_847,-0.9039805
IsPETaseWT_pool_848,-1.1138914
IsPETaseWT_pool_849,-0.85872847
IsPETaseWT_pool_850,-0.2458548
IsPETaseWT_pool_851,-1.0675732
IsPETaseWT_pool_852,-1.2143468
IsPETaseWT_pool_853,-1.7959766
IsPETaseWT_pool_854,-2.413059
IsPETaseWT_pool_855,-1.6063826
IsPETaseWT_pool_856,-1.0646176
IsPETaseWT_pool_857,-1.9161711
IsPETaseWT_pool_858,-2.016804
IsPETaseWT_pool_859,-1.1435077
IsPETaseWT_pool_860,-2.1506155
IsPETaseWT_pool_861,-1.1147026
IsPETaseWT_pool_862,-1.2956922
IsPETaseWT_pool_863,-1.103176
IsPETaseWT_pool_864,-1.1265883
IsPETaseWT_pool_865,-1.1735433
IsPETaseWT_pool_866,-0.91424835
IsPETaseWT_pool_867,-1.2067012
IsPETaseWT_pool_868,-1.147284
IsPETaseWT_pool_869,-1.7537484
IsPETaseWT_pool_870,-1.159088
IsPETaseWT_pool_871,-1.1745337
IsPETaseWT_pool_872,-1.1026092
IsPETaseWT_pool_873,-1.1874462
IsPETaseWT_pool_874,-1.0497401
IsPETaseWT_pool_875,-1.6662059
IsPETaseWT_pool_876,-1.0748818
IsPETaseWT_pool_877,-1.1282823
IsPETaseWT_pool_878,-1.1249464
IsPETaseWT_pool_879,-1.140339
IsPETaseWT_pool_880,-1.1221501
IsPETaseWT_pool_881,-1.9241861
IsPETaseWT_pool_882,-1.109315
IsPETaseWT_pool_883,-2.5993829
IsPETaseWT_pool_884,-2.979914
IsPETaseWT_pool_885,-1.1275524
IsPETaseWT_pool_886,-1.2891892
IsPETaseWT_pool_887,-2.0428727
IsPETaseWT_pool_888,-0.87555635
IsPETaseWT_pool_889,-1.0702829
IsPETaseWT_pool_890,-0.92962474
IsPETaseWT_pool_891,-1.0849068
IsPETaseWT_pool_892,-0.9133475
IsPETaseWT_pool_893,-1.1245531
IsPETaseWT_pool_894,-1.0119587
IsPETaseWT_pool_895,-0.8793269
IsPETaseWT_pool_896,-1.0702829
IsPETaseWT_pool_897,-2.51943
IsPETaseWT_pool_898,-1.380558
IsPETaseWT_pool_899,-1.2999291
IsPETaseWT_pool_900,-1.7835133
IsPETaseWT_pool_901,-1.157822
IsPETaseWT_pool_902,-2.160802
IsPETaseWT_pool_903,-1.0292953
IsPETaseWT_pool_904,-0.8471737
IsPETaseWT_pool_905,-1.6027832
IsPETaseWT_pool_906,-1.7174842
IsPETaseWT_pool_907,-0.86647713
IsPETaseWT_pool_908,-1.408979
IsPETaseWT_pool_909,-1.5855871
IsPETaseWT_pool_910,-1.1028799
IsPETaseWT_pool_911,-2.4808078
IsPETaseWT_pool_912,-1.1761534
IsPETaseWT_pool_913,-1.1435077
IsPETaseWT_pool_914,-0.86647713
IsPETaseWT_pool_915,-1.147284
IsPETaseWT_pool_916,-0.80919176
IsPETaseWT_pool_917,-1.7881742
IsPETaseWT_pool_918,-1.1796309
IsPETaseWT_pool_919,-1.7743677
IsPETaseWT_pool_920,-1.4991726
IsPETaseWT_pool_921,-1.1267412
IsPETaseWT_pool_922,-1.7020195
IsPETaseWT_pool_923,-0.67063665
IsPETaseWT_pool_924,-0.86338264
IsPETaseWT_pool_925,-0.7341784
IsPETaseWT_pool_926,-1.837835
IsPETaseWT_pool_927,-1.1334857
IsPETaseWT_pool_928,-1.5073656
IsPETaseWT_pool_929,-1.8037105
IsPETaseWT_pool_930,-0.9314183
IsPETaseWT_pool_931,-1.7206066
IsPETaseWT_pool_932,-0.2870014
IsPETaseWT_pool_933,-1.1249439
IsPETaseWT_pool_934,-1.0702829
IsPETaseWT_pool_935,-1.1237189
IsPETaseWT_pool_936,-1.0900301
IsPETaseWT_pool_937,-1.0702829
IsPETaseWT_pool_938,-1.2472957
IsPETaseWT_pool_939,-0.8986396
IsPETaseWT_pool_940,-1.6224318
IsPETaseWT_pool_941,-1.6706442
IsPETaseWT_pool_942,-0.9948378
IsPETaseWT_pool_943,-1.1380397
IsPETaseWT_pool_944,-1.0945841
IsPETaseWT_pool_945,-1.2360532
IsPETaseWT_pool_946,-1.147284
IsPETaseWT_pool_947,-1.6990315
IsPETaseWT_pool_948,-0.9313462
IsPETaseWT_pool_949,-2.1152458
IsPETaseWT_pool_950,-0.8894968
IsPETaseWT_pool_951,-1.218125
IsPETaseWT_pool_952,-2.0830026
IsPETaseWT_pool_953,-1.1325858
IsPETaseWT_pool_954,-1.3738277
IsPETaseWT_pool_955,-1.1253427
IsPETaseWT_pool_956,-1.0473965
IsPETaseWT_pool_957,-1.773167
IsPETaseWT_pool_958,-1.0831327
IsPETaseWT_pool_959,-1.0831327
IsPETaseWT_pool_960,-1.3124324
IsPETaseWT_pool_961,-2.0754013
IsPETaseWT_pool_962,-1.1049076
IsPETaseWT_pool_963,-1.5605104
IsPETaseWT_pool_964,-1.1615239
IsPETaseWT_pool_965,-0.6027075
IsPETaseWT_pool_966,-1.0625899
IsPETaseWT_pool_967,-1.811979
IsPETaseWT_pool_968,-1.7969594
IsPETaseWT_pool_969,-0.89582527
IsPETaseWT_pool_970,-0.87005734
IsPETaseWT_pool_971,-1.1267412
IsPETaseWT_pool_972,-1.0473965
IsPETaseWT_pool_973,-1.0702829
IsPETaseWT_pool_974,-2.1278212
IsPETaseWT_pool_975,-1.1999832
IsPETaseWT_pool_976,-1.178744
IsPETaseWT_pool_977,-1.0702829
IsPETaseWT_pool_978,-1.2468597
IsPETaseWT_pool_979,-2.1302927
IsPETaseWT_pool_980,-1.0702829
IsPETaseWT_pool_981,-1.2481925
IsPETaseWT_pool_982,-1.9884084
IsPETaseWT_pool_983,-2.2301192
IsPETaseWT_pool_984,-1.0918721
IsPETaseWT_pool_985,-2.285065
IsPETaseWT_pool_986,-1.5650945
IsPETaseWT_pool_987,-1.7747736
IsPETaseWT_pool_988,-1.1327541
IsPETaseWT_pool_989,-0.98319846
IsPETaseWT_pool_990,-0.93053496
IsPETaseWT_pool_991,-1.0443839
IsPETaseWT_pool_992,-1.1524165
IsPETaseWT_pool_993,-1.027711
IsPETaseWT_pool_994,-1.8289133
IsPETaseWT_pool_995,-1.0702829
IsPETaseWT_pool_996,-1.3368142
IsPETaseWT_pool_997,-0.9229352
IsPETaseWT_pool_998,-1.1426929
IsPETaseWT_pool_999,-0.3103671
IsPETaseWT_pool_1000,-1.5917113
IsPETaseWT_pool_1001,-1.8969088
IsPETaseWT_pool_1002,-1.6475927
IsPETaseWT_pool_1003,-1.0774674
IsPETaseWT_pool_1004,-0.95923567
IsPETaseWT_pool_1005,-1.1522673
IsPETaseWT_pool_1006,-1.1818444
IsPETaseWT_pool_1007,-1.0831327
IsPETaseWT_pool_1008,-1.1522673
IsPETaseWT_pool_1009,-1.9430239
IsPETaseWT_pool_1010,-1.3165805
IsPETaseWT_pool_1011,-1.2170957
IsPETaseWT_pool_1012,-1.6760575
IsPETaseWT_pool_1013,-1.7461667
IsPETaseWT_pool_1014,-1.8213576
IsPETaseWT_pool_1015,-1.0531399
IsPETaseWT_pool_1016,-1.0702829
IsPETaseWT_pool_1017,-1.0702829
IsPETaseWT_pool_1018,-0.8759181
IsPETaseWT_pool_1019,-0.97126424
IsPETaseWT_pool_1020,-1.2278237
IsPETaseWT_pool_1021,-2.6539762
IsPETaseWT_pool_1022,-1.385896
IsPETaseWT_pool_1023,-2.452262
IsPETaseWT_pool_1024,-1.1481634
IsPETaseWT_pool_1025,-1.1547866
IsPETaseWT_pool_1026,-1.5283606
IsPETaseWT_pool_1027,-1.866666
IsPETaseWT_pool_1028,0.20350522
IsPETaseWT_pool_1029,-1.6661633
IsPETaseWT_pool_1030,-0.3592503
IsPETaseWT_pool_1031,-1.710425
IsPETaseWT_pool_1032,-2.7422652
IsPETaseWT_pool_1033,-1.111797
IsPETaseWT_pool_1034,-2.349149
IsPETaseWT_pool_1035,-1.0702829
IsPETaseWT_pool_1036,-1.1522673
IsPETaseWT_pool_1037,-0.69572824
IsPETaseWT_pool_1038,-2.4599838
IsPETaseWT_pool_1039,-1.1812493
IsPETaseWT_pool_1040,-1.2510109
IsPETaseWT_pool_1041,-1.1247168
IsPETaseWT_pool_1042,-1.3069342
IsPETaseWT_pool_1043,-1.008225
IsPETaseWT_pool_1044,-1.0702829
IsPETaseWT_pool_1045,-0.8522912
IsPETaseWT_pool_1046,-1.0793564
IsPETaseWT_pool_1047,-1.4734076
IsPETaseWT_pool_1048,-2.3684363
IsPETaseWT_pool_1049,-1.0268537
IsPETaseWT_pool_1050,-0.90993273
IsPETaseWT_pool_1051,-1.2680769
IsPETaseWT_pool_1052,-1.088116
IsPETaseWT_pool_1053,-1.0443839
IsPETaseWT_pool_1054,-1.0831327
IsPETaseWT_pool_1055,-1.0880648
IsPETaseWT_pool_1056,-1.1748697
IsPETaseWT_pool_1057,-1.5538884
IsPETaseWT_pool_1058,-0.95188326
IsPETaseWT_pool_1059,-1.9112113
IsPETaseWT_pool_1060,-1.0900301
IsPETaseWT_pool_1061,-1.121797
IsPETaseWT_pool_1062,-0.8598563
IsPETaseWT_pool_1063,-0.93438655
IsPETaseWT_pool_1064,-1.1333127
IsPETaseWT_pool_1065,-1.0390892
IsPETaseWT_pool_1066,-1.5810189
IsPETaseWT_pool_1067,-0.96261024
IsPETaseWT_pool_1068,-2.420668
IsPETaseWT_pool_1069,-1.5414796
IsPETaseWT_pool_1070,-1.4231858
IsPETaseWT_pool_1071,-1.2461034
IsPETaseWT_pool_1072,-1.4906613
IsPETaseWT_pool_1073,-1.0831327
IsPETaseWT_pool_1074,-1.4855815
IsPETaseWT_pool_1075,-1.7974473
IsPETaseWT_pool_1076,-1.2125795
IsPETaseWT_pool_1077,-1.7036153
IsPETaseWT_pool_1078,-1.1904807
IsPETaseWT_pool_1079,-1.0702829
IsPETaseWT_pool_1080,-1.6483302
IsPETaseWT_pool_1081,-1.5261543
IsPETaseWT_pool_1082,-1.1317245
IsPETaseWT_pool_1083,-1.6293291
IsPETaseWT_pool_1084,-2.1191878
IsPETaseWT_pool_1085,-1.1859483
IsPETaseWT_pool_1086,-1.0702829
IsPETaseWT_pool_1087,-1.1486741
IsPETaseWT_pool_1088,-1.0214882
IsPETaseWT_pool_1089,-0.9617392
IsPETaseWT_pool_1090,-1.4701262
IsPETaseWT_pool_1091,-1.8870164
IsPETaseWT_pool_1092,-1.2775038
IsPETaseWT_pool_1093,-1.1047589
IsPETaseWT_pool_1094,-1.213049
IsPETaseWT_pool_1095,-1.1999832
IsPETaseWT_pool_1096,-0.96660066
IsPETaseWT_pool_1097,-1.0760987
IsPETaseWT_pool_1098,-2.0166528
IsPETaseWT_pool_1099,-2.556573
IsPETaseWT_pool_1100,-1.7253608
IsPETaseWT_pool_1101,-1.811979
IsPETaseWT_pool_1102,-1.1265883
IsPETaseWT_pool_1103,-1.0702829
IsPETaseWT_pool_1104,-1.0702829
IsPETaseWT_pool_1105,-1.0831327
IsPETaseWT_pool_1106,-1.072751
IsPETaseWT_pool_1107,-1.1698465
IsPETaseWT_pool_1108,-0.9356612
IsPETaseWT_pool_1109,-1.1522673
IsPETaseWT_pool_1110,-2.7505102
IsPETaseWT_pool_1111,-1.1815939
IsPETaseWT_pool_1112,-0.97563416
IsPETaseWT_pool_1113,-1.0973803
IsPETaseWT_pool_1114,-3.127178
IsPETaseWT_pool_1115,-1.2109486
IsPETaseWT_pool_1116,-1.5540444
IsPETaseWT_pool_1117,-1.5083032
IsPETaseWT_pool_1118,-1.147284
IsPETaseWT_pool_1119,-2.0513048
IsPETaseWT_pool_1120,-1.1433319
IsPETaseWT_pool_1121,-1.0831327
IsPETaseWT_pool_1122,-1.0499058
IsPETaseWT_pool_1123,-1.0702829
IsPETaseWT_pool_1124,-2.1976275
IsPETaseWT_pool_1125,-0.7506161
IsPETaseWT_pool_1126,-1.0702829
IsPETaseWT_pool_1127,-1.4484005
IsPETaseWT_pool_1128,-1.6809272
IsPETaseWT_pool_1129,-1.140339
IsPETaseWT_pool_1130,-1.1522673
IsPETaseWT_pool_1131,-1.1556526
IsPETaseWT_pool_1132,-2.177875
IsPETaseWT_pool_1133,-1.0831327
IsPETaseWT_pool_1134,-0.8847383
IsPETaseWT_pool_1135,-0.90186733
IsPETaseWT_pool_1136,-2.3232718
IsPETaseWT_pool_1137,-1.1665072
IsPETaseWT_pool_1138,-1.928252
IsPETaseWT_pool_1139,-1.1589352
IsPETaseWT_pool_1140,-0.8847383
IsPETaseWT_pool_1141,-2.2716777
IsPETaseWT_pool_1142,-1.1964053
IsPETaseWT_pool_1143,-1.9752287
IsPETaseWT_pool_1144,-1.0831327
IsPETaseWT_pool_1145,-0.98555154
IsPETaseWT_pool_1146,-1.6652435
IsPETaseWT_pool_1147,-1.0793564
IsPETaseWT_pool_1148,-1.0702829
IsPETaseWT_pool_1149,-1.7124815
IsPETaseWT_pool_1150,-2.2951384
IsPETaseWT_pool_1151,-1.8153079
IsPETaseWT_pool_1152,-1.7203894
IsPETaseWT_pool_1153,-1.1283294
IsPETaseWT_pool_1154,-1.1481634
IsPETaseWT_pool_1155,-1.5782278
IsPETaseWT_pool_1156,-1.6295438
IsPETaseWT_pool_1157,-0.38905057
IsPETaseWT_pool_1158,-1.1344342
IsPETaseWT_pool_1159,-0.8587839
IsPETaseWT_pool_1160,-0.5579303
IsPETaseWT_pool_1161,-1.1267412
IsPETaseWT_pool_1162,-1.2283329
IsPETaseWT_pool_1163,-1.238505
IsPETaseWT_pool_1164,-0.9277657
IsPETaseWT_pool_1165,-1.7115331
IsPETaseWT_pool_1166,-0.888351
IsPETaseWT_pool_1167,-1.6637267
IsPETaseWT_pool_1168,-1.8169268
IsPETaseWT_pool_1169,-1.0625899
IsPETaseWT_pool_1170,-1.1084845
IsPETaseWT_pool_1171,-1.0702829
IsPETaseWT_pool_1172,-0.9074085
IsPETaseWT_pool_1173,-2.3483522
IsPETaseWT_pool_1174,-1.1522673
IsPETaseWT_pool_1175,-1.1790878
IsPETaseWT_pool_1176,-1.0825027
IsPETaseWT_pool_1177,-1.4061625
IsPETaseWT_pool_1178,-1.1051543
IsPETaseWT_pool_1179,-1.1373855
IsPETaseWT_pool_1180,-1.0793564
IsPETaseWT_pool_1181,-0.9449648
IsPETaseWT_pool_1182,-2.0108187
IsPETaseWT_pool_1183,-1.0424718
IsPETaseWT_pool_1184,-1.181175
IsPETaseWT_pool_1185,-1.109644
IsPETaseWT_pool_1186,-1.719236
IsPETaseWT_pool_1187,-1.7143487
IsPETaseWT_pool_1188,-1.0905669
IsPETaseWT_pool_1189,-1.0690377
IsPETaseWT_pool_1190,-1.5160007
IsPETaseWT_pool_1191,-1.3734132
IsPETaseWT_pool_1192,-0.9312687
IsPETaseWT_pool_1193,-1.4972168
IsPETaseWT_pool_1194,-2.1175356
IsPETaseWT_pool_1195,-1.1065074
IsPETaseWT_pool_1196,-1.2595377
IsPETaseWT_pool_1197,-1.0962708
IsPETaseWT_pool_1198,-1.626031
IsPETaseWT_pool_1199,-1.2303892
IsPETaseWT_pool_1200,-1.5599076
IsPETaseWT_pool_1201,-1.1368316
IsPETaseWT_pool_1202,-1.1589352
IsPETaseWT_pool_1203,-1.0702829
IsPETaseWT_pool_1204,-2.3609335
IsPETaseWT_pool_1205,-1.128297
IsPETaseWT_pool_1206,-1.8443995
IsPETaseWT_pool_1207,-1.3372078
IsPETaseWT_pool_1208,-1.1028799
IsPETaseWT_pool_1209,-1.5283912
IsPETaseWT_pool_1210,-1.6060915
IsPETaseWT_pool_1211,-1.6975752
IsPETaseWT_pool_1212,-1.8377464
IsPETaseWT_pool_1213,-1.7988353
IsPETaseWT_pool_1214,-1.0702829
IsPETaseWT_pool_1215,-1.6680149
IsPETaseWT_pool_1216,-1.1464883
IsPETaseWT_pool_1217,-1.9612827
IsPETaseWT_pool_1218,-1.3150768
IsPETaseWT_pool_1219,-1.7602757
IsPETaseWT_pool_1220,-1.7480842
IsPETaseWT_pool_1221,-0.94508445
IsPETaseWT_pool_1222,-1.4113091
IsPETaseWT_pool_1223,-1.1582011
IsPETaseWT_pool_1224,-1.1474195
IsPETaseWT_pool_1225,-1.5062082
IsPETaseWT_pool_1226,-2.9437377
IsPETaseWT_pool_1227,-1.7516155
IsPETaseWT_pool_1228,-1.7455542
IsPETaseWT_pool_1229,-1.5573581
IsPETaseWT_pool_1230,-1.6483302
IsPETaseWT_pool_1231,-1.2420995
IsPETaseWT_pool_1232,-1.2573736
IsPETaseWT_pool_1233,-1.0900301
IsPETaseWT_pool_1234,-1.4515314
IsPETaseWT_pool_1235,-0.93223464
IsPETaseWT_pool_1236,-1.1559087
IsPETaseWT_pool_1237,-1.4259557
IsPETaseWT_pool_1238,-0.89417565
IsPETaseWT_pool_1239,-1.6533266
IsPETaseWT_pool_1240,-1.6030575
IsPETaseWT_pool_1241,-1.3006247
IsPETaseWT_pool_1242,-1.4973503
IsPETaseWT_pool_1243,-0.40208903
IsPETaseWT_pool_1244,-1.1907396
IsPETaseWT_pool_1245,-1.7432231
IsPETaseWT_pool_1246,-0.5644547
IsPETaseWT_pool_1247,-2.0010219
IsPETaseWT_pool_1248,-1.1267412
IsPETaseWT_pool_1249,-1.6114584
IsPETaseWT_pool_1250,-1.6303927
IsPETaseWT_pool_1251,-0.99579805
IsPETaseWT_pool_1252,-1.2015125
IsPETaseWT_pool_1253,-1.2277106
IsPETaseWT_pool_1254,-1.1448804
IsPETaseWT_pool_1255,-1.7631383
IsPETaseWT_pool_1256,-1.1039639
IsPETaseWT_pool_1257,-2.1366704
IsPETaseWT_pool_1258,-0.91937935
IsPETaseWT_pool_1259,-1.0702829
IsPETaseWT_pool_1260,-0.4491049
IsPETaseWT_pool_1261,-1.9066966
IsPETaseWT_pool_1262,-1.1137385
IsPETaseWT_pool_1263,-0.8904346
IsPETaseWT_pool_1264,-0.9844498
IsPETaseWT_pool_1265,-1.6903913
IsPETaseWT_pool_1266,-1.0429854
IsPETaseWT_pool_1267,-1.5893686
IsPETaseWT_pool_1268,-1.1138914
IsPETaseWT_pool_1269,-0.51380855
IsPETaseWT_pool_1270,-1.092597
IsPETaseWT_pool_1271,-1.1311647
IsPETaseWT_pool_1272,-1.7941637
IsPETaseWT_pool_1273,-1.1039639
IsPETaseWT_pool_1274,-1.67673
IsPETaseWT_pool_1275,-1.0975803
IsPETaseWT_pool_1276,-2.9580579
IsPETaseWT_pool_1277,-0.9295067
IsPETaseWT_pool_1278,-1.7986894
IsPETaseWT_pool_1279,-1.6907067
IsPETaseWT_pool_1280,-1.2821214
IsPETaseWT_pool_1281,-1.1344342
IsPETaseWT_pool_1282,-0.96827745
IsPETaseWT_pool_1283,-1.147284
IsPETaseWT_pool_1284,-1.0793564
IsPETaseWT_pool_1285,-1.3832557
IsPETaseWT_pool_1286,-1.2585951
IsPETaseWT_pool_1287,-1.1058857
IsPETaseWT_pool_1288,-1.7538584
IsPETaseWT_pool_1289,-0.83114254
IsPETaseWT_pool_1290,-1.0702829
IsPETaseWT_pool_1291,-1.0980103
IsPETaseWT_pool_1292,-1.4164534
IsPETaseWT_pool_1293,-1.0114107
IsPETaseWT_pool_1294,-1.8039411
IsPETaseWT_pool_1295,-0.9488894
IsPETaseWT_pool_1296,-1.1493236
IsPETaseWT_pool_1297,-1.0702829
IsPETaseWT_pool_1298,-0.4310825
IsPETaseWT_pool_1299,-1.1083448
IsPETaseWT_pool_1300,-1.0405582
IsPETaseWT_pool_1301,-1.089587
IsPETaseWT_pool_1302,-1.1187356
IsPETaseWT_pool_1303,-2.2379346
IsPETaseWT_pool_1304,-1.1610132
IsPETaseWT_pool_1305,-1.4771597
IsPETaseWT_pool_1306,-1.6234561
IsPETaseWT_pool_1307,-1.7636875
IsPETaseWT_pool_1308,-0.87277615
IsPETaseWT_pool_1309,-1.7104514
IsPETaseWT_pool_1310,-1.197464
IsPETaseWT_pool_1311,-2.2171466
IsPETaseWT_pool_1312,-0.9928586
IsPETaseWT_pool_1313,-1.0278052
IsPETaseWT_pool_1314,-1.0740412
IsPETaseWT_pool_1315,-0.84512156
IsPETaseWT_pool_1316,-1.1578487
IsPETaseWT_pool_1317,-1.5702333
IsPETaseWT_pool_1318,-0.9112204
IsPETaseWT_pool_1319,-0.94008744
IsPETaseWT_pool_1320,-0.3996077
IsPETaseWT_pool_1321,-1.733046
IsPETaseWT_pool_1322,-0.9658582
IsPETaseWT_pool_1323,-0.38628697
IsPETaseWT_pool_1324,-1.1448313
IsPETaseWT_pool_1325,-1.6754882
IsPETaseWT_pool_1326,-1.1219296
IsPETaseWT_pool_1327,-1.0315605
IsPETaseWT_pool_1328,-0.8682478
IsPETaseWT_pool_1329,-1.5082886
IsPETaseWT_pool_1330,-0.65808
IsPETaseWT_pool_1331,-1.802515
IsPETaseWT_pool_1332,-1.088116
IsPETaseWT_pool_1333,-1.6706442
IsPETaseWT_pool_1334,-1.0702829
IsPETaseWT_pool_1335,-1.7043297
IsPETaseWT_pool_1336,-0.9432702
IsPETaseWT_pool_1337,-1.0900301
IsPETaseWT_pool_1338,-0.816248
IsPETaseWT_pool_1339,-1.7322594
IsPETaseWT_pool_1340,-1.0702829
IsPETaseWT_pool_1341,-2.235797
IsPETaseWT_pool_1342,-1.0966179
IsPETaseWT_pool_1343,-1.0224426
IsPETaseWT_pool_1344,-1.1150366
IsPETaseWT_pool_1345,-1.186324
IsPETaseWT_pool_1346,-1.1921297
IsPETaseWT_pool_1347,-1.05937
IsPETaseWT_pool_1348,-1.1751397
IsPETaseWT_pool_1349,-1.1137385
IsPETaseWT_pool_1350,-1.088116
IsPETaseWT_pool_1351,-1.0702829
IsPETaseWT_pool_1352,-1.6737332
IsPETaseWT_pool_1353,-1.7390445
IsPETaseWT_pool_1354,-1.6112069
IsPETaseWT_pool_1355,-1.1334857
IsPETaseWT_pool_1356,-1.111835
IsPETaseWT_pool_1357,-1.3524992
IsPETaseWT_pool_1358,-0.9383707
IsPETaseWT_pool_1359,-1.5281721
IsPETaseWT_pool_1360,-1.0009689
IsPETaseWT_pool_1361,-1.3034217
IsPETaseWT_pool_1362,-1.0831327
IsPETaseWT_pool_1363,-1.7637662
IsPETaseWT_pool_1364,-1.0497401
IsPETaseWT_pool_1365,-1.928899
IsPETaseWT_pool_1366,-1.1354527
IsPETaseWT_pool_1367,-1.2636256
IsPETaseWT_pool_1368,-1.0831327
IsPETaseWT_pool_1369,-2.0497532
IsPETaseWT_pool_1370,-2.5196679
IsPETaseWT_pool_1371,-1.1137385
IsPETaseWT_pool_1372,-1.6698682
IsPETaseWT_pool_1373,-1.1676364
IsPETaseWT_pool_1374,-1.589888
IsPETaseWT_pool_1375,-1.618038
IsPETaseWT_pool_1376,-0.94263285
IsPETaseWT_pool_1377,-1.222642
IsPETaseWT_pool_1378,-1.1087867
IsPETaseWT_pool_1379,-0.938359
IsPETaseWT_pool_1380,-1.1884516
IsPETaseWT_pool_1381,-1.7670829
IsPETaseWT_pool_1382,-1.0677389
IsPETaseWT_pool_1383,-0.39497688
IsPETaseWT_pool_1384,-1.1522673
IsPETaseWT_pool_1385,-1.1712475
IsPETaseWT_pool_1386,-1.088116
IsPETaseWT_pool_1387,-1.4456767
IsPETaseWT_pool_1388,-1.3866404
IsPETaseWT_pool_1389,-0.94689894
IsPETaseWT_pool_1390,-0.7713505
IsPETaseWT_pool_1391,-1.5485502
IsPETaseWT_pool_1392,-1.4846891
IsPETaseWT_pool_1393,-0.9926726
IsPETaseWT_pool_1394,-1.1323779
IsPETaseWT_pool_1395,-1.7673409
IsPETaseWT_pool_1396,-1.4612503
IsPETaseWT_pool_1397,-2.1962473
IsPETaseWT_pool_1398,-0.7964191
IsPETaseWT_pool_1399,-1.1030934
IsPETaseWT_pool_1400,-0.94568837
IsPETaseWT_pool_1401,-0.8430051
IsPETaseWT_pool_1402,-1.5646169
IsPETaseWT_pool_1403,-1.5029081
IsPETaseWT_pool_1404,-1.8650591
IsPETaseWT_pool_1405,-1.5437267
IsPETaseWT_pool_1406,-1.5967069
IsPETaseWT_pool_1407,-1.0702829
IsPETaseWT_pool_1408,-1.781054
IsPETaseWT_pool_1409,-1.50241
IsPETaseWT_pool_1410,-1.1344342
IsPETaseWT_pool_1411,-1.1344342
IsPETaseWT_pool_1412,-1.0497401
IsPETaseWT_pool_1413,-1.0702829
IsPETaseWT_pool_1414,-1.512419
IsPETaseWT_pool_1415,-1.7328328
IsPETaseWT_pool_1416,-1.2244685
IsPETaseWT_pool_1417,-1.0702829
IsPETaseWT_pool_1418,-1.0626457
IsPETaseWT_pool_1419,-1.2113409
IsPETaseWT_pool_1420,-1.5749483
IsPETaseWT_pool_1421,-1.1253427
IsPETaseWT_pool_1422,-1.6680773
IsPETaseWT_pool_1423,-1.7240225
IsPETaseWT_pool_1424,-1.1344342
IsPETaseWT_pool_1425,-1.1734225
IsPETaseWT_pool_1426,-1.155772
IsPETaseWT_pool_1427,-1.691435
IsPETaseWT_pool_1428,-1.6574037
IsPETaseWT_pool_1429,-1.1337903
IsPETaseWT_pool_1430,-0.90531206
IsPETaseWT_pool_1431,-1.1718013
IsPETaseWT_pool_1432,-1.0666741
IsPETaseWT_pool_1433,-2.0639176
IsPETaseWT_pool_1434,-1.1003745
IsPETaseWT_pool_1435,-1.6483302
IsPETaseWT_pool_1436,-1.2098567
IsPETaseWT_pool_1437,-0.82961595
IsPETaseWT_pool_1438,-1.8025407
IsPETaseWT_pool_1439,-0.8690013
IsPETaseWT_pool_1440,-1.4083687
IsPETaseWT_pool_1441,0.071163476
IsPETaseWT_pool_1442,-1.147284
IsPETaseWT_pool_1443,-2.103958
IsPETaseWT_pool_1444,-1.7413329
IsPETaseWT_pool_1445,-1.088116
IsPETaseWT_pool_1446,-1.0417898
IsPETaseWT_pool_1447,-1.7994289
IsPETaseWT_pool_1448,-1.0702829
IsPETaseWT_pool_1449,-1.3431687
IsPETaseWT_pool_1450,-1.2141535
IsPETaseWT_pool_1451,-1.0831327
IsPETaseWT_pool_1452,-0.97701085
IsPETaseWT_pool_1453,-1.2751788
IsPETaseWT_pool_1454,-1.0210208
IsPETaseWT_pool_1455,-0.9868786
IsPETaseWT_pool_1456,-1.0831327
IsPETaseWT_pool_1457,-1.1221647
IsPETaseWT_pool_1458,-0.3351071
IsPETaseWT_pool_1459,-1.1436267
IsPETaseWT_pool_1460,-1.1222935
IsPETaseWT_pool_1461,-1.3022846
IsPETaseWT_pool_1462,-2.0726268
IsPETaseWT_pool_1463,-1.6208693
IsPETaseWT_pool_1464,-1.4510634
IsPETaseWT_pool_1465,-1.4413862
IsPETaseWT_pool_1466,-1.2581131
IsPETaseWT_pool_1467,-1.1652526
IsPETaseWT_pool_1468,-1.7863683
IsPETaseWT_pool_1469,-1.147948
IsPETaseWT_pool_1470,-1.1028799
IsPETaseWT_pool_1471,-1.2010261
IsPETaseWT_pool_1472,-1.3802632
IsPETaseWT_pool_1473,-1.0851605
IsPETaseWT_pool_1474,-1.0971401
IsPETaseWT_pool_1475,-2.015972
IsPETaseWT_pool_1476,-1.4724331
IsPETaseWT_pool_1477,-1.2572953
IsPETaseWT_pool_1478,-1.3341178
IsPETaseWT_pool_1479,-1.6369079
IsPETaseWT_pool_1480,-0.918419
IsPETaseWT_pool_1481,-1.1732265
IsPETaseWT_pool_1482,-1.6165599
IsPETaseWT_pool_1483,-1.2306585
IsPETaseWT_pool_1484,-1.0831327
IsPETaseWT_pool_1485,-0.5496191
IsPETaseWT_pool_1486,-1.2486172
IsPETaseWT_pool_1487,-1.0702829
IsPETaseWT_pool_1488,-1.0879923
IsPETaseWT_pool_1489,-1.1323779
IsPETaseWT_pool_1490,-1.279738
IsPETaseWT_pool_1491,-0.8827414
IsPETaseWT_pool_1492,-1.1712475
IsPETaseWT_pool_1493,-1.0702829
IsPETaseWT_pool_1494,-0.26459005
IsPETaseWT_pool_1495,-1.1187356
IsPETaseWT_pool_1496,-1.6226356
IsPETaseWT_pool_1497,-1.4793547
IsPETaseWT_pool_1498,-1.0038059
IsPETaseWT_pool_1499,-2.7741494
IsPETaseWT_pool_1500,-1.0330862
IsPETaseWT_pool_1501,-1.7078949
IsPETaseWT_pool_1502,-1.730334
IsPETaseWT_pool_1503,-1.1138914
IsPETaseWT_pool_1504,-1.085968
IsPETaseWT_pool_1505,-0.9325352
IsPETaseWT_pool_1506,-2.3494797
IsPETaseWT_pool_1507,-1.0702829
IsPETaseWT_pool_1508,-1.9092753
IsPETaseWT_pool_1509,-0.9048649
IsPETaseWT_pool_1510,-1.3014985
IsPETaseWT_pool_1511,-1.7810913
IsPETaseWT_pool_1512,-0.9629744
IsPETaseWT_pool_1513,-1.1342266
IsPETaseWT_pool_1514,-1.873859
IsPETaseWT_pool_1515,-1.6809272
IsPETaseWT_pool_1516,-1.1235952
IsPETaseWT_pool_1517,-1.0603119
IsPETaseWT_pool_1518,-1.0831327
IsPETaseWT_pool_1519,-0.9511833
IsPETaseWT_pool_1520,-1.1870854
IsPETaseWT_pool_1521,-1.1956927
IsPETaseWT_pool_1522,-1.7712896
IsPETaseWT_pool_1523,-0.9563565
IsPETaseWT_pool_1524,-1.1778898
IsPETaseWT_pool_1525,-1.1522673
IsPETaseWT_pool_1526,-1.1129428
IsPETaseWT_pool_1527,-1.0900301
IsPETaseWT_pool_1528,-1.8880106
IsPETaseWT_pool_1529,-1.966326
IsPETaseWT_pool_1530,-1.0900301
IsPETaseWT_pool_1531,-0.34413573
IsPETaseWT_pool_1532,-0.9001581
IsPETaseWT_pool_1533,-1.0831327
IsPETaseWT_pool_1534,-1.7737703
IsPETaseWT_pool_1535,-1.6705596
IsPETaseWT_pool_1536,-0.91575205
IsPETaseWT_pool_1537,-1.0702829
IsPETaseWT_pool_1538,-1.0625899
IsPETaseWT_pool_1539,-1.6277831
IsPETaseWT_pool_1540,-1.9518652
IsPETaseWT_pool_1541,-1.3421966
IsPETaseWT_pool_1542,-1.1335005
IsPETaseWT_pool_1543,-1.6512642
IsPETaseWT_pool_1544,-1.1344342
IsPETaseWT_pool_1545,-1.5259889
IsPETaseWT_pool_1546,-2.8694856
IsPETaseWT_pool_1547,-1.164435
IsPETaseWT_pool_1548,-1.5558264
IsPETaseWT_pool_1549,-1.5768672
IsPETaseWT_pool_1550,-1.9791732
IsPETaseWT_pool_1551,-0.91008544
IsPETaseWT_pool_1552,-0.8579308
IsPETaseWT_pool_1553,-1.0900301
IsPETaseWT_pool_1554,-2.1348467
IsPETaseWT_pool_1555,-0.58861464
IsPETaseWT_pool_1556,-1.1637187
IsPETaseWT_pool_1557,-1.5736324
IsPETaseWT_pool_1558,-1.7565606
IsPETaseWT_pool_1559,-1.6863748
IsPETaseWT_pool_1560,-1.2518731
IsPETaseWT_pool_1561,-1.3089721
IsPETaseWT_pool_1562,-1.3027081
IsPETaseWT_pool_1563,-0.45673013
IsPETaseWT_pool_1564,-1.212833
IsPETaseWT_pool_1565,-1.1028799
IsPETaseWT_pool_1566,-1.1283294
IsPETaseWT_pool_1567,-0.977159
IsPETaseWT_pool_1568,-1.0831327
IsPETaseWT_pool_1569,-2.4372222
IsPETaseWT_pool_1570,-1.0780649
IsPETaseWT_pool_1571,-1.1138914
IsPETaseWT_pool_1572,-1.1334857
IsPETaseWT_pool_1573,-0.527344
IsPETaseWT_pool_1574,-1.697948
IsPETaseWT_pool_1575,-1.0871843
IsPETaseWT_pool_1576,-1.0007081
IsPETaseWT_pool_1577,-0.8071853
IsPETaseWT_pool_1578,-1.5786463
IsPETaseWT_pool_1579,-0.86647713
IsPETaseWT_pool_1580,-1.801723
IsPETaseWT_pool_1581,-1.1674651
IsPETaseWT_pool_1582,-1.2124249
IsPETaseWT_pool_1583,-1.1005265
IsPETaseWT_pool_1584,-1.111835
IsPETaseWT_pool_1585,-1.0350816
IsPETaseWT_pool_1586,-1.7637662
IsPETaseWT_pool_1587,-1.1256329
IsPETaseWT_pool_1588,-2.1452405
IsPETaseWT_pool_1589,-0.9277657
IsPETaseWT_pool_1590,-0.8815373
IsPETaseWT_pool_1591,-1.0768037
IsPETaseWT_pool_1592,-1.0268537
IsPETaseWT_pool_1593,-2.5303073
IsPETaseWT_pool_1594,-1.1344342
IsPETaseWT_pool_1595,-1.5624268
IsPETaseWT_pool_1596,-2.2613425
IsPETaseWT_pool_1597,-1.0702829
IsPETaseWT_pool_1598,-1.1906465
IsPETaseWT_pool_1599,-1.0737035
IsPETaseWT_pool_1600,-1.0305198
IsPETaseWT_pool_1601,-0.88263553
IsPETaseWT_pool_1602,-1.9724288
IsPETaseWT_pool_1603,-0.84593415
IsPETaseWT_pool_1604,-1.8082285
IsPETaseWT_pool_1605,-1.0900301
IsPETaseWT_pool_1606,-1.0797472
IsPETaseWT_pool_1607,-0.8872696
IsPETaseWT_pool_1608,-1.4860395
IsPETaseWT_pool_1609,-1.5930638
IsPETaseWT_pool_1610,-1.1780543
IsPETaseWT_pool_1611,-1.7608471
IsPETaseWT_pool_1612,-0.9706888
IsPETaseWT_pool_1613,-2.1877475
IsPETaseWT_pool_1614,-1.0497401
IsPETaseWT_pool_1615,-2.2902102
IsPETaseWT_pool_1616,-2.1493595
IsPETaseWT_pool_1617,-2.3958333
IsPETaseWT_pool_1618,-1.1653976
IsPETaseWT_pool_1619,-1.0877316
IsPETaseWT_pool_1620,-1.0863863
IsPETaseWT_pool_1621,-1.0581222
IsPETaseWT_pool_1622,-1.0702829
IsPETaseWT_pool_1623,-2.2038453
IsPETaseWT_pool_1624,-2.032784
IsPETaseWT_pool_1625,-1.2339327
IsPETaseWT_pool_1626,-1.0942403
IsPETaseWT_pool_1627,-0.9460267
IsPETaseWT_pool_1628,-1.0702829
IsPETaseWT_pool_1629,-1.6279533
IsPETaseWT_pool_1630,-1.155633
IsPETaseWT_pool_1631,-1.2178001
IsPETaseWT_pool_1632,-0.7956351
IsPETaseWT_pool_1633,-2.1082978
IsPETaseWT_pool_1634,-0.9855059
IsPETaseWT_pool_1635,-1.7166829
IsPETaseWT_pool_1636,-1.1001688
IsPETaseWT_pool_1637,-1.7994123
IsPETaseWT_pool_1638,-1.7664467
IsPETaseWT_pool_1639,-1.8647403
IsPETaseWT_pool_1640,-1.4610571
IsPETaseWT_pool_1641,-1.256281
IsPETaseWT_pool_1642,-1.0799868
IsPETaseWT_pool_1643,-1.0109912
IsPETaseWT_pool_1644,-1.3280385
IsPETaseWT_pool_1645,-1.176152
IsPETaseWT_pool_1646,-1.1913087
IsPETaseWT_pool_1647,-1.2311251
IsPETaseWT_pool_1648,-1.1317439
IsPETaseWT_pool_1649,-1.0793564
IsPETaseWT_pool_1650,-1.6680773
IsPETaseWT_pool_1651,-1.0702829
IsPETaseWT_pool_1652,-1.0995674
IsPETaseWT_pool_1653,-1.901586
IsPETaseWT_pool_1654,-0.8883184
IsPETaseWT_pool_1655,-1.8976855
IsPETaseWT_pool_1656,-1.7046357
IsPETaseWT_pool_1657,-1.1861676
IsPETaseWT_pool_1658,-0.97670925
IsPETaseWT_pool_1659,-1.9472562
IsPETaseWT_pool_1660,-1.257209
IsPETaseWT_pool_1661,-1.3467072
IsPETaseWT_pool_1662,-2.5297885
IsPETaseWT_pool_1663,-1.1496599
IsPETaseWT_pool_1664,-1.3189918
IsPETaseWT_pool_1665,-2.0032861
IsPETaseWT_pool_1666,-2.5465872
IsPETaseWT_pool_1667,-1.8317735
IsPETaseWT_pool_1668,-1.7928411
IsPETaseWT_pool_1669,-1.6752602
IsPETaseWT_pool_1670,-2.450923
IsPETaseWT_pool_1671,-1.1999832
IsPETaseWT_pool_1672,-1.088899
IsPETaseWT_pool_1673,-1.1283294
IsPETaseWT_pool_1674,-1.7230301
IsPETaseWT_pool_1675,-1.2865398
IsPETaseWT_pool_1676,-1.2909645
IsPETaseWT_pool_1677,-1.0216787
IsPETaseWT_pool_1678,-1.1063639
IsPETaseWT_pool_1679,-2.3619041
IsPETaseWT_pool_1680,-1.6027832
IsPETaseWT_pool_1681,-1.8275867
IsPETaseWT_pool_1682,-0.8430133
IsPETaseWT_pool_1683,-2.4891303
IsPETaseWT_pool_1684,-1.5990081
IsPETaseWT_pool_1685,-1.2816747
IsPETaseWT_pool_1686,-0.9054947
IsPETaseWT_pool_1687,-1.1836784
IsPETaseWT_pool_1688,-1.8157475
IsPETaseWT_pool_1689,-1.5397878
IsPETaseWT_pool_1690,-1.3356643
IsPETaseWT_pool_1691,-1.9228027
IsPETaseWT_pool_1692,-1.9057412
IsPETaseWT_pool_1693,-1.0107925
IsPETaseWT_pool_1694,-1.8517592
IsPETaseWT_pool_1695,-1.66118
IsPETaseWT_pool_1696,-1.0900301
IsPETaseWT_pool_1697,-1.0831327
IsPETaseWT_pool_1698,-0.52362245
IsPETaseWT_pool_1699,-1.0389236
IsPETaseWT_pool_1700,-1.7415023
IsPETaseWT_pool_1701,-1.6917859
IsPETaseWT_pool_1702,-1.2591656
IsPETaseWT_pool_1703,-1.4033921
IsPETaseWT_pool_1704,-0.9792672
IsPETaseWT_pool_1705,-0.97088504
IsPETaseWT_pool_1706,-1.0702829
IsPETaseWT_pool_1707,-1.8926756
IsPETaseWT_pool_1708,-1.0797472
IsPETaseWT_pool_1709,-1.7542232
IsPETaseWT_pool_1710,-1.0588136
IsPETaseWT_pool_1711,-1.1670843
IsPETaseWT_pool_1712,-1.6103597
IsPETaseWT_pool_1713,-1.088116
IsPETaseWT_pool_1714,-1.088116
IsPETaseWT_pool_1715,-1.0702829
IsPETaseWT_pool_1716,-1.0743246
IsPETaseWT_pool_1717,-1.66118
IsPETaseWT_pool_1718,-1.6748157
IsPETaseWT_pool_1719,-1.1583668
IsPETaseWT_pool_1720,-0.9430661
IsPETaseWT_pool_1721,-1.9308703
IsPETaseWT_pool_1722,-1.0831327
IsPETaseWT_pool_1723,-2.01665
IsPETaseWT_pool_1724,-1.6952391
IsPETaseWT_pool_1725,-1.2872435
IsPETaseWT_pool_1726,-1.0286435
IsPETaseWT_pool_1727,-1.191204
IsPETaseWT_pool_1728,-1.1589934
IsPETaseWT_pool_1729,-1.6691213
IsPETaseWT_pool_1730,-1.8348619
IsPETaseWT_pool_1731,-1.1344342
IsPETaseWT_pool_1732,-1.1828868
IsPETaseWT_pool_1733,-1.1985607
IsPETaseWT_pool_1734,-1.7999105
IsPETaseWT_pool_1735,-1.3952634
IsPETaseWT_pool_1736,-1.2755069
IsPETaseWT_pool_1737,-2.2893984
IsPETaseWT_pool_1738,-1.734684
IsPETaseWT_pool_1739,-1.2319034
IsPETaseWT_pool_1740,-1.6590658
IsPETaseWT_pool_1741,-1.238552
IsPETaseWT_pool_1742,-1.5733196
IsPETaseWT_pool_1743,-1.0702829
IsPETaseWT_pool_1744,-1.8916367
IsPETaseWT_pool_1745,-1.7456826
IsPETaseWT_pool_1746,-1.4579191
IsPETaseWT_pool_1747,-1.558877
IsPETaseWT_pool_1748,-1.1344342
IsPETaseWT_pool_1749,-1.736603
IsPETaseWT_pool_1750,-1.0382932
IsPETaseWT_pool_1751,-1.1969172
IsPETaseWT_pool_1752,-1.6820112
IsPETaseWT_pool_1753,-1.2339327
IsPETaseWT_pool_1754,-1.8146244
IsPETaseWT_pool_1755,-1.0010148
IsPETaseWT_pool_1756,-1.7637662
IsPETaseWT_pool_1757,-1.391957
IsPETaseWT_pool_1758,-1.0584769
IsPETaseWT_pool_1759,-1.1684909
IsPETaseWT_pool_1760,-0.9455354
IsPETaseWT_pool_1761,-1.0702829
IsPETaseWT_pool_1762,-1.5952556
IsPETaseWT_pool_1763,-0.9955713
IsPETaseWT_pool_1764,-1.5845668
IsPETaseWT_pool_1765,-1.1229649
IsPETaseWT_pool_1766,-1.6023437
IsPETaseWT_pool_1767,-0.8573565
IsPETaseWT_pool_1768,-1.4368324
IsPETaseWT_pool_1769,-1.7046357
IsPETaseWT_pool_1770,-1.6780094
IsPETaseWT_pool_1771,-1.0702829
IsPETaseWT_pool_1772,-1.7198715
IsPETaseWT_pool_1773,-1.6661633
IsPETaseWT_pool_1774,-1.6857339
IsPETaseWT_pool_1775,-0.82194096
IsPETaseWT_pool_1776,-1.1318067
IsPETaseWT_pool_1777,-1.408979
IsPETaseWT_pool_1778,-0.86975735
IsPETaseWT_pool_1779,-1.1183128
IsPETaseWT_pool_1780,-0.83445865
IsPETaseWT_pool_1781,-1.1999832
IsPETaseWT_pool_1782,-1.2289232
IsPETaseWT_pool_1783,-1.4740481
IsPETaseWT_pool_1784,-2.107093
IsPETaseWT_pool_1785,-1.8003609
IsPETaseWT_pool_1786,-1.2385406
IsPETaseWT_pool_1787,-1.0720541
IsPETaseWT_pool_1788,-1.5150933
IsPETaseWT_pool_1789,-1.147284
IsPETaseWT_pool_1790,-1.7524996
IsPETaseWT_pool_1791,-1.000378
IsPETaseWT_pool_1792,-1.7754557
IsPETaseWT_pool_1793,-1.387729
IsPETaseWT_pool_1794,-1.1522673
IsPETaseWT_pool_1795,-0.8842615
IsPETaseWT_pool_1796,-1.6680773
IsPETaseWT_pool_1797,-1.6354437
IsPETaseWT_pool_1798,-1.6155555
IsPETaseWT_pool_1799,-1.9007002
IsPETaseWT_pool_1800,-1.7545496
IsPETaseWT_pool_1801,-1.6953813
IsPETaseWT_pool_1802,-1.1582379
IsPETaseWT_pool_1803,-1.1109294
IsPETaseWT_pool_1804,-1.8117931
IsPETaseWT_pool_1805,-1.8042501
IsPETaseWT_pool_1806,-1.9164867
IsPETaseWT_pool_1807,-1.088116
IsPETaseWT_pool_1808,-1.1510824
IsPETaseWT_pool_1809,-1.1522673
IsPETaseWT_pool_1810,-1.3257861
IsPETaseWT_pool_1811,-0.89663184
IsPETaseWT_pool_1812,-1.7115331
IsPETaseWT_pool_1813,-1.043859
IsPETaseWT_pool_1814,-0.2920685
IsPETaseWT_pool_1815,-1.4368324
IsPETaseWT_pool_1816,-1.1138914
IsPETaseWT_pool_1817,-1.9094269
IsPETaseWT_pool_1818,-1.7644261
IsPETaseWT_pool_1819,-1.5612228
IsPETaseWT_pool_1820,-1.9160682
IsPETaseWT_pool_1821,-1.2679241
IsPETaseWT_pool_1822,-2.0803828
IsPETaseWT_pool_1823,-1.9404448
IsPETaseWT_pool_1824,-1.6680773
IsPETaseWT_pool_1825,-1.2145361
IsPETaseWT_pool_1826,-1.9734257
IsPETaseWT_pool_1827,-1.140882
IsPETaseWT_pool_1828,-1.0702829
IsPETaseWT_pool_1829,-1.9053209
IsPETaseWT_pool_1830,-1.6794821
IsPETaseWT_pool_1831,-1.1317245
IsPETaseWT_pool_1832,-2.46273
IsPETaseWT_pool_1833,-0.91383487
IsPETaseWT_pool_1834,-2.6919734
IsPETaseWT_pool_1835,-2.5749273
IsPETaseWT_pool_1836,-1.0931957
IsPETaseWT_pool_1837,-1.7046357
IsPETaseWT_pool_1838,-1.1138914
IsPETaseWT_pool_1839,-1.5920187
IsPETaseWT_pool_1840,-2.463932
IsPETaseWT_pool_1841,-1.6403664
IsPETaseWT_pool_1842,-1.8165288
IsPETaseWT_pool_1843,-1.9148808
IsPETaseWT_pool_1844,-1.5715771
IsPETaseWT_pool_1845,-1.188552
IsPETaseWT_pool_1846,-1.8509225
IsPETaseWT_pool_1847,-1.2064333
IsPETaseWT_pool_1848,-1.4395124
IsPETaseWT_pool_1849,-1.5912689
IsPETaseWT_pool_1850,-1.0024697
IsPETaseWT_pool_1851,-1.4934379
IsPETaseWT_pool_1852,-1.1058857
IsPETaseWT_pool_1853,-1.1224066
IsPETaseWT_pool_1854,-1.1207986
IsPETaseWT_pool_1855,-0.936252
IsPETaseWT_pool_1856,-0.9397017
IsPETaseWT_pool_1857,-0.8639331
IsPETaseWT_pool_1858,-1.2234839
IsPETaseWT_pool_1859,-0.8759414
IsPETaseWT_pool_1860,-1.1745983
IsPETaseWT_pool_1861,-0.9638028
IsPETaseWT_pool_1862,-0.8551737
IsPETaseWT_pool_1863,-2.0733402
IsPETaseWT_pool_1864,-1.7690312
IsPETaseWT_pool_1865,-1.8306651
IsPETaseWT_pool_1866,-1.1154796
IsPETaseWT_pool_1867,-1.8142399
IsPETaseWT_pool_1868,-1.0972146
IsPETaseWT_pool_1869,-1.8806335
IsPETaseWT_pool_1870,-1.0900301
IsPETaseWT_pool_1871,-1.1815217
IsPETaseWT_pool_1872,-1.1382227
IsPETaseWT_pool_1873,-1.0701557
IsPETaseWT_pool_1874,-1.7190828
IsPETaseWT_pool_1875,-1.1058857
IsPETaseWT_pool_1876,-1.1344342
IsPETaseWT_pool_1877,-1.1761758
IsPETaseWT_pool_1878,-1.1410278
IsPETaseWT_pool_1879,-1.2049795
IsPETaseWT_pool_1880,-1.1008554
IsPETaseWT_pool_1881,-1.7157178
IsPETaseWT_pool_1882,-1.0983196
IsPETaseWT_pool_1883,-0.97889334
IsPETaseWT_pool_1884,-1.947112
IsPETaseWT_pool_1885,-0.6570671
IsPETaseWT_pool_1886,-1.9580193
IsPETaseWT_pool_1887,-1.0335563
IsPETaseWT_pool_1888,-1.6481931
IsPETaseWT_pool_1889,-1.1043396
IsPETaseWT_pool_1890,-1.7869463
IsPETaseWT_pool_1891,-1.3317038
IsPETaseWT_pool_1892,-1.6716852
IsPETaseWT_pool_1893,-1.1499165
IsPETaseWT_pool_1894,-1.8391898
IsPETaseWT_pool_1895,-1.1845548
IsPETaseWT_pool_1896,-0.78364265
IsPETaseWT_pool_1897,-1.7993295
IsPETaseWT_pool_1898,-1.3612616
IsPETaseWT_pool_1899,-0.8593447
IsPETaseWT_pool_1900,-1.6965404
IsPETaseWT_pool_1901,-2.1647277
IsPETaseWT_pool_1902,-1.5956292
IsPETaseWT_pool_1903,-1.6681423
IsPETaseWT_pool_1904,-1.8595921
IsPETaseWT_pool_1905,-1.0900301
IsPETaseWT_pool_1906,-1.7555201
IsPETaseWT_pool_1907,-1.0554914
IsPETaseWT_pool_1908,-1.7766967
IsPETaseWT_pool_1909,-1.4105284
IsPETaseWT_pool_1910,-1.1344342
IsPETaseWT_pool_1911,-0.9488894
IsPETaseWT_pool_1912,-0.88431025
IsPETaseWT_pool_1913,-1.7049232
IsPETaseWT_pool_1914,-1.6050711
IsPETaseWT_pool_1915,-1.9155309
IsPETaseWT_pool_1916,-1.1297455
IsPETaseWT_pool_1917,-1.7735614
IsPETaseWT_pool_1918,-1.6965888
IsPETaseWT_pool_1919,-1.0772032
IsPETaseWT_pool_1920,-1.9323275
IsPETaseWT_pool_1921,-2.3562922
IsPETaseWT_pool_1922,-1.680646
IsPETaseWT_pool_1923,-1.7498324
IsPETaseWT_pool_1924,-1.2561857
IsPETaseWT_pool_1925,-1.1654054
IsPETaseWT_pool_1926,-1.1344342
IsPETaseWT_pool_1927,-1.7372609
IsPETaseWT_pool_1928,-1.9579219
IsPETaseWT_pool_1929,-2.9956896
IsPETaseWT_pool_1930,-1.2518128
IsPETaseWT_pool_1931,-2.1200428
IsPETaseWT_pool_1932,-1.8596576
IsPETaseWT_pool_1933,-1.3691162
IsPETaseWT_pool_1934,-1.9293065
IsPETaseWT_pool_1935,-1.133189
IsPETaseWT_pool_1936,-1.0702829
IsPETaseWT_pool_1937,-2.7532463
IsPETaseWT_pool_1938,-1.761556
IsPETaseWT_pool_1939,-2.9344168
IsPETaseWT_pool_1940,-0.8862242
IsPETaseWT_pool_1941,-1.6667916
IsPETaseWT_pool_1942,-2.1646993
IsPETaseWT_pool_1943,-1.2051961
IsPETaseWT_pool_1944,-1.6483302
IsPETaseWT_pool_1945,-1.1605974
IsPETaseWT_pool_1946,-0.8952435
IsPETaseWT_pool_1947,-1.7559372
IsPETaseWT_pool_1948,-1.0702829
IsPETaseWT_pool_1949,-1.0960115
IsPETaseWT_pool_1950,-1.1138914
IsPETaseWT_pool_1951,-1.6900479
IsPETaseWT_pool_1952,-1.0558352
IsPETaseWT_pool_1953,-1.0010909
IsPETaseWT_pool_1954,-1.7815248
IsPETaseWT_pool_1955,-1.81262
IsPETaseWT_pool_1956,-1.7063767
IsPETaseWT_pool_1957,-1.0841113
IsPETaseWT_pool_1958,-1.0435882
IsPETaseWT_pool_1959,-1.0315341
IsPETaseWT_pool_1960,0.16247073
IsPETaseWT_pool_1961,-1.1235952
IsPETaseWT_pool_1962,-1.6006052
IsPETaseWT_pool_1963,-1.1344342
IsPETaseWT_pool_1964,-1.6246567
IsPETaseWT_pool_1965,-1.3287193
IsPETaseWT_pool_1966,-3.4992363
IsPETaseWT_pool_1967,-1.0497401
IsPETaseWT_pool_1968,-1.2034339
IsPETaseWT_pool_1969,-1.1058857
IsPETaseWT_pool_1970,-1.0422126
IsPETaseWT_pool_1971,-0.909234
IsPETaseWT_pool_1972,-1.0156082
IsPETaseWT_pool_1973,-1.5535668
IsPETaseWT_pool_1974,-1.8338811
IsPETaseWT_pool_1975,-2.5333877
IsPETaseWT_pool_1976,-1.5172647
IsPETaseWT_pool_1977,-1.0831327
IsPETaseWT_pool_1978,-1.1815561
IsPETaseWT_pool_1979,-1.1376959
IsPETaseWT_pool_1980,-1.1631069
IsPETaseWT_pool_1981,-0.84187126
IsPETaseWT_pool_1982,-1.9760959
IsPETaseWT_pool_1983,-1.1474195
IsPETaseWT_pool_1984,-1.5489959
IsPETaseWT_pool_1985,-1.1137385
IsPETaseWT_pool_1986,-1.1137385
IsPETaseWT_pool_1987,-1.5474168
IsPETaseWT_pool_1988,-1.2095082
IsPETaseWT_pool_1989,-1.0702829
IsPETaseWT_pool_1990,-1.0949367
IsPETaseWT_pool_1991,-1.1312612
IsPETaseWT_pool_1992,-1.0702829
IsPETaseWT_pool_1993,-1.4847759
IsPETaseWT_pool_1994,-1.0949367
IsPETaseWT_pool_1995,-0.8455614
IsPETaseWT_pool_1996,-0.88392574
IsPETaseWT_pool_1997,-1.0688064
IsPETaseWT_pool_1998,-1.0809808
IsPETaseWT_pool_1999,-2.7852993
IsPETaseWT_pool_2000,-1.0956854
IsPETaseWT_pool_2001,-0.96481454
IsPETaseWT_pool_2002,-1.3151733
IsPETaseWT_pool_2003,-1.6480863
IsPETaseWT_pool_2004,-1.0702829
IsPETaseWT_pool_2005,-2.8527837
IsPETaseWT_pool_2006,-1.1915938
IsPETaseWT_pool_2007,-1.0212134
IsPETaseWT_pool_2008,-2.393656
IsPETaseWT_pool_2009,-1.0793564
IsPETaseWT_pool_2010,-1.088116
IsPETaseWT_pool_2011,-1.0702829
IsPETaseWT_pool_2012,-1.0825027
IsPETaseWT_pool_2013,-1.121797
IsPETaseWT_pool_2014,-1.088116
IsPETaseWT_pool_2015,-1.7233695
IsPETaseWT_pool_2016,-1.0443839
IsPETaseWT_pool_2017,-0.9620273
IsPETaseWT_pool_2018,-1.587707
IsPETaseWT_pool_2019,-1.7244935
IsPETaseWT_pool_2020,-1.1344342
IsPETaseWT_pool_2021,-0.6844082
IsPETaseWT_pool_2022,-1.0728822
IsPETaseWT_pool_2023,-1.329817
IsPETaseWT_pool_2024,-1.1525354
IsPETaseWT_pool_2025,-1.1385971
IsPETaseWT_pool_2026,-0.9688138
IsPETaseWT_pool_2027,-1.1825023
IsPETaseWT_pool_2028,-2.071174
IsPETaseWT_pool_2029,-1.4220917
IsPETaseWT_pool_2030,-1.0002253
IsPETaseWT_pool_2031,-2.2615056
IsPETaseWT_pool_2032,-1.539942
IsPETaseWT_pool_2033,-1.8346117
IsPETaseWT_pool_2034,-1.7008011
IsPETaseWT_pool_2035,-1.7012498
IsPETaseWT_pool_2036,-1.0625899
IsPETaseWT_pool_2037,-2.2050643
IsPETaseWT_pool_2038,-1.1344342
IsPETaseWT_pool_2039,-2.4446964
IsPETaseWT_pool_2040,-0.91786736
IsPETaseWT_pool_2041,-1.6483302
IsPETaseWT_pool_2042,-1.7623677
IsPETaseWT_pool_2043,-1.5894972
IsPETaseWT_pool_2044,-0.86349916
IsPETaseWT_pool_2045,-1.7732304
IsPETaseWT_pool_2046,-2.5602975
IsPETaseWT_pool_2047,-1.2697203
IsPETaseWT_pool_2048,-1.7438071
IsPETaseWT_pool_2049,-1.2485704
IsPETaseWT_pool_2050,-1.4825538
IsPETaseWT_pool_2051,-2.0719018
IsPETaseWT_pool_2052,-1.1541814
IsPETaseWT_pool_2053,-1.0945841
IsPETaseWT_pool_2054,-0.8858476
IsPETaseWT_pool_2055,-0.5409163
IsPETaseWT_pool_2056,-1.6478187
IsPETaseWT_pool_2057,-1.7520792
IsPETaseWT_pool_2058,-1.092597
IsPETaseWT_pool_2059,-1.1085352
IsPETaseWT_pool_2060,-1.8715243
IsPETaseWT_pool_2061,-0.58356553
IsPETaseWT_pool_2062,-1.7870545
IsPETaseWT_pool_2063,-1.0908078
IsPETaseWT_pool_2064,-1.1137385
IsPETaseWT_pool_2065,-0.93784237
IsPETaseWT_pool_2066,-1.2215185
IsPETaseWT_pool_2067,-0.004499768
IsPETaseWT_pool_2068,-1.6732152
IsPETaseWT_pool_2069,-1.1028799
IsPETaseWT_pool_2070,-1.0343201
IsPETaseWT_pool_2071,-1.9770151
IsPETaseWT_pool_2072,-1.4400561
IsPETaseWT_pool_2073,-1.2281766
IsPETaseWT_pool_2074,-0.7688241
IsPETaseWT_pool_2075,-1.1994022
IsPETaseWT_pool_2076,-1.0702829
IsPETaseWT_pool_2077,-0.824157
IsPETaseWT_pool_2078,-1.662412
IsPETaseWT_pool_2079,-2.021082
IsPETaseWT_pool_2080,-1.0436301
IsPETaseWT_pool_2081,-1.0908296
IsPETaseWT_pool_2082,-0.990441
IsPETaseWT_pool_2083,-1.2244685
IsPETaseWT_pool_2084,-1.3134392
IsPETaseWT_pool_2085,-1.3349525
IsPETaseWT_pool_2086,-1.4201194
IsPETaseWT_pool_2087,-2.6099257
IsPETaseWT_pool_2088,-1.359042
IsPETaseWT_pool_2089,-1.772826
IsPETaseWT_pool_2090,-2.035785
IsPETaseWT_pool_2091,-1.1629384
IsPETaseWT_pool_2092,-1.8770171
IsPETaseWT_pool_2093,-1.0900301
IsPETaseWT_pool_2094,-1.1737953
IsPETaseWT_pool_2095,-0.48419222
IsPETaseWT_pool_2096,-1.1481634
IsPETaseWT_pool_2097,-1.1344342
IsPETaseWT_pool_2098,-1.7460561
IsPETaseWT_pool_2099,-1.298084
IsPETaseWT_pool_2100,-0.98697466
IsPETaseWT_pool_2101,-1.418309
IsPETaseWT_pool_2102,-1.1282823
IsPETaseWT_pool_2103,-1.5685942
IsPETaseWT_pool_2104,-0.8975881
IsPETaseWT_pool_2105,-1.6561127
IsPETaseWT_pool_2106,-1.1307759
IsPETaseWT_pool_2107,-0.9587743
IsPETaseWT_pool_2108,-1.303808
IsPETaseWT_pool_2109,-1.122812
IsPETaseWT_pool_2110,-1.0817343
IsPETaseWT_pool_2111,-1.1442688
IsPETaseWT_pool_2112,-1.9578855
IsPETaseWT_pool_2113,-0.9246025
IsPETaseWT_pool_2114,-0.99035054
IsPETaseWT_pool_2115,-1.0259296
IsPETaseWT_pool_2116,-1.1171894
IsPETaseWT_pool_2117,-1.0766665
IsPETaseWT_pool_2118,-1.0634011
IsPETaseWT_pool_2119,-0.82772803
IsPETaseWT_pool_2120,-1.629835
IsPETaseWT_pool_2121,-0.9265213
IsPETaseWT_pool_2122,-0.87606394
IsPETaseWT_pool_2123,-1.8949028
IsPETaseWT_pool_2124,-1.241842
IsPETaseWT_pool_2125,-2.1882386
IsPETaseWT_pool_2126,-1.221298
IsPETaseWT_pool_2127,-1.2778965
IsPETaseWT_pool_2128,-1.0900301
IsPETaseWT_pool_2129,-1.5346465
IsPETaseWT_pool_2130,-1.3581711
IsPETaseWT_pool_2131,-1.8336573
IsPETaseWT_pool_2132,-1.5662088
IsPETaseWT_pool_2133,-1.0612037
IsPETaseWT_pool_2134,-0.9682404
IsPETaseWT_pool_2135,-1.1247168
IsPETaseWT_pool_2136,-1.3615446
IsPETaseWT_pool_2137,-1.0497401
IsPETaseWT_pool_2138,-0.94379663
IsPETaseWT_pool_2139,-1.66118
IsPETaseWT_pool_2140,-1.1957229
IsPETaseWT_pool_2141,-1.1859483
IsPETaseWT_pool_2142,-1.6775415
IsPETaseWT_pool_2143,-3.709087
IsPETaseWT_pool_2144,-1.0219861
IsPETaseWT_pool_2145,-1.7896652
IsPETaseWT_pool_2146,-1.1650696
IsPETaseWT_pool_2147,-1.5256404
IsPETaseWT_pool_2148,-1.0694872
IsPETaseWT_pool_2149,-1.8428235
IsPETaseWT_pool_2150,-1.1336385
IsPETaseWT_pool_2151,-1.0497401
IsPETaseWT_pool_2152,-1.4954697
IsPETaseWT_pool_2153,-1.418665
IsPETaseWT_pool_2154,-1.5675082
IsPETaseWT_pool_2155,-1.7825375
IsPETaseWT_pool_2156,-2.094244
IsPETaseWT_pool_2157,-1.5916653
IsPETaseWT_pool_2158,-1.3665016
IsPETaseWT_pool_2159,-1.1447489
IsPETaseWT_pool_2160,-0.8847383
IsPETaseWT_pool_2161,-1.0625899
IsPETaseWT_pool_2162,-1.2124856
IsPETaseWT_pool_2163,-1.3829473
IsPETaseWT_pool_2164,-1.2116187
IsPETaseWT_pool_2165,-1.2100738
IsPETaseWT_pool_2166,-1.2002412
IsPETaseWT_pool_2167,-1.1247168
IsPETaseWT_pool_2168,-1.1882082
IsPETaseWT_pool_2169,-0.8027442
IsPETaseWT_pool_2170,-1.8969123
IsPETaseWT_pool_2171,-1.1332656
IsPETaseWT_pool_2172,-0.9442979
IsPETaseWT_pool_2173,-1.1344342
IsPETaseWT_pool_2174,-1.1447489
IsPETaseWT_pool_2175,-1.088116
IsPETaseWT_pool_2176,-1.6483302
IsPETaseWT_pool_2177,-1.1629691
IsPETaseWT_pool_2178,-0.4676522
IsPETaseWT_pool_2179,-1.9366939
IsPETaseWT_pool_2180,-1.0692976
IsPETaseWT_pool_2181,-1.4651862
IsPETaseWT_pool_2182,-1.5223666
IsPETaseWT_pool_2183,-1.2000989
IsPETaseWT_pool_2184,-0.86647713
IsPETaseWT_pool_2185,-2.0418196
IsPETaseWT_pool_2186,-0.5079747
IsPETaseWT_pool_2187,-1.7820777
IsPETaseWT_pool_2188,-2.1739779
IsPETaseWT_pool_2189,-0.9579207
IsPETaseWT_pool_2190,-3.0185075
IsPETaseWT_pool_2191,-1.0831327
IsPETaseWT_pool_2192,-1.36106
IsPETaseWT_pool_2193,-1.0160836
IsPETaseWT_pool_2194,-0.936252
IsPETaseWT_pool_2195,-1.8112475
IsPETaseWT_pool_2196,-2.31049
IsPETaseWT_pool_2197,-0.9274498
IsPETaseWT_pool_2198,-1.1463355
IsPETaseWT_pool_2199,-1.1112335
IsPETaseWT_pool_2200,-1.6756731
IsPETaseWT_pool_2201,-1.7409458
IsPETaseWT_pool_2202,-1.6680773
IsPETaseWT_pool_2203,-2.4840565
IsPETaseWT_pool_2204,-1.2130525
IsPETaseWT_pool_2205,-1.6371075
IsPETaseWT_pool_2206,-1.6706442
IsPETaseWT_pool_2207,-1.1344342
IsPETaseWT_pool_2208,-1.7908871
IsPETaseWT_pool_2209,-1.2209532
IsPETaseWT_pool_2210,-0.86647713
IsPETaseWT_pool_2211,-1.1333127
IsPETaseWT_pool_2212,-1.28719
IsPETaseWT_pool_2213,-1.4906281
IsPETaseWT_pool_2214,-1.1421654
IsPETaseWT_pool_2215,-1.3470788
IsPETaseWT_pool_2216,-1.6793013
IsPETaseWT_pool_2217,-1.4251446
IsPETaseWT_pool_2218,-1.0942403
IsPETaseWT_pool_2219,-1.899412
IsPETaseWT_pool_2220,-0.902835
IsPETaseWT_pool_2221,-1.0261104
IsPETaseWT_pool_2222,-1.7300706
IsPETaseWT_pool_2223,-1.7328328
IsPETaseWT_pool_2224,-1.6740307
IsPETaseWT_pool_2225,-0.883127
IsPETaseWT_pool_2226,-1.6900984
IsPETaseWT_pool_2227,-0.83693576
IsPETaseWT_pool_2228,-1.8295027
IsPETaseWT_pool_2229,-1.1079051
IsPETaseWT_pool_2230,-1.4036194
IsPETaseWT_pool_2231,-1.4211745
IsPETaseWT_pool_2232,-2.1821725
IsPETaseWT_pool_2233,-1.0497401
IsPETaseWT_pool_2234,-1.1344342
IsPETaseWT_pool_2235,-1.0604465
IsPETaseWT_pool_2236,-0.9160946
IsPETaseWT_pool_2237,-0.8847383
IsPETaseWT_pool_2238,-0.9688138
IsPETaseWT_pool_2239,-1.1154796
IsPETaseWT_pool_2240,-1.1739603
IsPETaseWT_pool_2241,-1.8749772
IsPETaseWT_pool_2242,-2.171242
IsPETaseWT_pool_2243,-0.98791236
IsPETaseWT_pool_2244,-1.7756844
IsPETaseWT_pool_2245,-1.5370342
IsPETaseWT_pool_2246,-1.0865939
IsPETaseWT_pool_2247,-1.9923283
IsPETaseWT_pool_2248,-1.96206
IsPETaseWT_pool_2249,-0.2952632
IsPETaseWT_pool_2250,-2.6409
IsPETaseWT_pool_2251,-1.1039639
IsPETaseWT_pool_2252,-1.6276324
IsPETaseWT_pool_2253,-1.2799329
IsPETaseWT_pool_2254,-1.2029376
IsPETaseWT_pool_2255,-1.1726197
IsPETaseWT_pool_2256,-1.148923
IsPETaseWT_pool_2257,-1.216118
IsPETaseWT_pool_2258,-1.7211081
IsPETaseWT_pool_2259,-1.6458505
IsPETaseWT_pool_2260,-1.0020769
IsPETaseWT_pool_2261,-1.9348146
IsPETaseWT_pool_2262,-1.1286161
IsPETaseWT_pool_2263,-1.147284
IsPETaseWT_pool_2264,-1.6466182
IsPETaseWT_pool_2265,-2.028414
IsPETaseWT_pool_2266,-1.1132612
IsPETaseWT_pool_2267,-1.2018366
IsPETaseWT_pool_2268,-1.7296871
IsPETaseWT_pool_2269,-1.6700145
IsPETaseWT_pool_2270,-0.9019411
IsPETaseWT_pool_2271,-1.6952589
IsPETaseWT_pool_2272,-0.84593415
IsPETaseWT_pool_2273,-1.6900209
IsPETaseWT_pool_2274,-0.9390931
IsPETaseWT_pool_2275,-1.3841107
IsPETaseWT_pool_2276,-1.0611011
IsPETaseWT_pool_2277,-0.913559
IsPETaseWT_pool_2278,-0.81148326
IsPETaseWT_pool_2279,-1.2435745
IsPETaseWT_pool_2280,-1.0935141
IsPETaseWT_pool_2281,-1.7074009
IsPETaseWT_pool_2282,-1.5231513
IsPETaseWT_pool_2283,-1.1344342
IsPETaseWT_pool_2284,-1.4960519
IsPETaseWT_pool_2285,-1.8597208
IsPETaseWT_pool_2286,-1.9021285
IsPETaseWT_pool_2287,-1.5763619
IsPETaseWT_pool_2288,-1.0917462
IsPETaseWT_pool_2289,-1.0780942
IsPETaseWT_pool_2290,-1.810152
IsPETaseWT_pool_2291,-0.7684138
IsPETaseWT_pool_2292,-1.4774677
IsPETaseWT_pool_2293,-1.382977
IsPETaseWT_pool_2294,-2.6638007
IsPETaseWT_pool_2295,-0.90496075
IsPETaseWT_pool_2296,-2.4877641
IsPETaseWT_pool_2297,-0.7458348
IsPETaseWT_pool_2298,-2.2392416
IsPETaseWT_pool_2299,-1.802515
IsPETaseWT_pool_2300,-1.2876145
IsPETaseWT_pool_2301,-1.7120385
IsPETaseWT_pool_2302,-1.1028799
IsPETaseWT_pool_2303,-2.7548487
IsPETaseWT_pool_2304,-1.0049148
IsPETaseWT_pool_2305,-1.6917859
IsPETaseWT_pool_2306,-1.2664357
IsPETaseWT_pool_2307,-1.9256004
IsPETaseWT_pool_2308,-1.0868235
IsPETaseWT_pool_2309,-1.397265
IsPETaseWT_pool_2310,-0.4530036
IsPETaseWT_pool_2311,-1.2452996
IsPETaseWT_pool_2312,-2.0765927
IsPETaseWT_pool_2313,-1.1810222
IsPETaseWT_pool_2314,-1.4167732
IsPETaseWT_pool_2315,-1.4121794
IsPETaseWT_pool_2316,-1.2982477
IsPETaseWT_pool_2317,-1.6661633
IsPETaseWT_pool_2318,-0.9874789
IsPETaseWT_pool_2319,-1.1571083
IsPETaseWT_pool_2320,-1.4108237
IsPETaseWT_pool_2321,-0.8796152
IsPETaseWT_pool_2322,-2.1278913
IsPETaseWT_pool_2323,-1.1736224
IsPETaseWT_pool_2324,-2.7749975
IsPETaseWT_pool_2325,-1.9134767
IsPETaseWT_pool_2326,-1.2225856
IsPETaseWT_pool_2327,-0.84001166
IsPETaseWT_pool_2328,-1.0702829
IsPETaseWT_pool_2329,-1.9243233
IsPETaseWT_pool_2330,0.071416155
IsPETaseWT_pool_2331,-1.2237778
IsPETaseWT_pool_2332,-1.7535001
IsPETaseWT_pool_2333,-1.3066149
IsPETaseWT_pool_2334,-1.231266
IsPETaseWT_pool_2335,-0.8405778
IsPETaseWT_pool_2336,-0.8749422
IsPETaseWT_pool_2337,-1.0625899
IsPETaseWT_pool_2338,-1.1025876
IsPETaseWT_pool_2339,-1.7243829
IsPETaseWT_pool_2340,-1.1165544
IsPETaseWT_pool_2341,-0.923071
IsPETaseWT_pool_2342,-1.1449999
IsPETaseWT_pool_2343,-1.7066253
IsPETaseWT_pool_2344,-1.1168137
IsPETaseWT_pool_2345,-0.6150879
IsPETaseWT_pool_2346,-1.5019127
IsPETaseWT_pool_2347,-1.1265883
IsPETaseWT_pool_2348,-0.8587839
IsPETaseWT_pool_2349,-2.578473
IsPETaseWT_pool_2350,-2.1589336
IsPETaseWT_pool_2351,-2.010124
IsPETaseWT_pool_2352,-1.6224318
IsPETaseWT_pool_2353,-1.088116
IsPETaseWT_pool_2354,-1.0768037
IsPETaseWT_pool_2355,-1.6722876
IsPETaseWT_pool_2356,-1.0702369
IsPETaseWT_pool_2357,-1.050553
IsPETaseWT_pool_2358,-1.1251899
IsPETaseWT_pool_2359,-0.8587839
IsPETaseWT_pool_2360,-2.3531606
IsPETaseWT_pool_2361,-1.6624838
IsPETaseWT_pool_2362,-1.2011017
IsPETaseWT_pool_2363,-2.0952425
IsPETaseWT_pool_2364,-1.5774424
IsPETaseWT_pool_2365,-2.1411293
IsPETaseWT_pool_2366,-1.639193
IsPETaseWT_pool_2367,-1.4404541
IsPETaseWT_pool_2368,-1.0788466
IsPETaseWT_pool_2369,-1.6312103
IsPETaseWT_pool_2370,-1.5630239
IsPETaseWT_pool_2371,-0.9104087
IsPETaseWT_pool_2372,-0.8643609
IsPETaseWT_pool_2373,-1.0512812
IsPETaseWT_pool_2374,-2.0514712
IsPETaseWT_pool_2375,-1.0702829
IsPETaseWT_pool_2376,-0.9771389
IsPETaseWT_pool_2377,-1.162413
IsPETaseWT_pool_2378,-1.0702829
IsPETaseWT_pool_2379,-1.0839047
IsPETaseWT_pool_2380,-0.97242486
IsPETaseWT_pool_2381,-2.3683834
IsPETaseWT_pool_2382,-1.5019523
IsPETaseWT_pool_2383,-0.96744156
IsPETaseWT_pool_2384,-1.0065212
IsPETaseWT_pool_2385,-1.0338942
IsPETaseWT_pool_2386,-1.1541814
IsPETaseWT_pool_2387,-1.0217825
IsPETaseWT_pool_2388,-1.8336834
IsPETaseWT_pool_2389,-1.0404599
IsPETaseWT_pool_2390,-1.0191792
IsPETaseWT_pool_2391,-1.0865473
IsPETaseWT_pool_2392,-1.4887257
IsPETaseWT_pool_2393,0.07929284
IsPETaseWT_pool_2394,-1.5487363
IsPETaseWT_pool_2395,-1.1476762
IsPETaseWT_pool_2396,-1.3026563
IsPETaseWT_pool_2397,-0.9664869
IsPETaseWT_pool_2398,-1.7234268
IsPETaseWT_pool_2399,-1.212565
IsPETaseWT_pool_2400,-1.8053449
IsPETaseWT_pool_2401,-1.8716663
IsPETaseWT_pool_2402,-1.5873084
IsPETaseWT_pool_2403,-1.2996441
IsPETaseWT_pool_2404,-1.6027832
IsPETaseWT_pool_2405,-0.97222805
IsPETaseWT_pool_2406,-1.2901692
IsPETaseWT_pool_2407,-1.0702829
IsPETaseWT_pool_2408,-1.440544
IsPETaseWT_pool_2409,-0.468458
IsPETaseWT_pool_2410,-0.44858938
IsPETaseWT_pool_2411,-1.0540507
IsPETaseWT_pool_2412,-1.1230996
IsPETaseWT_pool_2413,-1.7896652
IsPETaseWT_pool_2414,-1.0361927
IsPETaseWT_pool_2415,-1.4747643
IsPETaseWT_pool_2416,-1.0636921
IsPETaseWT_pool_2417,-0.98930043
IsPETaseWT_pool_2418,-1.1698664
IsPETaseWT_pool_2419,-1.4948831
IsPETaseWT_pool_2420,-1.6677551
IsPETaseWT_pool_2421,-1.0702829
IsPETaseWT_pool_2422,-1.1941305
IsPETaseWT_pool_2423,-1.3760339
IsPETaseWT_pool_2424,-1.0702829
IsPETaseWT_pool_2425,-0.42872763
IsPETaseWT_pool_2426,-1.5226816
IsPETaseWT_pool_2427,-2.133058
IsPETaseWT_pool_2428,-1.0917908
IsPETaseWT_pool_2429,-1.0817343
IsPETaseWT_pool_2430,-1.66118
IsPETaseWT_pool_2431,-1.1216733
IsPETaseWT_pool_2432,-0.86557627
IsPETaseWT_pool_2433,-1.1850274
IsPETaseWT_pool_2434,-1.4791471
IsPETaseWT_pool_2435,-2.3996758
IsPETaseWT_pool_2436,-0.96094316
IsPETaseWT_pool_2437,-1.0702829
IsPETaseWT_pool_2438,-1.0748818
IsPETaseWT_pool_2439,-1.8389347
IsPETaseWT_pool_2440,-2.2353916
IsPETaseWT_pool_2441,-2.3041074
IsPETaseWT_pool_2442,-2.1020753
IsPETaseWT_pool_2443,-1.7012498
IsPETaseWT_pool_2444,-1.0131745
IsPETaseWT_pool_2445,-1.4400234
IsPETaseWT_pool_2446,-0.28719804
IsPETaseWT_pool_2447,-1.7513031
IsPETaseWT_pool_2448,-0.9884884
IsPETaseWT_pool_2449,-1.0702829
IsPETaseWT_pool_2450,-1.1022692
IsPETaseWT_pool_2451,-1.0755478
IsPETaseWT_pool_2452,-1.1701418
IsPETaseWT_pool_2453,-1.6687515
IsPETaseWT_pool_2454,-1.2359198
IsPETaseWT_pool_2455,-1.5056701
IsPETaseWT_pool_2456,-1.7867385
IsPETaseWT_pool_2457,-1.1069261
IsPETaseWT_pool_2458,-1.2965468
IsPETaseWT_pool_2459,-1.5103827
IsPETaseWT_pool_2460,-1.0694872
IsPETaseWT_pool_2461,-1.7778008
IsPETaseWT_pool_2462,-1.409331
IsPETaseWT_pool_2463,-1.0497923
IsPETaseWT_pool_2464,-1.8456964
IsPETaseWT_pool_2465,-0.92183447
IsPETaseWT_pool_2466,-1.1039442
IsPETaseWT_pool_2467,-1.0831327
IsPETaseWT_pool_2468,-1.1505457
IsPETaseWT_pool_2469,-0.87913084
IsPETaseWT_pool_2470,-1.6299748
IsPETaseWT_pool_2471,-1.7128254
IsPETaseWT_pool_2472,-1.6561035
IsPETaseWT_pool_2473,-1.0292953
IsPETaseWT_pool_2474,-1.6608673
IsPETaseWT_pool_2475,-1.147284
IsPETaseWT_pool_2476,-1.237288
IsPETaseWT_pool_2477,-1.6958046
IsPETaseWT_pool_2478,-1.0308839
IsPETaseWT_pool_2479,-1.8335378
IsPETaseWT_pool_2480,-1.73883
IsPETaseWT_pool_2481,-1.0900301
IsPETaseWT_pool_2482,-1.1522673
IsPETaseWT_pool_2483,-0.871076
IsPETaseWT_pool_2484,-2.1548803
IsPETaseWT_pool_2485,-1.065156
IsPETaseWT_pool_2486,-1.2230865
IsPETaseWT_pool_2487,-0.6938252
IsPETaseWT_pool_2488,-0.96346843
IsPETaseWT_pool_2489,-1.5621098
IsPETaseWT_pool_2490,-0.87941307
IsPETaseWT_pool_2491,-0.97749865
IsPETaseWT_pool_2492,-1.5546994
IsPETaseWT_pool_2493,-1.1921192
IsPETaseWT_pool_2494,-0.93717515
IsPETaseWT_pool_2495,-2.644202
IsPETaseWT_pool_2496,-1.0831327
IsPETaseWT_pool_2497,-1.1012884
IsPETaseWT_pool_2498,-2.86354
IsPETaseWT_pool_2499,-0.20961455
IsPETaseWT_pool_2500,-1.8459702
IsPETaseWT_pool_2501,-1.0702829
IsPETaseWT_pool_2502,-0.798646
IsPETaseWT_pool_2503,-1.0589103
IsPETaseWT_pool_2504,-1.7542232
IsPETaseWT_pool_2505,-1.6730636
IsPETaseWT_pool_2506,-1.7469395
IsPETaseWT_pool_2507,-1.0140915
IsPETaseWT_pool_2508,-1.7759639
IsPETaseWT_pool_2509,-1.4477246
IsPETaseWT_pool_2510,-1.2062919
IsPETaseWT_pool_2511,-0.7452326
IsPETaseWT_pool_2512,-0.49426362
IsPETaseWT_pool_2513,-1.0706407
IsPETaseWT_pool_2514,-1.1505457
IsPETaseWT_pool_2515,-1.1873835
IsPETaseWT_pool_2516,-0.9724188
IsPETaseWT_pool_2517,-1.7791498
IsPETaseWT_pool_2518,-1.2039256
IsPETaseWT_pool_2519,-1.69839
IsPETaseWT_pool_2520,-2.2757323
IsPETaseWT_pool_2521,-0.93626213
IsPETaseWT_pool_2522,-0.26219255
IsPETaseWT_pool_2523,-1.6890256
IsPETaseWT_pool_2524,-1.8339143
IsPETaseWT_pool_2525,-2.1896904
IsPETaseWT_pool_2526,-1.8726145
IsPETaseWT_pool_2527,-1.9978548
IsPETaseWT_pool_2528,-0.8404001
IsPETaseWT_pool_2529,-1.5632975
IsPETaseWT_pool_2530,-1.8715087
IsPETaseWT_pool_2531,-1.1466316
IsPETaseWT_pool_2532,-1.4198041
IsPETaseWT_pool_2533,-1.8795174
IsPETaseWT_pool_2534,-0.98455113
IsPETaseWT_pool_2535,-0.85522795
IsPETaseWT_pool_2536,-1.1884534
IsPETaseWT_pool_2537,-1.0007027
IsPETaseWT_pool_2538,-1.7698395
IsPETaseWT_pool_2539,-1.9113827
IsPETaseWT_pool_2540,-1.0440111
IsPETaseWT_pool_2541,-1.111835
IsPETaseWT_pool_2542,-1.1137385
IsPETaseWT_pool_2543,-1.3070648
IsPETaseWT_pool_2544,-2.3547618
IsPETaseWT_pool_2545,-1.6002574
IsPETaseWT_pool_2546,-1.5045283
IsPETaseWT_pool_2547,-0.47866458
IsPETaseWT_pool_2548,-0.78575265
IsPETaseWT_pool_2549,-1.0942403
IsPETaseWT_pool_2550,-0.8587839
IsPETaseWT_pool_2551,-1.0702829
IsPETaseWT_pool_2552,-2.4624224
IsPETaseWT_pool_2553,0.26950133
IsPETaseWT_pool_2554,-1.721106
IsPETaseWT_pool_2555,-1.0831327
IsPETaseWT_pool_2556,-1.4837978
IsPETaseWT_pool_2557,-1.6329733
IsPETaseWT_pool_2558,-1.7097912
IsPETaseWT_pool_2559,-2.0939472
IsPETaseWT_pool_2560,-1.1573137
IsPETaseWT_pool_2561,-0.84847194
IsPETaseWT_pool_2562,-1.0831327
IsPETaseWT_pool_2563,-0.94708157
IsPETaseWT_pool_2564,-1.1268373
IsPETaseWT_pool_2565,-1.0222417
IsPETaseWT_pool_2566,-0.9395175
IsPETaseWT_pool_2567,-1.1247168
IsPETaseWT_pool_2568,-1.36742
IsPETaseWT_pool_2569,-1.170676
IsPETaseWT_pool_2570,-1.6156899
IsPETaseWT_pool_2571,-2.1706963
IsPETaseWT_pool_2572,-0.8784746
IsPETaseWT_pool_2573,-1.6365137
IsPETaseWT_pool_2574,-1.0702829
IsPETaseWT_pool_2575,-1.0497401
IsPETaseWT_pool_2576,-1.9035287
IsPETaseWT_pool_2577,-1.1380377
IsPETaseWT_pool_2578,-1.1077394
IsPETaseWT_pool_2579,-1.1872772
IsPETaseWT_pool_2580,-1.0900301
IsPETaseWT_pool_2581,-1.7872077
IsPETaseWT_pool_2582,-1.4003657
IsPETaseWT_pool_2583,-1.0851605
IsPETaseWT_pool_2584,-1.0831327
IsPETaseWT_pool_2585,-1.6988965
IsPETaseWT_pool_2586,-1.0717359
IsPETaseWT_pool_2587,-1.1337903
IsPETaseWT_pool_2588,-0.72748876
IsPETaseWT_pool_2589,-1.1257926
IsPETaseWT_pool_2590,-1.0625899
IsPETaseWT_pool_2591,-1.2680769
IsPETaseWT_pool_2592,-0.99464184
IsPETaseWT_pool_2593,-1.6372516
IsPETaseWT_pool_2594,-1.1166787
IsPETaseWT_pool_2595,-1.811979
IsPETaseWT_pool_2596,-1.0497401
IsPETaseWT_pool_2597,-1.1831677
IsPETaseWT_pool_2598,-1.0793669
IsPETaseWT_pool_2599,-1.1987135
IsPETaseWT_pool_2600,-1.6386787
IsPETaseWT_pool_2601,-1.0428278
IsPETaseWT_pool_2602,-1.1138914
IsPETaseWT_pool_2603,-1.25939
IsPETaseWT_pool_2604,-1.1796309
IsPETaseWT_pool_2605,-1.9777483
IsPETaseWT_pool_2606,-1.0702829
IsPETaseWT_pool_2607,-0.86647713
IsPETaseWT_pool_2608,-2.5952053
IsPETaseWT_pool_2609,-1.7322937
IsPETaseWT_pool_2610,-1.7322286
IsPETaseWT_pool_2611,-1.1156669
IsPETaseWT_pool_2612,-1.2020361
IsPETaseWT_pool_2613,-0.8796152
IsPETaseWT_pool_2614,-1.1796309
IsPETaseWT_pool_2615,-1.8155382
IsPETaseWT_pool_2616,-0.9598781
IsPETaseWT_pool_2617,-1.0575503
IsPETaseWT_pool_2618,-1.157347
IsPETaseWT_pool_2619,-1.0832223
IsPETaseWT_pool_2620,-0.919397
IsPETaseWT_pool_2621,-0.86647713
IsPETaseWT_pool_2622,-1.0984752
IsPETaseWT_pool_2623,-1.9385254
IsPETaseWT_pool_2624,-1.6466374
IsPETaseWT_pool_2625,-0.98257047
IsPETaseWT_pool_2626,-1.0702829
IsPETaseWT_pool_2627,-1.5808505
IsPETaseWT_pool_2628,-0.9432874
IsPETaseWT_pool_2629,-0.9040061
IsPETaseWT_pool_2630,-0.8796152
IsPETaseWT_pool_2631,-0.9930418
IsPETaseWT_pool_2632,-1.1921297
IsPETaseWT_pool_2633,-1.1428994
IsPETaseWT_pool_2634,-0.8862242
IsPETaseWT_pool_2635,-0.9278084
IsPETaseWT_pool_2636,-1.7356448
IsPETaseWT_pool_2637,-1.7528901
IsPETaseWT_pool_2638,-1.2401855
IsPETaseWT_pool_2639,-1.1704545
IsPETaseWT_pool_2640,-1.1171894
IsPETaseWT_pool_2641,-1.6421789
IsPETaseWT_pool_2642,-1.1384194
IsPETaseWT_pool_2643,-1.7328328
IsPETaseWT_pool_2644,-1.1344342
IsPETaseWT_pool_2645,-1.3171294
IsPETaseWT_pool_2646,-0.98747367
IsPETaseWT_pool_2647,-1.694861
IsPETaseWT_pool_2648,-1.1350005
IsPETaseWT_pool_2649,-1.597653
IsPETaseWT_pool_2650,-1.1389074
IsPETaseWT_pool_2651,-1.1266567
IsPETaseWT_pool_2652,-1.4394577
IsPETaseWT_pool_2653,-1.8996441
IsPETaseWT_pool_2654,-1.2234651
IsPETaseWT_pool_2655,-1.8706846
IsPETaseWT_pool_2656,-1.686583
IsPETaseWT_pool_2657,-1.9100153
IsPETaseWT_pool_2658,-2.0329666
IsPETaseWT_pool_2659,-1.147948
IsPETaseWT_pool_2660,-2.186917
IsPETaseWT_pool_2661,-2.1564229
IsPETaseWT_pool_2662,-1.7710861
IsPETaseWT_pool_2663,-2.0135062
IsPETaseWT_pool_2664,-1.626444
IsPETaseWT_pool_2665,-1.0902109
IsPETaseWT_pool_2666,-1.1872349
IsPETaseWT_pool_2667,-1.1007553
IsPETaseWT_pool_2668,-1.6095506
IsPETaseWT_pool_2669,-0.8504879
IsPETaseWT_pool_2670,-0.9455354
IsPETaseWT_pool_2671,-1.1334857
IsPETaseWT_pool_2672,-1.2984324
IsPETaseWT_pool_2673,-1.4694335
IsPETaseWT_pool_2674,-1.5500941
IsPETaseWT_pool_2675,-1.0702829
IsPETaseWT_pool_2676,-1.3816476
IsPETaseWT_pool_2677,-1.797659
IsPETaseWT_pool_2678,-1.3735281
IsPETaseWT_pool_2679,-1.5678401
IsPETaseWT_pool_2680,-1.2321062
IsPETaseWT_pool_2681,-0.91006076
IsPETaseWT_pool_2682,-1.0608186
IsPETaseWT_pool_2683,-1.6027832
IsPETaseWT_pool_2684,-1.2358212
IsPETaseWT_pool_2685,-1.0582045
IsPETaseWT_pool_2686,-0.9051257
IsPETaseWT_pool_2687,-1.9610659
IsPETaseWT_pool_2688,-2.2096057
IsPETaseWT_pool_2689,-2.0547564
IsPETaseWT_pool_2690,-1.9660935
IsPETaseWT_pool_2691,-1.6023426
IsPETaseWT_pool_2692,-1.4177215
IsPETaseWT_pool_2693,-2.6529002
IsPETaseWT_pool_2694,-1.2817407
IsPETaseWT_pool_2695,-2.1260254
IsPETaseWT_pool_2696,-0.8647852
IsPETaseWT_pool_2697,-1.2755873
IsPETaseWT_pool_2698,-1.1028762
IsPETaseWT_pool_2699,-1.0555629
IsPETaseWT_pool_2700,-1.4830966
IsPETaseWT_pool_2701,-1.0793564
IsPETaseWT_pool_2702,-1.2563459
IsPETaseWT_pool_2703,-1.0793564
IsPETaseWT_pool_2704,-0.8522273
IsPETaseWT_pool_2705,-0.911008
IsPETaseWT_pool_2706,-0.9474531
IsPETaseWT_pool_2707,-1.1375666
IsPETaseWT_pool_2708,-1.1315717
IsPETaseWT_pool_2709,-1.2196225
IsPETaseWT_pool_2710,-1.00327
IsPETaseWT_pool_2711,-1.7212498
IsPETaseWT_pool_2712,-1.0371997
IsPETaseWT_pool_2713,-1.1301869
IsPETaseWT_pool_2714,-1.0625899
IsPETaseWT_pool_2715,-1.1201221
IsPETaseWT_pool_2716,-0.8922054
IsPETaseWT_pool_2717,-1.6822698
IsPETaseWT_pool_2718,-1.6840922
IsPETaseWT_pool_2719,-1.932924
IsPETaseWT_pool_2720,-1.122812
IsPETaseWT_pool_2721,-1.1058857
IsPETaseWT_pool_2722,-0.9318614
IsPETaseWT_pool_2723,-1.1282823
IsPETaseWT_pool_2724,-1.3654491
IsPETaseWT_pool_2725,-1.2477362
IsPETaseWT_pool_2726,-1.6726314
IsPETaseWT_pool_2727,-0.95522606
IsPETaseWT_pool_2728,-2.402895
IsPETaseWT_pool_2729,-1.7010047
IsPETaseWT_pool_2730,-1.6189414
IsPETaseWT_pool_2731,-1.3088071
IsPETaseWT_pool_2732,-2.5139036
IsPETaseWT_pool_2733,-1.7227713
IsPETaseWT_pool_2734,-1.0702829
IsPETaseWT_pool_2735,-1.6304973
IsPETaseWT_pool_2736,-1.7443527
IsPETaseWT_pool_2737,-1.7103896
IsPETaseWT_pool_2738,-1.2090381
IsPETaseWT_pool_2739,-1.456455
IsPETaseWT_pool_2740,-1.1215203
IsPETaseWT_pool_2741,-1.5673425
IsPETaseWT_pool_2742,-0.97265613
IsPETaseWT_pool_2743,-1.7595552
IsPETaseWT_pool_2744,-0.9463762
IsPETaseWT_pool_2745,-1.4547236
IsPETaseWT_pool_2746,-1.7308608
IsPETaseWT_pool_2747,-0.91989994
IsPETaseWT_pool_2748,-1.155529
IsPETaseWT_pool_2749,-1.1044655
IsPETaseWT_pool_2750,-1.0315341
IsPETaseWT_pool_2751,-0.6114844
IsPETaseWT_pool_2752,-1.1245531
IsPETaseWT_pool_2753,-1.0207505
IsPETaseWT_pool_2754,-1.06272
IsPETaseWT_pool_2755,-1.2993853
IsPETaseWT_pool_2756,-1.6935009
IsPETaseWT_pool_2757,-1.347894
IsPETaseWT_pool_2758,-1.7753428
IsPETaseWT_pool_2759,-1.0694872
IsPETaseWT_pool_2760,-1.2420741
IsPETaseWT_pool_2761,-1.1858462
IsPETaseWT_pool_2762,-1.1318206
IsPETaseWT_pool_2763,-1.0831327
IsPETaseWT_pool_2764,-0.95098066
IsPETaseWT_pool_2765,-1.7752345
IsPETaseWT_pool_2766,-1.1520234
IsPETaseWT_pool_2767,-1.3298448
IsPETaseWT_pool_2768,-1.169096
IsPETaseWT_pool_2769,-1.6769031
IsPETaseWT_pool_2770,-1.0919278
IsPETaseWT_pool_2771,-1.2532848
IsPETaseWT_pool_2772,-1.7124815
IsPETaseWT_pool_2773,-1.1187356
IsPETaseWT_pool_2774,-1.1581444
IsPETaseWT_pool_2775,-1.0900301
IsPETaseWT_pool_2776,-1.7365743
IsPETaseWT_pool_2777,-1.1028799
IsPETaseWT_pool_2778,-1.0949197
IsPETaseWT_pool_2779,-1.5063946
IsPETaseWT_pool_2780,-1.1828868
IsPETaseWT_pool_2781,-1.8328483
IsPETaseWT_pool_2782,-1.6841562
IsPETaseWT_pool_2783,-1.213427
IsPETaseWT_pool_2784,-1.1025876
IsPETaseWT_pool_2785,-2.328194
IsPETaseWT_pool_2786,-0.8759956
IsPETaseWT_pool_2787,-1.088116
IsPETaseWT_pool_2788,-1.2702234
IsPETaseWT_pool_2789,-0.8639331
IsPETaseWT_pool_2790,-1.776172
IsPETaseWT_pool_2791,-0.9538829
IsPETaseWT_pool_2792,-1.7342464
IsPETaseWT_pool_2793,-1.8144437
IsPETaseWT_pool_2794,-1.1058857
IsPETaseWT_pool_2795,-1.7830257
IsPETaseWT_pool_2796,-1.2249111
IsPETaseWT_pool_2797,-1.1154796
IsPETaseWT_pool_2798,-1.1857197
IsPETaseWT_pool_2799,-1.3521229
IsPETaseWT_pool_2800,-1.0908078
IsPETaseWT_pool_2801,-1.7328328
IsPETaseWT_pool_2802,-1.1501013
IsPETaseWT_pool_2803,-0.8688731
IsPETaseWT_pool_2804,-1.4906267
IsPETaseWT_pool_2805,-1.0702829
IsPETaseWT_pool_2806,-1.635376
IsPETaseWT_pool_2807,-1.1154796
IsPETaseWT_pool_2808,-1.1137385
IsPETaseWT_pool_2809,-1.0900301
IsPETaseWT_pool_2810,-2.0190141
IsPETaseWT_pool_2811,-1.6411209
IsPETaseWT_pool_2812,-0.9238186
IsPETaseWT_pool_2813,-1.0831327
IsPETaseWT_pool_2814,-1.6766453
IsPETaseWT_pool_2815,-1.0294659
IsPETaseWT_pool_2816,-0.5972446
IsPETaseWT_pool_2817,-1.0625899
IsPETaseWT_pool_2818,-1.6281064
IsPETaseWT_pool_2819,-1.6851374
IsPETaseWT_pool_2820,-1.1120734
IsPETaseWT_pool_2821,-1.1154332
IsPETaseWT_pool_2822,-1.0542843
IsPETaseWT_pool_2823,-1.1344342
IsPETaseWT_pool_2824,-1.6227884
IsPETaseWT_pool_2825,-2.0146012
IsPETaseWT_pool_2826,-1.1267412
IsPETaseWT_pool_2827,-1.3190346
IsPETaseWT_pool_2828,-1.228193
IsPETaseWT_pool_2829,-1.1649644
IsPETaseWT_pool_2830,-1.1165544
IsPETaseWT_pool_2831,-1.1286016
IsPETaseWT_pool_2832,-2.3807096
IsPETaseWT_pool_2833,-0.78888065
IsPETaseWT_pool_2834,-0.99921215
IsPETaseWT_pool_2835,-0.9158429
IsPETaseWT_pool_2836,-1.3000994
IsPETaseWT_pool_2837,-1.9381337
IsPETaseWT_pool_2838,-1.119528
IsPETaseWT_pool_2839,-1.6851877
IsPETaseWT_pool_2840,-2.1418188
IsPETaseWT_pool_2841,-0.94807756
IsPETaseWT_pool_2842,-1.6845891
IsPETaseWT_pool_2843,-1.3809148
IsPETaseWT_pool_2844,-1.0878396
IsPETaseWT_pool_2845,-2.8654974
IsPETaseWT_pool_2846,-1.2203516
IsPETaseWT_pool_2847,-1.1468723
IsPETaseWT_pool_2848,-1.0702829
IsPETaseWT_pool_2849,-1.088116
IsPETaseWT_pool_2850,-0.85389364
IsPETaseWT_pool_2851,-2.0158231
IsPETaseWT_pool_2852,-1.5822417
IsPETaseWT_pool_2853,-1.8204266
IsPETaseWT_pool_2854,-1.1838888
IsPETaseWT_pool_2855,-1.8873585
IsPETaseWT_pool_2856,-1.2722199
IsPETaseWT_pool_2857,-1.66118
IsPETaseWT_pool_2858,-2.491505
IsPETaseWT_pool_2859,-1.764615
IsPETaseWT_pool_2860,-1.0315341
IsPETaseWT_pool_2861,-1.0966047
IsPETaseWT_pool_2862,0.045181636
IsPETaseWT_pool_2863,-1.7079419
IsPETaseWT_pool_2864,-1.9118629
IsPETaseWT_pool_2865,-1.1473546
IsPETaseWT_pool_2866,-1.5083007
IsPETaseWT_pool_2867,-1.7306465
IsPETaseWT_pool_2868,-0.9337009
IsPETaseWT_pool_2869,-0.995912
IsPETaseWT_pool_2870,-1.6928346
IsPETaseWT_pool_2871,-1.7891752
IsPETaseWT_pool_2872,-1.1267412
IsPETaseWT_pool_2873,-0.4413025
IsPETaseWT_pool_2874,-1.1028799
IsPETaseWT_pool_2875,-1.0702829
IsPETaseWT_pool_2876,0.0013792167
IsPETaseWT_pool_2877,-1.2278262
IsPETaseWT_pool_2878,-1.1681895
IsPETaseWT_pool_2879,-0.8847383
IsPETaseWT_pool_2880,-1.7142149
IsPETaseWT_pool_2881,-1.6742423
IsPETaseWT_pool_2882,-1.7142149
IsPETaseWT_pool_2883,-1.517469
IsPETaseWT_pool_2884,-1.6295229
IsPETaseWT_pool_2885,-2.4326653
IsPETaseWT_pool_2886,-0.8702353
IsPETaseWT_pool_2887,-1.2383018
IsPETaseWT_pool_2888,-1.0449591
IsPETaseWT_pool_2889,-1.7027636
IsPETaseWT_pool_2890,-1.1522673
IsPETaseWT_pool_2891,-1.204561
IsPETaseWT_pool_2892,-1.4570315
IsPETaseWT_pool_2893,-1.4882315
IsPETaseWT_pool_2894,-0.7920966
IsPETaseWT_pool_2895,-1.0702829
IsPETaseWT_pool_2896,-1.2651336
IsPETaseWT_pool_2897,-0.86647713
IsPETaseWT_pool_2898,-1.8017
IsPETaseWT_pool_2899,-0.96118736
IsPETaseWT_pool_2900,-1.0403987
IsPETaseWT_pool_2901,-1.1039605
IsPETaseWT_pool_2902,-1.5513675
IsPETaseWT_pool_2903,-1.0905282
IsPETaseWT_pool_2904,-1.385923
IsPETaseWT_pool_2905,-1.66118
IsPETaseWT_pool_2906,-1.3561268
IsPETaseWT_pool_2907,-1.1512421
IsPETaseWT_pool_2908,-2.034491
IsPETaseWT_pool_2909,-1.9974829
IsPETaseWT_pool_2910,-1.0102096
IsPETaseWT_pool_2911,-1.3853738
IsPETaseWT_pool_2912,-1.5459687
IsPETaseWT_pool_2913,-1.7637662
IsPETaseWT_pool_2914,-1.0927273
IsPETaseWT_pool_2915,-1.6246567
IsPETaseWT_pool_2916,-0.88431025
IsPETaseWT_pool_2917,-1.650913
IsPETaseWT_pool_2918,-0.80463046
IsPETaseWT_pool_2919,-1.6577944
IsPETaseWT_pool_2920,-2.0841882
IsPETaseWT_pool_2921,-1.9442399
IsPETaseWT_pool_2922,-1.1676364
IsPETaseWT_pool_2923,-1.7652661
IsPETaseWT_pool_2924,-1.0702829
IsPETaseWT_pool_2925,-1.147948
IsPETaseWT_pool_2926,-0.24753484
IsPETaseWT_pool_2927,-1.2443143
IsPETaseWT_pool_2928,-0.9839807
IsPETaseWT_pool_2929,-1.1123337
IsPETaseWT_pool_2930,-1.0831327
IsPETaseWT_pool_2931,-1.8517592
IsPETaseWT_pool_2932,-0.86647713
IsPETaseWT_pool_2933,-1.1247168
IsPETaseWT_pool_2934,-1.1344342
IsPETaseWT_pool_2935,-1.9311209
IsPETaseWT_pool_2936,-1.1955924
IsPETaseWT_pool_2937,-1.4754966
IsPETaseWT_pool_2938,-2.1892629
IsPETaseWT_pool_2939,-1.8986847
IsPETaseWT_pool_2940,-1.1869811
IsPETaseWT_pool_2941,-1.8334103
IsPETaseWT_pool_2942,-1.5499116
IsPETaseWT_pool_2943,-1.972501
IsPETaseWT_pool_2944,-1.2663783
IsPETaseWT_pool_2945,-1.1870744
IsPETaseWT_pool_2946,-0.8916893
IsPETaseWT_pool_2947,-1.0351317
IsPETaseWT_pool_2948,-1.6822481
IsPETaseWT_pool_2949,-1.4478056
IsPETaseWT_pool_2950,-1.3949822
IsPETaseWT_pool_2951,-1.2264009
IsPETaseWT_pool_2952,-1.8517592
IsPETaseWT_pool_2953,-1.7173886
IsPETaseWT_pool_2954,-1.1138914
IsPETaseWT_pool_2955,-1.0646292
IsPETaseWT_pool_2956,-2.1841373
IsPETaseWT_pool_2957,-0.9976302
IsPETaseWT_pool_2958,-1.3154144
IsPETaseWT_pool_2959,-1.66118
IsPETaseWT_pool_2960,-0.9149587
IsPETaseWT_pool_2961,-1.1138914
IsPETaseWT_pool_2962,-1.6903913
IsPETaseWT_pool_2963,-0.96810853
IsPETaseWT_pool_2964,-1.3295838
IsPETaseWT_pool_2965,-1.9232471
IsPETaseWT_pool_2966,-1.7835133
IsPETaseWT_pool_2967,-1.0702829
IsPETaseWT_pool_2968,-1.6883454
IsPETaseWT_pool_2969,-0.6624725
IsPETaseWT_pool_2970,-1.1375666
IsPETaseWT_pool_2971,-1.7124815
IsPETaseWT_pool_2972,-1.1828868
IsPETaseWT_pool_2973,-1.5017526
IsPETaseWT_pool_2974,-0.9606901
IsPETaseWT_pool_2975,-1.1782084
IsPETaseWT_pool_2976,-1.1375666
IsPETaseWT_pool_2977,-1.6523869
IsPETaseWT_pool_2978,-0.9959027
IsPETaseWT_pool_2979,-0.96030796
IsPETaseWT_pool_2980,-1.0966119
IsPETaseWT_pool_2981,-1.1386123
IsPETaseWT_pool_2982,-0.9677812
IsPETaseWT_pool_2983,-1.0638077
IsPETaseWT_pool_2984,-0.9901865
IsPETaseWT_pool_2985,-1.7069348
IsPETaseWT_pool_2986,-0.78719175
IsPETaseWT_pool_2987,-1.000378
IsPETaseWT_pool_2988,-1.0220716
IsPETaseWT_pool_2989,-1.2349895
IsPETaseWT_pool_2990,-1.5281249
IsPETaseWT_pool_2991,-1.1486741
IsPETaseWT_pool_2992,-1.8709377
IsPETaseWT_pool_2993,-1.0604763
IsPETaseWT_pool_2994,-1.2743397
IsPETaseWT_pool_2995,-1.0702829
IsPETaseWT_pool_2996,-1.7463491
IsPETaseWT_pool_2997,-0.8405778
IsPETaseWT_pool_2998,-1.159786
IsPETaseWT_pool_2999,-1.6812736
IsPETaseWT_pool_3000,-1.0880758
IsPETaseWT_pool_3001,-1.123711
IsPETaseWT_pool_3002,-1.0128356
IsPETaseWT_pool_3003,-1.1297421
IsPETaseWT_pool_3004,-1.6239246
IsPETaseWT_pool_3005,-1.2698698
IsPETaseWT_pool_3006,-1.1317245
IsPETaseWT_pool_3007,-0.96660066
IsPETaseWT_pool_3008,-0.55260336
IsPETaseWT_pool_3009,-1.7047884
IsPETaseWT_pool_3010,-1.7225326
IsPETaseWT_pool_3011,-1.1204121
IsPETaseWT_pool_3012,-1.9922909
IsPETaseWT_pool_3013,-0.99408597
IsPETaseWT_pool_3014,-0.8230152
IsPETaseWT_pool_3015,-1.0022353
IsPETaseWT_pool_3016,-1.0675975
IsPETaseWT_pool_3017,-1.1265883
IsPETaseWT_pool_3018,-1.4828502
IsPETaseWT_pool_3019,-0.8602104
IsPETaseWT_pool_3020,-1.8724827
IsPETaseWT_pool_3021,-1.4111506
IsPETaseWT_pool_3022,-1.3077071
IsPETaseWT_pool_3023,-0.9667226
IsPETaseWT_pool_3024,-0.92819357
IsPETaseWT_pool_3025,-1.3654491
IsPETaseWT_pool_3026,-1.6556097
IsPETaseWT_pool_3027,-1.0767307
IsPETaseWT_pool_3028,-1.0088289
IsPETaseWT_pool_3029,-0.88392574
IsPETaseWT_pool_3030,-1.0036414
IsPETaseWT_pool_3031,-1.9093704
IsPETaseWT_pool_3032,-1.1137385
IsPETaseWT_pool_3033,-1.1187356
IsPETaseWT_pool_3034,-3.5277312
IsPETaseWT_pool_3035,-1.7198832
IsPETaseWT_pool_3036,-2.1861365
IsPETaseWT_pool_3037,-0.9339877
IsPETaseWT_pool_3038,-1.1474195
IsPETaseWT_pool_3039,-0.95459175
IsPETaseWT_pool_3040,-1.7253313
IsPETaseWT_pool_3041,-0.5366428
IsPETaseWT_pool_3042,-2.020856
IsPETaseWT_pool_3043,-1.0702829
IsPETaseWT_pool_3044,-1.088116
IsPETaseWT_pool_3045,-1.1506985
IsPETaseWT_pool_3046,-1.4738096
IsPETaseWT_pool_3047,-0.9836065
IsPETaseWT_pool_3048,-1.1876417
IsPETaseWT_pool_3049,-0.88939023
IsPETaseWT_pool_3050,-1.0942403
IsPETaseWT_pool_3051,-0.9001581
IsPETaseWT_pool_3052,-1.8066949
IsPETaseWT_pool_3053,-2.0616949
IsPETaseWT_pool_3054,-2.077861
IsPETaseWT_pool_3055,-1.6804818
IsPETaseWT_pool_3056,-1.7464292
IsPETaseWT_pool_3057,-1.8813771
IsPETaseWT_pool_3058,-2.0092685
IsPETaseWT_pool_3059,-0.8759364
IsPETaseWT_pool_3060,-1.0878626
IsPETaseWT_pool_3061,-1.0900301
IsPETaseWT_pool_3062,-1.5294049
IsPETaseWT_pool_3063,-1.6706442
IsPETaseWT_pool_3064,-1.1435077
IsPETaseWT_pool_3065,-2.4139
IsPETaseWT_pool_3066,-1.1129355
IsPETaseWT_pool_3067,-1.2115707
IsPETaseWT_pool_3068,-1.0831327
IsPETaseWT_pool_3069,-2.508143
IsPETaseWT_pool_3070,-1.73883
IsPETaseWT_pool_3071,-1.1859703
IsPETaseWT_pool_3072,-1.7186421
IsPETaseWT_pool_3073,-1.2332847
IsPETaseWT_pool_3074,-1.6882094
IsPETaseWT_pool_3075,-1.2244685
IsPETaseWT_pool_3076,-1.1613109
IsPETaseWT_pool_3077,-1.218521
IsPETaseWT_pool_3078,-1.0429854
IsPETaseWT_pool_3079,-0.86130077
IsPETaseWT_pool_3080,-1.5952556
IsPETaseWT_pool_3081,-1.76964
IsPETaseWT_pool_3082,-1.6754663
IsPETaseWT_pool_3083,-1.1378716
IsPETaseWT_pool_3084,-0.30793336
IsPETaseWT_pool_3085,-1.0702829
IsPETaseWT_pool_3086,-1.7328328
IsPETaseWT_pool_3087,-1.0831327
IsPETaseWT_pool_3088,-1.2244685
IsPETaseWT_pool_3089,-0.97265613
IsPETaseWT_pool_3090,-1.867709
IsPETaseWT_pool_3091,-1.119528
IsPETaseWT_pool_3092,-0.9478462
IsPETaseWT_pool_3093,-1.4245744
IsPETaseWT_pool_3094,-1.0831327
IsPETaseWT_pool_3095,-1.1077865
IsPETaseWT_pool_3096,-1.3653268
IsPETaseWT_pool_3097,-1.1137385
IsPETaseWT_pool_3098,-1.6917859
IsPETaseWT_pool_3099,-1.9968723
IsPETaseWT_pool_3100,-2.0005465
IsPETaseWT_pool_3101,-2.778305
IsPETaseWT_pool_3102,-1.6051434
IsPETaseWT_pool_3103,-1.1095923
IsPETaseWT_pool_3104,-1.0201142
IsPETaseWT_pool_3105,-0.97152376
IsPETaseWT_pool_3106,-0.84825295
IsPETaseWT_pool_3107,-1.3399996
IsPETaseWT_pool_3108,-1.0825027
IsPETaseWT_pool_3109,-0.4860588
IsPETaseWT_pool_3110,-1.7768714
IsPETaseWT_pool_3111,-1.0558352
IsPETaseWT_pool_3112,-1.0702829
IsPETaseWT_pool_3113,-3.1316175
IsPETaseWT_pool_3114,-0.9560896
IsPETaseWT_pool_3115,-1.6142917
IsPETaseWT_pool_3116,-1.0224257
IsPETaseWT_pool_3117,-1.5841768
IsPETaseWT_pool_3118,-1.2060803
IsPETaseWT_pool_3119,-2.178125
IsPETaseWT_pool_3120,-1.8084445
IsPETaseWT_pool_3121,-0.95917773
IsPETaseWT_pool_3122,-1.1481903
IsPETaseWT_pool_3123,-1.0942403
IsPETaseWT_pool_3124,-1.1745337
IsPETaseWT_pool_3125,-2.146378
IsPETaseWT_pool_3126,-1.0702829
IsPETaseWT_pool_3127,-1.2625501
IsPETaseWT_pool_3128,-1.3089721
IsPETaseWT_pool_3129,-1.0740936
IsPETaseWT_pool_3130,-1.3369008
IsPETaseWT_pool_3131,-1.3584077
IsPETaseWT_pool_3132,-1.1375666
IsPETaseWT_pool_3133,-0.9569576
IsPETaseWT_pool_3134,-1.5979683
IsPETaseWT_pool_3135,-1.438644
IsPETaseWT_pool_3136,-1.0980103
IsPETaseWT_pool_3137,-1.2220702
IsPETaseWT_pool_3138,-1.7292075
IsPETaseWT_pool_3139,-1.1137991
IsPETaseWT_pool_3140,-1.4627852
IsPETaseWT_pool_3141,-0.966195
IsPETaseWT_pool_3142,-1.7122911
IsPETaseWT_pool_3143,-0.7877033
IsPETaseWT_pool_3144,-1.1782687
IsPETaseWT_pool_3145,-1.66118
IsPETaseWT_pool_3146,-1.2827697
IsPETaseWT_pool_3147,-1.4238322
IsPETaseWT_pool_3148,-1.0908078
IsPETaseWT_pool_3149,-1.0515366
IsPETaseWT_pool_3150,-0.9831993
IsPETaseWT_pool_3151,-1.5636244
IsPETaseWT_pool_3152,-1.1783148
IsPETaseWT_pool_3153,-1.2242304
IsPETaseWT_pool_3154,-0.8698609
IsPETaseWT_pool_3155,-1.3346599
IsPETaseWT_pool_3156,-1.1933842
IsPETaseWT_pool_3157,-1.5159913
IsPETaseWT_pool_3158,-0.2638602
IsPETaseWT_pool_3159,-0.8847383
IsPETaseWT_pool_3160,-1.9797857
IsPETaseWT_pool_3161,-0.9630767
IsPETaseWT_pool_3162,-1.9656701
IsPETaseWT_pool_3163,-1.7244961
IsPETaseWT_pool_3164,-0.9261515
IsPETaseWT_pool_3165,-1.3719527
IsPETaseWT_pool_3166,-1.2356645
IsPETaseWT_pool_3167,-1.1828868
IsPETaseWT_pool_3168,-1.1344342
IsPETaseWT_pool_3169,-1.1372513
IsPETaseWT_pool_3170,-1.0331146
IsPETaseWT_pool_3171,-1.119528
IsPETaseWT_pool_3172,-1.0671887
IsPETaseWT_pool_3173,-0.65723675
IsPETaseWT_pool_3174,-1.0995674
IsPETaseWT_pool_3175,-0.94166243
IsPETaseWT_pool_3176,-1.7539216
IsPETaseWT_pool_3177,-1.1043009
IsPETaseWT_pool_3178,-1.2248795
IsPETaseWT_pool_3179,-1.0422126
IsPETaseWT_pool_3180,-1.1595955
IsPETaseWT_pool_3181,-1.1910582
IsPETaseWT_pool_3182,-1.0443839
IsPETaseWT_pool_3183,-2.784023
IsPETaseWT_pool_3184,-1.6704229
IsPETaseWT_pool_3185,-1.5996188
IsPETaseWT_pool_3186,-1.2326378
IsPETaseWT_pool_3187,-1.7538794
IsPETaseWT_pool_3188,-1.7876954
IsPETaseWT_pool_3189,-1.1317245
IsPETaseWT_pool_3190,-1.7706635
IsPETaseWT_pool_3191,-1.788667
IsPETaseWT_pool_3192,-2.4630487
IsPETaseWT_pool_3193,-1.0274556
IsPETaseWT_pool_3194,-1.6502674
IsPETaseWT_pool_3195,-1.0908078
IsPETaseWT_pool_3196,-0.9241154
IsPETaseWT_pool_3197,-0.9803153
IsPETaseWT_pool_3198,-2.4073172
IsPETaseWT_pool_3199,-1.7166017
IsPETaseWT_pool_3200,-0.8065865
IsPETaseWT_pool_3201,-1.7224452
IsPETaseWT_pool_3202,-1.1323779
IsPETaseWT_pool_3203,-1.0444163
IsPETaseWT_pool_3204,-1.2097921
IsPETaseWT_pool_3205,-1.1168137
IsPETaseWT_pool_3206,-1.2678723
IsPETaseWT_pool_3207,-1.239346
IsPETaseWT_pool_3208,0.4411861
IsPETaseWT_pool_3209,-1.9110243
IsPETaseWT_pool_3210,-1.4692883
IsPETaseWT_pool_3211,-1.5161994
IsPETaseWT_pool_3212,-1.0702829
IsPETaseWT_pool_3213,-1.2484043
IsPETaseWT_pool_3214,-2.4292521
IsPETaseWT_pool_3215,-1.089899
IsPETaseWT_pool_3216,-0.9306282
IsPETaseWT_pool_3217,-0.8637674
IsPETaseWT_pool_3218,-0.9538959
IsPETaseWT_pool_3219,-1.7539653
IsPETaseWT_pool_3220,-1.8354225
IsPETaseWT_pool_3221,-1.2213225
IsPETaseWT_pool_3222,-1.2442156
IsPETaseWT_pool_3223,-1.0702829
IsPETaseWT_pool_3224,-0.91300786
IsPETaseWT_pool_3225,-1.0942403
IsPETaseWT_pool_3226,-1.5086768
IsPETaseWT_pool_3227,-1.2762184
IsPETaseWT_pool_3228,-1.0900301
IsPETaseWT_pool_3229,-1.4526287
IsPETaseWT_pool_3230,-1.1693561
IsPETaseWT_pool_3231,-1.5961311
IsPETaseWT_pool_3232,-0.64523077
IsPETaseWT_pool_3233,-1.0412009
IsPETaseWT_pool_3234,-1.1085352
IsPETaseWT_pool_3235,-0.9770297
IsPETaseWT_pool_3236,-1.0315341
IsPETaseWT_pool_3237,-0.99599487
IsPETaseWT_pool_3238,-1.071686
IsPETaseWT_pool_3239,-1.0443839
IsPETaseWT_pool_3240,-1.5401721
IsPETaseWT_pool_3241,-0.86032486
IsPETaseWT_pool_3242,-0.8645353
IsPETaseWT_pool_3243,-1.0942403
IsPETaseWT_pool_3244,-1.4906129
IsPETaseWT_pool_3245,-1.0699221
IsPETaseWT_pool_3246,-1.5862148
IsPETaseWT_pool_3247,-1.2114701
IsPETaseWT_pool_3248,-1.4654565
IsPETaseWT_pool_3249,-2.0400178
IsPETaseWT_pool_3250,-1.0363792
IsPETaseWT_pool_3251,-1.3040282
IsPETaseWT_pool_3252,-1.3624916
IsPETaseWT_pool_3253,-1.7253313
IsPETaseWT_pool_3254,-1.5808443
IsPETaseWT_pool_3255,-1.1265883
IsPETaseWT_pool_3256,-1.5023175
IsPETaseWT_pool_3257,-1.1257473
IsPETaseWT_pool_3258,-1.152972
IsPETaseWT_pool_3259,-2.06074
IsPETaseWT_pool_3260,-1.492034
IsPETaseWT_pool_3261,-2.1058078
IsPETaseWT_pool_3262,-2.3161778
IsPETaseWT_pool_3263,-1.6107837
IsPETaseWT_pool_3264,-1.5979611
IsPETaseWT_pool_3265,-1.0497401
IsPETaseWT_pool_3266,-1.1326704
IsPETaseWT_pool_3267,-0.97749865
IsPETaseWT_pool_3268,-1.1575987
IsPETaseWT_pool_3269,-1.463575
IsPETaseWT_pool_3270,-1.7066631
IsPETaseWT_pool_3271,-0.9306282
IsPETaseWT_pool_3272,-0.98887557
IsPETaseWT_pool_3273,-1.1563171
IsPETaseWT_pool_3274,-1.481034
IsPETaseWT_pool_3275,-1.1683252
IsPETaseWT_pool_3276,-1.1859779
IsPETaseWT_pool_3277,-0.9964809
IsPETaseWT_pool_3278,-1.0062741
IsPETaseWT_pool_3279,-0.8889806
IsPETaseWT_pool_3280,-0.8249529
IsPETaseWT_pool_3281,-1.6989202
IsPETaseWT_pool_3282,-1.1265883
IsPETaseWT_pool_3283,-1.639144
IsPETaseWT_pool_3284,-1.1344342
IsPETaseWT_pool_3285,-1.2144436
IsPETaseWT_pool_3286,-1.1197962
IsPETaseWT_pool_3287,-0.95635855
IsPETaseWT_pool_3288,-1.097812
IsPETaseWT_pool_3289,-0.94874084
IsPETaseWT_pool_3290,-1.3222479
IsPETaseWT_pool_3291,-1.0852859
IsPETaseWT_pool_3292,-0.7923576
IsPETaseWT_pool_3293,-1.3610673
IsPETaseWT_pool_3294,-1.9322176
IsPETaseWT_pool_3295,-1.038911
IsPETaseWT_pool_3296,-2.3943696
IsPETaseWT_pool_3297,-2.2363617
IsPETaseWT_pool_3298,-1.2989345
IsPETaseWT_pool_3299,-1.1333127
IsPETaseWT_pool_3300,-0.9294848
IsPETaseWT_pool_3301,-1.6999155
IsPETaseWT_pool_3302,-1.1070901
IsPETaseWT_pool_3303,-1.1728699
IsPETaseWT_pool_3304,-0.80992985
IsPETaseWT_pool_3305,-1.2307391
IsPETaseWT_pool_3306,-1.1391411
IsPETaseWT_pool_3307,-1.0831327
IsPETaseWT_pool_3308,-2.299543
IsPETaseWT_pool_3309,-0.8735324
IsPETaseWT_pool_3310,-1.7124815
IsPETaseWT_pool_3311,-0.5570507
IsPETaseWT_pool_3312,-1.3280464
IsPETaseWT_pool_3313,-1.0797472
IsPETaseWT_pool_3314,-1.2692032
IsPETaseWT_pool_3315,-1.2930907
IsPETaseWT_pool_3316,-1.8258884
IsPETaseWT_pool_3317,-1.7347955
IsPETaseWT_pool_3318,-1.5798354
IsPETaseWT_pool_3319,-1.8473198
IsPETaseWT_pool_3320,-1.2039256
IsPETaseWT_pool_3321,-2.0309312
IsPETaseWT_pool_3322,-0.769313
IsPETaseWT_pool_3323,-1.0813569
IsPETaseWT_pool_3324,-1.6020546
IsPETaseWT_pool_3325,-1.1726197
IsPETaseWT_pool_3326,0.073843226
IsPETaseWT_pool_3327,-1.5584962
IsPETaseWT_pool_3328,-1.2120326
IsPETaseWT_pool_3329,-1.9412045
IsPETaseWT_pool_3330,-1.1265883
IsPETaseWT_pool_3331,-1.1425098
IsPETaseWT_pool_3332,-1.1887044
IsPETaseWT_pool_3333,-0.888662
IsPETaseWT_pool_3334,-0.696673
IsPETaseWT_pool_3335,-2.5793796
IsPETaseWT_pool_3336,-1.8779402
IsPETaseWT_pool_3337,-0.9091373
IsPETaseWT_pool_3338,-1.188868
IsPETaseWT_pool_3339,-1.4364172
IsPETaseWT_pool_3340,-1.1138914
IsPETaseWT_pool_3341,-1.1010954
IsPETaseWT_pool_3342,-1.0702829
IsPETaseWT_pool_3343,-0.9667226
IsPETaseWT_pool_3344,-1.0625899
IsPETaseWT_pool_3345,-0.8759364
IsPETaseWT_pool_3346,-1.3361561
IsPETaseWT_pool_3347,-1.4723734
IsPETaseWT_pool_3348,-1.9239581
IsPETaseWT_pool_3349,-1.0558962
IsPETaseWT_pool_3350,-1.4761815
IsPETaseWT_pool_3351,-1.1344342
IsPETaseWT_pool_3352,-1.0966293
IsPETaseWT_pool_3353,-1.67315
IsPETaseWT_pool_3354,-1.7253495
IsPETaseWT_pool_3355,-1.2961874
IsPETaseWT_pool_3356,-1.7456826
IsPETaseWT_pool_3357,-2.020566
IsPETaseWT_pool_3358,-1.7496783
IsPETaseWT_pool_3359,-1.3100576
IsPETaseWT_pool_3360,-1.7233695
IsPETaseWT_pool_3361,-1.811979
IsPETaseWT_pool_3362,-1.7218698
IsPETaseWT_pool_3363,-1.0977174
IsPETaseWT_pool_3364,-0.940943
IsPETaseWT_pool_3365,-1.5458591
IsPETaseWT_pool_3366,-0.865191
IsPETaseWT_pool_3367,-1.0315341
IsPETaseWT_pool_3368,-1.0767307
IsPETaseWT_pool_3369,-1.9852158
IsPETaseWT_pool_3370,-1.889287
IsPETaseWT_pool_3371,-0.940943
IsPETaseWT_pool_3372,-1.143708
IsPETaseWT_pool_3373,-0.3111532
IsPETaseWT_pool_3374,-1.4394392
IsPETaseWT_pool_3375,-1.5903021
IsPETaseWT_pool_3376,-1.1232028
IsPETaseWT_pool_3377,-1.1060455
IsPETaseWT_pool_3378,-1.0192864
IsPETaseWT_pool_3379,-1.1344342
IsPETaseWT_pool_3380,-1.6060915
IsPETaseWT_pool_3381,-1.0837125
IsPETaseWT_pool_3382,-1.5672667
IsPETaseWT_pool_3383,-1.724981
IsPETaseWT_pool_3384,-1.8052812
IsPETaseWT_pool_3385,-1.5686234
IsPETaseWT_pool_3386,-0.96571755
IsPETaseWT_pool_3387,-2.476647
IsPETaseWT_pool_3388,-2.2420616
IsPETaseWT_pool_3389,-1.1463355
IsPETaseWT_pool_3390,-1.4184363
IsPETaseWT_pool_3391,-1.0084981
IsPETaseWT_pool_3392,-2.0556061
IsPETaseWT_pool_3393,-1.3920318
IsPETaseWT_pool_3394,-0.7365911
IsPETaseWT_pool_3395,-2.737969
IsPETaseWT_pool_3396,-1.7525799
IsPETaseWT_pool_3397,-1.0381954
IsPETaseWT_pool_3398,-1.1159921
IsPETaseWT_pool_3399,-1.2821217
IsPETaseWT_pool_3400,-1.190639
IsPETaseWT_pool_3401,-2.085316
IsPETaseWT_pool_3402,-1.7066486
IsPETaseWT_pool_3403,-0.9644445
IsPETaseWT_pool_3404,-2.110665
IsPETaseWT_pool_3405,-1.297132
IsPETaseWT_pool_3406,-1.4530668
IsPETaseWT_pool_3407,-0.44838303
IsPETaseWT_pool_3408,-1.9866604
IsPETaseWT_pool_3409,-1.804242
IsPETaseWT_pool_3410,-1.1165544
IsPETaseWT_pool_3411,-0.4949077
IsPETaseWT_pool_3412,-1.1915938
IsPETaseWT_pool_3413,-2.7560277
IsPETaseWT_pool_3414,-1.6045898
IsPETaseWT_pool_3415,-2.443856
IsPETaseWT_pool_3416,-1.469536
IsPETaseWT_pool_3417,-0.9827928
IsPETaseWT_pool_3418,-1.1344342
IsPETaseWT_pool_3419,-0.99961853
IsPETaseWT_pool_3420,-1.2143468
IsPETaseWT_pool_3421,-1.7662141
IsPETaseWT_pool_3422,-2.027958
IsPETaseWT_pool_3423,-1.2552271
IsPETaseWT_pool_3424,-1.3997887
IsPETaseWT_pool_3425,-1.6421789
IsPETaseWT_pool_3426,-1.8133546
IsPETaseWT_pool_3427,-1.8745517
IsPETaseWT_pool_3428,-1.2749536
IsPETaseWT_pool_3429,-1.7430642
IsPETaseWT_pool_3430,-1.4837228
IsPETaseWT_pool_3431,-1.6483302
IsPETaseWT_pool_3432,-1.1267412
IsPETaseWT_pool_3433,-1.0050942
IsPETaseWT_pool_3434,-1.1265883
IsPETaseWT_pool_3435,-1.083421
IsPETaseWT_pool_3436,-0.99697596
IsPETaseWT_pool_3437,-1.5604391
IsPETaseWT_pool_3438,-1.7301103
IsPETaseWT_pool_3439,-2.2104316
IsPETaseWT_pool_3440,-0.23084691
IsPETaseWT_pool_3441,-1.0702829
IsPETaseWT_pool_3442,-1.6619512
IsPETaseWT_pool_3443,-1.8145851
IsPETaseWT_pool_3444,-1.1119039
IsPETaseWT_pool_3445,-1.7821375
IsPETaseWT_pool_3446,-1.1267412
IsPETaseWT_pool_3447,-1.1589352
IsPETaseWT_pool_3448,-2.1298308
IsPETaseWT_pool_3449,-1.2015257
IsPETaseWT_pool_3450,-1.1503251
IsPETaseWT_pool_3451,-1.8613583
IsPETaseWT_pool_3452,-1.27577
IsPETaseWT_pool_3453,-1.1344342
IsPETaseWT_pool_3454,-0.90824604
IsPETaseWT_pool_3455,-1.6762903
IsPETaseWT_pool_3456,-1.1418972
IsPETaseWT_pool_3457,-1.7023461
IsPETaseWT_pool_3458,-1.0831327
IsPETaseWT_pool_3459,-1.7207907
IsPETaseWT_pool_3460,-1.5526251
IsPETaseWT_pool_3461,-1.0817343
IsPETaseWT_pool_3462,-1.0702829
IsPETaseWT_pool_3463,-1.5842869
IsPETaseWT_pool_3464,-1.0499058
IsPETaseWT_pool_3465,-0.9488894
IsPETaseWT_pool_3466,-2.1837616
IsPETaseWT_pool_3467,-1.9833239
IsPETaseWT_pool_3468,-0.8847383
IsPETaseWT_pool_3469,-1.0280106
IsPETaseWT_pool_3470,-1.0637054
IsPETaseWT_pool_3471,-1.7285931
IsPETaseWT_pool_3472,-1.1083543
IsPETaseWT_pool_3473,-1.6870548
IsPETaseWT_pool_3474,-1.0983523
IsPETaseWT_pool_3475,-1.0900301
IsPETaseWT_pool_3476,-2.9697287
IsPETaseWT_pool_3477,-2.4603589
IsPETaseWT_pool_3478,-0.72401273
IsPETaseWT_pool_3479,-1.0702829
IsPETaseWT_pool_3480,-0.8618778
IsPETaseWT_pool_3481,-1.6917859
IsPETaseWT_pool_3482,0.021470217
IsPETaseWT_pool_3483,-1.2222973
IsPETaseWT_pool_3484,-1.1130373
IsPETaseWT_pool_3485,-1.0625899
IsPETaseWT_pool_3486,-1.8222622
IsPETaseWT_pool_3487,-1.0702829
IsPETaseWT_pool_3488,-2.8467762
IsPETaseWT_pool_3489,-1.4047698
IsPETaseWT_pool_3490,-1.1289923
IsPETaseWT_pool_3491,-1.4788042
IsPETaseWT_pool_3492,-1.6919386
IsPETaseWT_pool_3493,-0.18533117
IsPETaseWT_pool_3494,-1.66118
IsPETaseWT_pool_3495,-1.1592537
IsPETaseWT_pool_3496,-1.5966752
IsPETaseWT_pool_3497,-2.2918568
IsPETaseWT_pool_3498,-1.6163476
IsPETaseWT_pool_3499,-1.1078632
IsPETaseWT_pool_3500,-0.8729246
IsPETaseWT_pool_3501,-1.170037
IsPETaseWT_pool_3502,-0.86349064
IsPETaseWT_pool_3503,-1.8304863
IsPETaseWT_pool_3504,-2.3541348
IsPETaseWT_pool_3505,-1.1455734
IsPETaseWT_pool_3506,-1.1863014
IsPETaseWT_pool_3507,-1.0793564
IsPETaseWT_pool_3508,-1.0540255
IsPETaseWT_pool_3509,-1.1585449
IsPETaseWT_pool_3510,-0.9698665
IsPETaseWT_pool_3511,-1.1813043
IsPETaseWT_pool_3512,-0.9081399
IsPETaseWT_pool_3513,-1.0702829
IsPETaseWT_pool_3514,-1.2148261
IsPETaseWT_pool_3515,-0.9135132
IsPETaseWT_pool_3516,-1.0839226
IsPETaseWT_pool_3517,-1.6374176
IsPETaseWT_pool_3518,-1.1666892
IsPETaseWT_pool_3519,-0.9486108
IsPETaseWT_pool_3520,-2.0599127
IsPETaseWT_pool_3521,-1.1860586
IsPETaseWT_pool_3522,-1.6279533
IsPETaseWT_pool_3523,-0.8188818
IsPETaseWT_pool_3524,-1.8199275
IsPETaseWT_pool_3525,-1.6330103
IsPETaseWT_pool_3526,-1.122007
IsPETaseWT_pool_3527,-1.7444248
IsPETaseWT_pool_3528,-0.981914
IsPETaseWT_pool_3529,-1.3332062
IsPETaseWT_pool_3530,-2.5970287
IsPETaseWT_pool_3531,-0.8862242
IsPETaseWT_pool_3532,-1.5661246
IsPETaseWT_pool_3533,-2.0626109
IsPETaseWT_pool_3534,-1.363708
IsPETaseWT_pool_3535,-2.2460222
IsPETaseWT_pool_3536,-1.872137
IsPETaseWT_pool_3537,-0.87425894
IsPETaseWT_pool_3538,-1.3345251
IsPETaseWT_pool_3539,-1.1502353
IsPETaseWT_pool_3540,-1.1486741
IsPETaseWT_pool_3541,-1.104193
IsPETaseWT_pool_3542,-1.3897026
IsPETaseWT_pool_3543,-2.0334034
IsPETaseWT_pool_3544,-1.1323779
IsPETaseWT_pool_3545,-1.1344342
IsPETaseWT_pool_3546,-1.7048845
IsPETaseWT_pool_3547,-1.4941285
IsPETaseWT_pool_3548,-1.0865939
IsPETaseWT_pool_3549,-1.1580921
IsPETaseWT_pool_3550,-1.4623073
IsPETaseWT_pool_3551,-1.3065879
IsPETaseWT_pool_3552,-1.0702829
IsPETaseWT_pool_3553,-1.5350953
IsPETaseWT_pool_3554,-0.98214227
IsPETaseWT_pool_3555,-1.2491895
IsPETaseWT_pool_3556,-1.7884917
IsPETaseWT_pool_3557,-1.6485864
IsPETaseWT_pool_3558,-1.9725618
IsPETaseWT_pool_3559,-1.1631707
IsPETaseWT_pool_3560,-1.0272074
IsPETaseWT_pool_3561,-1.6353027
IsPETaseWT_pool_3562,-1.2828985
IsPETaseWT_pool_3563,-1.2061905
IsPETaseWT_pool_3564,-2.1565688
IsPETaseWT_pool_3565,-2.51277
IsPETaseWT_pool_3566,-2.308571
IsPETaseWT_pool_3567,-2.0323079
IsPETaseWT_pool_3568,-1.54189
IsPETaseWT_pool_3569,-1.1058857
IsPETaseWT_pool_3570,-2.3918297
IsPETaseWT_pool_3571,-1.0625899
IsPETaseWT_pool_3572,-1.1778898
IsPETaseWT_pool_3573,-1.0029224
IsPETaseWT_pool_3574,-0.93041897
IsPETaseWT_pool_3575,-1.7941457
IsPETaseWT_pool_3576,-2.356809
IsPETaseWT_pool_3577,-1.8554337
IsPETaseWT_pool_3578,-2.528517
IsPETaseWT_pool_3579,-1.1344342
IsPETaseWT_pool_3580,-1.2861409
IsPETaseWT_pool_3581,-2.0317097
IsPETaseWT_pool_3582,-1.6850731
IsPETaseWT_pool_3583,-1.7609227
IsPETaseWT_pool_3584,-1.699532
IsPETaseWT_pool_3585,-1.0831327
IsPETaseWT_pool_3586,-1.1298431
IsPETaseWT_pool_3587,-1.195641
IsPETaseWT_pool_3588,-0.9953317
IsPETaseWT_pool_3589,-1.1807057
IsPETaseWT_pool_3590,-0.81049114
IsPETaseWT_pool_3591,-2.816169
IsPETaseWT_pool_3592,-1.1170237
IsPETaseWT_pool_3593,-1.643292
IsPETaseWT_pool_3594,-1.7320203
IsPETaseWT_pool_3595,-1.147284
IsPETaseWT_pool_3596,-1.1262779
IsPETaseWT_pool_3597,-1.3022784
IsPETaseWT_pool_3598,-1.1928915
IsPETaseWT_pool_3599,-0.8587839
IsPETaseWT_pool_3600,-1.7368577
IsPETaseWT_pool_3601,-0.8927545
IsPETaseWT_pool_3602,-1.6138823
IsPETaseWT_pool_3603,-1.6526992
IsPETaseWT_pool_3604,-1.6365484
IsPETaseWT_pool_3605,-0.84609985
IsPETaseWT_pool_3606,-1.129117
IsPETaseWT_pool_3607,-1.1576365
IsPETaseWT_pool_3608,-1.170037
IsPETaseWT_pool_3609,-1.1496124
IsPETaseWT_pool_3610,-1.2347995
IsPETaseWT_pool_3611,-0.98760325
IsPETaseWT_pool_3612,-0.940943
IsPETaseWT_pool_3613,-1.5731959
IsPETaseWT_pool_3614,-1.083236
IsPETaseWT_pool_3615,-1.9268522
IsPETaseWT_pool_3616,-0.86584693
IsPETaseWT_pool_3617,-1.3336474
IsPETaseWT_pool_3618,-1.2337618
IsPETaseWT_pool_3619,-1.0661896
IsPETaseWT_pool_3620,-1.1344342
IsPETaseWT_pool_3621,-1.1138914
IsPETaseWT_pool_3622,-1.4661268
IsPETaseWT_pool_3623,-1.4972559
IsPETaseWT_pool_3624,-1.1622913
IsPETaseWT_pool_3625,-1.0702829
IsPETaseWT_pool_3626,-1.7450784
IsPETaseWT_pool_3627,-1.2850697
IsPETaseWT_pool_3628,-1.8685888
IsPETaseWT_pool_3629,-1.8430269
IsPETaseWT_pool_3630,-1.7052214
IsPETaseWT_pool_3631,-1.8834751
IsPETaseWT_pool_3632,-1.1481634
IsPETaseWT_pool_3633,-1.0831327
IsPETaseWT_pool_3634,-1.1015774
IsPETaseWT_pool_3635,-1.4855821
IsPETaseWT_pool_3636,-1.5397878
IsPETaseWT_pool_3637,-1.0824757
IsPETaseWT_pool_3638,-2.1635034
IsPETaseWT_pool_3639,-1.6152222
IsPETaseWT_pool_3640,-1.7461184
IsPETaseWT_pool_3641,-0.70421374
IsPETaseWT_pool_3642,-1.5171877
IsPETaseWT_pool_3643,-0.96624947
IsPETaseWT_pool_3644,-2.6478603
IsPETaseWT_pool_3645,-1.7199244
IsPETaseWT_pool_3646,-1.1644073
IsPETaseWT_pool_3647,-1.1244887
IsPETaseWT_pool_3648,-1.6101624
IsPETaseWT_pool_3649,-1.3500668
IsPETaseWT_pool_3650,-1.0702829
IsPETaseWT_pool_3651,-2.8168082
IsPETaseWT_pool_3652,-1.0625899
IsPETaseWT_pool_3653,-1.7896652
IsPETaseWT_pool_3654,-1.2882731
IsPETaseWT_pool_3655,-1.5073391
IsPETaseWT_pool_3656,-0.99576396
IsPETaseWT_pool_3657,-0.9731905
IsPETaseWT_pool_3658,-0.9227825
IsPETaseWT_pool_3659,-0.94394356
IsPETaseWT_pool_3660,-1.1237088
IsPETaseWT_pool_3661,-1.0831327
IsPETaseWT_pool_3662,-1.088116
IsPETaseWT_pool_3663,-1.6931468
IsPETaseWT_pool_3664,-1.088116
IsPETaseWT_pool_3665,-1.1777967
IsPETaseWT_pool_3666,-1.257463
IsPETaseWT_pool_3667,-0.84339
IsPETaseWT_pool_3668,-0.7228168
IsPETaseWT_pool_3669,-1.6723694
IsPETaseWT_pool_3670,-1.1583977
IsPETaseWT_pool_3671,-2.3037405
IsPETaseWT_pool_3672,-1.1344342
IsPETaseWT_pool_3673,-1.1078632
IsPETaseWT_pool_3674,-2.2191741
IsPETaseWT_pool_3675,-1.4187036
IsPETaseWT_pool_3676,-1.1137385
IsPETaseWT_pool_3677,-1.1317245
IsPETaseWT_pool_3678,-1.0435882
IsPETaseWT_pool_3679,-1.6406372
IsPETaseWT_pool_3680,-1.1084845
IsPETaseWT_pool_3681,-0.9265288
IsPETaseWT_pool_3682,-0.7727972
IsPETaseWT_pool_3683,-2.1275406
IsPETaseWT_pool_3684,-1.8716966
IsPETaseWT_pool_3685,-1.0003524
IsPETaseWT_pool_3686,-1.189995
IsPETaseWT_pool_3687,-1.0829688
IsPETaseWT_pool_3688,-1.1507986
IsPETaseWT_pool_3689,-1.5693796
IsPETaseWT_pool_3690,-1.1162888
IsPETaseWT_pool_3691,-1.8269423
IsPETaseWT_pool_3692,-1.1547866
IsPETaseWT_pool_3693,-1.1867099
IsPETaseWT_pool_3694,-1.1458856
IsPETaseWT_pool_3695,-1.3836843
IsPETaseWT_pool_3696,-1.4636011
IsPETaseWT_pool_3697,-1.3925686
IsPETaseWT_pool_3698,-1.6903913
IsPETaseWT_pool_3699,-1.1447527
IsPETaseWT_pool_3700,-0.76786387
IsPETaseWT_pool_3701,-1.3969686
IsPETaseWT_pool_3702,-0.8847383
IsPETaseWT_pool_3703,-1.36623
IsPETaseWT_pool_3704,-1.0702829
IsPETaseWT_pool_3705,-1.4201194
IsPETaseWT_pool_3706,-1.8215346
IsPETaseWT_pool_3707,-1.8686322
IsPETaseWT_pool_3708,-1.0625899
IsPETaseWT_pool_3709,-1.4391414
IsPETaseWT_pool_3710,-1.1344342
IsPETaseWT_pool_3711,-1.1676364
IsPETaseWT_pool_3712,-1.540098
IsPETaseWT_pool_3713,-1.1395667
IsPETaseWT_pool_3714,-0.918419
IsPETaseWT_pool_3715,-0.9524851
IsPETaseWT_pool_3716,-1.1651769
IsPETaseWT_pool_3717,-0.8639331
IsPETaseWT_pool_3718,-1.6506691
IsPETaseWT_pool_3719,-0.9057052
IsPETaseWT_pool_3720,-1.181854
IsPETaseWT_pool_3721,-2.4965072
IsPETaseWT_pool_3722,-1.4599109
IsPETaseWT_pool_3723,-1.088116
IsPETaseWT_pool_3724,-0.86647713
IsPETaseWT_pool_3725,-1.5487363
IsPETaseWT_pool_3726,-1.6441284
IsPETaseWT_pool_3727,-1.0589793
IsPETaseWT_pool_3728,-2.4337687
IsPETaseWT_pool_3729,-1.1265883
IsPETaseWT_pool_3730,-1.7046357
IsPETaseWT_pool_3731,-1.0499058
IsPETaseWT_pool_3732,-1.6001196
IsPETaseWT_pool_3733,-1.604708
IsPETaseWT_pool_3734,-1.1262779
IsPETaseWT_pool_3735,-2.1837542
IsPETaseWT_pool_3736,-1.7305179
IsPETaseWT_pool_3737,-1.1058857
IsPETaseWT_pool_3738,-0.34261516
IsPETaseWT_pool_3739,-1.3742089
IsPETaseWT_pool_3740,-1.1344342
IsPETaseWT_pool_3741,-1.615633
IsPETaseWT_pool_3742,-1.2067863
IsPETaseWT_pool_3743,-1.0315341
IsPETaseWT_pool_3744,-1.081972
IsPETaseWT_pool_3745,-0.85517323
IsPETaseWT_pool_3746,-1.6645945
IsPETaseWT_pool_3747,-1.7276121
IsPETaseWT_pool_3748,-1.1494961
IsPETaseWT_pool_3749,-1.6781104
IsPETaseWT_pool_3750,-1.7671542
IsPETaseWT_pool_3751,-1.17991
IsPETaseWT_pool_3752,-1.166238
IsPETaseWT_pool_3753,-1.6483302
IsPETaseWT_pool_3754,-2.0728936
IsPETaseWT_pool_3755,-1.7061386
IsPETaseWT_pool_3756,-1.5130707
IsPETaseWT_pool_3757,-1.6078657
IsPETaseWT_pool_3758,-0.88431025
IsPETaseWT_pool_3759,-0.99082905
IsPETaseWT_pool_3760,-1.742297
IsPETaseWT_pool_3761,-2.4484303
IsPETaseWT_pool_3762,-1.1481034
IsPETaseWT_pool_3763,-0.96224034
IsPETaseWT_pool_3764,-2.341976
IsPETaseWT_pool_3765,-1.0702829
IsPETaseWT_pool_3766,-1.2778991
IsPETaseWT_pool_3767,-2.175905
IsPETaseWT_pool_3768,-1.7485247
IsPETaseWT_pool_3769,-1.2291753
IsPETaseWT_pool_3770,-1.2912201
IsPETaseWT_pool_3771,-0.9094816
IsPETaseWT_pool_3772,-1.2756054
IsPETaseWT_pool_3773,-1.1168137
IsPETaseWT_pool_3774,-0.95106554
IsPETaseWT_pool_3775,-1.227135
IsPETaseWT_pool_3776,-1.6897751
IsPETaseWT_pool_3777,-1.1671745
IsPETaseWT_pool_3778,-1.1513188
IsPETaseWT_pool_3779,-1.2682745
IsPETaseWT_pool_3780,-1.7961164
IsPETaseWT_pool_3781,-0.83348227
IsPETaseWT_pool_3782,-1.7969549
IsPETaseWT_pool_3783,-1.5053544
IsPETaseWT_pool_3784,-0.8805831
IsPETaseWT_pool_3785,-1.0451313
IsPETaseWT_pool_3786,-1.0702829
IsPETaseWT_pool_3787,-1.1371143
IsPETaseWT_pool_3788,-0.86906564
IsPETaseWT_pool_3789,-1.9411047
IsPETaseWT_pool_3790,-1.2289675
IsPETaseWT_pool_3791,-1.147284
IsPETaseWT_pool_3792,-1.2478168
IsPETaseWT_pool_3793,-1.0702829
IsPETaseWT_pool_3794,-0.87118423
IsPETaseWT_pool_3795,-1.7076278
IsPETaseWT_pool_3796,-1.1384827
IsPETaseWT_pool_3797,-1.0831327
IsPETaseWT_pool_3798,-3.941385
IsPETaseWT_pool_3799,-0.89071894
IsPETaseWT_pool_3800,-1.6802727
IsPETaseWT_pool_3801,-1.5980209
IsPETaseWT_pool_3802,-0.8907995
IsPETaseWT_pool_3803,-1.5472894
IsPETaseWT_pool_3804,-1.6706442
IsPETaseWT_pool_3805,-1.088116
IsPETaseWT_pool_3806,-1.2040317
IsPETaseWT_pool_3807,-2.2148485
IsPETaseWT_pool_3808,-0.9413618
IsPETaseWT_pool_3809,-1.1361766
IsPETaseWT_pool_3810,-1.1227114
IsPETaseWT_pool_3811,-0.82874805
IsPETaseWT_pool_3812,-1.2645385
IsPETaseWT_pool_3813,-1.3497103
IsPETaseWT_pool_3814,-0.8697747
IsPETaseWT_pool_3815,-0.9116737
IsPETaseWT_pool_3816,-0.8951795
IsPETaseWT_pool_3817,-1.6179006
IsPETaseWT_pool_3818,-1.5265689
IsPETaseWT_pool_3819,-1.580421
IsPETaseWT_pool_3820,-1.7896652
IsPETaseWT_pool_3821,-0.9998541
IsPETaseWT_pool_3822,-1.143466
IsPETaseWT_pool_3823,-1.196969
IsPETaseWT_pool_3824,-1.8171945
IsPETaseWT_pool_3825,-1.0900301
IsPETaseWT_pool_3826,-1.0831327
IsPETaseWT_pool_3827,-2.883685
IsPETaseWT_pool_3828,-0.8702353
IsPETaseWT_pool_3829,-1.3409753
IsPETaseWT_pool_3830,-1.7638556
IsPETaseWT_pool_3831,-1.0956854
IsPETaseWT_pool_3832,-1.1220491
IsPETaseWT_pool_3833,-1.7010498
IsPETaseWT_pool_3834,-0.69217545
IsPETaseWT_pool_3835,-2.0006728
IsPETaseWT_pool_3836,-1.1467677
IsPETaseWT_pool_3837,-1.0831327
IsPETaseWT_pool_3838,-0.97221935
IsPETaseWT_pool_3839,-1.0702829
IsPETaseWT_pool_3840,-1.1512421
IsPETaseWT_pool_3841,-1.1676952
IsPETaseWT_pool_3842,-1.5528563
IsPETaseWT_pool_3843,-0.9278084
IsPETaseWT_pool_3844,-1.9958609
IsPETaseWT_pool_3845,-1.7070386
IsPETaseWT_pool_3846,-0.7420044
IsPETaseWT_pool_3847,-0.9990294
IsPETaseWT_pool_3848,-1.2834643
IsPETaseWT_pool_3849,-1.1428233
IsPETaseWT_pool_3850,-1.9218335
IsPETaseWT_pool_3851,0.10597704
IsPETaseWT_pool_3852,-1.6114843
IsPETaseWT_pool_3853,-2.766155
IsPETaseWT_pool_3854,-1.0831327
IsPETaseWT_pool_3855,-1.2080284
IsPETaseWT_pool_3856,-1.1762247
IsPETaseWT_pool_3857,-1.5818342
IsPETaseWT_pool_3858,-1.0831327
IsPETaseWT_pool_3859,-1.1168137
IsPETaseWT_pool_3860,-3.3871517
IsPETaseWT_pool_3861,-1.9669061
IsPETaseWT_pool_3862,-1.1360476
IsPETaseWT_pool_3863,-1.0831327
IsPETaseWT_pool_3864,-1.7542232
IsPETaseWT_pool_3865,-0.8636221
IsPETaseWT_pool_3866,-1.1267412
IsPETaseWT_pool_3867,-1.5295826
IsPETaseWT_pool_3868,-0.9066088
IsPETaseWT_pool_3869,-0.9811942
IsPETaseWT_pool_3870,-1.1257913
IsPETaseWT_pool_3871,-0.89014155
IsPETaseWT_pool_3872,-0.9916436
IsPETaseWT_pool_3873,-1.137936
IsPETaseWT_pool_3874,-1.1052557
IsPETaseWT_pool_3875,-2.016793
IsPETaseWT_pool_3876,-1.1583977
IsPETaseWT_pool_3877,-1.0069357
IsPETaseWT_pool_3878,-1.4239826
IsPETaseWT_pool_3879,-1.2719138
IsPETaseWT_pool_3880,-1.7115874
IsPETaseWT_pool_3881,-1.4424632
IsPETaseWT_pool_3882,-2.1852586
IsPETaseWT_pool_3883,-1.1053522
IsPETaseWT_pool_3884,-1.1344342
IsPETaseWT_pool_3885,-1.2230147
IsPETaseWT_pool_3886,-1.7341658
IsPETaseWT_pool_3887,-1.7355239
IsPETaseWT_pool_3888,-2.3918853
IsPETaseWT_pool_3889,-1.4983525
IsPETaseWT_pool_3890,-1.2218648
IsPETaseWT_pool_3891,-2.493997
IsPETaseWT_pool_3892,-1.140882
IsPETaseWT_pool_3893,-0.977173
IsPETaseWT_pool_3894,-1.1267412
IsPETaseWT_pool_3895,-1.3717797
IsPETaseWT_pool_3896,-1.0702829
IsPETaseWT_pool_3897,-1.0951024
IsPETaseWT_pool_3898,-0.86647713
IsPETaseWT_pool_3899,-0.65754676
IsPETaseWT_pool_3900,-1.7865435
IsPETaseWT_pool_3901,-1.6566308
IsPETaseWT_pool_3902,-1.2403806
IsPETaseWT_pool_3903,-0.9338287
IsPETaseWT_pool_3904,-0.88939023
IsPETaseWT_pool_3905,-0.43075627
IsPETaseWT_pool_3906,-1.8156615
IsPETaseWT_pool_3907,-2.401609
IsPETaseWT_pool_3908,-2.3413832
IsPETaseWT_pool_3909,-1.120923
IsPETaseWT_pool_3910,-1.0702829
IsPETaseWT_pool_3911,-1.7509164
IsPETaseWT_pool_3912,-1.66118
IsPETaseWT_pool_3913,-0.99490756
IsPETaseWT_pool_3914,-1.6664693
IsPETaseWT_pool_3915,-1.8120632
IsPETaseWT_pool_3916,-1.3199146
IsPETaseWT_pool_3917,-1.1028799
IsPETaseWT_pool_3918,-1.6820112
IsPETaseWT_pool_3919,-1.1352123
IsPETaseWT_pool_3920,-1.0690377
IsPETaseWT_pool_3921,-1.0334805
IsPETaseWT_pool_3922,-3.3689153
IsPETaseWT_pool_3923,-1.1486741
IsPETaseWT_pool_3924,-0.93967927
IsPETaseWT_pool_3925,-1.2739553
IsPETaseWT_pool_3926,-0.7910217
IsPETaseWT_pool_3927,-1.170037
IsPETaseWT_pool_3928,-1.9472058
IsPETaseWT_pool_3929,-1.9829389
IsPETaseWT_pool_3930,-1.5143504
IsPETaseWT_pool_3931,-1.5236732
IsPETaseWT_pool_3932,-0.6047825
IsPETaseWT_pool_3933,-2.2223923
IsPETaseWT_pool_3934,-1.147284
IsPETaseWT_pool_3935,-0.9387437
IsPETaseWT_pool_3936,-1.1185415
IsPETaseWT_pool_3937,-1.4789709
IsPETaseWT_pool_3938,-1.1536609
IsPETaseWT_pool_3939,-1.0702829
IsPETaseWT_pool_3940,-1.745903
IsPETaseWT_pool_3941,-0.9973908
IsPETaseWT_pool_3942,-1.1762127
IsPETaseWT_pool_3943,-1.0978659
IsPETaseWT_pool_3944,-1.088116
IsPETaseWT_pool_3945,-1.1558536
IsPETaseWT_pool_3946,-1.212833
IsPETaseWT_pool_3947,-1.1373855
IsPETaseWT_pool_3948,-1.6760575
IsPETaseWT_pool_3949,-1.7000148
IsPETaseWT_pool_3950,-0.9981343
IsPETaseWT_pool_3951,-2.6455324
IsPETaseWT_pool_3952,-1.1154796
IsPETaseWT_pool_3953,-1.2301793
IsPETaseWT_pool_3954,-0.940943
IsPETaseWT_pool_3955,-0.5561122
IsPETaseWT_pool_3956,-0.7284294
IsPETaseWT_pool_3957,-0.9901877
IsPETaseWT_pool_3958,-0.94869876
IsPETaseWT_pool_3959,-1.0711306
IsPETaseWT_pool_3960,-2.375723
IsPETaseWT_pool_3961,-0.42064896
IsPETaseWT_pool_3962,-0.9884766
IsPETaseWT_pool_3963,-0.9771974
IsPETaseWT_pool_3964,-1.3480785
IsPETaseWT_pool_3965,-1.3784589
IsPETaseWT_pool_3966,-1.1265883
IsPETaseWT_pool_3967,-2.0402353
IsPETaseWT_pool_3968,-1.0831327
IsPETaseWT_pool_3969,-1.1522099
IsPETaseWT_pool_3970,-2.6496348
IsPETaseWT_pool_3971,-1.1344342
IsPETaseWT_pool_3972,-1.6040149
IsPETaseWT_pool_3973,-0.99820036
IsPETaseWT_pool_3974,-1.1344342
IsPETaseWT_pool_3975,-1.0910711
IsPETaseWT_pool_3976,-1.6370971
IsPETaseWT_pool_3977,-1.0831327
IsPETaseWT_pool_3978,-1.816068
IsPETaseWT_pool_3979,-1.1165015
IsPETaseWT_pool_3980,-1.0831327
IsPETaseWT_pool_3981,-1.0460616
IsPETaseWT_pool_3982,-1.157639
IsPETaseWT_pool_3983,-1.2064862
IsPETaseWT_pool_3984,-1.0969503
IsPETaseWT_pool_3985,-1.8803622
IsPETaseWT_pool_3986,-1.3175241
IsPETaseWT_pool_3987,-2.3263083
IsPETaseWT_pool_3988,-1.0911344
IsPETaseWT_pool_3989,-1.5756441
IsPETaseWT_pool_3990,-1.7138138
IsPETaseWT_pool_3991,-1.7943364
IsPETaseWT_pool_3992,-1.3128827
IsPETaseWT_pool_3993,-0.9075414
IsPETaseWT_pool_3994,-1.7036005
IsPETaseWT_pool_3995,-1.6629647
IsPETaseWT_pool_3996,-2.1377032
IsPETaseWT_pool_3997,-1.6483302
IsPETaseWT_pool_3998,-1.4534343
IsPETaseWT_pool_3999,-1.0625899
IsPETaseWT_pool_4000,-0.9007605
IsPETaseWT_pool_4001,-1.1028799
IsPETaseWT_pool_4002,-2.58561
IsPETaseWT_pool_4003,-1.0702829
IsPETaseWT_pool_4004,-1.1070901
IsPETaseWT_pool_4005,-1.0943971
IsPETaseWT_pool_4006,-1.0702829
IsPETaseWT_pool_4007,-1.4186298
IsPETaseWT_pool_4008,-1.2021394
IsPETaseWT_pool_4009,-1.5380679
IsPETaseWT_pool_4010,-0.91072536
IsPETaseWT_pool_4011,-1.3801363
IsPETaseWT_pool_4012,-1.0851605
IsPETaseWT_pool_4013,-1.9699035
IsPETaseWT_pool_4014,-0.24310333
IsPETaseWT_pool_4015,-1.6465392
IsPETaseWT_pool_4016,-1.1058857
IsPETaseWT_pool_4017,-0.8847383
IsPETaseWT_pool_4018,-1.1268373
IsPETaseWT_pool_4019,-1.2636523
IsPETaseWT_pool_4020,-0.86971164
IsPETaseWT_pool_4021,-1.1651769
IsPETaseWT_pool_4022,-1.0443839
IsPETaseWT_pool_4023,-1.2189379
IsPETaseWT_pool_4024,-1.7878107
IsPETaseWT_pool_4025,-1.5119771
IsPETaseWT_pool_4026,-1.6673795
IsPETaseWT_pool_4027,-1.0851872
IsPETaseWT_pool_4028,-1.4341825
IsPETaseWT_pool_4029,-0.9928101
IsPETaseWT_pool_4030,-1.3576895
IsPETaseWT_pool_4031,-1.1939944
IsPETaseWT_pool_4032,-2.8482437
IsPETaseWT_pool_4033,-1.0509683
IsPETaseWT_pool_4034,-2.0771022
IsPETaseWT_pool_4035,-1.0561879
IsPETaseWT_pool_4036,-1.2706678
IsPETaseWT_pool_4037,-0.8153097
IsPETaseWT_pool_4038,-1.088116
IsPETaseWT_pool_4039,-1.7858245
IsPETaseWT_pool_4040,-2.8156974
IsPETaseWT_pool_4041,-1.6858338
IsPETaseWT_pool_4042,-2.223639
IsPETaseWT_pool_4043,-1.4718171
IsPETaseWT_pool_4044,-1.5672615
IsPETaseWT_pool_4045,-1.2606666
IsPETaseWT_pool_4046,-1.0724052
IsPETaseWT_pool_4047,-1.6483302
IsPETaseWT_pool_4048,-0.7038131
IsPETaseWT_pool_4049,-1.5022483
IsPETaseWT_pool_4050,-1.7776856
IsPETaseWT_pool_4051,-2.0249004
IsPETaseWT_pool_4052,-1.1269069
IsPETaseWT_pool_4053,-1.7172242
IsPETaseWT_pool_4054,-1.1670312
IsPETaseWT_pool_4055,-0.9630749
IsPETaseWT_pool_4056,-0.90993273
IsPETaseWT_pool_4057,-1.0971109
IsPETaseWT_pool_4058,-2.010241
IsPETaseWT_pool_4059,-1.3238497
IsPETaseWT_pool_4060,-1.1138914
IsPETaseWT_pool_4061,-1.1350005
IsPETaseWT_pool_4062,-1.4632752
IsPETaseWT_pool_4063,-2.150105
IsPETaseWT_pool_4064,-0.6077015
IsPETaseWT_pool_4065,-1.7745763
IsPETaseWT_pool_4066,-1.5376955
IsPETaseWT_pool_4067,-1.6577444
IsPETaseWT_pool_4068,-0.25710472
IsPETaseWT_pool_4069,-1.5919126
IsPETaseWT_pool_4070,-1.3857379
IsPETaseWT_pool_4071,-1.1707649
IsPETaseWT_pool_4072,-1.1196489
IsPETaseWT_pool_4073,-1.1376959
IsPETaseWT_pool_4074,-1.0528404
IsPETaseWT_pool_4075,-2.4429004
IsPETaseWT_pool_4076,-1.7558063
IsPETaseWT_pool_4077,-2.1095061
IsPETaseWT_pool_4078,-1.8809453
IsPETaseWT_pool_4079,-1.6475018
IsPETaseWT_pool_4080,-1.1392752
IsPETaseWT_pool_4081,-1.0628349
IsPETaseWT_pool_4082,-2.436474
IsPETaseWT_pool_4083,-1.2509805
IsPETaseWT_pool_4084,-1.0694872
IsPETaseWT_pool_4085,-1.1058857
IsPETaseWT_pool_4086,-1.1344342
IsPETaseWT_pool_4087,-1.7806926
IsPETaseWT_pool_4088,-1.8084354
IsPETaseWT_pool_4089,-1.0702829
IsPETaseWT_pool_4090,-1.1881509
IsPETaseWT_pool_4091,-1.271359
IsPETaseWT_pool_4092,-1.5914207
IsPETaseWT_pool_4093,-1.1344342
IsPETaseWT_pool_4094,-1.166238
IsPETaseWT_pool_4095,-0.9605972
IsPETaseWT_pool_4096,-1.1187356
IsPETaseWT_pool_4097,-2.139294
IsPETaseWT_pool_4098,-1.1137385
IsPETaseWT_pool_4099,-2.445593
IsPETaseWT_pool_4100,-1.1054026
IsPETaseWT_pool_4101,-4.524576
IsPETaseWT_pool_4102,-1.3294688
IsPETaseWT_pool_4103,-1.5788615
IsPETaseWT_pool_4104,-1.214503
IsPETaseWT_pool_4105,-1.1522673
IsPETaseWT_pool_4106,-1.0422126
IsPETaseWT_pool_4107,-0.64075625
IsPETaseWT_pool_4108,-1.7795595
IsPETaseWT_pool_4109,-0.8589496
IsPETaseWT_pool_4110,-1.0831327
IsPETaseWT_pool_4111,-0.92201513
IsPETaseWT_pool_4112,-1.1058857
IsPETaseWT_pool_4113,-1.655581
IsPETaseWT_pool_4114,-1.0751425
IsPETaseWT_pool_4115,-1.2636256
IsPETaseWT_pool_4116,-1.754598
IsPETaseWT_pool_4117,-1.5403137
IsPETaseWT_pool_4118,-1.2327292
IsPETaseWT_pool_4119,-2.1896439
IsPETaseWT_pool_4120,-1.383942
IsPETaseWT_pool_4121,-1.0445455
IsPETaseWT_pool_4122,-1.6706442
IsPETaseWT_pool_4123,-1.0702829
IsPETaseWT_pool_4124,-1.2655652
IsPETaseWT_pool_4125,-1.4414313
IsPETaseWT_pool_4126,-1.1281507
IsPETaseWT_pool_4127,-0.6574705
IsPETaseWT_pool_4128,-1.5760534
IsPETaseWT_pool_4129,-1.7124815
IsPETaseWT_pool_4130,-1.5101359
IsPETaseWT_pool_4131,-0.8639331
IsPETaseWT_pool_4132,-1.6478329
IsPETaseWT_pool_4133,-1.147284
IsPETaseWT_pool_4134,-1.4004366
IsPETaseWT_pool_4135,-1.0675732
IsPETaseWT_pool_4136,-1.1255084
IsPETaseWT_pool_4137,-1.1801451
IsPETaseWT_pool_4138,-1.0831327
IsPETaseWT_pool_4139,-1.3666433
IsPETaseWT_pool_4140,-1.185689
IsPETaseWT_pool_4141,-1.6169733
IsPETaseWT_pool_4142,-1.4245744
IsPETaseWT_pool_4143,-1.1028799
IsPETaseWT_pool_4144,-1.8303096
IsPETaseWT_pool_4145,-1.6812736
IsPETaseWT_pool_4146,-2.4925969
IsPETaseWT_pool_4147,-1.1376959
IsPETaseWT_pool_4148,-1.1154796
IsPETaseWT_pool_4149,-1.0702829
IsPETaseWT_pool_4150,-1.0001198
IsPETaseWT_pool_4151,-1.4364992
IsPETaseWT_pool_4152,-2.9498959
IsPETaseWT_pool_4153,-1.1910807
IsPETaseWT_pool_4154,-1.808371
IsPETaseWT_pool_4155,-1.289204
IsPETaseWT_pool_4156,-1.1676364
IsPETaseWT_pool_4157,-0.8193039
IsPETaseWT_pool_4158,-1.2487763
IsPETaseWT_pool_4159,-1.3125832
IsPETaseWT_pool_4160,-1.1547866
IsPETaseWT_pool_4161,-1.1344342
IsPETaseWT_pool_4162,-1.0831327
IsPETaseWT_pool_4163,-1.0702829
IsPETaseWT_pool_4164,-0.9059526
IsPETaseWT_pool_4165,-1.7821375
IsPETaseWT_pool_4166,-1.5999163
IsPETaseWT_pool_4167,-1.0545828
IsPETaseWT_pool_4168,-0.9000769
IsPETaseWT_pool_4169,-1.9405215
IsPETaseWT_pool_4170,-1.1732692
IsPETaseWT_pool_4171,-1.1377937
IsPETaseWT_pool_4172,-1.1513188
IsPETaseWT_pool_4173,-1.994378
IsPETaseWT_pool_4174,-1.3517696
IsPETaseWT_pool_4175,-1.7654915
IsPETaseWT_pool_4176,-1.1373855
IsPETaseWT_pool_4177,-1.0831327
IsPETaseWT_pool_4178,-1.232202
IsPETaseWT_pool_4179,-1.4293274
IsPETaseWT_pool_4180,-1.1344342
IsPETaseWT_pool_4181,-1.5451287
IsPETaseWT_pool_4182,-1.6760575
IsPETaseWT_pool_4183,-1.0797472
IsPETaseWT_pool_4184,-1.0793564
IsPETaseWT_pool_4185,-0.83114254
IsPETaseWT_pool_4186,-1.6483302
IsPETaseWT_pool_4187,-0.8827414
IsPETaseWT_pool_4188,-1.7364972
IsPETaseWT_pool_4189,-1.0831327
IsPETaseWT_pool_4190,-1.4913143
IsPETaseWT_pool_4191,-1.4336318
IsPETaseWT_pool_4192,-1.2017179
IsPETaseWT_pool_4193,-1.0831327
IsPETaseWT_pool_4194,-1.2510109
IsPETaseWT_pool_4195,-1.9086702
IsPETaseWT_pool_4196,-1.1256329
IsPETaseWT_pool_4197,-1.6556606
IsPETaseWT_pool_4198,-0.9410643
IsPETaseWT_pool_4199,-1.1939653
IsPETaseWT_pool_4200,-1.1174349
IsPETaseWT_pool_4201,-1.1899456
IsPETaseWT_pool_4202,-1.9146788
IsPETaseWT_pool_4203,-1.0702829
IsPETaseWT_pool_4204,-1.4543025
IsPETaseWT_pool_4205,-1.0063787
IsPETaseWT_pool_4206,-1.6151924
IsPETaseWT_pool_4207,-1.1447489
IsPETaseWT_pool_4208,-1.1419668
IsPETaseWT_pool_4209,-1.0780649
IsPETaseWT_pool_4210,-1.0443839
IsPETaseWT_pool_4211,-1.6966119
IsPETaseWT_pool_4212,-1.121797
IsPETaseWT_pool_4213,-0.8415537
IsPETaseWT_pool_4214,-1.2550743
IsPETaseWT_pool_4215,-1.3925415
IsPETaseWT_pool_4216,-0.9302954
IsPETaseWT_pool_4217,-0.88431025
IsPETaseWT_pool_4218,-0.9769836
IsPETaseWT_pool_4219,-1.8030534
IsPETaseWT_pool_4220,-0.7977941
IsPETaseWT_pool_4221,-0.9132179
IsPETaseWT_pool_4222,-1.1435077
IsPETaseWT_pool_4223,-0.82003504
IsPETaseWT_pool_4224,-1.0696328
IsPETaseWT_pool_4225,-1.3309199
IsPETaseWT_pool_4226,-1.5023081
IsPETaseWT_pool_4227,-1.2339327
IsPETaseWT_pool_4228,-2.5344443
IsPETaseWT_pool_4229,-1.8153349
IsPETaseWT_pool_4230,-1.5372505
IsPETaseWT_pool_4231,-1.6736058
IsPETaseWT_pool_4232,-1.222099
IsPETaseWT_pool_4233,-1.3780897
IsPETaseWT_pool_4234,-1.5976002
IsPETaseWT_pool_4235,-1.9087846
IsPETaseWT_pool_4236,-1.1586914
IsPETaseWT_pool_4237,-1.9586098
IsPETaseWT_pool_4238,-1.1318902
IsPETaseWT_pool_4239,-0.8826908
IsPETaseWT_pool_4240,-1.1893412
IsPETaseWT_pool_4241,-1.1267412
IsPETaseWT_pool_4242,-0.8776768
IsPETaseWT_pool_4243,-1.0702829
IsPETaseWT_pool_4244,-1.4007492
IsPETaseWT_pool_4245,-1.1039639
IsPETaseWT_pool_4246,-1.1137385
IsPETaseWT_pool_4247,-1.8719102
IsPETaseWT_pool_4248,-1.2148259
IsPETaseWT_pool_4249,-1.9801309
IsPETaseWT_pool_4250,-1.685696
IsPETaseWT_pool_4251,-1.0817343
IsPETaseWT_pool_4252,-2.027166
IsPETaseWT_pool_4253,-1.492533
IsPETaseWT_pool_4254,-1.1805152
IsPETaseWT_pool_4255,-1.2977031
IsPETaseWT_pool_4256,-1.1859483
IsPETaseWT_pool_4257,-1.1671666
IsPETaseWT_pool_4258,-1.2898154
IsPETaseWT_pool_4259,-1.1965771
IsPETaseWT_pool_4260,-1.1447489
IsPETaseWT_pool_4261,-0.8421017
IsPETaseWT_pool_4262,-1.1384827
IsPETaseWT_pool_4263,-1.1333127
IsPETaseWT_pool_4264,-0.845736
IsPETaseWT_pool_4265,-1.1915938
IsPETaseWT_pool_4266,-0.9054635
IsPETaseWT_pool_4267,-1.0121387
IsPETaseWT_pool_4268,-1.1796309
IsPETaseWT_pool_4269,-1.7896652
IsPETaseWT_pool_4270,-2.0742996
IsPETaseWT_pool_4271,-1.188868
IsPETaseWT_pool_4272,-1.923434
IsPETaseWT_pool_4273,-2.3385234
IsPETaseWT_pool_4274,-1.2015938
IsPETaseWT_pool_4275,-1.088116
IsPETaseWT_pool_4276,-1.0396361
IsPETaseWT_pool_4277,-1.7118258
IsPETaseWT_pool_4278,-1.1712475
IsPETaseWT_pool_4279,-1.9384882
IsPETaseWT_pool_4280,-0.9169706
IsPETaseWT_pool_4281,-1.1957229
IsPETaseWT_pool_4282,-1.3611515
IsPETaseWT_pool_4283,-0.86989164
IsPETaseWT_pool_4284,-1.2841785
IsPETaseWT_pool_4285,-1.2705703
IsPETaseWT_pool_4286,-1.0503826
IsPETaseWT_pool_4287,-1.2026658
IsPETaseWT_pool_4288,-1.0702829
IsPETaseWT_pool_4289,-1.498773
IsPETaseWT_pool_4290,-1.0900301
IsPETaseWT_pool_4291,-1.6412745
IsPETaseWT_pool_4292,-1.0516795
IsPETaseWT_pool_4293,-0.92835546
IsPETaseWT_pool_4294,-0.7196691
IsPETaseWT_pool_4295,-1.7032373
IsPETaseWT_pool_4296,-1.6691213
IsPETaseWT_pool_4297,-1.2293282
IsPETaseWT_pool_4298,-1.1085352
IsPETaseWT_pool_4299,-1.1447489
IsPETaseWT_pool_4300,-0.8404343
IsPETaseWT_pool_4301,-2.8200624
IsPETaseWT_pool_4302,-1.0998498
IsPETaseWT_pool_4303,-1.0255957
IsPETaseWT_pool_4304,-1.1607978
IsPETaseWT_pool_4305,-1.1170237
IsPETaseWT_pool_4306,-0.82993615
IsPETaseWT_pool_4307,-1.853142
IsPETaseWT_pool_4308,-1.2321062
IsPETaseWT_pool_4309,-1.613614
IsPETaseWT_pool_4310,-1.6055712
IsPETaseWT_pool_4311,-1.2272433
IsPETaseWT_pool_4312,-0.73665494
IsPETaseWT_pool_4313,-1.0028949
IsPETaseWT_pool_4314,-1.721555
IsPETaseWT_pool_4315,-0.89836824
IsPETaseWT_pool_4316,-1.1289642
IsPETaseWT_pool_4317,-1.1373612
IsPETaseWT_pool_4318,-0.21276712
IsPETaseWT_pool_4319,-0.93967927
IsPETaseWT_pool_4320,-1.1418437
IsPETaseWT_pool_4321,-0.7811536
IsPETaseWT_pool_4322,-1.6613749
IsPETaseWT_pool_4323,-1.5953009
IsPETaseWT_pool_4324,-1.1879798
IsPETaseWT_pool_4325,-1.7212963
IsPETaseWT_pool_4326,-2.3496249
IsPETaseWT_pool_4327,-0.8954853
IsPETaseWT_pool_4328,-1.8348619
IsPETaseWT_pool_4329,-2.0499
IsPETaseWT_pool_4330,-1.6475965
IsPETaseWT_pool_4331,-1.1113591
IsPETaseWT_pool_4332,-1.3240951
IsPETaseWT_pool_4333,-1.088116
IsPETaseWT_pool_4334,-0.9352777
IsPETaseWT_pool_4335,-1.6660156
IsPETaseWT_pool_4336,-1.1771007
IsPETaseWT_pool_4337,-1.4286846
IsPETaseWT_pool_4338,-1.3393297
IsPETaseWT_pool_4339,-1.2934284
IsPETaseWT_pool_4340,-0.8878374
IsPETaseWT_pool_4341,-3.9622471
IsPETaseWT_pool_4342,-2.533749
IsPETaseWT_pool_4343,-1.5515685
IsPETaseWT_pool_4344,-1.1039639
IsPETaseWT_pool_4345,-1.1343586
IsPETaseWT_pool_4346,-1.6809272
IsPETaseWT_pool_4347,-1.1712475
IsPETaseWT_pool_4348,-1.1798012
IsPETaseWT_pool_4349,-1.0868087
IsPETaseWT_pool_4350,-1.7908792
IsPETaseWT_pool_4351,-1.5950124
IsPETaseWT_pool_4352,-0.62408483
IsPETaseWT_pool_4353,-1.195849
IsPETaseWT_pool_4354,-1.8326778
IsPETaseWT_pool_4355,-1.6184505
IsPETaseWT_pool_4356,-1.6690861
IsPETaseWT_pool_4357,-1.1351702
IsPETaseWT_pool_4358,-2.6712298
IsPETaseWT_pool_4359,-1.8005861
IsPETaseWT_pool_4360,-0.884034
IsPETaseWT_pool_4361,-1.631008
IsPETaseWT_pool_4362,-1.9788198
IsPETaseWT_pool_4363,-1.67401
IsPETaseWT_pool_4364,-1.0702829
IsPETaseWT_pool_4365,-1.0797472
IsPETaseWT_pool_4366,-2.292328
IsPETaseWT_pool_4367,-0.9790807
IsPETaseWT_pool_4368,-1.5492508
IsPETaseWT_pool_4369,-1.8011166
IsPETaseWT_pool_4370,-1.0871592
IsPETaseWT_pool_4371,-1.2316581
IsPETaseWT_pool_4372,-1.1154796
IsPETaseWT_pool_4373,-1.171785
IsPETaseWT_pool_4374,-1.082337
IsPETaseWT_pool_4375,-1.0086256
IsPETaseWT_pool_4376,-1.6422031
IsPETaseWT_pool_4377,-1.1544111
IsPETaseWT_pool_4378,-1.0921568
IsPETaseWT_pool_4379,-1.1434042
IsPETaseWT_pool_4380,-1.0497655
IsPETaseWT_pool_4381,-1.0702829
IsPETaseWT_pool_4382,-0.99966896
IsPETaseWT_pool_4383,-1.547293
IsPETaseWT_pool_4384,-1.0927776
IsPETaseWT_pool_4385,-2.6893852
IsPETaseWT_pool_4386,-1.2886198
IsPETaseWT_pool_4387,-1.3366779
IsPETaseWT_pool_4388,-0.96900845
IsPETaseWT_pool_4389,-1.8446732
IsPETaseWT_pool_4390,-0.20175377
IsPETaseWT_pool_4391,-1.6859304
IsPETaseWT_pool_4392,-1.1267412
IsPETaseWT_pool_4393,-2.039089
IsPETaseWT_pool_4394,-1.1266804
IsPETaseWT_pool_4395,-1.8775786
IsPETaseWT_pool_4396,-1.5406206
IsPETaseWT_pool_4397,-1.162582
IsPETaseWT_pool_4398,-1.6661633
IsPETaseWT_pool_4399,-1.1138914
IsPETaseWT_pool_4400,-1.4433168
IsPETaseWT_pool_4401,-1.892239
IsPETaseWT_pool_4402,-0.8739998
IsPETaseWT_pool_4403,-0.9649004
IsPETaseWT_pool_4404,-1.0797472
IsPETaseWT_pool_4405,-1.8147877
IsPETaseWT_pool_4406,-1.0480345
IsPETaseWT_pool_4407,-1.5530603
IsPETaseWT_pool_4408,-1.473842
IsPETaseWT_pool_4409,-1.5140871
IsPETaseWT_pool_4410,-1.0702829
IsPETaseWT_pool_4411,-1.1860055
IsPETaseWT_pool_4412,-1.7124815
IsPETaseWT_pool_4413,-1.7425104
IsPETaseWT_pool_4414,-1.4911268
IsPETaseWT_pool_4415,-0.87005734
IsPETaseWT_pool_4416,-1.4789563
IsPETaseWT_pool_4417,-1.8593246
IsPETaseWT_pool_4418,-1.7846818
IsPETaseWT_pool_4419,-0.86647713
IsPETaseWT_pool_4420,-1.3828802
IsPETaseWT_pool_4421,-1.76964
IsPETaseWT_pool_4422,-0.84593415
IsPETaseWT_pool_4423,-1.1232216
IsPETaseWT_pool_4424,-0.022253139
IsPETaseWT_pool_4425,-1.862929
IsPETaseWT_pool_4426,-1.1477842
IsPETaseWT_pool_4427,-1.5462158
IsPETaseWT_pool_4428,-1.0625899
IsPETaseWT_pool_4429,-1.657818
IsPETaseWT_pool_4430,-1.0038512
IsPETaseWT_pool_4431,-1.6946015
IsPETaseWT_pool_4432,-1.0880884
IsPETaseWT_pool_4433,-1.7785183
IsPETaseWT_pool_4434,-1.4955705
IsPETaseWT_pool_4435,-1.4195933
IsPETaseWT_pool_4436,-0.90776145
IsPETaseWT_pool_4437,-1.5498128
IsPETaseWT_pool_4438,-1.0260637
IsPETaseWT_pool_4439,-2.0919597
IsPETaseWT_pool_4440,-1.1250993
IsPETaseWT_pool_4441,-0.8847383
IsPETaseWT_pool_4442,-1.6696571
IsPETaseWT_pool_4443,-1.6901207
IsPETaseWT_pool_4444,-1.0901756
IsPETaseWT_pool_4445,-1.6400498
IsPETaseWT_pool_4446,-0.9306282
IsPETaseWT_pool_4447,-1.0702829
IsPETaseWT_pool_4448,-1.045785
IsPETaseWT_pool_4449,-1.0964365
IsPETaseWT_pool_4450,-1.2451926
IsPETaseWT_pool_4451,-1.4750925
IsPETaseWT_pool_4452,-1.4619973
IsPETaseWT_pool_4453,-5.677923
IsPETaseWT_pool_4454,-1.3118954
IsPETaseWT_pool_4455,-2.0849476
IsPETaseWT_pool_4456,-0.88760734
IsPETaseWT_pool_4457,-0.94254607
IsPETaseWT_pool_4458,-1.7154746
IsPETaseWT_pool_4459,-0.23474377
IsPETaseWT_pool_4460,-1.6995848
IsPETaseWT_pool_4461,-1.8023509
IsPETaseWT_pool_4462,-1.1305298
IsPETaseWT_pool_4463,-0.77233195
IsPETaseWT_pool_4464,-1.0851605
IsPETaseWT_pool_4465,-0.98194975
IsPETaseWT_pool_4466,-2.0960639
IsPETaseWT_pool_4467,-1.0942403
IsPETaseWT_pool_4468,-1.6239246
IsPETaseWT_pool_4469,-0.9205902
IsPETaseWT_pool_4470,-1.1857197
IsPETaseWT_pool_4471,-1.8409294
IsPETaseWT_pool_4472,-1.0951526
IsPETaseWT_pool_4473,-2.0699494
IsPETaseWT_pool_4474,-1.5987325
IsPETaseWT_pool_4475,-1.1395199
IsPETaseWT_pool_4476,-1.755392
IsPETaseWT_pool_4477,-1.1867061
IsPETaseWT_pool_4478,-2.1625597
IsPETaseWT_pool_4479,-2.022459
IsPETaseWT_pool_4480,-1.7049544
IsPETaseWT_pool_4481,-1.7908792
IsPETaseWT_pool_4482,-1.293027
IsPETaseWT_pool_4483,-1.4731494
IsPETaseWT_pool_4484,-1.0748818
IsPETaseWT_pool_4485,-1.0054692
IsPETaseWT_pool_4486,-1.8837993
IsPETaseWT_pool_4487,-1.5669978
IsPETaseWT_pool_4488,-1.1559087
IsPETaseWT_pool_4489,-2.0623317
IsPETaseWT_pool_4490,-0.8909313
IsPETaseWT_pool_4491,-1.147284
IsPETaseWT_pool_4492,-1.3912077
IsPETaseWT_pool_4493,-1.197464
IsPETaseWT_pool_4494,-1.119528
IsPETaseWT_pool_4495,-1.4543025
IsPETaseWT_pool_4496,-1.864129
IsPETaseWT_pool_4497,-2.057023
IsPETaseWT_pool_4498,-1.1344342
IsPETaseWT_pool_4499,-2.0072923
IsPETaseWT_pool_4500,-1.0472045
IsPETaseWT_pool_4501,-1.1137385
IsPETaseWT_pool_4502,-0.9484613
IsPETaseWT_pool_4503,-1.2331638
IsPETaseWT_pool_4504,-1.144318
IsPETaseWT_pool_4505,-1.1522673
IsPETaseWT_pool_4506,-1.1626693
IsPETaseWT_pool_4507,-1.988665
IsPETaseWT_pool_4508,-0.915722
IsPETaseWT_pool_4509,-2.7243829
IsPETaseWT_pool_4510,-1.2175409
IsPETaseWT_pool_4511,-0.9160198
IsPETaseWT_pool_4512,-1.7110832
IsPETaseWT_pool_4513,-2.0790358
IsPETaseWT_pool_4514,-0.75769675
IsPETaseWT_pool_4515,-1.696625
IsPETaseWT_pool_4516,-1.66118
IsPETaseWT_pool_4517,-1.1619711
IsPETaseWT_pool_4518,-2.1991503
IsPETaseWT_pool_4519,-0.95944875
IsPETaseWT_pool_4520,-1.1883574
IsPETaseWT_pool_4521,-1.0609417
IsPETaseWT_pool_4522,-1.1996038
IsPETaseWT_pool_4523,-1.2175409
IsPETaseWT_pool_4524,-1.3895445
IsPETaseWT_pool_4525,-1.0702829
IsPETaseWT_pool_4526,-0.974029
IsPETaseWT_pool_4527,-0.9731863
IsPETaseWT_pool_4528,-1.275703
IsPETaseWT_pool_4529,-1.280535
IsPETaseWT_pool_4530,-1.8034672
IsPETaseWT_pool_4531,-1.1819863
IsPETaseWT_pool_4532,-1.5642383
IsPETaseWT_pool_4533,-1.0844257
IsPETaseWT_pool_4534,-1.9335328
IsPETaseWT_pool_4535,-1.2608987
IsPETaseWT_pool_4536,-1.2254335
IsPETaseWT_pool_4537,-1.8466754
IsPETaseWT_pool_4538,-1.6961819
IsPETaseWT_pool_4539,-1.5584843
IsPETaseWT_pool_4540,-0.9966813
IsPETaseWT_pool_4541,-1.2022896
IsPETaseWT_pool_4542,-0.52698064
IsPETaseWT_pool_4543,-2.455652
IsPETaseWT_pool_4544,-0.6953016
IsPETaseWT_pool_4545,-1.1088235
IsPETaseWT_pool_4546,-1.9940604
IsPETaseWT_pool_4547,-1.7382193
IsPETaseWT_pool_4548,-2.71939
IsPETaseWT_pool_4549,-1.694861
IsPETaseWT_pool_4550,-1.855474
IsPETaseWT_pool_4551,-1.5875129
IsPETaseWT_pool_4552,-1.1316912
IsPETaseWT_pool_4553,-1.6820575
IsPETaseWT_pool_4554,-1.7219456
IsPETaseWT_pool_4555,-1.7140996
IsPETaseWT_pool_4556,-1.8148167
IsPETaseWT_pool_4557,-1.6303598
IsPETaseWT_pool_4558,-1.0702829
IsPETaseWT_pool_4559,-1.0831327
IsPETaseWT_pool_4560,-1.7263349
IsPETaseWT_pool_4561,-1.5401127
IsPETaseWT_pool_4562,-1.1381707
IsPETaseWT_pool_4563,-1.7143487
IsPETaseWT_pool_4564,-1.1823292
IsPETaseWT_pool_4565,-1.2178621
IsPETaseWT_pool_4566,-1.0025648
IsPETaseWT_pool_4567,-2.1997747
IsPETaseWT_pool_4568,-1.5547042
IsPETaseWT_pool_4569,-1.0702829
IsPETaseWT_pool_4570,-1.1323779
IsPETaseWT_pool_4571,-1.116101
IsPETaseWT_pool_4572,-1.0831327
IsPETaseWT_pool_4573,-1.0349016
IsPETaseWT_pool_4574,-1.2664287
IsPETaseWT_pool_4575,-1.4201194
IsPETaseWT_pool_4576,-1.1493413
IsPETaseWT_pool_4577,-2.028964
IsPETaseWT_pool_4578,-1.2351831
IsPETaseWT_pool_4579,-1.1425499
IsPETaseWT_pool_4580,-1.8279175
IsPETaseWT_pool_4581,-2.5628731
IsPETaseWT_pool_4582,-2.3430293
IsPETaseWT_pool_4583,-2.5894194
IsPETaseWT_pool_4584,-1.1351702
IsPETaseWT_pool_4585,-1.0632082
IsPETaseWT_pool_4586,-1.5000637
IsPETaseWT_pool_4587,-1.7062123
IsPETaseWT_pool_4588,-0.7511526
IsPETaseWT_pool_4589,-1.3426676
IsPETaseWT_pool_4590,-1.0989472
IsPETaseWT_pool_4591,-0.77109855
IsPETaseWT_pool_4592,-2.4706907
IsPETaseWT_pool_4593,-0.8115277
IsPETaseWT_pool_4594,-1.155633
IsPETaseWT_pool_4595,-1.6240267
IsPETaseWT_pool_4596,-0.9413618
IsPETaseWT_pool_4597,-1.8117965
IsPETaseWT_pool_4598,-1.5860231
IsPETaseWT_pool_4599,-0.8793269
IsPETaseWT_pool_4600,-1.303375
IsPETaseWT_pool_4601,-2.465558
IsPETaseWT_pool_4602,-1.2306359
IsPETaseWT_pool_4603,-2.0441763
IsPETaseWT_pool_4604,-0.9133475
IsPETaseWT_pool_4605,-0.3930793
IsPETaseWT_pool_4606,-1.7720115
IsPETaseWT_pool_4607,-1.7826809
IsPETaseWT_pool_4608,-1.1361681
IsPETaseWT_pool_4609,-1.66118
IsPETaseWT_pool_4610,-1.0702829
IsPETaseWT_pool_4611,-1.6767493
IsPETaseWT_pool_4612,-0.8793269
IsPETaseWT_pool_4613,-1.1363409
IsPETaseWT_pool_4614,-2.0568187
IsPETaseWT_pool_4615,-1.7223377
IsPETaseWT_pool_4616,-1.7263832
IsPETaseWT_pool_4617,-1.2522469
IsPETaseWT_pool_4618,-1.7188025
IsPETaseWT_pool_4619,-1.8871521
IsPETaseWT_pool_4620,-1.2049795
IsPETaseWT_pool_4621,-1.0443839
IsPETaseWT_pool_4622,-2.1379378
IsPETaseWT_pool_4623,-1.7979646
IsPETaseWT_pool_4624,-1.6577944
IsPETaseWT_pool_4625,-0.91978925
IsPETaseWT_pool_4626,-1.7176797
IsPETaseWT_pool_4627,-1.1538224
IsPETaseWT_pool_4628,-2.3383498
IsPETaseWT_pool_4629,-2.0444417
IsPETaseWT_pool_4630,-2.0088458
IsPETaseWT_pool_4631,-2.4816463
IsPETaseWT_pool_4632,-1.4635824
IsPETaseWT_pool_4633,-2.0493302
IsPETaseWT_pool_4634,-0.85416996
IsPETaseWT_pool_4635,-2.845227
IsPETaseWT_pool_4636,-1.4057767
IsPETaseWT_pool_4637,-1.1028799
IsPETaseWT_pool_4638,-1.8093573
IsPETaseWT_pool_4639,-1.1435077
IsPETaseWT_pool_4640,-1.182842
IsPETaseWT_pool_4641,-1.1265883
IsPETaseWT_pool_4642,-0.9708427
IsPETaseWT_pool_4643,-1.7053068
IsPETaseWT_pool_4644,-1.0315341
IsPETaseWT_pool_4645,-1.1374599
IsPETaseWT_pool_4646,-2.1911438
IsPETaseWT_pool_4647,-0.80029464
IsPETaseWT_pool_4648,-1.2135556
IsPETaseWT_pool_4649,-1.7654915
IsPETaseWT_pool_4650,-1.8391173
IsPETaseWT_pool_4651,-1.72968
IsPETaseWT_pool_4652,-1.147284
IsPETaseWT_pool_4653,-1.1267164
IsPETaseWT_pool_4654,-1.0817343
IsPETaseWT_pool_4655,-1.1344342
IsPETaseWT_pool_4656,-2.6832225
IsPETaseWT_pool_4657,-0.71173525
IsPETaseWT_pool_4658,-1.468198
IsPETaseWT_pool_4659,-1.0702829
IsPETaseWT_pool_4660,-1.7210704
IsPETaseWT_pool_4661,-1.1456779
IsPETaseWT_pool_4662,-0.9000525
IsPETaseWT_pool_4663,-1.0702829
IsPETaseWT_pool_4664,-1.1139927
IsPETaseWT_pool_4665,-2.0012465
IsPETaseWT_pool_4666,-1.4715562
IsPETaseWT_pool_4667,-1.0200067
IsPETaseWT_pool_4668,-1.2236265
IsPETaseWT_pool_4669,-1.6354595
IsPETaseWT_pool_4670,-1.9796996
IsPETaseWT_pool_4671,-1.1282823
IsPETaseWT_pool_4672,-1.6407641
IsPETaseWT_pool_4673,-1.5838615
IsPETaseWT_pool_4674,-1.2892401
IsPETaseWT_pool_4675,-1.0629095
IsPETaseWT_pool_4676,-0.93223464
IsPETaseWT_pool_4677,-0.9846615
IsPETaseWT_pool_4678,-1.1850301
IsPETaseWT_pool_4679,-1.5882175
IsPETaseWT_pool_4680,-1.4884285
IsPETaseWT_pool_4681,-1.4039409
IsPETaseWT_pool_4682,-1.0383857
IsPETaseWT_pool_4683,-1.1282852
IsPETaseWT_pool_4684,-1.7140996
IsPETaseWT_pool_4685,-1.1138914
IsPETaseWT_pool_4686,-0.8482572
IsPETaseWT_pool_4687,-1.758886
IsPETaseWT_pool_4688,-1.4225632
IsPETaseWT_pool_4689,-1.4705852
IsPETaseWT_pool_4690,-1.1267412
IsPETaseWT_pool_4691,-1.4857192
IsPETaseWT_pool_4692,-1.7904626
IsPETaseWT_pool_4693,-1.6483302
IsPETaseWT_pool_4694,-1.1267412
IsPETaseWT_pool_4695,-0.97869605
IsPETaseWT_pool_4696,-1.1344342
IsPETaseWT_pool_4697,-1.0702829
IsPETaseWT_pool_4698,-1.1119217
IsPETaseWT_pool_4699,-1.9626355
IsPETaseWT_pool_4700,-1.0767307
IsPETaseWT_pool_4701,-1.1882082
IsPETaseWT_pool_4702,-0.86568123
IsPETaseWT_pool_4703,-1.1062944
IsPETaseWT_pool_4704,-1.2234726
IsPETaseWT_pool_4705,-0.9837722
IsPETaseWT_pool_4706,-1.8538162
IsPETaseWT_pool_4707,-1.0672967
IsPETaseWT_pool_4708,-1.3472085
IsPETaseWT_pool_4709,-1.6777703
IsPETaseWT_pool_4710,-1.7483232
IsPETaseWT_pool_4711,-1.1344342
IsPETaseWT_pool_4712,-2.4843948
IsPETaseWT_pool_4713,-1.3751603
IsPETaseWT_pool_4714,-1.8053265
IsPETaseWT_pool_4715,-1.5216247
IsPETaseWT_pool_4716,-1.1162243
IsPETaseWT_pool_4717,-1.4071441
IsPETaseWT_pool_4718,-1.5150799
IsPETaseWT_pool_4719,-1.0831327
IsPETaseWT_pool_4720,-1.4518405
IsPETaseWT_pool_4721,-1.1420413
IsPETaseWT_pool_4722,-1.088116
IsPETaseWT_pool_4723,-0.95313555
IsPETaseWT_pool_4724,-1.8482697
IsPETaseWT_pool_4725,-1.1854757
IsPETaseWT_pool_4726,-1.1344342
IsPETaseWT_pool_4727,-1.811979
IsPETaseWT_pool_4728,-1.6446775
IsPETaseWT_pool_4729,-1.7898395
IsPETaseWT_pool_4730,-1.6408031
IsPETaseWT_pool_4731,-1.6542985
IsPETaseWT_pool_4732,-1.8854436
IsPETaseWT_pool_4733,-1.0702829
IsPETaseWT_pool_4734,-1.346848
IsPETaseWT_pool_4735,-1.7158408
IsPETaseWT_pool_4736,-1.3613349
IsPETaseWT_pool_4737,-2.5767798
IsPETaseWT_pool_4738,-1.6369865
IsPETaseWT_pool_4739,-1.1787572
IsPETaseWT_pool_4740,-0.88555324
IsPETaseWT_pool_4741,-1.2244685
IsPETaseWT_pool_4742,-1.4487281
IsPETaseWT_pool_4743,-1.417813
IsPETaseWT_pool_4744,-1.0976084
IsPETaseWT_pool_4745,-1.6593837
IsPETaseWT_pool_4746,-1.7579163
IsPETaseWT_pool_4747,-1.6456156
IsPETaseWT_pool_4748,-1.878307
IsPETaseWT_pool_4749,-1.119528
IsPETaseWT_pool_4750,-2.3358202
IsPETaseWT_pool_4751,-1.1614838
IsPETaseWT_pool_4752,-1.1878175
IsPETaseWT_pool_4753,-1.7146511
IsPETaseWT_pool_4754,-1.6601071
IsPETaseWT_pool_4755,-1.0024946
IsPETaseWT_pool_4756,-0.88431025
IsPETaseWT_pool_4757,-0.9227825
IsPETaseWT_pool_4758,-1.1270826
IsPETaseWT_pool_4759,-1.0702829
IsPETaseWT_pool_4760,-1.0793564
IsPETaseWT_pool_4761,-1.0443839
IsPETaseWT_pool_4762,-1.609582
IsPETaseWT_pool_4763,-1.1929535
IsPETaseWT_pool_4764,-1.3794205
IsPETaseWT_pool_4765,-1.2460276
IsPETaseWT_pool_4766,-1.7637662
IsPETaseWT_pool_4767,-1.1254255
IsPETaseWT_pool_4768,-1.6314008
IsPETaseWT_pool_4769,-1.8165115
IsPETaseWT_pool_4770,-1.1599537
IsPETaseWT_pool_4771,-0.9349049
IsPETaseWT_pool_4772,-2.082094
IsPETaseWT_pool_4773,-2.1783893
IsPETaseWT_pool_4774,-1.0109912
IsPETaseWT_pool_4775,-1.7321014
IsPETaseWT_pool_4776,-1.5089183
IsPETaseWT_pool_4777,-0.9470283
IsPETaseWT_pool_4778,-1.9885937
IsPETaseWT_pool_4779,-1.303728
IsPETaseWT_pool_4780,-0.78358346
IsPETaseWT_pool_4781,-1.0108801
IsPETaseWT_pool_4782,-1.1231853
IsPETaseWT_pool_4783,-1.6483302
IsPETaseWT_pool_4784,-2.3714547
IsPETaseWT_pool_4785,-1.9557514
IsPETaseWT_pool_4786,-1.1028799
IsPETaseWT_pool_4787,-1.2104868
IsPETaseWT_pool_4788,-0.86647713
IsPETaseWT_pool_4789,-1.014299
IsPETaseWT_pool_4790,-1.0109912
IsPETaseWT_pool_4791,-0.9686682
IsPETaseWT_pool_4792,-2.4547913
IsPETaseWT_pool_4793,-1.1409811
IsPETaseWT_pool_4794,-1.0412272
IsPETaseWT_pool_4795,-0.8889779
IsPETaseWT_pool_4796,-1.5213805
IsPETaseWT_pool_4797,-2.5195012
IsPETaseWT_pool_4798,-1.4753048
IsPETaseWT_pool_4799,-1.7804503
IsPETaseWT_pool_4800,-1.0702829
IsPETaseWT_pool_4801,-1.5454289
IsPETaseWT_pool_4802,-1.1213449
IsPETaseWT_pool_4803,-1.6958046
IsPETaseWT_pool_4804,-0.8589496
IsPETaseWT_pool_4805,-0.79288745
IsPETaseWT_pool_4806,-0.95658255
IsPETaseWT_pool_4807,-1.6419184
IsPETaseWT_pool_4808,-1.2546402
IsPETaseWT_pool_4809,-1.5469661
IsPETaseWT_pool_4810,-1.0515444
IsPETaseWT_pool_4811,-1.1361681
IsPETaseWT_pool_4812,-1.5192297
IsPETaseWT_pool_4813,-1.0702829
IsPETaseWT_pool_4814,-1.2492187
IsPETaseWT_pool_4815,-1.0942403
IsPETaseWT_pool_4816,-0.8169631
IsPETaseWT_pool_4817,-1.1588882
IsPETaseWT_pool_4818,-1.083421
IsPETaseWT_pool_4819,-1.2280662
IsPETaseWT_pool_4820,-1.1644961
IsPETaseWT_pool_4821,-1.3827107
IsPETaseWT_pool_4822,-1.0098675
IsPETaseWT_pool_4823,-1.8430269
IsPETaseWT_pool_4824,-2.3470964
IsPETaseWT_pool_4825,-1.258508
IsPETaseWT_pool_4826,-1.0144888
IsPETaseWT_pool_4827,-1.7746229
IsPETaseWT_pool_4828,-1.6027832
IsPETaseWT_pool_4829,-1.1505401
IsPETaseWT_pool_4830,-1.6210333
IsPETaseWT_pool_4831,-0.95559776
IsPETaseWT_pool_4832,-1.6760575
IsPETaseWT_pool_4833,-1.0707899
IsPETaseWT_pool_4834,-1.2143468
IsPETaseWT_pool_4835,-1.3068058
IsPETaseWT_pool_4836,-1.2970968
IsPETaseWT_pool_4837,-1.745289
IsPETaseWT_pool_4838,-1.2103499
IsPETaseWT_pool_4839,-1.088116
IsPETaseWT_pool_4840,-0.45554417
IsPETaseWT_pool_4841,-1.1725333
IsPETaseWT_pool_4842,-0.90868723
IsPETaseWT_pool_4843,-2.245163
IsPETaseWT_pool_4844,-1.1078632
IsPETaseWT_pool_4845,-1.173545
IsPETaseWT_pool_4846,-1.1016299
IsPETaseWT_pool_4847,-1.876129
IsPETaseWT_pool_4848,-1.0109912
IsPETaseWT_pool_4849,-1.9009306
IsPETaseWT_pool_4850,-1.6781447
IsPETaseWT_pool_4851,-1.1812291
IsPETaseWT_pool_4852,-1.7214441
IsPETaseWT_pool_4853,-1.7512838
IsPETaseWT_pool_4854,-0.8405778
IsPETaseWT_pool_4855,-1.3089511
IsPETaseWT_pool_4856,-1.1447489
IsPETaseWT_pool_4857,-1.7047884
IsPETaseWT_pool_4858,-1.7085633
IsPETaseWT_pool_4859,-0.6748436
IsPETaseWT_pool_4860,-1.095545
IsPETaseWT_pool_4861,-1.4359274
IsPETaseWT_pool_4862,-1.2688882
IsPETaseWT_pool_4863,-1.6076375
IsPETaseWT_pool_4864,-1.0935141
IsPETaseWT_pool_4865,-1.2106915
IsPETaseWT_pool_4866,-0.8845836
IsPETaseWT_pool_4867,-1.1823722
IsPETaseWT_pool_4868,-1.695181
IsPETaseWT_pool_4869,-1.7237245
IsPETaseWT_pool_4870,-0.9054947
IsPETaseWT_pool_4871,-0.85522795
IsPETaseWT_pool_4872,-2.043224
IsPETaseWT_pool_4873,-0.81217766
IsPETaseWT_pool_4874,-2.3504524
IsPETaseWT_pool_4875,-1.1201584
IsPETaseWT_pool_4876,-1.1144657
IsPETaseWT_pool_4877,-1.5601028
IsPETaseWT_pool_4878,-1.4542671
IsPETaseWT_pool_4879,-1.8357325
IsPETaseWT_pool_4880,-1.158411
IsPETaseWT_pool_4881,-1.3783444
IsPETaseWT_pool_4882,-1.5501806
IsPETaseWT_pool_4883,-1.7162398
IsPETaseWT_pool_4884,-0.71458083
IsPETaseWT_pool_4885,-1.3681495
IsPETaseWT_pool_4886,-1.721555
IsPETaseWT_pool_4887,-1.5668657
IsPETaseWT_pool_4888,-1.1174715
IsPETaseWT_pool_4889,-0.9484613
IsPETaseWT_pool_4890,-1.6716758
IsPETaseWT_pool_4891,-1.7063767
IsPETaseWT_pool_4892,-1.147284
IsPETaseWT_pool_4893,-1.2971097
IsPETaseWT_pool_4894,-1.6708094
IsPETaseWT_pool_4895,-1.1425499
IsPETaseWT_pool_4896,-1.0767307
IsPETaseWT_pool_4897,-1.085968
IsPETaseWT_pool_4898,-1.66118
IsPETaseWT_pool_4899,-1.1137385
IsPETaseWT_pool_4900,-1.4344418
IsPETaseWT_pool_4901,-1.1402498
IsPETaseWT_pool_4902,-1.0797472
IsPETaseWT_pool_4903,-1.4258982
IsPETaseWT_pool_4904,-1.9503673
IsPETaseWT_pool_4905,-1.1999832
IsPETaseWT_pool_4906,-1.0583776
IsPETaseWT_pool_4907,-1.1914961
IsPETaseWT_pool_4908,-0.89835393
IsPETaseWT_pool_4909,-1.0839047
IsPETaseWT_pool_4910,-1.8089628
IsPETaseWT_pool_4911,-0.8069749
IsPETaseWT_pool_4912,-1.6636784
IsPETaseWT_pool_4913,-1.5123639
IsPETaseWT_pool_4914,-1.2237401
IsPETaseWT_pool_4915,-1.6716758
IsPETaseWT_pool_4916,-0.5388026
IsPETaseWT_pool_4917,-0.48419222
IsPETaseWT_pool_4918,-1.0627556
IsPETaseWT_pool_4919,-1.275849
IsPETaseWT_pool_4920,-0.9500715
IsPETaseWT_pool_4921,-1.804265
IsPETaseWT_pool_4922,-1.37022
IsPETaseWT_pool_4923,-1.1336482
IsPETaseWT_pool_4924,-1.2345362
IsPETaseWT_pool_4925,-1.2737136
IsPETaseWT_pool_4926,-1.6406372
IsPETaseWT_pool_4927,-0.98856837
IsPETaseWT_pool_4928,-1.0705413
IsPETaseWT_pool_4929,-1.085968
IsPETaseWT_pool_4930,-1.184157
IsPETaseWT_pool_4931,-1.2586344
IsPETaseWT_pool_4932,-1.3597335
IsPETaseWT_pool_4933,-1.2007095
IsPETaseWT_pool_4934,-1.3836024
IsPETaseWT_pool_4935,-1.7008594
IsPETaseWT_pool_4936,-1.1524165
IsPETaseWT_pool_4937,-1.088116
IsPETaseWT_pool_4938,-1.7130146
IsPETaseWT_pool_4939,-1.7974473
IsPETaseWT_pool_4940,-0.9339877
IsPETaseWT_pool_4941,-0.7029526
IsPETaseWT_pool_4942,-2.2896612
IsPETaseWT_pool_4943,-1.2304451
IsPETaseWT_pool_4944,-1.0077573
IsPETaseWT_pool_4945,-2.1345167
IsPETaseWT_pool_4946,-1.7160069
IsPETaseWT_pool_4947,-1.1285502
IsPETaseWT_pool_4948,-1.2565329
IsPETaseWT_pool_4949,-1.2746484
IsPETaseWT_pool_4950,-2.4041598
IsPETaseWT_pool_4951,-1.2223448
IsPETaseWT_pool_4952,-1.0195625
IsPETaseWT_pool_4953,-1.1547866
IsPETaseWT_pool_4954,-2.117841
IsPETaseWT_pool_4955,-1.5996816
IsPETaseWT_pool_4956,-1.6527536
IsPETaseWT_pool_4957,-1.0831327
IsPETaseWT_pool_4958,-1.0770375
IsPETaseWT_pool_4959,-2.1537738
IsPETaseWT_pool_4960,-0.70920527
IsPETaseWT_pool_4961,-3.0740645
IsPETaseWT_pool_4962,-1.221678
IsPETaseWT_pool_4963,-1.1503848
IsPETaseWT_pool_4964,-1.0966234
IsPETaseWT_pool_4965,-1.3465095
IsPETaseWT_pool_4966,-0.8817557
IsPETaseWT_pool_4967,-0.9025715
IsPETaseWT_pool_4968,-1.1264027
IsPETaseWT_pool_4969,-1.3703643
IsPETaseWT_pool_4970,-1.2086815
IsPETaseWT_pool_4971,-1.1683252
IsPETaseWT_pool_4972,-1.2565181
IsPETaseWT_pool_4973,-2.066219
IsPETaseWT_pool_4974,-1.0900301
IsPETaseWT_pool_4975,-1.9443425
IsPETaseWT_pool_4976,-1.1494942
IsPETaseWT_pool_4977,-1.1400546
IsPETaseWT_pool_4978,-1.3742089
IsPETaseWT_pool_4979,-1.2665192
IsPETaseWT_pool_4980,-0.59356385
IsPETaseWT_pool_4981,-2.043429
IsPETaseWT_pool_4982,-1.3273041
IsPETaseWT_pool_4983,-1.4144704
IsPETaseWT_pool_4984,-1.9503459
IsPETaseWT_pool_4985,-1.1522673
IsPETaseWT_pool_4986,-1.3186816
IsPETaseWT_pool_4987,-1.0702829
IsPETaseWT_pool_4988,-1.3011559
IsPETaseWT_pool_4989,-0.96533775
IsPETaseWT_pool_4990,-1.535156
IsPETaseWT_pool_4991,-2.2019703
IsPETaseWT_pool_4992,-1.7442842
IsPETaseWT_pool_4993,-0.76687235
IsPETaseWT_pool_4994,-1.7750328
IsPETaseWT_pool_4995,-2.0191839
IsPETaseWT_pool_4996,-1.1010954
IsPETaseWT_pool_4997,-1.9470134
IsPETaseWT_pool_4998,-1.1726358
IsPETaseWT_pool_4999,-1.7452115
