id,pred_residual,context_key,publication,baseline,pred_abs
IsPETaseWT_rand_S58A,-1.1344342,NA,NA,-0.5,-1.6344342231750488
IsPETaseWT_rand_S141I,-1.0879923,NA,NA,-0.5,-1.5879923105239868
IsPETaseWT_rand_S115F,-1.1541814,NA,NA,-0.5,-1.6541813611984253
IsPETaseWT_rand_R53W,-1.768787,NA,NA,-0.5,-2.2687870264053345
IsPETaseWT_rand_A45Y,-1.0702829,NA,NA,-0.5,-1.5702829360961914
IsPETaseWT_rand_Y219C,-1.1474195,NA,NA,-0.5,-1.6474194526672363
IsPETaseWT_rand_G16D,-1.8459702,NA,NA,-0.5,-2.3459701538085938
IsPETaseWT_rand_D112K,-1.121797,NA,NA,-0.5,-1.62179696559906
IsPETaseWT_rand_M262A,-1.121797,NA,NA,-0.5,-1.62179696559906
IsPETaseWT_rand_A102W,-1.1137385,NA,NA,-0.5,-1.6137385368347168
IsPETaseWT_rand_P217I,-1.0702829,NA,NA,-0.5,-1.5702829360961914
IsPETaseWT_rand_I232Y,-1.0793564,NA,NA,-0.5,-1.5793564319610596
IsPETaseWT_rand_S143A,-1.0702829,NA,NA,-0.5,-1.5702829360961914
IsPETaseWT_rand_A82R,-1.1899456,NA,NA,-0.5,-1.6899455785751343
IsPETaseWT_rand_L176K,-1.2744097,NA,NA,-0.5,-1.7744096517562866
IsPETaseWT_rand_A80I,-1.2244685,NA,NA,-0.5,-1.724468469619751
IsPETaseWT_rand_P174E,-1.0831327,NA,NA,-0.5,-1.5831327438354492
IsPETaseWT_rand_G48Q,-1.0702829,NA,NA,-0.5,-1.5702829360961914
IsPETaseWT_rand_F50P,-1.0702829,NA,NA,-0.5,-1.5702829360961914
IsPETaseWT_rand_A178L,-1.0831327,NA,NA,-0.5,-1.5831327438354492
IsPETaseWT_rand_A23S,-1.0702829,NA,NA,-0.5,-1.5702829360961914
IsPETaseWT_rand_S278E,-1.1154796,NA,NA,-0.5,-1.615479588508606
IsPETaseWT_rand_T195D,-1.8574213,NA,NA,-0.5,-2.3574212789535522
IsPETaseWT_rand_T286L,-1.0831327,NA,NA,-0.5,-1.5831327438354492
IsPETaseWT_rand_S187Y,-1.0793564,NA,NA,-0.5,-1.5793564319610596
IsPETaseWT_rand_P99D,-1.0945841,NA,NA,-0.5,-1.5945841073989868
IsPETaseWT_rand_A24K,-0.9045219,NA,NA,-0.5,-1.404521882534027
IsPETaseWT_rand_V149D,-1.587935,NA,NA,-0.5,-2.087934970855713
IsPETaseWT_rand_P120E,-1.0945841,NA,NA,-0.5,-1.5945841073989868
IsPETaseWT_rand_V196K,-0.9296798,NA,NA,-0.5,-1.429679811000824
IsPETaseWT_rand_G235P,-1.0702829,NA,NA,-0.5,-1.5702829360961914
IsPETaseWT_rand_V84N,-1.9810642,NA,NA,-0.5,-2.481064200401306
IsPETaseWT_rand_A183I,-1.0831327,NA,NA,-0.5,-1.5831327438354492
IsPETaseWT_rand_L137D,-1.1334857,NA,NA,-0.5,-1.6334856748580933
IsPETaseWT_rand_T88W,-1.66118,NA,NA,-0.5,-2.161180019378662
IsPETaseWT_rand_Q126G,-1.0702829,NA,NA,-0.5,-1.5702829360961914
IsPETaseWT_rand_A240Q,-1.0702829,NA,NA,-0.5,-1.5702829360961914
IsPETaseWT_rand_G139W,-1.1810222,NA,NA,-0.5,-1.6810221672058105
IsPETaseWT_rand_T113M,-1.0831327,NA,NA,-0.5,-1.5831327438354492
IsPETaseWT_rand_T29I,-1.0443839,NA,NA,-0.5,-1.5443838834762573
IsPETaseWT_rand_G17N,-0.8793269,NA,NA,-0.5,-1.37932687997818
IsPETaseWT_rand_I208L,-1.0702829,NA,NA,-0.5,-1.5702829360961914
IsPETaseWT_rand_R34H,-1.0942403,NA,NA,-0.5,-1.5942403078079224
IsPETaseWT_rand_G163I,-0.5530988,NA,NA,-0.5,-1.0530987977981567
IsPETaseWT_rand_K259Q,-1.0702829,NA,NA,-0.5,-1.5702829360961914
IsPETaseWT_rand_S238F,-1.1344342,NA,NA,-0.5,-1.6344342231750488
IsPETaseWT_rand_S136F,-1.0702829,NA,NA,-0.5,-1.5702829360961914
IsPETaseWT_rand_Q127W,-1.1256329,NA,NA,-0.5,-1.625632882118225
IsPETaseWT_rand_T279K,-1.1481634,NA,NA,-0.5,-1.6481634378433228
IsPETaseWT_rand_M222Y,-1.1344342,NA,NA,-0.5,-1.6344342231750488
IsPETaseWT_rand_S207N,-1.0702829,NA,NA,-0.5,-1.5702829360961914
IsPETaseWT_rand_T113F,-1.147284,NA,NA,-0.5,-1.6472840309143066
IsPETaseWT_rand_N264T,-1.0831327,NA,NA,-0.5,-1.5831327438354492
IsPETaseWT_rand_A47D,-1.6680773,NA,NA,-0.5,-2.1680773496627808
IsPETaseWT_rand_V57F,-1.0900301,NA,NA,-0.5,-1.5900300741195679
IsPETaseWT_rand_A33Q,-1.0702829,NA,NA,-0.5,-1.5702829360961914
IsPETaseWT_rand_P197S,-1.1232028,NA,NA,-0.5,-1.6232028007507324
IsPETaseWT_rand_E274L,-1.188868,NA,NA,-0.5,-1.6888680458068848
IsPETaseWT_rand_A287C,-1.7201962,NA,NA,-0.5,-2.22019624710083
IsPETaseWT_rand_R59W,-1.7869463,NA,NA,-0.5,-2.2869462966918945
IsPETaseWT_rand_L137N,-1.088116,NA,NA,-0.5,-1.5881160497665405
IsPETaseWT_rand_S58L,-1.1267412,NA,NA,-0.5,-1.6267411708831787
IsPETaseWT_rand_N225G,-1.0702829,NA,NA,-0.5,-1.5702829360961914
IsPETaseWT_rand_G235A,-1.0702829,NA,NA,-0.5,-1.5702829360961914
IsPETaseWT_rand_A135V,-1.0831327,NA,NA,-0.5,-1.5831327438354492
IsPETaseWT_rand_S92V,-1.0702829,NA,NA,-0.5,-1.5702829360961914
IsPETaseWT_rand_F55M,-1.0702829,NA,NA,-0.5,-1.5702829360961914
IsPETaseWT_rand_D263I,-0.9001581,NA,NA,-0.5,-1.4001581072807312
IsPETaseWT_rand_G79P,-1.064131,NA,NA,-0.5,-1.5641310214996338
IsPETaseWT_rand_I83W,-1.7780294,NA,NA,-0.5,-2.278029441833496
IsPETaseWT_rand_N275A,-1.0831327,NA,NA,-0.5,-1.5831327438354492
IsPETaseWT_rand_L167T,-1.3657452,NA,NA,-0.5,-1.865745186805725
IsPETaseWT_rand_M10E,-1.7780294,NA,NA,-0.5,-2.278029441833496
IsPETaseWT_rand_S187L,-1.0702829,NA,NA,-0.5,-1.5702829360961914
IsPETaseWT_rand_R123C,-2.0931838,NA,NA,-0.5,-2.593183755874634
IsPETaseWT_rand_S124Y,-1.1796309,NA,NA,-0.5,-1.6796308755874634
IsPETaseWT_rand_A41E,-1.7243829,NA,NA,-0.5,-2.2243828773498535
IsPETaseWT_rand_K252D,-1.6597816,NA,NA,-0.5,-2.159781575202942
IsPETaseWT_rand_P276F,-1.1028799,NA,NA,-0.5,-1.6028798818588257
IsPETaseWT_rand_G66T,-1.1463355,NA,NA,-0.5,-1.646335482597351
IsPETaseWT_rand_R285G,-1.1344342,NA,NA,-0.5,-1.6344342231750488
IsPETaseWT_rand_S136V,-1.0497401,NA,NA,-0.5,-1.5497400760650635
IsPETaseWT_rand_Y219H,-1.1265883,NA,NA,-0.5,-1.6265883445739746
IsPETaseWT_rand_R280H,-1.0702829,NA,NA,-0.5,-1.5702829360961914
IsPETaseWT_rand_M161Q,-1.7369826,NA,NA,-0.5,-2.236982583999634
IsPETaseWT_rand_S193R,-1.083421,NA,NA,-0.5,-1.583420991897583
IsPETaseWT_rand_Y268R,-1.1602693,NA,NA,-0.5,-1.6602692604064941
IsPETaseWT_rand_G62K,-0.9261972,NA,NA,-0.5,-1.4261971712112427
IsPETaseWT_rand_T116D,-1.1773459,NA,NA,-0.5,-1.677345871925354
IsPETaseWT_rand_S175A,-1.1344342,NA,NA,-0.5,-1.6344342231750488
IsPETaseWT_rand_A287K,-1.0942403,NA,NA,-0.5,-1.5942403078079224
IsPETaseWT_rand_T113A,-1.0702829,NA,NA,-0.5,-1.5702829360961914
IsPETaseWT_rand_N37C,-2.7603595,NA,NA,-0.5,-3.260359525680542
IsPETaseWT_rand_D118E,-1.0831327,NA,NA,-0.5,-1.5831327438354492
IsPETaseWT_rand_N37V,-1.0831327,NA,NA,-0.5,-1.5831327438354492
IsPETaseWT_rand_S122K,-1.0736974,NA,NA,-0.5,-1.5736974477767944
IsPETaseWT_rand_K252H,-1.1215203,NA,NA,-0.5,-1.6215202808380127
IsPETaseWT_rand_R280F,-1.140882,NA,NA,-0.5,-1.6408820152282715
IsPETaseWT_rand_N246I,-1.1336385,NA,NA,-0.5,-1.6336385011672974
IsPETaseWT_rand_N246R,-1.0702829,NA,NA,-0.5,-1.5702829360961914
IsPETaseWT_rand_G98E,-1.1283294,NA,NA,-0.5,-1.6283293962478638
IsPETaseWT_rand_F50R,-1.0793564,NA,NA,-0.5,-1.5793564319610596
IsPETaseWT_rand_A183R,-1.0702829,NA,NA,-0.5,-1.5702829360961914
IsPETaseWT_rand_S213R,-1.0702829,NA,NA,-0.5,-1.5702829360961914
IsPETaseWT_rand_Q28E,-1.0310588,NA,NA,-0.5,-1.5310587882995605
IsPETaseWT_rand_Y32P,-1.1286161,NA,NA,-0.5,-1.6286160945892334
IsPETaseWT_rand_S175E,-1.1463355,NA,NA,-0.5,-1.646335482597351
IsPETaseWT_rand_M128H,-1.0793564,NA,NA,-0.5,-1.5793564319610596
IsPETaseWT_rand_G98W,-1.0831327,NA,NA,-0.5,-1.5831327438354492
IsPETaseWT_rand_I232F,-1.0702829,NA,NA,-0.5,-1.5702829360961914
IsPETaseWT_rand_Y219G,-0.95917773,NA,NA,-0.5,-1.4591777324676514
IsPETaseWT_rand_S143R,-1.0702829,NA,NA,-0.5,-1.5702829360961914
IsPETaseWT_rand_M128D,-1.6776147,NA,NA,-0.5,-2.177614688873291
IsPETaseWT_rand_F229W,-1.0702829,NA,NA,-0.5,-1.5702829360961914
IsPETaseWT_rand_T51C,-3.419663,NA,NA,-0.5,-3.9196629524230957
IsPETaseWT_rand_R280A,-1.1796309,NA,NA,-0.5,-1.6796308755874634
IsPETaseWT_rand_G48K,-0.99879134,NA,NA,-0.5,-1.4987913370132446
IsPETaseWT_rand_G86R,-1.0486028,NA,NA,-0.5,-1.548602819442749
IsPETaseWT_rand_K252T,-0.8847383,NA,NA,-0.5,-1.3847383260726929
IsPETaseWT_rand_T110P,-0.992457,NA,NA,-0.5,-1.4924569725990295
IsPETaseWT_rand_P31G,-1.0900301,NA,NA,-0.5,-1.5900300741195679
IsPETaseWT_rand_V196A,-1.1137385,NA,NA,-0.5,-1.6137385368347168
IsPETaseWT_rand_F201L,-1.0702829,NA,NA,-0.5,-1.5702829360961914
IsPETaseWT_rand_G235M,-1.0443839,NA,NA,-0.5,-1.5443838834762573
IsPETaseWT_rand_Y219V,-1.0497401,NA,NA,-0.5,-1.5497400760650635
IsPETaseWT_rand_K253F,-1.1878623,NA,NA,-0.5,-1.6878622770309448
IsPETaseWT_rand_G98M,-1.0831327,NA,NA,-0.5,-1.5831327438354492
IsPETaseWT_rand_D112C,-1.103995,NA,NA,-0.5,-1.6039949655532837
IsPETaseWT_rand_V281C,-1.1447489,NA,NA,-0.5,-1.6447489261627197
IsPETaseWT_rand_G162C,-1.8206601,NA,NA,-0.5,-2.32066011428833
IsPETaseWT_rand_T26Y,-1.1085352,NA,NA,-0.5,-1.6085351705551147
IsPETaseWT_rand_A248V,-1.0702829,NA,NA,-0.5,-1.5702829360961914
IsPETaseWT_rand_N275G,-1.1028799,NA,NA,-0.5,-1.6028798818588257
IsPETaseWT_rand_N30V,-1.147284,NA,NA,-0.5,-1.6472840309143066
IsPETaseWT_rand_S42G,-1.1344342,NA,NA,-0.5,-1.6344342231750488
IsPETaseWT_rand_P36D,-1.7115331,NA,NA,-0.5,-2.2115330696105957
IsPETaseWT_rand_S121P,-1.0702829,NA,NA,-0.5,-1.5702829360961914
IsPETaseWT_rand_G62Y,-1.1312883,NA,NA,-0.5,-1.6312882900238037
IsPETaseWT_rand_Q127Y,-1.1541814,NA,NA,-0.5,-1.6541813611984253
IsPETaseWT_rand_V21D,-1.7908792,NA,NA,-0.5,-2.290879249572754
IsPETaseWT_rand_P217Y,-1.0702829,NA,NA,-0.5,-1.5702829360961914
IsPETaseWT_rand_F271N,-1.0702829,NA,NA,-0.5,-1.5702829360961914
IsPETaseWT_rand_V134H,-1.0793564,NA,NA,-0.5,-1.5793564319610596
IsPETaseWT_rand_G162K,-1.2148521,NA,NA,-0.5,-1.7148520946502686
IsPETaseWT_rand_S136P,-1.0931957,NA,NA,-0.5,-1.5931956768035889
IsPETaseWT_rand_V68L,-1.0702829,NA,NA,-0.5,-1.5702829360961914
IsPETaseWT_rand_S238M,-1.170037,NA,NA,-0.5,-1.670037031173706
IsPETaseWT_rand_P38A,-1.0702829,NA,NA,-0.5,-1.5702829360961914
IsPETaseWT_rand_S238Y,-1.0702829,NA,NA,-0.5,-1.5702829360961914
IsPETaseWT_rand_V52D,-1.7858245,NA,NA,-0.5,-2.2858245372772217
IsPETaseWT_rand_T279H,-1.1575987,NA,NA,-0.5,-1.6575987339019775
IsPETaseWT_rand_D263L,-0.9001581,NA,NA,-0.5,-1.4001581072807312
IsPETaseWT_rand_V68N,-1.088116,NA,NA,-0.5,-1.5881160497665405
IsPETaseWT_rand_P36I,-1.0702829,NA,NA,-0.5,-1.5702829360961914
IsPETaseWT_rand_F191M,-1.0702829,NA,NA,-0.5,-1.5702829360961914
IsPETaseWT_rand_I81S,-2.5169477,NA,NA,-0.5,-3.0169477462768555
IsPETaseWT_rand_S282L,-1.1344342,NA,NA,-0.5,-1.6344342231750488
IsPETaseWT_rand_E274A,-1.003323,NA,NA,-0.5,-1.503322958946228
IsPETaseWT_rand_A287M,-1.0831327,NA,NA,-0.5,-1.5831327438354492
IsPETaseWT_rand_S54F,-1.0646292,NA,NA,-0.5,-1.5646291971206665
IsPETaseWT_rand_S136E,-1.099291,NA,NA,-0.5,-1.5992909669876099
IsPETaseWT_rand_F55W,-1.088116,NA,NA,-0.5,-1.5881160497665405
IsPETaseWT_rand_A80L,-1.0831327,NA,NA,-0.5,-1.5831327438354492
IsPETaseWT_rand_I145H,-1.1547866,NA,NA,-0.5,-1.6547865867614746
IsPETaseWT_rand_K177H,-0.8975881,NA,NA,-0.5,-1.397588074207306
IsPETaseWT_rand_G254L,-1.0252163,NA,NA,-0.5,-1.5252163410186768
IsPETaseWT_rand_A27E,-1.0741395,NA,NA,-0.5,-1.5741394758224487
IsPETaseWT_rand_Y219K,-0.84593415,NA,NA,-0.5,-1.3459341526031494
IsPETaseWT_rand_A23C,-1.598711,NA,NA,-0.5,-2.0987110137939453
IsPETaseWT_rand_N172F,-1.0831327,NA,NA,-0.5,-1.5831327438354492
IsPETaseWT_rand_A135H,-1.1137385,NA,NA,-0.5,-1.6137385368347168
IsPETaseWT_rand_S221W,-1.1444639,NA,NA,-0.5,-1.6444638967514038
IsPETaseWT_rand_R5E,-1.7752175,NA,NA,-0.5,-2.2752175331115723
IsPETaseWT_rand_T39F,-1.0831327,NA,NA,-0.5,-1.5831327438354492
IsPETaseWT_rand_D283C,-1.1575987,NA,NA,-0.5,-1.6575987339019775
IsPETaseWT_rand_F191Y,-1.0702829,NA,NA,-0.5,-1.5702829360961914
IsPETaseWT_rand_T286F,-1.0831327,NA,NA,-0.5,-1.5831327438354492
IsPETaseWT_rand_S223F,-1.1541814,NA,NA,-0.5,-1.6541813611984253
IsPETaseWT_rand_S22L,-1.7133298,NA,NA,-0.5,-2.213329792022705
IsPETaseWT_rand_S188C,-1.1137385,NA,NA,-0.5,-1.6137385368347168
IsPETaseWT_rand_W185H,-1.0831327,NA,NA,-0.5,-1.5831327438354492
IsPETaseWT_rand_M128E,-1.0817343,NA,NA,-0.5,-1.581734299659729
IsPETaseWT_rand_A183W,-1.0702829,NA,NA,-0.5,-1.5702829360961914
IsPETaseWT_rand_V211F,-1.0702829,NA,NA,-0.5,-1.5702829360961914
IsPETaseWT_rand_S122G,-1.1541814,NA,NA,-0.5,-1.6541813611984253
IsPETaseWT_rand_Q91R,-1.0702829,NA,NA,-0.5,-1.5702829360961914
IsPETaseWT_rand_A13H,-1.4813327,NA,NA,-0.5,-1.9813326597213745
IsPETaseWT_rand_N172R,-1.0831327,NA,NA,-0.5,-1.5831327438354492
IsPETaseWT_rand_M128K,-1.1127781,NA,NA,-0.5,-1.6127780675888062
IsPETaseWT_rand_A82F,-1.1385463,NA,NA,-0.5,-1.638546347618103
IsPETaseWT_rand_P197C,-1.7051194,NA,NA,-0.5,-2.2051193714141846
IsPETaseWT_rand_N244I,-1.0702829,NA,NA,-0.5,-1.5702829360961914
IsPETaseWT_rand_S103R,-1.0702829,NA,NA,-0.5,-1.5702829360961914
IsPETaseWT_rand_P181L,-1.1283294,NA,NA,-0.5,-1.6283293962478638
IsPETaseWT_rand_L117I,-1.0702829,NA,NA,-0.5,-1.5702829360961914
IsPETaseWT_rand_A13I,-1.802515,NA,NA,-0.5,-2.3025150299072266
IsPETaseWT_rand_S207M,-1.0831327,NA,NA,-0.5,-1.5831327438354492
IsPETaseWT_rand_S143D,-1.2230865,NA,NA,-0.5,-1.7230864763259888
IsPETaseWT_rand_S143N,-1.0793564,NA,NA,-0.5,-1.5793564319610596
IsPETaseWT_rand_N264Q,-1.0831327,NA,NA,-0.5,-1.5831327438354492
IsPETaseWT_rand_S278M,-1.0702829,NA,NA,-0.5,-1.5702829360961914
IsPETaseWT_rand_L15E,-1.688493,NA,NA,-0.5,-2.188493013381958
IsPETaseWT_rand_V134G,-1.088116,NA,NA,-0.5,-1.5881160497665405
IsPETaseWT_rand_S136C,-2.0513084,NA,NA,-0.5,-2.5513083934783936
IsPETaseWT_rand_T56Q,-1.1265883,NA,NA,-0.5,-1.6265883445739746
IsPETaseWT_rand_A178N,-1.0831327,NA,NA,-0.5,-1.5831327438354492
IsPETaseWT_rand_A226V,-1.0831327,NA,NA,-0.5,-1.5831327438354492
IsPETaseWT_rand_P60Q,-1.0702829,NA,NA,-0.5,-1.5702829360961914
IsPETaseWT_rand_G98L,-1.1028799,NA,NA,-0.5,-1.6028798818588257
IsPETaseWT_rand_A23R,-1.5793437,NA,NA,-0.5,-2.0793436765670776
IsPETaseWT_rand_M1V,-1.6976066,NA,NA,-0.5,-2.1976065635681152
IsPETaseWT_rand_S188Q,-1.0702829,NA,NA,-0.5,-1.5702829360961914
IsPETaseWT_rand_P36M,-1.0831327,NA,NA,-0.5,-1.5831327438354492
IsPETaseWT_rand_G162E,-2.3217337,NA,NA,-0.5,-2.8217337131500244
IsPETaseWT_rand_M154V,-1.0361927,NA,NA,-0.5,-1.5361926555633545
IsPETaseWT_rand_W159Q,-1.0831327,NA,NA,-0.5,-1.5831327438354492
IsPETaseWT_rand_S169P,-0.90796924,NA,NA,-0.5,-1.4079692363739014
IsPETaseWT_rand_A152W,-1.0702829,NA,NA,-0.5,-1.5702829360961914
IsPETaseWT_rand_G66I,-1.2489225,NA,NA,-0.5,-1.7489224672317505
IsPETaseWT_rand_I218Q,-1.2089002,NA,NA,-0.5,-1.7089002132415771
IsPETaseWT_rand_R90Y,-1.6882094,NA,NA,-0.5,-2.1882094144821167
IsPETaseWT_rand_G155Q,-1.1295764,NA,NA,-0.5,-1.6295764446258545
IsPETaseWT_rand_F284A,-1.0702829,NA,NA,-0.5,-1.5702829360961914
IsPETaseWT_rand_V156L,-1.0900301,NA,NA,-0.5,-1.5900300741195679
IsPETaseWT_rand_V108Q,-1.6871266,NA,NA,-0.5,-2.187126636505127
IsPETaseWT_rand_S166R,-1.0497401,NA,NA,-0.5,-1.5497400760650635
IsPETaseWT_rand_F229S,-1.1137385,NA,NA,-0.5,-1.6137385368347168
IsPETaseWT_rand_T110V,-1.1265883,NA,NA,-0.5,-1.6265883445739746
IsPETaseWT_rand_N246G,-1.0702829,NA,NA,-0.5,-1.5702829360961914
IsPETaseWT_rand_E44M,-0.88093334,NA,NA,-0.5,-1.3809333443641663
IsPETaseWT_rand_R267M,-1.0831327,NA,NA,-0.5,-1.5831327438354492
IsPETaseWT_rand_W159I,-1.0900301,NA,NA,-0.5,-1.5900300741195679
IsPETaseWT_rand_A102G,-1.1137385,NA,NA,-0.5,-1.6137385368347168
IsPETaseWT_rand_A13D,-1.6439077,NA,NA,-0.5,-2.14390766620636
IsPETaseWT_rand_Q126T,-1.0702829,NA,NA,-0.5,-1.5702829360961914
IsPETaseWT_rand_P38S,-1.0702829,NA,NA,-0.5,-1.5702829360961914
IsPETaseWT_rand_A215Y,-1.0900301,NA,NA,-0.5,-1.5900300741195679
IsPETaseWT_rand_R100P,-1.1137385,NA,NA,-0.5,-1.6137385368347168
IsPETaseWT_rand_W257P,-1.8418083,NA,NA,-0.5,-2.341808319091797
IsPETaseWT_rand_S125F,-1.1138914,NA,NA,-0.5,-1.613891363143921
IsPETaseWT_rand_F3E,-1.6483302,NA,NA,-0.5,-2.1483302116394043
IsPETaseWT_rand_D220K,-1.1221501,NA,NA,-0.5,-1.6221500635147095
IsPETaseWT_rand_Q91V,-1.0702829,NA,NA,-0.5,-1.5702829360961914
IsPETaseWT_rand_N241C,-1.0702829,NA,NA,-0.5,-1.5702829360961914
IsPETaseWT_rand_C289K,-1.169843,NA,NA,-0.5,-1.6698429584503174
IsPETaseWT_rand_Y63R,-0.8587839,NA,NA,-0.5,-1.3587839007377625
IsPETaseWT_rand_Y69R,-0.86647713,NA,NA,-0.5,-1.366477131843567
IsPETaseWT_rand_N275W,-1.1524439,NA,NA,-0.5,-1.6524438858032227
IsPETaseWT_rand_G164S,-1.1644961,NA,NA,-0.5,-1.6644960641860962
IsPETaseWT_rand_M262R,-1.3754784,NA,NA,-0.5,-1.8754783868789673
IsPETaseWT_rand_F284S,-1.0702829,NA,NA,-0.5,-1.5702829360961914
IsPETaseWT_rand_A82T,-1.23216,NA,NA,-0.5,-1.732159972190857
IsPETaseWT_rand_N233K,-0.9032844,NA,NA,-0.5,-1.4032843708992004
IsPETaseWT_rand_Q127K,-1.0702829,NA,NA,-0.5,-1.5702829360961914
IsPETaseWT_rand_T270S,-1.0831327,NA,NA,-0.5,-1.5831327438354492
IsPETaseWT_rand_R123K,-0.8904346,NA,NA,-0.5,-1.3904346227645874
IsPETaseWT_rand_Q228D,-1.0900301,NA,NA,-0.5,-1.5900300741195679
IsPETaseWT_rand_G147K,-0.93389,NA,NA,-0.5,-1.4338899850845337
IsPETaseWT_rand_T140M,-1.0878396,NA,NA,-0.5,-1.5878396034240723
IsPETaseWT_rand_G165W,-1.1984911,NA,NA,-0.5,-1.698491096496582
IsPETaseWT_rand_S42F,-1.0625899,NA,NA,-0.5,-1.5625898838043213
IsPETaseWT_rand_V78I,-1.0702829,NA,NA,-0.5,-1.5702829360961914
IsPETaseWT_rand_T198F,-1.1267412,NA,NA,-0.5,-1.6267411708831787
IsPETaseWT_rand_T110D,-1.6872863,NA,NA,-0.5,-2.1872862577438354
IsPETaseWT_rand_A215R,-1.0702829,NA,NA,-0.5,-1.5702829360961914
IsPETaseWT_rand_A171W,-1.1058857,NA,NA,-0.5,-1.6058857440948486
IsPETaseWT_rand_S242Q,-1.0900301,NA,NA,-0.5,-1.5900300741195679
IsPETaseWT_rand_Y32H,-1.1915938,NA,NA,-0.5,-1.6915937662124634
IsPETaseWT_rand_Q11Y,-1.866666,NA,NA,-0.5,-2.3666659593582153
IsPETaseWT_rand_V196S,-1.1137385,NA,NA,-0.5,-1.6137385368347168
IsPETaseWT_rand_P4N,-1.0512812,NA,NA,-0.5,-1.551281213760376
IsPETaseWT_rand_R153P,-1.7090775,NA,NA,-0.5,-2.209077477455139
IsPETaseWT_rand_P217W,-1.0702829,NA,NA,-0.5,-1.5702829360961914
IsPETaseWT_rand_D283K,-1.1376959,NA,NA,-0.5,-1.6376959085464478
IsPETaseWT_rand_K253I,-1.3070648,NA,NA,-0.5,-1.8070647716522217
IsPETaseWT_rand_T140Q,-1.1137385,NA,NA,-0.5,-1.6137385368347168
IsPETaseWT_rand_K252A,-0.9488894,NA,NA,-0.5,-1.4488893747329712
IsPETaseWT_rand_F201N,-0.9827334,NA,NA,-0.5,-1.482733428478241
IsPETaseWT_rand_P210G,-1.0702829,NA,NA,-0.5,-1.5702829360961914
IsPETaseWT_rand_G243F,-1.1796309,NA,NA,-0.5,-1.6796308755874634
IsPETaseWT_rand_N277A,-1.1028799,NA,NA,-0.5,-1.6028798818588257
IsPETaseWT_rand_C203Y,-1.1344342,NA,NA,-0.5,-1.6344342231750488
IsPETaseWT_rand_V14D,-1.8884304,NA,NA,-0.5,-2.38843035697937
IsPETaseWT_rand_M222F,-1.0900301,NA,NA,-0.5,-1.5900300741195679
IsPETaseWT_rand_A240H,-1.0942403,NA,NA,-0.5,-1.5942403078079224
IsPETaseWT_rand_T26K,-0.98111826,NA,NA,-0.5,-1.4811182618141174
IsPETaseWT_rand_V196M,-1.1137385,NA,NA,-0.5,-1.6137385368347168
IsPETaseWT_rand_I109S,-0.88431025,NA,NA,-0.5,-1.384310245513916
IsPETaseWT_rand_S169M,-1.1575987,NA,NA,-0.5,-1.6575987339019775
IsPETaseWT_rand_I218L,-1.0702829,NA,NA,-0.5,-1.5702829360961914
IsPETaseWT_rand_S42T,-1.1344342,NA,NA,-0.5,-1.6344342231750488
IsPETaseWT_rand_M10W,-1.7356448,NA,NA,-0.5,-2.235644817352295
IsPETaseWT_rand_A27P,-1.0316029,NA,NA,-0.5,-1.5316028594970703
IsPETaseWT_rand_S115D,-1.1562003,NA,NA,-0.5,-1.6562002897262573
IsPETaseWT_rand_V21A,-1.1334857,NA,NA,-0.5,-1.6334856748580933
IsPETaseWT_rand_Q127H,-1.0831327,NA,NA,-0.5,-1.5831327438354492
IsPETaseWT_rand_Q11F,-1.2886198,NA,NA,-0.5,-1.7886197566986084
IsPETaseWT_rand_R123F,-1.1275524,NA,NA,-0.5,-1.6275523900985718
IsPETaseWT_rand_N246E,-1.1283294,NA,NA,-0.5,-1.6283293962478638
IsPETaseWT_rand_D112S,-1.1130373,NA,NA,-0.5,-1.613037347793579
IsPETaseWT_rand_R132N,-1.2886113,NA,NA,-0.5,-1.7886112928390503
IsPETaseWT_rand_G86E,-1.3300217,NA,NA,-0.5,-1.8300217390060425
IsPETaseWT_rand_V84L,-1.0702829,NA,NA,-0.5,-1.5702829360961914
IsPETaseWT_rand_T56Y,-1.0849622,NA,NA,-0.5,-1.584962248802185
IsPETaseWT_rand_V14L,-1.1344342,NA,NA,-0.5,-1.6344342231750488
IsPETaseWT_rand_V194P,-1.1447489,NA,NA,-0.5,-1.6447489261627197
IsPETaseWT_rand_A102E,-1.1283294,NA,NA,-0.5,-1.6283293962478638
IsPETaseWT_rand_S125E,-1.0949367,NA,NA,-0.5,-1.594936728477478
IsPETaseWT_rand_G155E,-1.1220491,NA,NA,-0.5,-1.62204909324646
IsPETaseWT_rand_S22N,-1.0702829,NA,NA,-0.5,-1.5702829360961914
IsPETaseWT_rand_P276R,-1.1912796,NA,NA,-0.5,-1.691279649734497
IsPETaseWT_rand_F191D,-1.7115331,NA,NA,-0.5,-2.2115330696105957
IsPETaseWT_rand_D263N,-1.1130373,NA,NA,-0.5,-1.613037347793579
IsPETaseWT_rand_S7Q,-1.1344342,NA,NA,-0.5,-1.6344342231750488
IsPETaseWT_rand_G254E,-1.6705395,NA,NA,-0.5,-2.1705394983291626
IsPETaseWT_rand_R224N,-1.2331727,NA,NA,-0.5,-1.7331726551055908
IsPETaseWT_rand_C239G,-1.0900301,NA,NA,-0.5,-1.5900300741195679
IsPETaseWT_rand_F271L,-1.0702829,NA,NA,-0.5,-1.5702829360961914
IsPETaseWT_rand_T279S,-1.0831327,NA,NA,-0.5,-1.5831327438354492
IsPETaseWT_rand_N138M,-1.1384827,NA,NA,-0.5,-1.638482689857483
IsPETaseWT_rand_Q126D,-1.6483302,NA,NA,-0.5,-2.1483302116394043
IsPETaseWT_rand_S125R,-1.0702829,NA,NA,-0.5,-1.5702829360961914
IsPETaseWT_rand_L15T,-1.088116,NA,NA,-0.5,-1.5881160497665405
IsPETaseWT_rand_I168G,-1.9313025,NA,NA,-0.5,-2.431302547454834
IsPETaseWT_rand_K253H,-0.8759364,NA,NA,-0.5,-1.3759363889694214
IsPETaseWT_rand_A183L,-1.0831327,NA,NA,-0.5,-1.5831327438354492
IsPETaseWT_rand_S142W,-1.2520708,NA,NA,-0.5,-1.7520707845687866
IsPETaseWT_rand_A6V,-1.0702829,NA,NA,-0.5,-1.5702829360961914
IsPETaseWT_rand_G98D,-1.1283294,NA,NA,-0.5,-1.6283293962478638
IsPETaseWT_rand_S124Q,-1.1344342,NA,NA,-0.5,-1.6344342231750488
IsPETaseWT_rand_G254W,-1.1573137,NA,NA,-0.5,-1.6573137044906616
IsPETaseWT_rand_S124T,-1.1344342,NA,NA,-0.5,-1.6344342231750488
IsPETaseWT_rand_V255R,-1.1784298,NA,NA,-0.5,-1.6784298419952393
IsPETaseWT_rand_L9D,-1.5973126,NA,NA,-0.5,-2.097312569618225
IsPETaseWT_rand_T151I,-1.0625899,NA,NA,-0.5,-1.5625898838043213
IsPETaseWT_rand_P210I,-1.0702829,NA,NA,-0.5,-1.5702829360961914
IsPETaseWT_rand_M157Y,-1.0908078,NA,NA,-0.5,-1.5908077955245972
IsPETaseWT_rand_N190T,-1.0702829,NA,NA,-0.5,-1.5702829360961914
IsPETaseWT_rand_A287V,-1.0702829,NA,NA,-0.5,-1.5702829360961914
IsPETaseWT_rand_A178R,-1.0702829,NA,NA,-0.5,-1.5702829360961914
IsPETaseWT_rand_R285M,-1.4251448,NA,NA,-0.5,-1.9251447916030884
IsPETaseWT_rand_Q182S,-1.0702829,NA,NA,-0.5,-1.5702829360961914
IsPETaseWT_rand_G139M,-1.0443839,NA,NA,-0.5,-1.5443838834762573
IsPETaseWT_rand_A129K,-0.96161735,NA,NA,-0.5,-1.461617350578308
IsPETaseWT_rand_G62I,-0.8793269,NA,NA,-0.5,-1.37932687997818
IsPETaseWT_rand_G163E,-1.6967827,NA,NA,-0.5,-2.19678270816803
IsPETaseWT_rand_S278G,-1.0497401,NA,NA,-0.5,-1.5497400760650635
IsPETaseWT_rand_P99H,-1.1265883,NA,NA,-0.5,-1.6265883445739746
IsPETaseWT_rand_G251L,-1.2244685,NA,NA,-0.5,-1.724468469619751
IsPETaseWT_rand_A272M,-1.0831327,NA,NA,-0.5,-1.5831327438354492
IsPETaseWT_rand_V52H,-1.162582,NA,NA,-0.5,-1.6625820398330688
IsPETaseWT_rand_A152K,-0.94876754,NA,NA,-0.5,-1.4487675428390503
IsPETaseWT_rand_D186H,-1.0702829,NA,NA,-0.5,-1.5702829360961914
IsPETaseWT_rand_G155A,-1.147284,NA,NA,-0.5,-1.6472840309143066
IsPETaseWT_rand_N277F,-1.1154796,NA,NA,-0.5,-1.615479588508606
IsPETaseWT_rand_S141C,-2.0513084,NA,NA,-0.5,-2.5513083934783936
IsPETaseWT_rand_Q28W,-1.1780788,NA,NA,-0.5,-1.6780787706375122
IsPETaseWT_rand_D150G,-1.7718003,NA,NA,-0.5,-2.2718002796173096
IsPETaseWT_rand_V255E,-1.6781945,NA,NA,-0.5,-2.178194522857666
IsPETaseWT_rand_S7Y,-1.064131,NA,NA,-0.5,-1.5641310214996338
IsPETaseWT_rand_Y146S,-1.0702829,NA,NA,-0.5,-1.5702829360961914
IsPETaseWT_rand_L249S,-1.0702829,NA,NA,-0.5,-1.5702829360961914
IsPETaseWT_rand_L176G,-1.0486501,NA,NA,-0.5,-1.5486501455307007
IsPETaseWT_rand_A27L,-1.2743145,NA,NA,-0.5,-1.774314522743225
IsPETaseWT_rand_A248F,-1.0702829,NA,NA,-0.5,-1.5702829360961914
IsPETaseWT_rand_R34P,-1.1344342,NA,NA,-0.5,-1.6344342231750488
IsPETaseWT_rand_V255D,-1.7237425,NA,NA,-0.5,-2.2237424850463867
IsPETaseWT_rand_Q28F,-1.13933,NA,NA,-0.5,-1.6393300294876099
IsPETaseWT_rand_T77Y,-1.1474195,NA,NA,-0.5,-1.6474194526672363
IsPETaseWT_rand_V156D,-1.157735,NA,NA,-0.5,-1.657734990119934
IsPETaseWT_rand_C289R,-1.1283294,NA,NA,-0.5,-1.6283293962478638
IsPETaseWT_rand_T116V,-1.0831327,NA,NA,-0.5,-1.5831327438354492
IsPETaseWT_rand_V196R,-1.1137385,NA,NA,-0.5,-1.6137385368347168
IsPETaseWT_rand_F229M,-1.0702829,NA,NA,-0.5,-1.5702829360961914
IsPETaseWT_rand_M222L,-1.0702829,NA,NA,-0.5,-1.5702829360961914
IsPETaseWT_rand_P31E,-1.6483302,NA,NA,-0.5,-2.1483302116394043
IsPETaseWT_rand_V107H,-1.0995674,NA,NA,-0.5,-1.5995674133300781
IsPETaseWT_rand_S136D,-1.0817343,NA,NA,-0.5,-1.581734299659729
IsPETaseWT_rand_I81K,-0.5339871,NA,NA,-0.5,-1.0339871048927307
IsPETaseWT_rand_A89W,-0.8847383,NA,NA,-0.5,-1.3847383260726929
IsPETaseWT_rand_T39G,-1.0702829,NA,NA,-0.5,-1.5702829360961914
IsPETaseWT_rand_N2R,-1.1493118,NA,NA,-0.5,-1.6493117809295654
IsPETaseWT_rand_N233T,-1.1344342,NA,NA,-0.5,-1.6344342231750488
IsPETaseWT_rand_D150C,-1.5590452,NA,NA,-0.5,-2.059045195579529
IsPETaseWT_rand_Q119L,-1.0702829,NA,NA,-0.5,-1.5702829360961914
IsPETaseWT_rand_I145S,-1.6483302,NA,NA,-0.5,-2.1483302116394043
IsPETaseWT_rand_N37I,-1.0831327,NA,NA,-0.5,-1.5831327438354492
IsPETaseWT_rand_S136Y,-1.188868,NA,NA,-0.5,-1.6888680458068848
IsPETaseWT_rand_A102R,-1.0702829,NA,NA,-0.5,-1.5702829360961914
IsPETaseWT_rand_T116F,-1.1283294,NA,NA,-0.5,-1.6283293962478638
IsPETaseWT_rand_L137F,-1.0702829,NA,NA,-0.5,-1.5702829360961914
IsPETaseWT_rand_P85L,-1.3151733,NA,NA,-0.5,-1.8151732683181763
IsPETaseWT_rand_K148S,-1.6483302,NA,NA,-0.5,-2.1483302116394043
IsPETaseWT_rand_G64S,-1.0702829,NA,NA,-0.5,-1.5702829360961914
IsPETaseWT_rand_V156P,-2.620744,NA,NA,-0.5,-3.120743989944458
IsPETaseWT_rand_T140V,-1.610565,NA,NA,-0.5,-2.110564947128296
IsPETaseWT_rand_R280T,-1.1344342,NA,NA,-0.5,-1.6344342231750488
IsPETaseWT_rand_K227D,-1.0900301,NA,NA,-0.5,-1.5900300741195679
IsPETaseWT_rand_V21Q,-0.90993273,NA,NA,-0.5,-1.4099327325820923
IsPETaseWT_rand_L167K,-1.5742445,NA,NA,-0.5,-2.074244499206543
IsPETaseWT_rand_D118Y,-1.0702829,NA,NA,-0.5,-1.5702829360961914
IsPETaseWT_rand_Q11K,-0.8405778,NA,NA,-0.5,-1.340577781200409
IsPETaseWT_rand_V21G,-1.1767683,NA,NA,-0.5,-1.6767683029174805
IsPETaseWT_rand_N244V,-1.0702829,NA,NA,-0.5,-1.5702829360961914
IsPETaseWT_rand_F229L,-1.0702829,NA,NA,-0.5,-1.5702829360961914
IsPETaseWT_rand_S93Y,-1.1154796,NA,NA,-0.5,-1.615479588508606
IsPETaseWT_rand_A226T,-1.0702829,NA,NA,-0.5,-1.5702829360961914
IsPETaseWT_rand_A47T,-1.0702829,NA,NA,-0.5,-1.5702829360961914
IsPETaseWT_rand_A180R,-1.0702829,NA,NA,-0.5,-1.5702829360961914
IsPETaseWT_rand_N172M,-1.0831327,NA,NA,-0.5,-1.5831327438354492
IsPETaseWT_rand_S54G,-1.1344342,NA,NA,-0.5,-1.6344342231750488
IsPETaseWT_rand_A170R,-1.0702829,NA,NA,-0.5,-1.5702829360961914
IsPETaseWT_rand_W257L,-0.9306282,NA,NA,-0.5,-1.4306281805038452
IsPETaseWT_rand_I208W,-1.1137385,NA,NA,-0.5,-1.6137385368347168
IsPETaseWT_rand_M19S,-1.4677441,NA,NA,-0.5,-1.9677441120147705
IsPETaseWT_rand_S46M,-1.0443839,NA,NA,-0.5,-1.5443838834762573
IsPETaseWT_rand_A130N,-1.0702829,NA,NA,-0.5,-1.5702829360961914
IsPETaseWT_rand_R267A,-1.1344342,NA,NA,-0.5,-1.6344342231750488
IsPETaseWT_rand_V281R,-1.1547866,NA,NA,-0.5,-1.6547865867614746
IsPETaseWT_rand_S214C,-1.0702829,NA,NA,-0.5,-1.5702829360961914
IsPETaseWT_rand_W97T,-0.9247955,NA,NA,-0.5,-1.4247955083847046
IsPETaseWT_rand_S187T,-1.0702829,NA,NA,-0.5,-1.5702829360961914
IsPETaseWT_rand_F229C,-1.1474195,NA,NA,-0.5,-1.6474194526672363
IsPETaseWT_rand_G105L,-0.8587839,NA,NA,-0.5,-1.3587839007377625
IsPETaseWT_rand_R285F,-0.88854414,NA,NA,-0.5,-1.3885441422462463
IsPETaseWT_rand_K252E,-1.6673474,NA,NA,-0.5,-2.1673474311828613
IsPETaseWT_rand_L15I,-1.0702829,NA,NA,-0.5,-1.5702829360961914
IsPETaseWT_rand_A82M,-1.0831327,NA,NA,-0.5,-1.5831327438354492
IsPETaseWT_rand_T286A,-1.1344342,NA,NA,-0.5,-1.6344342231750488
IsPETaseWT_rand_T286Q,-1.0702829,NA,NA,-0.5,-1.5702829360961914
IsPETaseWT_rand_R59S,-1.0702829,NA,NA,-0.5,-1.5702829360961914
IsPETaseWT_rand_S61F,-1.0956854,NA,NA,-0.5,-1.595685362815857
IsPETaseWT_rand_K259M,-1.1265883,NA,NA,-0.5,-1.6265883445739746
IsPETaseWT_rand_N264K,-0.97126424,NA,NA,-0.5,-1.4712642431259155
IsPETaseWT_rand_A215T,-1.0702829,NA,NA,-0.5,-1.5702829360961914
IsPETaseWT_rand_S245I,-1.1541814,NA,NA,-0.5,-1.6541813611984253
IsPETaseWT_rand_S236W,-1.1043396,NA,NA,-0.5,-1.604339599609375
IsPETaseWT_rand_G75Q,-1.1344342,NA,NA,-0.5,-1.6344342231750488
IsPETaseWT_rand_G98V,-1.0831327,NA,NA,-0.5,-1.5831327438354492
IsPETaseWT_rand_Y70D,-1.1438985,NA,NA,-0.5,-1.6438984870910645
IsPETaseWT_rand_S142Q,-1.157347,NA,NA,-0.5,-1.6573469638824463
IsPETaseWT_rand_L176V,-1.0702829,NA,NA,-0.5,-1.5702829360961914
IsPETaseWT_rand_L137A,-1.1137385,NA,NA,-0.5,-1.6137385368347168
IsPETaseWT_rand_I145M,-1.0702829,NA,NA,-0.5,-1.5702829360961914
IsPETaseWT_rand_G254F,-1.2359198,NA,NA,-0.5,-1.7359198331832886
IsPETaseWT_rand_E231W,-1.1293156,NA,NA,-0.5,-1.6293156147003174
IsPETaseWT_rand_G251P,-1.0831327,NA,NA,-0.5,-1.5831327438354492
IsPETaseWT_rand_N172W,-1.1187356,NA,NA,-0.5,-1.6187355518341064
IsPETaseWT_rand_S282P,-1.1344342,NA,NA,-0.5,-1.6344342231750488
IsPETaseWT_rand_S236M,-1.0983584,NA,NA,-0.5,-1.598358392715454
IsPETaseWT_rand_W97I,-0.86647713,NA,NA,-0.5,-1.366477131843567
IsPETaseWT_rand_T198I,-1.0831327,NA,NA,-0.5,-1.5831327438354492
IsPETaseWT_rand_S213C,-1.1137385,NA,NA,-0.5,-1.6137385368347168
IsPETaseWT_rand_G164T,-1.1999832,NA,NA,-0.5,-1.6999832391738892
IsPETaseWT_rand_P197Q,-1.1137385,NA,NA,-0.5,-1.6137385368347168
IsPETaseWT_rand_V78S,-1.0900301,NA,NA,-0.5,-1.5900300741195679
IsPETaseWT_rand_M19F,-1.0900301,NA,NA,-0.5,-1.5900300741195679
IsPETaseWT_rand_F261Y,-1.0702829,NA,NA,-0.5,-1.5702829360961914
IsPETaseWT_rand_A171F,-1.1028799,NA,NA,-0.5,-1.6028798818588257
IsPETaseWT_rand_Q228E,-1.1028799,NA,NA,-0.5,-1.6028798818588257
IsPETaseWT_rand_C273S,-2.2052963,NA,NA,-0.5,-2.705296277999878
IsPETaseWT_rand_R8F,-1.064131,NA,NA,-0.5,-1.5641310214996338
IsPETaseWT_rand_N212F,-1.0831327,NA,NA,-0.5,-1.5831327438354492
IsPETaseWT_rand_T39S,-1.0702829,NA,NA,-0.5,-1.5702829360961914
IsPETaseWT_rand_S136M,-1.0831327,NA,NA,-0.5,-1.5831327438354492
IsPETaseWT_rand_N205D,-1.7498324,NA,NA,-0.5,-2.2498323917388916
IsPETaseWT_rand_A170W,-1.1058857,NA,NA,-0.5,-1.6058857440948486
IsPETaseWT_rand_K253W,-1.1344342,NA,NA,-0.5,-1.6344342231750488
IsPETaseWT_rand_M19D,-1.6483302,NA,NA,-0.5,-2.1483302116394043
IsPETaseWT_rand_S121L,-1.0900301,NA,NA,-0.5,-1.5900300741195679
IsPETaseWT_rand_L117D,-1.1137385,NA,NA,-0.5,-1.6137385368347168
IsPETaseWT_rand_N225E,-1.1060455,NA,NA,-0.5,-1.6060454845428467
IsPETaseWT_rand_V52R,-1.121797,NA,NA,-0.5,-1.62179696559906
IsPETaseWT_rand_G86M,-1.4171638,NA,NA,-0.5,-1.9171638488769531
IsPETaseWT_rand_L15C,-0.92819357,NA,NA,-0.5,-1.4281935691833496
IsPETaseWT_rand_I168C,-1.0861619,NA,NA,-0.5,-1.5861618518829346
IsPETaseWT_rand_T151N,-1.0702829,NA,NA,-0.5,-1.5702829360961914
IsPETaseWT_rand_S193Q,-1.1344342,NA,NA,-0.5,-1.6344342231750488
IsPETaseWT_rand_G75K,-0.9677812,NA,NA,-0.5,-1.4677811861038208
IsPETaseWT_rand_N275R,-1.1524165,NA,NA,-0.5,-1.652416467666626
IsPETaseWT_rand_S93G,-1.0900301,NA,NA,-0.5,-1.5900300741195679
IsPETaseWT_rand_R90D,-1.6726314,NA,NA,-0.5,-2.1726313829421997
IsPETaseWT_rand_P197I,-1.7424843,NA,NA,-0.5,-2.2424843311309814
IsPETaseWT_rand_M258Y,-1.6574037,NA,NA,-0.5,-2.1574037075042725
IsPETaseWT_rand_A74K,-0.8534568,NA,NA,-0.5,-1.3534567952156067
IsPETaseWT_rand_A240L,-1.0702829,NA,NA,-0.5,-1.5702829360961914
IsPETaseWT_rand_C239L,-1.1719378,NA,NA,-0.5,-1.6719378232955933
IsPETaseWT_rand_R5S,-1.1154796,NA,NA,-0.5,-1.615479588508606
IsPETaseWT_rand_K148W,-1.8537526,NA,NA,-0.5,-2.353752613067627
IsPETaseWT_rand_I81D,-1.4780875,NA,NA,-0.5,-1.9780875444412231
IsPETaseWT_rand_F229P,-0.97493804,NA,NA,-0.5,-1.4749380350112915
IsPETaseWT_rand_M154R,-1.3549358,NA,NA,-0.5,-1.8549357652664185
IsPETaseWT_rand_A129S,-1.0702829,NA,NA,-0.5,-1.5702829360961914
IsPETaseWT_rand_G155I,-1.283762,NA,NA,-0.5,-1.783761978149414
IsPETaseWT_rand_T198S,-0.86647713,NA,NA,-0.5,-1.366477131843567
IsPETaseWT_rand_F55K,-0.9082676,NA,NA,-0.5,-1.408267617225647
IsPETaseWT_rand_P197Y,-1.7051194,NA,NA,-0.5,-2.2051193714141846
IsPETaseWT_rand_W185Y,-1.1344342,NA,NA,-0.5,-1.6344342231750488
IsPETaseWT_rand_A152M,-1.0831327,NA,NA,-0.5,-1.5831327438354492
IsPETaseWT_rand_A12Q,-0.86647713,NA,NA,-0.5,-1.366477131843567
IsPETaseWT_rand_S141A,-1.1344342,NA,NA,-0.5,-1.6344342231750488
IsPETaseWT_rand_T26S,-1.0831327,NA,NA,-0.5,-1.5831327438354492
IsPETaseWT_rand_Q182I,-1.1283294,NA,NA,-0.5,-1.6283293962478638
IsPETaseWT_rand_P71E,-1.1346542,NA,NA,-0.5,-1.63465416431427
IsPETaseWT_rand_V21L,-1.1137385,NA,NA,-0.5,-1.6137385368347168
IsPETaseWT_rand_Q228C,-1.0702829,NA,NA,-0.5,-1.5702829360961914
IsPETaseWT_rand_S188F,-1.0900301,NA,NA,-0.5,-1.5900300741195679
IsPETaseWT_rand_A47M,-1.0831327,NA,NA,-0.5,-1.5831327438354492
IsPETaseWT_rand_S169Q,-1.0900301,NA,NA,-0.5,-1.5900300741195679
IsPETaseWT_rand_R90H,-1.1463355,NA,NA,-0.5,-1.646335482597351
IsPETaseWT_rand_V68W,-1.088116,NA,NA,-0.5,-1.5881160497665405
IsPETaseWT_rand_T189V,-1.0831327,NA,NA,-0.5,-1.5831327438354492
IsPETaseWT_rand_R260K,-0.95037526,NA,NA,-0.5,-1.450375258922577
IsPETaseWT_rand_P85K,-1.3463966,NA,NA,-0.5,-1.846396565437317
IsPETaseWT_rand_I250M,-1.1137385,NA,NA,-0.5,-1.6137385368347168
IsPETaseWT_rand_G243D,-1.0702829,NA,NA,-0.5,-1.5702829360961914
IsPETaseWT_rand_N73I,-1.0499058,NA,NA,-0.5,-1.549905776977539
IsPETaseWT_rand_N205W,-1.1137385,NA,NA,-0.5,-1.6137385368347168
IsPETaseWT_rand_T189D,-1.7160871,NA,NA,-0.5,-2.2160871028900146
IsPETaseWT_rand_E204A,-0.9484613,NA,NA,-0.5,-1.4484612941741943
IsPETaseWT_rand_S136W,-1.1247168,NA,NA,-0.5,-1.6247167587280273
IsPETaseWT_rand_N190K,-0.8922054,NA,NA,-0.5,-1.3922054171562195
IsPETaseWT_rand_P197N,-1.122812,NA,NA,-0.5,-1.622812032699585
IsPETaseWT_rand_T56I,-1.0780649,NA,NA,-0.5,-1.5780649185180664
IsPETaseWT_rand_S245A,-1.1541814,NA,NA,-0.5,-1.6541813611984253
IsPETaseWT_rand_S169I,-1.1907396,NA,NA,-0.5,-1.690739631652832
IsPETaseWT_rand_A33S,-1.0702829,NA,NA,-0.5,-1.5702829360961914
IsPETaseWT_rand_G155R,-1.2020061,NA,NA,-0.5,-1.7020061016082764
IsPETaseWT_rand_P60F,-1.2886198,NA,NA,-0.5,-1.7886197566986084
IsPETaseWT_rand_A24D,-1.7048845,NA,NA,-0.5,-2.2048845291137695
IsPETaseWT_rand_V156S,-2.4294853,NA,NA,-0.5,-2.929485321044922
IsPETaseWT_rand_P60E,-1.1283294,NA,NA,-0.5,-1.6283293962478638
IsPETaseWT_rand_S121W,-1.1589352,NA,NA,-0.5,-1.6589351892471313
IsPETaseWT_rand_Y70P,-0.91932464,NA,NA,-0.5,-1.4193246364593506
IsPETaseWT_rand_R280Q,-1.1541814,NA,NA,-0.5,-1.6541813611984253
IsPETaseWT_rand_A80R,-1.1669936,NA,NA,-0.5,-1.6669936180114746
IsPETaseWT_rand_T51S,-1.0851605,NA,NA,-0.5,-1.585160493850708
IsPETaseWT_rand_V211K,-1.1137385,NA,NA,-0.5,-1.6137385368347168
IsPETaseWT_rand_G17P,-0.86647713,NA,NA,-0.5,-1.366477131843567
IsPETaseWT_rand_L230I,-1.0702829,NA,NA,-0.5,-1.5702829360961914
IsPETaseWT_rand_S187E,-1.1028799,NA,NA,-0.5,-1.6028798818588257
IsPETaseWT_rand_N190W,-1.0702829,NA,NA,-0.5,-1.5702829360961914
IsPETaseWT_rand_W185C,-1.0315341,NA,NA,-0.5,-1.5315340757369995
IsPETaseWT_rand_N205K,-0.86647713,NA,NA,-0.5,-1.366477131843567
IsPETaseWT_rand_G235D,-1.0702829,NA,NA,-0.5,-1.5702829360961914
IsPETaseWT_rand_I109A,-1.0793564,NA,NA,-0.5,-1.5793564319610596
IsPETaseWT_rand_T26M,-1.0443839,NA,NA,-0.5,-1.5443838834762573
IsPETaseWT_rand_F106D,-1.66103,NA,NA,-0.5,-2.1610300540924072
IsPETaseWT_rand_A287I,-1.0702829,NA,NA,-0.5,-1.5702829360961914
IsPETaseWT_rand_I111K,-1.4201194,NA,NA,-0.5,-1.9201194047927856
IsPETaseWT_rand_A170G,-1.0499058,NA,NA,-0.5,-1.549905776977539
IsPETaseWT_rand_N2K,-1.0702829,NA,NA,-0.5,-1.5702829360961914
IsPETaseWT_rand_G75F,-1.088116,NA,NA,-0.5,-1.5881160497665405
IsPETaseWT_rand_R280K,-0.9545857,NA,NA,-0.5,-1.4545856714248657
IsPETaseWT_rand_R90E,-1.6773379,NA,NA,-0.5,-2.177337884902954
IsPETaseWT_rand_V14F,-1.109315,NA,NA,-0.5,-1.609315037727356
IsPETaseWT_rand_R8N,-1.0512812,NA,NA,-0.5,-1.551281213760376
IsPETaseWT_rand_S122Y,-1.1796309,NA,NA,-0.5,-1.6796308755874634
IsPETaseWT_rand_L167A,-1.4205468,NA,NA,-0.5,-1.9205467700958252
IsPETaseWT_rand_R90K,-1.0702829,NA,NA,-0.5,-1.5702829360961914
IsPETaseWT_rand_A27G,-1.1028799,NA,NA,-0.5,-1.6028798818588257
IsPETaseWT_rand_I218V,-1.0702829,NA,NA,-0.5,-1.5702829360961914
IsPETaseWT_rand_R59D,-1.7576782,NA,NA,-0.5,-2.2576781511306763
IsPETaseWT_rand_Q247S,-1.0702829,NA,NA,-0.5,-1.5702829360961914
IsPETaseWT_rand_S187V,-1.0702829,NA,NA,-0.5,-1.5702829360961914
IsPETaseWT_rand_T56R,-1.1039639,NA,NA,-0.5,-1.603963851928711
IsPETaseWT_rand_F261K,-0.8813547,NA,NA,-0.5,-1.3813546895980835
IsPETaseWT_rand_A23V,-1.615633,NA,NA,-0.5,-2.115633010864258
IsPETaseWT_rand_G155S,-1.188868,NA,NA,-0.5,-1.6888680458068848
IsPETaseWT_rand_G16C,-1.8459702,NA,NA,-0.5,-2.3459701538085938
IsPETaseWT_rand_L249Q,-1.1137385,NA,NA,-0.5,-1.6137385368347168
IsPETaseWT_rand_S221E,-1.0949367,NA,NA,-0.5,-1.594936728477478
IsPETaseWT_rand_P38D,-1.6680773,NA,NA,-0.5,-2.1680773496627808
IsPETaseWT_rand_S166F,-1.171785,NA,NA,-0.5,-1.6717849969863892
IsPETaseWT_rand_R34F,-1.6171138,NA,NA,-0.5,-2.1171138286590576
IsPETaseWT_rand_S141Y,-1.0956854,NA,NA,-0.5,-1.595685362815857
IsPETaseWT_rand_F284N,-1.0702829,NA,NA,-0.5,-1.5702829360961914
IsPETaseWT_rand_P197V,-1.7655495,NA,NA,-0.5,-2.2655495405197144
IsPETaseWT_rand_T151R,-1.1039639,NA,NA,-0.5,-1.603963851928711
IsPETaseWT_rand_T51E,-1.6856337,NA,NA,-0.5,-2.185633659362793
IsPETaseWT_rand_T286H,-1.1621912,NA,NA,-0.5,-1.6621911525726318
IsPETaseWT_rand_S223R,-1.0497401,NA,NA,-0.5,-1.5497400760650635
IsPETaseWT_rand_L117R,-1.0702829,NA,NA,-0.5,-1.5702829360961914
IsPETaseWT_rand_S175R,-1.270127,NA,NA,-0.5,-1.7701270580291748
IsPETaseWT_rand_S207Q,-1.1344342,NA,NA,-0.5,-1.6344342231750488
IsPETaseWT_rand_P49M,-1.0831327,NA,NA,-0.5,-1.5831327438354492
IsPETaseWT_rand_S221M,-1.1058857,NA,NA,-0.5,-1.6058857440948486
IsPETaseWT_rand_L131P,-1.0710728,NA,NA,-0.5,-1.5710728168487549
IsPETaseWT_rand_G79T,-1.0702829,NA,NA,-0.5,-1.5702829360961914
IsPETaseWT_rand_G35D,-1.7046357,NA,NA,-0.5,-2.204635739326477
IsPETaseWT_rand_E44D,-1.1344342,NA,NA,-0.5,-1.6344342231750488
IsPETaseWT_rand_R224E,-1.5776665,NA,NA,-0.5,-2.0776665210723877
IsPETaseWT_rand_S192F,-1.0931957,NA,NA,-0.5,-1.5931956768035889
IsPETaseWT_rand_N288C,-1.8302712,NA,NA,-0.5,-2.3302712440490723
IsPETaseWT_rand_A170F,-1.0702829,NA,NA,-0.5,-1.5702829360961914
IsPETaseWT_rand_S213N,-1.0702829,NA,NA,-0.5,-1.5702829360961914
IsPETaseWT_rand_K148M,-1.2757056,NA,NA,-0.5,-1.7757055759429932
IsPETaseWT_rand_Q182E,-1.1028799,NA,NA,-0.5,-1.6028798818588257
IsPETaseWT_rand_A80T,-1.0900301,NA,NA,-0.5,-1.5900300741195679
IsPETaseWT_rand_S115E,-1.212833,NA,NA,-0.5,-1.712833046913147
IsPETaseWT_rand_P181W,-1.0831327,NA,NA,-0.5,-1.5831327438354492
IsPETaseWT_rand_N190E,-1.1028799,NA,NA,-0.5,-1.6028798818588257
IsPETaseWT_rand_S143Y,-1.0900301,NA,NA,-0.5,-1.5900300741195679
IsPETaseWT_rand_T116Q,-1.0702829,NA,NA,-0.5,-1.5702829360961914
IsPETaseWT_rand_C289A,-1.1924807,NA,NA,-0.5,-1.6924806833267212
IsPETaseWT_rand_S93K,-1.0702829,NA,NA,-0.5,-1.5702829360961914
IsPETaseWT_rand_W159M,-0.8975881,NA,NA,-0.5,-1.397588074207306
IsPETaseWT_rand_P181A,-1.0702829,NA,NA,-0.5,-1.5702829360961914
IsPETaseWT_rand_S93F,-1.0895805,NA,NA,-0.5,-1.5895805358886719
IsPETaseWT_rand_I208D,-1.7115331,NA,NA,-0.5,-2.2115330696105957
IsPETaseWT_rand_N73A,-1.0702829,NA,NA,-0.5,-1.5702829360961914
IsPETaseWT_rand_A47V,-1.0831327,NA,NA,-0.5,-1.5831327438354492
IsPETaseWT_rand_I111Q,-1.088116,NA,NA,-0.5,-1.5881160497665405
IsPETaseWT_rand_P217S,-1.0702829,NA,NA,-0.5,-1.5702829360961914
IsPETaseWT_rand_I168Y,-1.1541814,NA,NA,-0.5,-1.6541813611984253
IsPETaseWT_rand_E44C,-2.2057254,NA,NA,-0.5,-2.7057254314422607
IsPETaseWT_rand_A80H,-1.1173371,NA,NA,-0.5,-1.6173371076583862
IsPETaseWT_rand_T26D,-1.7195129,NA,NA,-0.5,-2.219512939453125
IsPETaseWT_rand_T140R,-1.1262779,NA,NA,-0.5,-1.6262779235839844
IsPETaseWT_rand_D220T,-1.1344342,NA,NA,-0.5,-1.6344342231750488
IsPETaseWT_rand_F229R,-1.1137385,NA,NA,-0.5,-1.6137385368347168
IsPETaseWT_rand_T140H,-1.1575987,NA,NA,-0.5,-1.6575987339019775
IsPETaseWT_rand_T266E,-1.615633,NA,NA,-0.5,-2.115633010864258
IsPETaseWT_rand_V57L,-1.0702829,NA,NA,-0.5,-1.5702829360961914
IsPETaseWT_rand_K253V,-1.1344342,NA,NA,-0.5,-1.6344342231750488
IsPETaseWT_rand_G158C,-1.0675732,NA,NA,-0.5,-1.5675731897354126
IsPETaseWT_rand_T113P,-1.0625899,NA,NA,-0.5,-1.5625898838043213
IsPETaseWT_rand_T29A,-1.092597,NA,NA,-0.5,-1.5925970077514648
IsPETaseWT_rand_G105M,-0.8793269,NA,NA,-0.5,-1.37932687997818
IsPETaseWT_rand_I109F,-1.0900301,NA,NA,-0.5,-1.5900300741195679
IsPETaseWT_rand_L131M,-1.1265883,NA,NA,-0.5,-1.6265883445739746
IsPETaseWT_rand_S169E,-1.2027954,NA,NA,-0.5,-1.702795386314392
IsPETaseWT_rand_P4T,-1.0702829,NA,NA,-0.5,-1.5702829360961914
IsPETaseWT_rand_S223G,-1.1344342,NA,NA,-0.5,-1.6344342231750488
IsPETaseWT_rand_T67P,-1.0793564,NA,NA,-0.5,-1.5793564319610596
IsPETaseWT_rand_P276I,-1.0831327,NA,NA,-0.5,-1.5831327438354492
IsPETaseWT_rand_R260W,-1.6483302,NA,NA,-0.5,-2.1483302116394043
IsPETaseWT_rand_A183E,-1.0831327,NA,NA,-0.5,-1.5831327438354492
IsPETaseWT_rand_N205C,-1.722795,NA,NA,-0.5,-2.222795009613037
IsPETaseWT_rand_A226C,-1.0702829,NA,NA,-0.5,-1.5702829360961914
IsPETaseWT_rand_C239E,-1.1028799,NA,NA,-0.5,-1.6028798818588257
IsPETaseWT_rand_G162Y,-2.4855669,NA,NA,-0.5,-2.9855668544769287
IsPETaseWT_rand_P210R,-1.0702829,NA,NA,-0.5,-1.5702829360961914
IsPETaseWT_rand_V149E,-1.1589352,NA,NA,-0.5,-1.6589351892471313
IsPETaseWT_rand_P210A,-1.0702829,NA,NA,-0.5,-1.5702829360961914
IsPETaseWT_rand_C239P,-1.0831327,NA,NA,-0.5,-1.5831327438354492
IsPETaseWT_rand_S46Q,-1.1344342,NA,NA,-0.5,-1.6344342231750488
IsPETaseWT_rand_A226Y,-1.0900301,NA,NA,-0.5,-1.5900300741195679
IsPETaseWT_rand_I208V,-1.0702829,NA,NA,-0.5,-1.5702829360961914
IsPETaseWT_rand_A41Q,-1.0702829,NA,NA,-0.5,-1.5702829360961914
IsPETaseWT_rand_N114M,-1.1028799,NA,NA,-0.5,-1.6028798818588257
IsPETaseWT_rand_Y87D,-1.6597816,NA,NA,-0.5,-2.159781575202942
IsPETaseWT_rand_D265F,-1.1267412,NA,NA,-0.5,-1.6267411708831787
IsPETaseWT_rand_N275V,-1.1336131,NA,NA,-0.5,-1.633613109588623
IsPETaseWT_rand_R100N,-1.0702829,NA,NA,-0.5,-1.5702829360961914
IsPETaseWT_rand_P181F,-1.1028799,NA,NA,-0.5,-1.6028798818588257
IsPETaseWT_rand_S121E,-1.1512421,NA,NA,-0.5,-1.6512421369552612
IsPETaseWT_rand_G75L,-1.0702829,NA,NA,-0.5,-1.5702829360961914
IsPETaseWT_rand_A102H,-1.1447489,NA,NA,-0.5,-1.6447489261627197
IsPETaseWT_rand_G79D,-1.2027954,NA,NA,-0.5,-1.702795386314392
IsPETaseWT_rand_Q91T,-1.0702829,NA,NA,-0.5,-1.5702829360961914
IsPETaseWT_rand_N241Y,-1.0900301,NA,NA,-0.5,-1.5900300741195679
IsPETaseWT_rand_L167N,-1.5694174,NA,NA,-0.5,-2.069417357444763
IsPETaseWT_rand_V78R,-1.0702829,NA,NA,-0.5,-1.5702829360961914
IsPETaseWT_rand_G35T,-1.0702829,NA,NA,-0.5,-1.5702829360961914
IsPETaseWT_rand_T29N,-1.1857197,NA,NA,-0.5,-1.6857197284698486
IsPETaseWT_rand_D263E,-1.0831327,NA,NA,-0.5,-1.5831327438354492
IsPETaseWT_rand_W159R,-1.2383525,NA,NA,-0.5,-1.7383525371551514
IsPETaseWT_rand_G234C,-1.0702829,NA,NA,-0.5,-1.5702829360961914
IsPETaseWT_rand_N30P,-1.147284,NA,NA,-0.5,-1.6472840309143066
IsPETaseWT_rand_G147D,-1.0900301,NA,NA,-0.5,-1.5900300741195679
IsPETaseWT_rand_T198R,-1.0702829,NA,NA,-0.5,-1.5702829360961914
IsPETaseWT_rand_A287D,-1.0702829,NA,NA,-0.5,-1.5702829360961914
IsPETaseWT_rand_N233Y,-1.1670312,NA,NA,-0.5,-1.667031168937683
IsPETaseWT_rand_W97M,-0.8793269,NA,NA,-0.5,-1.37932687997818
IsPETaseWT_rand_Q247V,-1.0702829,NA,NA,-0.5,-1.5702829360961914
IsPETaseWT_rand_V78C,-2.6927555,NA,NA,-0.5,-3.1927554607391357
IsPETaseWT_rand_N233E,-1.0945841,NA,NA,-0.5,-1.5945841073989868
IsPETaseWT_rand_K177D,-1.710425,NA,NA,-0.5,-2.210425019264221
IsPETaseWT_rand_M262G,-1.7243916,NA,NA,-0.5,-2.2243915796279907
IsPETaseWT_rand_V21I,-1.0831327,NA,NA,-0.5,-1.5831327438354492
IsPETaseWT_rand_K227S,-1.0702829,NA,NA,-0.5,-1.5702829360961914
IsPETaseWT_rand_A272V,-1.0702829,NA,NA,-0.5,-1.5702829360961914
IsPETaseWT_rand_A82P,-1.221068,NA,NA,-0.5,-1.721068024635315
IsPETaseWT_rand_S192L,-1.0497401,NA,NA,-0.5,-1.5497400760650635
IsPETaseWT_rand_I200R,-0.9526875,NA,NA,-0.5,-1.4526875019073486
IsPETaseWT_rand_S175C,-1.0702829,NA,NA,-0.5,-1.5702829360961914
IsPETaseWT_rand_N173D,-1.7046357,NA,NA,-0.5,-2.204635739326477
IsPETaseWT_rand_C289Q,-1.1796309,NA,NA,-0.5,-1.6796308755874634
IsPETaseWT_rand_Y146K,-0.88476896,NA,NA,-0.5,-1.3847689628601074
IsPETaseWT_rand_T77M,-1.0831327,NA,NA,-0.5,-1.5831327438354492
IsPETaseWT_rand_S42Y,-1.1344342,NA,NA,-0.5,-1.6344342231750488
IsPETaseWT_rand_N73P,-1.0900301,NA,NA,-0.5,-1.5900300741195679
IsPETaseWT_rand_W159P,-1.9013926,NA,NA,-0.5,-2.4013925790786743
IsPETaseWT_rand_T67D,-1.0831327,NA,NA,-0.5,-1.5831327438354492
IsPETaseWT_rand_W159V,-1.0702829,NA,NA,-0.5,-1.5702829360961914
IsPETaseWT_rand_V194M,-1.1137385,NA,NA,-0.5,-1.6137385368347168
IsPETaseWT_rand_G66V,-1.2291753,NA,NA,-0.5,-1.729175329208374
IsPETaseWT_rand_G48R,-1.1395667,NA,NA,-0.5,-1.6395666599273682
IsPETaseWT_rand_N264P,-1.0625899,NA,NA,-0.5,-1.5625898838043213
IsPETaseWT_rand_M10P,-1.1661623,NA,NA,-0.5,-1.6661622524261475
IsPETaseWT_rand_W159G,-1.8917456,NA,NA,-0.5,-2.3917455673217773
IsPETaseWT_rand_T110M,-1.1676364,NA,NA,-0.5,-1.6676363945007324
IsPETaseWT_rand_A80E,-1.7150004,NA,NA,-0.5,-2.2150003910064697
IsPETaseWT_rand_A152F,-1.0702829,NA,NA,-0.5,-1.5702829360961914
IsPETaseWT_rand_D263W,-1.1583977,NA,NA,-0.5,-1.6583976745605469
IsPETaseWT_rand_C273D,-1.8553331,NA,NA,-0.5,-2.355333089828491
IsPETaseWT_rand_P174F,-1.0831327,NA,NA,-0.5,-1.5831327438354492
IsPETaseWT_rand_V194F,-1.1137385,NA,NA,-0.5,-1.6137385368347168
IsPETaseWT_rand_V84G,-1.5181353,NA,NA,-0.5,-2.0181353092193604
IsPETaseWT_rand_P85S,-1.0589793,NA,NA,-0.5,-1.5589792728424072
IsPETaseWT_rand_S188I,-1.0702829,NA,NA,-0.5,-1.5702829360961914
IsPETaseWT_rand_L230M,-1.0702829,NA,NA,-0.5,-1.5702829360961914
IsPETaseWT_rand_I232K,-0.9095223,NA,NA,-0.5,-1.409522294998169
IsPETaseWT_rand_N277I,-1.1028799,NA,NA,-0.5,-1.6028798818588257
IsPETaseWT_rand_W159S,-2.141167,NA,NA,-0.5,-2.641166925430298
IsPETaseWT_rand_Q228S,-1.0702829,NA,NA,-0.5,-1.5702829360961914
IsPETaseWT_rand_I145Q,-1.0702829,NA,NA,-0.5,-1.5702829360961914
IsPETaseWT_rand_F261V,-1.0702829,NA,NA,-0.5,-1.5702829360961914
IsPETaseWT_rand_P217G,-1.0702829,NA,NA,-0.5,-1.5702829360961914
IsPETaseWT_rand_S103F,-1.1242061,NA,NA,-0.5,-1.6242060661315918
IsPETaseWT_rand_A129D,-1.6597816,NA,NA,-0.5,-2.159781575202942
IsPETaseWT_rand_I250P,-1.1447489,NA,NA,-0.5,-1.6447489261627197
IsPETaseWT_rand_A287F,-1.0831327,NA,NA,-0.5,-1.5831327438354492
IsPETaseWT_rand_Y268E,-1.0831327,NA,NA,-0.5,-1.5831327438354492
IsPETaseWT_rand_Y146D,-1.6483302,NA,NA,-0.5,-2.1483302116394043
IsPETaseWT_rand_I83L,-1.0702829,NA,NA,-0.5,-1.5702829360961914
IsPETaseWT_rand_N233V,-1.147284,NA,NA,-0.5,-1.6472840309143066
IsPETaseWT_rand_G76R,-1.0702829,NA,NA,-0.5,-1.5702829360961914
IsPETaseWT_rand_A47K,-0.86989164,NA,NA,-0.5,-1.36989164352417
IsPETaseWT_rand_N233P,-1.1028799,NA,NA,-0.5,-1.6028798818588257
IsPETaseWT_rand_V14Q,-0.9551292,NA,NA,-0.5,-1.4551292061805725
IsPETaseWT_rand_Q28P,-1.3353242,NA,NA,-0.5,-1.8353241682052612
IsPETaseWT_rand_F261P,-1.4495097,NA,NA,-0.5,-1.9495097398757935
IsPETaseWT_rand_S42N,-1.1435077,NA,NA,-0.5,-1.643507719039917
IsPETaseWT_rand_S115A,-1.0702829,NA,NA,-0.5,-1.5702829360961914
IsPETaseWT_rand_G165E,-1.0418147,NA,NA,-0.5,-1.5418146848678589
IsPETaseWT_rand_N173F,-1.1267412,NA,NA,-0.5,-1.6267411708831787
IsPETaseWT_rand_P71C,-2.0943968,NA,NA,-0.5,-2.5943968296051025
IsPETaseWT_rand_G147T,-1.0942403,NA,NA,-0.5,-1.5942403078079224
IsPETaseWT_rand_T72S,-1.0831327,NA,NA,-0.5,-1.5831327438354492
IsPETaseWT_rand_I232A,-1.236771,NA,NA,-0.5,-1.7367709875106812
IsPETaseWT_rand_A41C,-3.358648,NA,NA,-0.5,-3.8586480617523193
IsPETaseWT_rand_R132H,-1.1676364,NA,NA,-0.5,-1.6676363945007324
IsPETaseWT_rand_T77W,-1.1884675,NA,NA,-0.5,-1.6884675025939941
IsPETaseWT_rand_E274R,-1.0702059,NA,NA,-0.5,-1.5702059268951416
IsPETaseWT_rand_S122L,-1.1344342,NA,NA,-0.5,-1.6344342231750488
IsPETaseWT_rand_Y63C,-1.684301,NA,NA,-0.5,-2.184301018714905
IsPETaseWT_rand_R123Q,-1.6866816,NA,NA,-0.5,-2.186681628227234
IsPETaseWT_rand_S238D,-1.1028799,NA,NA,-0.5,-1.6028798818588257
IsPETaseWT_rand_V57S,-1.088116,NA,NA,-0.5,-1.5881160497665405
IsPETaseWT_rand_S278A,-1.1344342,NA,NA,-0.5,-1.6344342231750488
IsPETaseWT_rand_R267Y,-1.6483302,NA,NA,-0.5,-2.1483302116394043
IsPETaseWT_rand_S124F,-1.1253427,NA,NA,-0.5,-1.6253427267074585
IsPETaseWT_rand_D150R,-1.5429043,NA,NA,-0.5,-2.042904257774353
IsPETaseWT_rand_M1P,-1.6976066,NA,NA,-0.5,-2.1976065635681152
IsPETaseWT_rand_L216G,-1.0702829,NA,NA,-0.5,-1.5702829360961914
IsPETaseWT_rand_E44V,-1.170037,NA,NA,-0.5,-1.670037031173706
IsPETaseWT_rand_D186E,-1.0831327,NA,NA,-0.5,-1.5831327438354492
IsPETaseWT_rand_C273W,-1.6588922,NA,NA,-0.5,-2.1588921546936035
IsPETaseWT_rand_D263V,-0.9001581,NA,NA,-0.5,-1.4001581072807312
IsPETaseWT_rand_F201T,-1.155529,NA,NA,-0.5,-1.6555290222167969
IsPETaseWT_rand_A23Q,-1.1265883,NA,NA,-0.5,-1.6265883445739746
IsPETaseWT_rand_S193K,-0.9677812,NA,NA,-0.5,-1.4677811861038208
IsPETaseWT_rand_L9P,-0.88219404,NA,NA,-0.5,-1.3821940422058105
IsPETaseWT_rand_G35P,-1.1344342,NA,NA,-0.5,-1.6344342231750488
IsPETaseWT_rand_S124E,-1.1283294,NA,NA,-0.5,-1.6283293962478638
IsPETaseWT_rand_A23P,-1.1596265,NA,NA,-0.5,-1.6596264839172363
IsPETaseWT_rand_D283N,-1.0702829,NA,NA,-0.5,-1.5702829360961914
IsPETaseWT_rand_R90S,-1.0900301,NA,NA,-0.5,-1.5900300741195679
IsPETaseWT_rand_L249G,-1.0702829,NA,NA,-0.5,-1.5702829360961914
IsPETaseWT_rand_S238C,-1.0702829,NA,NA,-0.5,-1.5702829360961914
IsPETaseWT_rand_T151H,-1.1505457,NA,NA,-0.5,-1.6505457162857056
IsPETaseWT_rand_A23I,-1.0831327,NA,NA,-0.5,-1.5831327438354492
IsPETaseWT_rand_S22M,-1.3939561,NA,NA,-0.5,-1.8939560651779175
IsPETaseWT_rand_W159T,-1.0900301,NA,NA,-0.5,-1.5900300741195679
IsPETaseWT_rand_N246K,-1.0702829,NA,NA,-0.5,-1.5702829360961914
IsPETaseWT_rand_M19H,-1.0702829,NA,NA,-0.5,-1.5702829360961914
IsPETaseWT_rand_G147P,-1.0702829,NA,NA,-0.5,-1.5702829360961914
IsPETaseWT_rand_A25N,-1.3654491,NA,NA,-0.5,-1.865449070930481
IsPETaseWT_rand_T140E,-1.7420938,NA,NA,-0.5,-2.242093801498413
IsPETaseWT_rand_N190R,-1.1168137,NA,NA,-0.5,-1.6168136596679688
IsPETaseWT_rand_S207R,-1.0702829,NA,NA,-0.5,-1.5702829360961914
IsPETaseWT_rand_L199N,-0.744243,NA,NA,-0.5,-1.2442430257797241
IsPETaseWT_rand_W96S,-1.0900301,NA,NA,-0.5,-1.5900300741195679
IsPETaseWT_rand_M258P,-1.6193659,NA,NA,-0.5,-2.119365930557251
IsPETaseWT_rand_S269K,-0.84593415,NA,NA,-0.5,-1.3459341526031494
IsPETaseWT_rand_L43R,-1.123711,NA,NA,-0.5,-1.6237109899520874
IsPETaseWT_rand_A41R,-1.1039639,NA,NA,-0.5,-1.603963851928711
IsPETaseWT_rand_S93W,-1.1256329,NA,NA,-0.5,-1.625632882118225
IsPETaseWT_rand_T151M,-1.0831327,NA,NA,-0.5,-1.5831327438354492
IsPETaseWT_rand_R53D,-1.6442064,NA,NA,-0.5,-2.144206404685974
IsPETaseWT_rand_S169L,-1.1907396,NA,NA,-0.5,-1.690739631652832
IsPETaseWT_rand_M157S,-1.088116,NA,NA,-0.5,-1.5881160497665405
IsPETaseWT_rand_S221G,-1.0702829,NA,NA,-0.5,-1.5702829360961914
IsPETaseWT_rand_L230P,-0.97493804,NA,NA,-0.5,-1.4749380350112915
IsPETaseWT_rand_E231C,-1.121797,NA,NA,-0.5,-1.62179696559906
IsPETaseWT_rand_Q182R,-1.0702829,NA,NA,-0.5,-1.5702829360961914
IsPETaseWT_rand_T39P,-1.2116187,NA,NA,-0.5,-1.7116186618804932
IsPETaseWT_rand_S188V,-1.0702829,NA,NA,-0.5,-1.5702829360961914
IsPETaseWT_rand_A82C,-1.6388365,NA,NA,-0.5,-2.1388365030288696
IsPETaseWT_rand_A74S,-1.0702829,NA,NA,-0.5,-1.5702829360961914
IsPETaseWT_rand_L18F,-1.0831327,NA,NA,-0.5,-1.5831327438354492
IsPETaseWT_rand_G35K,-0.98234254,NA,NA,-0.5,-1.482342541217804
IsPETaseWT_rand_T189N,-1.0900301,NA,NA,-0.5,-1.5900300741195679
IsPETaseWT_rand_T198Y,-1.170037,NA,NA,-0.5,-1.670037031173706
IsPETaseWT_rand_G17F,-1.4196514,NA,NA,-0.5,-1.9196513891220093
IsPETaseWT_rand_S192R,-1.083421,NA,NA,-0.5,-1.583420991897583
IsPETaseWT_rand_A40Y,-1.0702829,NA,NA,-0.5,-1.5702829360961914
IsPETaseWT_rand_P71V,-1.1049076,NA,NA,-0.5,-1.6049076318740845
IsPETaseWT_rand_T189P,-1.0831327,NA,NA,-0.5,-1.5831327438354492
IsPETaseWT_rand_G162L,-1.4224927,NA,NA,-0.5,-1.9224927425384521
IsPETaseWT_rand_V14G,-1.1874015,NA,NA,-0.5,-1.687401533126831
IsPETaseWT_rand_K259V,-1.0702829,NA,NA,-0.5,-1.5702829360961914
IsPETaseWT_rand_I200W,-1.1894252,NA,NA,-0.5,-1.6894252300262451
IsPETaseWT_rand_S61K,-0.9261972,NA,NA,-0.5,-1.4261971712112427
IsPETaseWT_rand_V134R,-0.936252,NA,NA,-0.5,-1.4362519979476929
IsPETaseWT_rand_T110L,-1.1575987,NA,NA,-0.5,-1.6575987339019775
IsPETaseWT_rand_V255H,-1.1745337,NA,NA,-0.5,-1.674533724784851
IsPETaseWT_rand_Y63F,-1.0625899,NA,NA,-0.5,-1.5625898838043213
IsPETaseWT_rand_A89S,-1.0702829,NA,NA,-0.5,-1.5702829360961914
IsPETaseWT_rand_A45N,-1.0702829,NA,NA,-0.5,-1.5702829360961914
IsPETaseWT_rand_A179E,-1.2630084,NA,NA,-0.5,-1.7630083560943604
IsPETaseWT_rand_R285W,-1.0702829,NA,NA,-0.5,-1.5702829360961914
IsPETaseWT_rand_V149L,-1.0702829,NA,NA,-0.5,-1.5702829360961914
IsPETaseWT_rand_I81G,-1.9724474,NA,NA,-0.5,-2.472447395324707
IsPETaseWT_rand_S122T,-1.0702829,NA,NA,-0.5,-1.5702829360961914
IsPETaseWT_rand_V14N,-0.9116737,NA,NA,-0.5,-1.4116737246513367
IsPETaseWT_rand_A287Y,-1.0702829,NA,NA,-0.5,-1.5702829360961914
IsPETaseWT_rand_N190S,-1.092597,NA,NA,-0.5,-1.5925970077514648
IsPETaseWT_rand_A45E,-1.1463355,NA,NA,-0.5,-1.646335482597351
IsPETaseWT_rand_L249V,-1.0702829,NA,NA,-0.5,-1.5702829360961914
IsPETaseWT_rand_S213Q,-1.1541814,NA,NA,-0.5,-1.6541813611984253
IsPETaseWT_rand_P38F,-1.0831327,NA,NA,-0.5,-1.5831327438354492
IsPETaseWT_rand_G164D,-1.757134,NA,NA,-0.5,-2.257133960723877
IsPETaseWT_rand_N233S,-1.092597,NA,NA,-0.5,-1.5925970077514648
IsPETaseWT_rand_Y268N,-1.0702829,NA,NA,-0.5,-1.5702829360961914
IsPETaseWT_rand_G66W,-1.1676364,NA,NA,-0.5,-1.6676363945007324
IsPETaseWT_rand_I94F,-1.0702829,NA,NA,-0.5,-1.5702829360961914
IsPETaseWT_rand_R224V,-1.0956854,NA,NA,-0.5,-1.595685362815857
IsPETaseWT_rand_T29E,-1.6753508,NA,NA,-0.5,-2.175350785255432
IsPETaseWT_rand_S269F,-1.1267412,NA,NA,-0.5,-1.6267411708831787
IsPETaseWT_rand_V156G,-2.6041758,NA,NA,-0.5,-3.1041758060455322
IsPETaseWT_rand_I83N,-1.9901377,NA,NA,-0.5,-2.4901376962661743
IsPETaseWT_rand_T116N,-1.0702829,NA,NA,-0.5,-1.5702829360961914
IsPETaseWT_rand_S269L,-1.147284,NA,NA,-0.5,-1.6472840309143066
IsPETaseWT_rand_A41L,-1.0831327,NA,NA,-0.5,-1.5831327438354492
IsPETaseWT_rand_L101W,-1.1547866,NA,NA,-0.5,-1.6547865867614746
IsPETaseWT_rand_S141F,-1.0879923,NA,NA,-0.5,-1.5879923105239868
IsPETaseWT_rand_V156W,-1.1684909,NA,NA,-0.5,-1.6684908866882324
IsPETaseWT_rand_G48V,-1.0443839,NA,NA,-0.5,-1.5443838834762573
IsPETaseWT_rand_Y87W,-1.0831327,NA,NA,-0.5,-1.5831327438354492
IsPETaseWT_rand_G79H,-1.1375666,NA,NA,-0.5,-1.6375665664672852
IsPETaseWT_rand_P174Y,-1.0702829,NA,NA,-0.5,-1.5702829360961914
IsPETaseWT_rand_S22A,-1.1267412,NA,NA,-0.5,-1.6267411708831787
IsPETaseWT_rand_S42C,-2.1815937,NA,NA,-0.5,-2.681593656539917
IsPETaseWT_rand_S136H,-1.1991827,NA,NA,-0.5,-1.6991827487945557
IsPETaseWT_rand_L216A,-1.0702829,NA,NA,-0.5,-1.5702829360961914
IsPETaseWT_rand_M258W,-1.6364641,NA,NA,-0.5,-2.1364641189575195
IsPETaseWT_rand_G251K,-1.0702829,NA,NA,-0.5,-1.5702829360961914
IsPETaseWT_rand_P210L,-1.0831327,NA,NA,-0.5,-1.5831327438354492
IsPETaseWT_rand_Q228R,-1.0702829,NA,NA,-0.5,-1.5702829360961914
IsPETaseWT_rand_G251S,-1.0702829,NA,NA,-0.5,-1.5702829360961914
IsPETaseWT_rand_G105N,-0.8793269,NA,NA,-0.5,-1.37932687997818
IsPETaseWT_rand_A74N,-1.0702829,NA,NA,-0.5,-1.5702829360961914
IsPETaseWT_rand_G165P,-1.1070901,NA,NA,-0.5,-1.6070901155471802
IsPETaseWT_rand_S207F,-1.1154796,NA,NA,-0.5,-1.615479588508606
IsPETaseWT_rand_F191V,-1.0702829,NA,NA,-0.5,-1.5702829360961914
IsPETaseWT_rand_F55N,-1.088116,NA,NA,-0.5,-1.5881160497665405
IsPETaseWT_rand_S124R,-1.0702829,NA,NA,-0.5,-1.5702829360961914
IsPETaseWT_rand_Y63K,-0.9572071,NA,NA,-0.5,-1.4572070837020874
IsPETaseWT_rand_N233I,-1.0831327,NA,NA,-0.5,-1.5831327438354492
IsPETaseWT_rand_N73E,-1.1380397,NA,NA,-0.5,-1.6380397081375122
IsPETaseWT_rand_T26L,-1.0879923,NA,NA,-0.5,-1.5879923105239868
IsPETaseWT_rand_T198Q,-1.0702829,NA,NA,-0.5,-1.5702829360961914
IsPETaseWT_rand_M128G,-1.088116,NA,NA,-0.5,-1.5881160497665405
IsPETaseWT_rand_S169Y,-1.1778898,NA,NA,-0.5,-1.6778898239135742
IsPETaseWT_rand_G162I,-1.3074173,NA,NA,-0.5,-1.8074172735214233
IsPETaseWT_rand_R267S,-1.6483302,NA,NA,-0.5,-2.1483302116394043
IsPETaseWT_rand_M258A,-1.1344342,NA,NA,-0.5,-1.6344342231750488
IsPETaseWT_rand_A47Q,-1.0702829,NA,NA,-0.5,-1.5702829360961914
IsPETaseWT_rand_M262S,-1.7147216,NA,NA,-0.5,-2.2147215604782104
IsPETaseWT_rand_S124H,-1.0702829,NA,NA,-0.5,-1.5702829360961914
IsPETaseWT_rand_Q182C,-1.1575987,NA,NA,-0.5,-1.6575987339019775
IsPETaseWT_rand_W257S,-1.4006662,NA,NA,-0.5,-1.9006662368774414
IsPETaseWT_rand_G147W,-1.1265883,NA,NA,-0.5,-1.6265883445739746
IsPETaseWT_rand_S136N,-1.0900301,NA,NA,-0.5,-1.5900300741195679
IsPETaseWT_rand_A209P,-1.0702829,NA,NA,-0.5,-1.5702829360961914
IsPETaseWT_rand_A24Q,-1.0702829,NA,NA,-0.5,-1.5702829360961914
IsPETaseWT_rand_A27Y,-0.9158493,NA,NA,-0.5,-1.4158493280410767
IsPETaseWT_rand_P38Q,-1.0900301,NA,NA,-0.5,-1.5900300741195679
IsPETaseWT_rand_R285K,-0.9545857,NA,NA,-0.5,-1.4545856714248657
IsPETaseWT_rand_F50Q,-1.0793564,NA,NA,-0.5,-1.5793564319610596
IsPETaseWT_rand_S193M,-1.0702829,NA,NA,-0.5,-1.5702829360961914
IsPETaseWT_rand_C289P,-1.218125,NA,NA,-0.5,-1.7181249856948853
IsPETaseWT_rand_A74I,-1.0702829,NA,NA,-0.5,-1.5702829360961914
IsPETaseWT_rand_R260C,-1.6370268,NA,NA,-0.5,-2.137026786804199
IsPETaseWT_rand_P71M,-1.3064348,NA,NA,-0.5,-1.8064347505569458
IsPETaseWT_rand_N246V,-1.1138914,NA,NA,-0.5,-1.613891363143921
IsPETaseWT_rand_S236F,-1.0499058,NA,NA,-0.5,-1.549905776977539
IsPETaseWT_rand_R267F,-1.6483302,NA,NA,-0.5,-2.1483302116394043
IsPETaseWT_rand_V84P,-1.034158,NA,NA,-0.5,-1.5341579914093018
IsPETaseWT_rand_M154Y,-1.7755113,NA,NA,-0.5,-2.2755112648010254
IsPETaseWT_rand_P174V,-1.0702829,NA,NA,-0.5,-1.5702829360961914
IsPETaseWT_rand_N264W,-1.181175,NA,NA,-0.5,-1.6811749935150146
IsPETaseWT_rand_G254Y,-1.1283294,NA,NA,-0.5,-1.6283293962478638
IsPETaseWT_rand_M154T,-1.088116,NA,NA,-0.5,-1.5881160497665405
IsPETaseWT_rand_L216Y,-1.0702829,NA,NA,-0.5,-1.5702829360961914
IsPETaseWT_rand_G158A,-1.0293628,NA,NA,-0.5,-1.5293627977371216
IsPETaseWT_rand_L117C,-1.2382013,NA,NA,-0.5,-1.7382012605667114
IsPETaseWT_rand_A272Q,-1.0702829,NA,NA,-0.5,-1.5702829360961914
IsPETaseWT_rand_G76K,-0.920372,NA,NA,-0.5,-1.4203720092773438
IsPETaseWT_rand_G17Y,-1.4962125,NA,NA,-0.5,-1.9962124824523926
IsPETaseWT_rand_V57H,-1.1315717,NA,NA,-0.5,-1.631571650505066
IsPETaseWT_rand_M10S,-1.201417,NA,NA,-0.5,-1.7014169692993164
IsPETaseWT_rand_G162R,-2.3561614,NA,NA,-0.5,-2.85616135597229
IsPETaseWT_rand_V78Q,-1.0817343,NA,NA,-0.5,-1.581734299659729
IsPETaseWT_rand_G105R,-1.0268537,NA,NA,-0.5,-1.5268536806106567
IsPETaseWT_rand_R260T,-1.218125,NA,NA,-0.5,-1.7181249856948853
IsPETaseWT_rand_Y32F,-1.0831327,NA,NA,-0.5,-1.5831327438354492
IsPETaseWT_rand_S269H,-1.2032392,NA,NA,-0.5,-1.7032392024993896
IsPETaseWT_rand_I168T,-1.6035475,NA,NA,-0.5,-2.10354745388031
IsPETaseWT_rand_C273Q,-1.4771807,NA,NA,-0.5,-1.9771807193756104
IsPETaseWT_rand_G162H,-1.2086457,NA,NA,-0.5,-1.7086457014083862
IsPETaseWT_rand_C239W,-1.1573137,NA,NA,-0.5,-1.6573137044906616
IsPETaseWT_rand_K177W,-1.4030011,NA,NA,-0.5,-1.903001070022583
IsPETaseWT_rand_G251I,-1.2244685,NA,NA,-0.5,-1.724468469619751
IsPETaseWT_rand_C289M,-1.1668235,NA,NA,-0.5,-1.6668235063552856
IsPETaseWT_rand_T116L,-1.1028799,NA,NA,-0.5,-1.6028798818588257
IsPETaseWT_rand_K148H,-0.8324802,NA,NA,-0.5,-1.3324801921844482
IsPETaseWT_rand_G254N,-1.0702829,NA,NA,-0.5,-1.5702829360961914
IsPETaseWT_rand_L249P,-1.1137385,NA,NA,-0.5,-1.6137385368347168
IsPETaseWT_rand_S290K,-1.0082237,NA,NA,-0.5,-1.5082236528396606
IsPETaseWT_rand_K148E,-1.7301722,NA,NA,-0.5,-2.2301721572875977
IsPETaseWT_rand_E204P,-0.98826,NA,NA,-0.5,-1.4882599711418152
IsPETaseWT_rand_G75M,-0.86647713,NA,NA,-0.5,-1.366477131843567
IsPETaseWT_rand_A41P,-1.0702829,NA,NA,-0.5,-1.5702829360961914
IsPETaseWT_rand_L249H,-1.1547866,NA,NA,-0.5,-1.6547865867614746
IsPETaseWT_rand_H104W,-1.0702829,NA,NA,-0.5,-1.5702829360961914
IsPETaseWT_rand_T140F,-1.097812,NA,NA,-0.5,-1.5978120565414429
IsPETaseWT_rand_R123I,-1.1670312,NA,NA,-0.5,-1.667031168937683
IsPETaseWT_rand_T26V,-1.0443839,NA,NA,-0.5,-1.5443838834762573
IsPETaseWT_rand_T116I,-1.1028799,NA,NA,-0.5,-1.6028798818588257
IsPETaseWT_rand_A27F,-1.1543654,NA,NA,-0.5,-1.6543654203414917
IsPETaseWT_rand_S214M,-1.0831327,NA,NA,-0.5,-1.5831327438354492
IsPETaseWT_rand_S245E,-1.1283294,NA,NA,-0.5,-1.6283293962478638
IsPETaseWT_rand_P71A,-1.0793564,NA,NA,-0.5,-1.5793564319610596
IsPETaseWT_rand_V211S,-1.0702829,NA,NA,-0.5,-1.5702829360961914
IsPETaseWT_rand_A248I,-1.0702829,NA,NA,-0.5,-1.5702829360961914
IsPETaseWT_rand_K148N,-1.0702829,NA,NA,-0.5,-1.5702829360961914
IsPETaseWT_rand_G147C,-1.8413384,NA,NA,-0.5,-2.3413383960723877
IsPETaseWT_rand_S46Y,-1.1344342,NA,NA,-0.5,-1.6344342231750488
IsPETaseWT_rand_Q119W,-1.1137385,NA,NA,-0.5,-1.6137385368347168
IsPETaseWT_rand_A20H,-1.1265883,NA,NA,-0.5,-1.6265883445739746
IsPETaseWT_rand_M19Q,-1.9014163,NA,NA,-0.5,-2.401416301727295
IsPETaseWT_rand_W257G,-0.9832787,NA,NA,-0.5,-1.4832786917686462
IsPETaseWT_rand_V149C,-2.1852639,NA,NA,-0.5,-2.6852638721466064
IsPETaseWT_rand_R5L,-1.0443839,NA,NA,-0.5,-1.5443838834762573
IsPETaseWT_rand_Y146R,-1.0702829,NA,NA,-0.5,-1.5702829360961914
IsPETaseWT_rand_S282V,-1.1138914,NA,NA,-0.5,-1.613891363143921
IsPETaseWT_rand_A256G,-1.1225016,NA,NA,-0.5,-1.6225016117095947
IsPETaseWT_rand_S58M,-1.0443839,NA,NA,-0.5,-1.5443838834762573
IsPETaseWT_rand_V84R,-0.9697636,NA,NA,-0.5,-1.4697635769844055
IsPETaseWT_rand_R132G,-1.0793564,NA,NA,-0.5,-1.5793564319610596
IsPETaseWT_rand_R8M,-1.0443839,NA,NA,-0.5,-1.5443838834762573
IsPETaseWT_rand_A152Y,-1.0702829,NA,NA,-0.5,-1.5702829360961914
IsPETaseWT_rand_P99G,-1.0702829,NA,NA,-0.5,-1.5702829360961914
IsPETaseWT_rand_A45Q,-1.0702829,NA,NA,-0.5,-1.5702829360961914
IsPETaseWT_rand_P49G,-1.1078632,NA,NA,-0.5,-1.607863187789917
IsPETaseWT_rand_L167I,-1.0702829,NA,NA,-0.5,-1.5702829360961914
IsPETaseWT_rand_P4K,-1.0315341,NA,NA,-0.5,-1.5315340757369995
IsPETaseWT_rand_E231L,-1.1058857,NA,NA,-0.5,-1.6058857440948486
IsPETaseWT_rand_A170M,-1.0831327,NA,NA,-0.5,-1.5831327438354492
IsPETaseWT_rand_A6L,-1.0315341,NA,NA,-0.5,-1.5315340757369995
IsPETaseWT_rand_D186K,-1.0702829,NA,NA,-0.5,-1.5702829360961914
IsPETaseWT_rand_Y32E,-1.0999886,NA,NA,-0.5,-1.599988579750061
IsPETaseWT_rand_S242L,-1.1897842,NA,NA,-0.5,-1.6897841691970825
IsPETaseWT_rand_A82Q,-1.8084354,NA,NA,-0.5,-2.3084354400634766
IsPETaseWT_rand_F261M,-1.0702829,NA,NA,-0.5,-1.5702829360961914
IsPETaseWT_rand_S61L,-1.1138914,NA,NA,-0.5,-1.613891363143921
IsPETaseWT_rand_N190I,-1.0831327,NA,NA,-0.5,-1.5831327438354492
IsPETaseWT_rand_A248G,-1.0793564,NA,NA,-0.5,-1.5793564319610596
IsPETaseWT_rand_A215W,-1.0702829,NA,NA,-0.5,-1.5702829360961914
IsPETaseWT_rand_S245W,-1.1494942,NA,NA,-0.5,-1.6494941711425781
IsPETaseWT_rand_S42V,-1.0625899,NA,NA,-0.5,-1.5625898838043213
IsPETaseWT_rand_E231V,-1.1583977,NA,NA,-0.5,-1.6583976745605469
IsPETaseWT_rand_S187D,-1.1154796,NA,NA,-0.5,-1.615479588508606
IsPETaseWT_rand_S58C,-2.2455685,NA,NA,-0.5,-2.7455685138702393
IsPETaseWT_rand_F284V,-1.0702829,NA,NA,-0.5,-1.5702829360961914
IsPETaseWT_rand_H104Y,-1.1344342,NA,NA,-0.5,-1.6344342231750488
IsPETaseWT_rand_S278F,-1.0702829,NA,NA,-0.5,-1.5702829360961914
IsPETaseWT_rand_P85M,-0.8008541,NA,NA,-0.5,-1.3008540868759155
IsPETaseWT_rand_T270R,-1.1474195,NA,NA,-0.5,-1.6474194526672363
IsPETaseWT_rand_P60H,-1.1575987,NA,NA,-0.5,-1.6575987339019775
IsPETaseWT_rand_G254D,-1.7673886,NA,NA,-0.5,-2.2673885822296143
IsPETaseWT_rand_D265S,-1.0831327,NA,NA,-0.5,-1.5831327438354492
IsPETaseWT_rand_T29R,-1.2039256,NA,NA,-0.5,-1.703925609588623
IsPETaseWT_rand_V68T,-1.088116,NA,NA,-0.5,-1.5881160497665405
IsPETaseWT_rand_A215S,-1.0702829,NA,NA,-0.5,-1.5702829360961914
IsPETaseWT_rand_N30W,-1.1621912,NA,NA,-0.5,-1.6621911525726318
IsPETaseWT_rand_A240M,-1.0831327,NA,NA,-0.5,-1.5831327438354492
IsPETaseWT_rand_L131A,-1.0793564,NA,NA,-0.5,-1.5793564319610596
IsPETaseWT_rand_D112Y,-1.1681151,NA,NA,-0.5,-1.6681151390075684
IsPETaseWT_rand_P38C,-2.7174494,NA,NA,-0.5,-3.217449426651001
IsPETaseWT_rand_Y219N,-0.9901877,NA,NA,-0.5,-1.4901877045631409
IsPETaseWT_rand_A33W,-1.1447489,NA,NA,-0.5,-1.6447489261627197
IsPETaseWT_rand_P31D,-1.6483302,NA,NA,-0.5,-2.1483302116394043
IsPETaseWT_rand_S245C,-1.1344342,NA,NA,-0.5,-1.6344342231750488
IsPETaseWT_rand_G147R,-1.0702829,NA,NA,-0.5,-1.5702829360961914
IsPETaseWT_rand_I218P,-1.2089002,NA,NA,-0.5,-1.7089002132415771
IsPETaseWT_rand_T195P,-1.2696651,NA,NA,-0.5,-1.7696651220321655
IsPETaseWT_rand_S42W,-1.1476295,NA,NA,-0.5,-1.6476294994354248
IsPETaseWT_rand_Y69N,-0.9484613,NA,NA,-0.5,-1.4484612941741943
IsPETaseWT_rand_S61G,-1.0702829,NA,NA,-0.5,-1.5702829360961914
IsPETaseWT_rand_T279P,-1.0702829,NA,NA,-0.5,-1.5702829360961914
IsPETaseWT_rand_E274G,-0.93223464,NA,NA,-0.5,-1.4322346448898315
IsPETaseWT_rand_A12M,-1.0443839,NA,NA,-0.5,-1.5443838834762573
IsPETaseWT_rand_N241W,-1.1247168,NA,NA,-0.5,-1.6247167587280273
IsPETaseWT_rand_D220W,-1.1712475,NA,NA,-0.5,-1.6712474822998047
IsPETaseWT_rand_V196I,-1.0702829,NA,NA,-0.5,-1.5702829360961914
IsPETaseWT_rand_Q127S,-1.0702829,NA,NA,-0.5,-1.5702829360961914
IsPETaseWT_rand_A179G,-1.0702829,NA,NA,-0.5,-1.5702829360961914
IsPETaseWT_rand_S142H,-1.2331778,NA,NA,-0.5,-1.7331777811050415
IsPETaseWT_rand_P217A,-1.0702829,NA,NA,-0.5,-1.5702829360961914
IsPETaseWT_rand_G35E,-1.1330363,NA,NA,-0.5,-1.6330362558364868
IsPETaseWT_rand_L18S,-0.8755506,NA,NA,-0.5,-1.375550627708435
IsPETaseWT_rand_A25K,-1.0115936,NA,NA,-0.5,-1.5115935802459717
IsPETaseWT_rand_K227I,-1.3083669,NA,NA,-0.5,-1.8083668947219849
IsPETaseWT_rand_T29F,-1.0443839,NA,NA,-0.5,-1.5443838834762573
IsPETaseWT_rand_P120Y,-1.1154796,NA,NA,-0.5,-1.615479588508606
IsPETaseWT_rand_G165Y,-1.1006881,NA,NA,-0.5,-1.600688099861145
IsPETaseWT_rand_S166I,-1.7198832,NA,NA,-0.5,-2.2198832035064697
IsPETaseWT_rand_G155F,-1.283762,NA,NA,-0.5,-1.783761978149414
IsPETaseWT_rand_T270I,-1.0443839,NA,NA,-0.5,-1.5443838834762573
IsPETaseWT_rand_S214L,-1.1344342,NA,NA,-0.5,-1.6344342231750488
IsPETaseWT_rand_C289Y,-1.2435745,NA,NA,-0.5,-1.7435745000839233
IsPETaseWT_rand_R90Q,-1.1796309,NA,NA,-0.5,-1.6796308755874634
IsPETaseWT_rand_N288T,-1.0702829,NA,NA,-0.5,-1.5702829360961914
IsPETaseWT_rand_A25P,-1.6010412,NA,NA,-0.5,-2.1010411977767944
IsPETaseWT_rand_G165R,-1.0900301,NA,NA,-0.5,-1.5900300741195679
IsPETaseWT_rand_M154Q,-1.1859483,NA,NA,-0.5,-1.6859482526779175
IsPETaseWT_rand_K95W,-1.4484005,NA,NA,-0.5,-1.9484004974365234
IsPETaseWT_rand_S214Q,-1.1541814,NA,NA,-0.5,-1.6541813611984253
IsPETaseWT_rand_C289V,-1.1670312,NA,NA,-0.5,-1.667031168937683
IsPETaseWT_rand_Y69P,-0.92808414,NA,NA,-0.5,-1.428084135055542
IsPETaseWT_rand_S125K,-1.117153,NA,NA,-0.5,-1.6171530485153198
IsPETaseWT_rand_A41S,-1.0702829,NA,NA,-0.5,-1.5702829360961914
IsPETaseWT_rand_S278H,-1.1681724,NA,NA,-0.5,-1.6681723594665527
IsPETaseWT_rand_T195C,-1.8331203,NA,NA,-0.5,-2.333120346069336
IsPETaseWT_rand_P38H,-1.1921297,NA,NA,-0.5,-1.6921297311782837
IsPETaseWT_rand_S290H,-1.0264872,NA,NA,-0.5,-1.5264872312545776
IsPETaseWT_rand_N172L,-1.1712414,NA,NA,-0.5,-1.6712414026260376
IsPETaseWT_rand_R8H,-1.1137385,NA,NA,-0.5,-1.6137385368347168
IsPETaseWT_rand_L249I,-1.0702829,NA,NA,-0.5,-1.5702829360961914
IsPETaseWT_rand_G105Q,-0.8587839,NA,NA,-0.5,-1.3587839007377625
IsPETaseWT_rand_R123W,-1.1893412,NA,NA,-0.5,-1.6893411874771118
IsPETaseWT_rand_S166L,-1.1640466,NA,NA,-0.5,-1.6640466451644897
IsPETaseWT_rand_N277P,-1.0831327,NA,NA,-0.5,-1.5831327438354492
IsPETaseWT_rand_G158L,-2.1534364,NA,NA,-0.5,-2.6534364223480225
IsPETaseWT_rand_D186V,-1.1039639,NA,NA,-0.5,-1.603963851928711
IsPETaseWT_rand_M258S,-1.4849609,NA,NA,-0.5,-1.984960913658142
IsPETaseWT_rand_G165I,-1.0340022,NA,NA,-0.5,-1.5340021848678589
IsPETaseWT_rand_F191N,-1.088116,NA,NA,-0.5,-1.5881160497665405
IsPETaseWT_rand_N114F,-1.1283294,NA,NA,-0.5,-1.6283293962478638
IsPETaseWT_rand_L9K,-0.86647713,NA,NA,-0.5,-1.366477131843567
IsPETaseWT_rand_L216M,-1.1137385,NA,NA,-0.5,-1.6137385368347168
IsPETaseWT_rand_G79I,-1.1712475,NA,NA,-0.5,-1.6712474822998047
IsPETaseWT_rand_A170K,-1.0702829,NA,NA,-0.5,-1.5702829360961914
IsPETaseWT_rand_V196Y,-1.088116,NA,NA,-0.5,-1.5881160497665405
IsPETaseWT_rand_R132T,-1.1344342,NA,NA,-0.5,-1.6344342231750488
IsPETaseWT_rand_Y87N,-1.0900301,NA,NA,-0.5,-1.5900300741195679
IsPETaseWT_rand_Y87F,-1.0831327,NA,NA,-0.5,-1.5831327438354492
IsPETaseWT_rand_D283T,-1.0702829,NA,NA,-0.5,-1.5702829360961914
IsPETaseWT_rand_P31V,-1.6483302,NA,NA,-0.5,-2.1483302116394043
IsPETaseWT_rand_L18D,-1.4573753,NA,NA,-0.5,-1.9573752880096436
IsPETaseWT_rand_A25C,-2.1456244,NA,NA,-0.5,-2.6456243991851807
IsPETaseWT_rand_S214F,-1.1344342,NA,NA,-0.5,-1.6344342231750488
IsPETaseWT_rand_Q119D,-1.6680773,NA,NA,-0.5,-2.1680773496627808
IsPETaseWT_rand_V78A,-1.1154796,NA,NA,-0.5,-1.615479588508606
IsPETaseWT_rand_D112V,-1.1130373,NA,NA,-0.5,-1.613037347793579
IsPETaseWT_rand_S236N,-1.0702829,NA,NA,-0.5,-1.5702829360961914
IsPETaseWT_rand_P31T,-1.0702829,NA,NA,-0.5,-1.5702829360961914
IsPETaseWT_rand_K253A,-1.1344342,NA,NA,-0.5,-1.6344342231750488
IsPETaseWT_rand_P4W,-1.66118,NA,NA,-0.5,-2.161180019378662
IsPETaseWT_rand_S7A,-1.1344342,NA,NA,-0.5,-1.6344342231750488
IsPETaseWT_rand_N275K,-1.2144436,NA,NA,-0.5,-1.714443564414978
IsPETaseWT_rand_S278L,-1.1344342,NA,NA,-0.5,-1.6344342231750488
IsPETaseWT_rand_L9V,-1.0702829,NA,NA,-0.5,-1.5702829360961914
IsPETaseWT_rand_F55E,-1.1589352,NA,NA,-0.5,-1.6589351892471313
IsPETaseWT_rand_A272G,-1.0702829,NA,NA,-0.5,-1.5702829360961914
IsPETaseWT_rand_C273L,-1.2142568,NA,NA,-0.5,-1.714256763458252
IsPETaseWT_rand_S193P,-1.1778898,NA,NA,-0.5,-1.6778898239135742
IsPETaseWT_rand_C239Y,-1.1796309,NA,NA,-0.5,-1.6796308755874634
IsPETaseWT_rand_S125I,-1.0497401,NA,NA,-0.5,-1.5497400760650635
IsPETaseWT_rand_M154D,-2.6186426,NA,NA,-0.5,-3.118642568588257
IsPETaseWT_rand_G17D,-1.8459702,NA,NA,-0.5,-2.3459701538085938
IsPETaseWT_rand_P210Q,-1.0702829,NA,NA,-0.5,-1.5702829360961914
IsPETaseWT_rand_T195W,-1.722795,NA,NA,-0.5,-2.222795009613037
IsPETaseWT_rand_Q247C,-1.0702829,NA,NA,-0.5,-1.5702829360961914
IsPETaseWT_rand_R5G,-1.6031626,NA,NA,-0.5,-2.10316264629364
IsPETaseWT_rand_L43T,-1.1245531,NA,NA,-0.5,-1.6245530843734741
IsPETaseWT_rand_N225M,-0.84593415,NA,NA,-0.5,-1.3459341526031494
IsPETaseWT_rand_P49V,-1.0831327,NA,NA,-0.5,-1.5831327438354492
IsPETaseWT_rand_S22I,-1.9317117,NA,NA,-0.5,-2.4317116737365723
IsPETaseWT_rand_I109Y,-1.0991036,NA,NA,-0.5,-1.599103569984436
IsPETaseWT_rand_Q247K,-1.0702829,NA,NA,-0.5,-1.5702829360961914
IsPETaseWT_rand_A24E,-1.7498324,NA,NA,-0.5,-2.2498323917388916
IsPETaseWT_rand_P144W,-1.1058857,NA,NA,-0.5,-1.6058857440948486
IsPETaseWT_rand_G17H,-1.2679241,NA,NA,-0.5,-1.7679240703582764
IsPETaseWT_rand_G163A,-1.0831327,NA,NA,-0.5,-1.5831327438354492
IsPETaseWT_rand_V107Y,-1.1342634,NA,NA,-0.5,-1.6342633962631226
IsPETaseWT_rand_A74Q,-1.0900301,NA,NA,-0.5,-1.5900300741195679
IsPETaseWT_rand_A40M,-1.0831327,NA,NA,-0.5,-1.5831327438354492
IsPETaseWT_rand_V84Y,-1.1589352,NA,NA,-0.5,-1.6589351892471313
IsPETaseWT_rand_F201W,-1.1315717,NA,NA,-0.5,-1.631571650505066
IsPETaseWT_rand_A171Q,-1.0702829,NA,NA,-0.5,-1.5702829360961914
IsPETaseWT_rand_T72D,-1.1812493,NA,NA,-0.5,-1.6812492609024048
IsPETaseWT_rand_R260N,-1.1154796,NA,NA,-0.5,-1.615479588508606
IsPETaseWT_rand_A226K,-1.1268373,NA,NA,-0.5,-1.6268372535705566
IsPETaseWT_rand_T39M,-1.0878396,NA,NA,-0.5,-1.5878396034240723
IsPETaseWT_rand_N205M,-1.1137385,NA,NA,-0.5,-1.6137385368347168
IsPETaseWT_rand_G16L,-1.7542232,NA,NA,-0.5,-2.2542232275009155
IsPETaseWT_rand_L117P,-1.0702829,NA,NA,-0.5,-1.5702829360961914
IsPETaseWT_rand_A287Q,-1.0702829,NA,NA,-0.5,-1.5702829360961914
IsPETaseWT_rand_R224G,-1.1338042,NA,NA,-0.5,-1.633804202079773
IsPETaseWT_rand_V196D,-1.166238,NA,NA,-0.5,-1.6662379503250122
IsPETaseWT_rand_N138F,-1.1924807,NA,NA,-0.5,-1.6924806833267212
IsPETaseWT_rand_V196F,-1.0702829,NA,NA,-0.5,-1.5702829360961914
IsPETaseWT_rand_D186F,-1.0702829,NA,NA,-0.5,-1.5702829360961914
IsPETaseWT_rand_A47C,-2.8093164,NA,NA,-0.5,-3.309316396713257
IsPETaseWT_rand_G158S,-2.0037892,NA,NA,-0.5,-2.503789186477661
IsPETaseWT_rand_D186L,-1.0702829,NA,NA,-0.5,-1.5702829360961914
IsPETaseWT_rand_R53F,-1.6941489,NA,NA,-0.5,-2.194148898124695
IsPETaseWT_rand_A45H,-1.1298431,NA,NA,-0.5,-1.6298431158065796
IsPETaseWT_rand_C289W,-1.0900301,NA,NA,-0.5,-1.5900300741195679
IsPETaseWT_rand_T266Q,-1.1137385,NA,NA,-0.5,-1.6137385368347168
IsPETaseWT_rand_R53A,-1.6558626,NA,NA,-0.5,-2.15586256980896
IsPETaseWT_rand_S46N,-1.0793564,NA,NA,-0.5,-1.5793564319610596
IsPETaseWT_rand_A287E,-1.0702829,NA,NA,-0.5,-1.5702829360961914
IsPETaseWT_rand_I168Q,-1.0702829,NA,NA,-0.5,-1.5702829360961914
IsPETaseWT_rand_S7L,-1.147284,NA,NA,-0.5,-1.6472840309143066
IsPETaseWT_rand_S214P,-1.1344342,NA,NA,-0.5,-1.6344342231750488
IsPETaseWT_rand_E44W,-0.96013904,NA,NA,-0.5,-1.4601390361785889
IsPETaseWT_rand_S125Y,-1.1541814,NA,NA,-0.5,-1.6541813611984253
IsPETaseWT_rand_T270G,-1.0702829,NA,NA,-0.5,-1.5702829360961914
IsPETaseWT_rand_V196G,-1.1644961,NA,NA,-0.5,-1.6644960641860962
IsPETaseWT_rand_T72K,-0.8736611,NA,NA,-0.5,-1.3736611008644104
IsPETaseWT_rand_G155L,-1.181175,NA,NA,-0.5,-1.6811749935150146
IsPETaseWT_rand_A33H,-1.178744,NA,NA,-0.5,-1.6787439584732056
IsPETaseWT_rand_N225K,-0.86989164,NA,NA,-0.5,-1.36989164352417
IsPETaseWT_rand_I218M,-1.1137385,NA,NA,-0.5,-1.6137385368347168
IsPETaseWT_rand_G251D,-1.1154796,NA,NA,-0.5,-1.615479588508606
IsPETaseWT_rand_Q127T,-1.0702829,NA,NA,-0.5,-1.5702829360961914
IsPETaseWT_rand_L101S,-2.2171466,NA,NA,-0.5,-2.717146635055542
IsPETaseWT_rand_F55G,-1.1522673,NA,NA,-0.5,-1.652267336845398
IsPETaseWT_rand_V156A,-1.1522673,NA,NA,-0.5,-1.652267336845398
IsPETaseWT_rand_E204N,-1.1522673,NA,NA,-0.5,-1.652267336845398
IsPETaseWT_rand_Q228M,-1.0627556,NA,NA,-0.5,-1.5627555847167969
IsPETaseWT_rand_M154N,-2.0311306,NA,NA,-0.5,-2.53113055229187
IsPETaseWT_rand_S103T,-1.1344342,NA,NA,-0.5,-1.6344342231750488
IsPETaseWT_rand_D150T,-1.0942403,NA,NA,-0.5,-1.5942403078079224
IsPETaseWT_rand_S125M,-1.0702829,NA,NA,-0.5,-1.5702829360961914
IsPETaseWT_rand_V194K,-1.1899456,NA,NA,-0.5,-1.6899455785751343
IsPETaseWT_rand_C203P,-0.9643092,NA,NA,-0.5,-1.4643092155456543
IsPETaseWT_rand_R59Y,-1.7322286,NA,NA,-0.5,-2.232228636741638
IsPETaseWT_rand_S103Y,-1.1137385,NA,NA,-0.5,-1.6137385368347168
IsPETaseWT_rand_D283H,-1.2220702,NA,NA,-0.5,-1.7220702171325684
IsPETaseWT_rand_R285A,-1.1435077,NA,NA,-0.5,-1.643507719039917
IsPETaseWT_rand_A240I,-1.0702829,NA,NA,-0.5,-1.5702829360961914
IsPETaseWT_rand_K227M,-0.8975881,NA,NA,-0.5,-1.397588074207306
IsPETaseWT_rand_P36R,-1.1039639,NA,NA,-0.5,-1.603963851928711
IsPETaseWT_rand_K259F,-0.92819357,NA,NA,-0.5,-1.4281935691833496
IsPETaseWT_rand_V156I,-1.0900301,NA,NA,-0.5,-1.5900300741195679
IsPETaseWT_rand_A130G,-1.0793564,NA,NA,-0.5,-1.5793564319610596
IsPETaseWT_rand_Y219P,-0.96964526,NA,NA,-0.5,-1.4696452617645264
IsPETaseWT_rand_L249Y,-1.0702829,NA,NA,-0.5,-1.5702829360961914
IsPETaseWT_rand_D263R,-1.1583977,NA,NA,-0.5,-1.6583976745605469
IsPETaseWT_rand_S282C,-1.0702829,NA,NA,-0.5,-1.5702829360961914
IsPETaseWT_rand_D186W,-1.088116,NA,NA,-0.5,-1.5881160497665405
IsPETaseWT_rand_E44F,-0.9488894,NA,NA,-0.5,-1.4488893747329712
IsPETaseWT_rand_M128P,-1.0342786,NA,NA,-0.5,-1.5342786312103271
IsPETaseWT_rand_G86C,-1.563656,NA,NA,-0.5,-2.063655972480774
IsPETaseWT_rand_S223E,-1.1334857,NA,NA,-0.5,-1.6334856748580933
IsPETaseWT_rand_A6F,-1.0443839,NA,NA,-0.5,-1.5443838834762573
IsPETaseWT_rand_Q133I,-1.1168137,NA,NA,-0.5,-1.6168136596679688
IsPETaseWT_rand_D265V,-1.162344,NA,NA,-0.5,-1.662343978881836
IsPETaseWT_rand_N114S,-1.0702829,NA,NA,-0.5,-1.5702829360961914
IsPETaseWT_rand_R260F,-1.3750565,NA,NA,-0.5,-1.875056505203247
IsPETaseWT_rand_A178C,-1.0702829,NA,NA,-0.5,-1.5702829360961914
IsPETaseWT_rand_G251E,-1.1283294,NA,NA,-0.5,-1.6283293962478638
IsPETaseWT_rand_A152R,-1.1168137,NA,NA,-0.5,-1.6168136596679688
IsPETaseWT_rand_M161N,-1.4630575,NA,NA,-0.5,-1.963057518005371
IsPETaseWT_rand_S236H,-1.1298431,NA,NA,-0.5,-1.6298431158065796
IsPETaseWT_rand_A180T,-1.0702829,NA,NA,-0.5,-1.5702829360961914
IsPETaseWT_rand_F50S,-1.0702829,NA,NA,-0.5,-1.5702829360961914
IsPETaseWT_rand_G234N,-1.0702829,NA,NA,-0.5,-1.5702829360961914
IsPETaseWT_rand_G35M,-1.0831327,NA,NA,-0.5,-1.5831327438354492
IsPETaseWT_rand_A23F,-1.0443839,NA,NA,-0.5,-1.5443838834762573
IsPETaseWT_rand_A12N,-1.398978,NA,NA,-0.5,-1.8989779949188232
IsPETaseWT_rand_T56G,-1.609582,NA,NA,-0.5,-2.10958194732666
IsPETaseWT_rand_S125V,-1.1138914,NA,NA,-0.5,-1.613891363143921
IsPETaseWT_rand_R90W,-1.6462383,NA,NA,-0.5,-2.146238327026367
IsPETaseWT_rand_A82N,-1.8167312,NA,NA,-0.5,-2.3167312145233154
IsPETaseWT_rand_S290Q,-1.1344342,NA,NA,-0.5,-1.6344342231750488
IsPETaseWT_rand_A240K,-0.90993273,NA,NA,-0.5,-1.4099327325820923
IsPETaseWT_rand_W96Q,-0.9116737,NA,NA,-0.5,-1.4116737246513367
IsPETaseWT_rand_A102S,-1.0702829,NA,NA,-0.5,-1.5702829360961914
IsPETaseWT_rand_M222Q,-1.0702829,NA,NA,-0.5,-1.5702829360961914
IsPETaseWT_rand_F3I,-1.0702829,NA,NA,-0.5,-1.5702829360961914
IsPETaseWT_rand_F106L,-1.0702829,NA,NA,-0.5,-1.5702829360961914
IsPETaseWT_rand_A33Y,-1.0702829,NA,NA,-0.5,-1.5702829360961914
IsPETaseWT_rand_W96N,-0.8862242,NA,NA,-0.5,-1.3862242102622986
IsPETaseWT_rand_I168H,-1.0702829,NA,NA,-0.5,-1.5702829360961914
IsPETaseWT_rand_S238E,-1.0831327,NA,NA,-0.5,-1.5831327438354492
IsPETaseWT_rand_A135T,-1.0702829,NA,NA,-0.5,-1.5702829360961914
IsPETaseWT_rand_E274N,-0.957963,NA,NA,-0.5,-1.457962989807129
IsPETaseWT_rand_I200Q,-1.0702829,NA,NA,-0.5,-1.5702829360961914
IsPETaseWT_rand_R59N,-1.1344342,NA,NA,-0.5,-1.6344342231750488
IsPETaseWT_rand_A89M,-1.0702829,NA,NA,-0.5,-1.5702829360961914
IsPETaseWT_rand_E44G,-0.9708427,NA,NA,-0.5,-1.470842719078064
IsPETaseWT_rand_R123L,-1.1541814,NA,NA,-0.5,-1.6541813611984253
IsPETaseWT_rand_P60G,-1.0702829,NA,NA,-0.5,-1.5702829360961914
IsPETaseWT_rand_S193F,-1.0931957,NA,NA,-0.5,-1.5931956768035889
IsPETaseWT_rand_D265Q,-1.0831327,NA,NA,-0.5,-1.5831327438354492
IsPETaseWT_rand_P217F,-1.0831327,NA,NA,-0.5,-1.5831327438354492
IsPETaseWT_rand_T279G,-1.0702829,NA,NA,-0.5,-1.5702829360961914
IsPETaseWT_rand_N288G,-1.0980103,NA,NA,-0.5,-1.5980103015899658
IsPETaseWT_rand_G254M,-1.1384827,NA,NA,-0.5,-1.638482689857483
IsPETaseWT_rand_T72G,-1.1154796,NA,NA,-0.5,-1.615479588508606
IsPETaseWT_rand_G163S,-1.0702829,NA,NA,-0.5,-1.5702829360961914
IsPETaseWT_rand_Q28N,-1.0958652,NA,NA,-0.5,-1.595865249633789
IsPETaseWT_rand_R5T,-1.1154796,NA,NA,-0.5,-1.615479588508606
IsPETaseWT_rand_Y70H,-1.1137385,NA,NA,-0.5,-1.6137385368347168
IsPETaseWT_rand_T198W,-1.1137385,NA,NA,-0.5,-1.6137385368347168
IsPETaseWT_rand_M262T,-1.088116,NA,NA,-0.5,-1.5881160497665405
IsPETaseWT_rand_N212T,-1.0702829,NA,NA,-0.5,-1.5702829360961914
IsPETaseWT_rand_G254H,-1.0831327,NA,NA,-0.5,-1.5831327438354492
IsPETaseWT_rand_L43Y,-1.0702829,NA,NA,-0.5,-1.5702829360961914
IsPETaseWT_rand_G16K,-0.904802,NA,NA,-0.5,-1.4048020243644714
IsPETaseWT_rand_T279L,-1.0831327,NA,NA,-0.5,-1.5831327438354492
IsPETaseWT_rand_Y87R,-1.0702829,NA,NA,-0.5,-1.5702829360961914
IsPETaseWT_rand_W257V,-0.9283463,NA,NA,-0.5,-1.4283462762832642
IsPETaseWT_rand_R59K,-0.8904346,NA,NA,-0.5,-1.3904346227645874
IsPETaseWT_rand_S282N,-1.0793564,NA,NA,-0.5,-1.5793564319610596
IsPETaseWT_rand_Q228W,-1.0702829,NA,NA,-0.5,-1.5702829360961914
IsPETaseWT_rand_D112R,-1.1130373,NA,NA,-0.5,-1.613037347793579
IsPETaseWT_rand_R53I,-1.8279175,NA,NA,-0.5,-2.327917456626892
IsPETaseWT_rand_R153C,-1.3163255,NA,NA,-0.5,-1.8163255453109741
IsPETaseWT_rand_A180E,-1.1323779,NA,NA,-0.5,-1.6323778629302979
IsPETaseWT_rand_K227E,-1.1463355,NA,NA,-0.5,-1.646335482597351
IsPETaseWT_rand_S122H,-1.1137385,NA,NA,-0.5,-1.6137385368347168
IsPETaseWT_rand_P181R,-1.0625899,NA,NA,-0.5,-1.5625898838043213
IsPETaseWT_rand_P85F,-0.8008541,NA,NA,-0.5,-1.3008540868759155
IsPETaseWT_rand_F106I,-1.0702829,NA,NA,-0.5,-1.5702829360961914
IsPETaseWT_rand_P31Y,-1.0702829,NA,NA,-0.5,-1.5702829360961914
IsPETaseWT_rand_Y87M,-1.0627556,NA,NA,-0.5,-1.5627555847167969
IsPETaseWT_rand_D150M,-1.4718803,NA,NA,-0.5,-1.971880316734314
IsPETaseWT_rand_L137V,-1.0702829,NA,NA,-0.5,-1.5702829360961914
IsPETaseWT_rand_P49F,-1.0702829,NA,NA,-0.5,-1.5702829360961914
IsPETaseWT_rand_S142F,-1.1077394,NA,NA,-0.5,-1.6077394485473633
IsPETaseWT_rand_V68I,-1.0702829,NA,NA,-0.5,-1.5702829360961914
IsPETaseWT_rand_G75N,-1.0702829,NA,NA,-0.5,-1.5702829360961914
IsPETaseWT_rand_Q127P,-1.0702829,NA,NA,-0.5,-1.5702829360961914
IsPETaseWT_rand_N138R,-1.0831327,NA,NA,-0.5,-1.5831327438354492
IsPETaseWT_rand_V194R,-1.1137385,NA,NA,-0.5,-1.6137385368347168
IsPETaseWT_rand_T39D,-1.7264103,NA,NA,-0.5,-2.2264102697372437
IsPETaseWT_rand_A209V,-1.0702829,NA,NA,-0.5,-1.5702829360961914
IsPETaseWT_rand_G235T,-1.0702829,NA,NA,-0.5,-1.5702829360961914
IsPETaseWT_rand_N2D,-1.7212541,NA,NA,-0.5,-2.2212541103363037
IsPETaseWT_rand_S238N,-1.0702829,NA,NA,-0.5,-1.5702829360961914
IsPETaseWT_rand_N205H,-1.1447489,NA,NA,-0.5,-1.6447489261627197
IsPETaseWT_rand_M222H,-1.0702829,NA,NA,-0.5,-1.5702829360961914
IsPETaseWT_rand_W257K,-0.94812536,NA,NA,-0.5,-1.4481253623962402
IsPETaseWT_rand_L167M,-1.0702829,NA,NA,-0.5,-1.5702829360961914
IsPETaseWT_rand_P174W,-1.1247168,NA,NA,-0.5,-1.6247167587280273
IsPETaseWT_rand_T67Y,-1.0702829,NA,NA,-0.5,-1.5702829360961914
IsPETaseWT_rand_K252N,-1.3070648,NA,NA,-0.5,-1.8070647716522217
IsPETaseWT_rand_A25D,-1.7239217,NA,NA,-0.5,-2.2239216566085815
IsPETaseWT_rand_T51R,-1.1039639,NA,NA,-0.5,-1.603963851928711
IsPETaseWT_rand_L9E,-1.659407,NA,NA,-0.5,-2.1594070196151733
IsPETaseWT_rand_S236A,-1.0702829,NA,NA,-0.5,-1.5702829360961914
IsPETaseWT_rand_A82L,-1.2244685,NA,NA,-0.5,-1.724468469619751
IsPETaseWT_rand_G48P,-1.0702829,NA,NA,-0.5,-1.5702829360961914
IsPETaseWT_rand_A129E,-1.6608297,NA,NA,-0.5,-2.1608296632766724
IsPETaseWT_rand_S192G,-0.9374198,NA,NA,-0.5,-1.4374197721481323
IsPETaseWT_rand_A27Q,-1.0597417,NA,NA,-0.5,-1.559741735458374
IsPETaseWT_rand_M157I,-1.0702829,NA,NA,-0.5,-1.5702829360961914
IsPETaseWT_rand_M222D,-1.6680773,NA,NA,-0.5,-2.1680773496627808
IsPETaseWT_rand_P49A,-1.0702829,NA,NA,-0.5,-1.5702829360961914
IsPETaseWT_rand_T110S,-1.0702829,NA,NA,-0.5,-1.5702829360961914
IsPETaseWT_rand_A40G,-1.0702829,NA,NA,-0.5,-1.5702829360961914
IsPETaseWT_rand_L230A,-1.1315717,NA,NA,-0.5,-1.631571650505066
IsPETaseWT_rand_R5M,-1.0443839,NA,NA,-0.5,-1.5443838834762573
IsPETaseWT_rand_G62R,-1.0702829,NA,NA,-0.5,-1.5702829360961914
IsPETaseWT_rand_V68S,-1.088116,NA,NA,-0.5,-1.5881160497665405
IsPETaseWT_rand_T198D,-1.5290287,NA,NA,-0.5,-2.0290286540985107
IsPETaseWT_rand_R53E,-1.7110832,NA,NA,-0.5,-2.211083173751831
IsPETaseWT_rand_G162P,-1.6495128,NA,NA,-0.5,-2.149512767791748
IsPETaseWT_rand_M154F,-1.1796309,NA,NA,-0.5,-1.6796308755874634
IsPETaseWT_rand_P197F,-1.741906,NA,NA,-0.5,-2.2419060468673706
IsPETaseWT_rand_A74E,-1.0895805,NA,NA,-0.5,-1.5895805358886719
IsPETaseWT_rand_N275Y,-1.1058857,NA,NA,-0.5,-1.6058857440948486
IsPETaseWT_rand_Q228N,-1.0702829,NA,NA,-0.5,-1.5702829360961914
IsPETaseWT_rand_T110F,-1.1447489,NA,NA,-0.5,-1.6447489261627197
IsPETaseWT_rand_D112E,-1.1265883,NA,NA,-0.5,-1.6265883445739746
IsPETaseWT_rand_V52F,-1.0702829,NA,NA,-0.5,-1.5702829360961914
IsPETaseWT_rand_G64Y,-1.1058857,NA,NA,-0.5,-1.6058857440948486
IsPETaseWT_rand_T198N,-1.1137385,NA,NA,-0.5,-1.6137385368347168
IsPETaseWT_rand_M222N,-1.0702829,NA,NA,-0.5,-1.5702829360961914
IsPETaseWT_rand_T72I,-1.0900301,NA,NA,-0.5,-1.5900300741195679
IsPETaseWT_rand_S142D,-1.1334857,NA,NA,-0.5,-1.6334856748580933
IsPETaseWT_rand_M128W,-1.122812,NA,NA,-0.5,-1.622812032699585
IsPETaseWT_rand_Y146A,-1.0702829,NA,NA,-0.5,-1.5702829360961914
IsPETaseWT_rand_S269V,-1.1344342,NA,NA,-0.5,-1.6344342231750488
IsPETaseWT_rand_W97P,-0.933555,NA,NA,-0.5,-1.433555006980896
IsPETaseWT_rand_A152D,-1.722795,NA,NA,-0.5,-2.222795009613037
IsPETaseWT_rand_R123T,-1.1344342,NA,NA,-0.5,-1.6344342231750488
IsPETaseWT_rand_L199E,-0.72054815,NA,NA,-0.5,-1.220548152923584
IsPETaseWT_rand_S7N,-1.0702829,NA,NA,-0.5,-1.5702829360961914
IsPETaseWT_rand_G164F,-1.1907371,NA,NA,-0.5,-1.6907371282577515
IsPETaseWT_rand_I200Y,-1.0793564,NA,NA,-0.5,-1.5793564319610596
IsPETaseWT_rand_S245D,-1.0900301,NA,NA,-0.5,-1.5900300741195679
IsPETaseWT_rand_L9Y,-1.0900301,NA,NA,-0.5,-1.5900300741195679
IsPETaseWT_rand_G35A,-1.0702829,NA,NA,-0.5,-1.5702829360961914
IsPETaseWT_rand_A135I,-1.0831327,NA,NA,-0.5,-1.5831327438354492
IsPETaseWT_rand_V21C,-0.9692416,NA,NA,-0.5,-1.4692416191101074
IsPETaseWT_rand_N205V,-1.0702829,NA,NA,-0.5,-1.5702829360961914
IsPETaseWT_rand_G147V,-1.1187356,NA,NA,-0.5,-1.6187355518341064
IsPETaseWT_rand_S278W,-1.1041739,NA,NA,-0.5,-1.6041738986968994
IsPETaseWT_rand_G79L,-1.1375666,NA,NA,-0.5,-1.6375665664672852
IsPETaseWT_rand_L43M,-1.0831327,NA,NA,-0.5,-1.5831327438354492
IsPETaseWT_rand_A41V,-1.0831327,NA,NA,-0.5,-1.5831327438354492
IsPETaseWT_rand_G105F,-0.8587839,NA,NA,-0.5,-1.3587839007377625
IsPETaseWT_rand_A202Y,-1.0900301,NA,NA,-0.5,-1.5900300741195679
IsPETaseWT_rand_R34L,-1.6737332,NA,NA,-0.5,-2.1737332344055176
IsPETaseWT_rand_N30I,-1.0831327,NA,NA,-0.5,-1.5831327438354492
IsPETaseWT_rand_A45R,-1.1039639,NA,NA,-0.5,-1.603963851928711
IsPETaseWT_rand_P60S,-1.0702829,NA,NA,-0.5,-1.5702829360961914
IsPETaseWT_rand_T29L,-1.0443839,NA,NA,-0.5,-1.5443838834762573
IsPETaseWT_rand_S7F,-1.023841,NA,NA,-0.5,-1.5238410234451294
IsPETaseWT_rand_A6H,-1.0702829,NA,NA,-0.5,-1.5702829360961914
IsPETaseWT_rand_F271V,-1.0702829,NA,NA,-0.5,-1.5702829360961914
IsPETaseWT_rand_Q133G,-1.0793564,NA,NA,-0.5,-1.5793564319610596
IsPETaseWT_rand_N138E,-1.171785,NA,NA,-0.5,-1.6717849969863892
IsPETaseWT_rand_G16N,-0.8793269,NA,NA,-0.5,-1.37932687997818
IsPETaseWT_rand_M222K,-0.8904346,NA,NA,-0.5,-1.3904346227645874
IsPETaseWT_rand_A272E,-1.0900301,NA,NA,-0.5,-1.5900300741195679
IsPETaseWT_rand_A135Y,-1.1154796,NA,NA,-0.5,-1.615479588508606
IsPETaseWT_rand_A40T,-1.0702829,NA,NA,-0.5,-1.5702829360961914
IsPETaseWT_rand_S236V,-1.0702829,NA,NA,-0.5,-1.5702829360961914
IsPETaseWT_rand_D186C,-1.088116,NA,NA,-0.5,-1.5881160497665405
IsPETaseWT_rand_K259Y,-1.6661633,NA,NA,-0.5,-2.1661633253097534
IsPETaseWT_rand_G86P,-0.92034066,NA,NA,-0.5,-1.420340657234192
IsPETaseWT_rand_I81L,-1.1137385,NA,NA,-0.5,-1.6137385368347168
IsPETaseWT_rand_R53Y,-1.7264957,NA,NA,-0.5,-2.2264957427978516
IsPETaseWT_rand_P60I,-1.2682426,NA,NA,-0.5,-1.768242597579956
IsPETaseWT_rand_N264A,-1.1267412,NA,NA,-0.5,-1.6267411708831787
IsPETaseWT_rand_Q126C,-2.3195307,NA,NA,-0.5,-2.819530725479126
IsPETaseWT_rand_S245N,-1.0702829,NA,NA,-0.5,-1.5702829360961914
IsPETaseWT_rand_S92C,-0.89663184,NA,NA,-0.5,-1.3966318368911743
IsPETaseWT_rand_A287R,-1.0702829,NA,NA,-0.5,-1.5702829360961914
IsPETaseWT_rand_S115M,-1.0702829,NA,NA,-0.5,-1.5702829360961914
IsPETaseWT_rand_M128R,-1.121797,NA,NA,-0.5,-1.62179696559906
IsPETaseWT_rand_G165L,-1.0451097,NA,NA,-0.5,-1.545109748840332
IsPETaseWT_rand_S192E,-1.0870439,NA,NA,-0.5,-1.5870438814163208
IsPETaseWT_rand_F261C,-0.9667226,NA,NA,-0.5,-1.4667226076126099
IsPETaseWT_rand_S92I,-1.0497401,NA,NA,-0.5,-1.5497400760650635
IsPETaseWT_rand_Y268C,-1.3239644,NA,NA,-0.5,-1.8239643573760986
IsPETaseWT_rand_A45W,-1.0702829,NA,NA,-0.5,-1.5702829360961914
IsPETaseWT_rand_N190H,-1.2359899,NA,NA,-0.5,-1.7359899282455444
IsPETaseWT_rand_D150Y,-1.6411602,NA,NA,-0.5,-2.141160249710083
IsPETaseWT_rand_N241P,-1.0831327,NA,NA,-0.5,-1.5831327438354492
IsPETaseWT_rand_A256I,-0.86647713,NA,NA,-0.5,-1.366477131843567
IsPETaseWT_rand_N212A,-1.0702829,NA,NA,-0.5,-1.5702829360961914
IsPETaseWT_rand_P120W,-1.1154796,NA,NA,-0.5,-1.615479588508606
IsPETaseWT_rand_A179C,-0.8891044,NA,NA,-0.5,-1.389104425907135
IsPETaseWT_rand_N173A,-0.8891044,NA,NA,-0.5,-1.389104425907135
IsPETaseWT_rand_V194L,-1.0702829,NA,NA,-0.5,-1.5702829360961914
IsPETaseWT_rand_S54H,-1.1690885,NA,NA,-0.5,-1.6690884828567505
IsPETaseWT_rand_N275I,-1.1187356,NA,NA,-0.5,-1.6187355518341064
IsPETaseWT_rand_P217T,-1.0702829,NA,NA,-0.5,-1.5702829360961914
IsPETaseWT_rand_P31F,-1.0831327,NA,NA,-0.5,-1.5831327438354492
IsPETaseWT_rand_P144D,-1.6829548,NA,NA,-0.5,-2.182954788208008
IsPETaseWT_rand_A23K,-1.4050918,NA,NA,-0.5,-1.9050917625427246
IsPETaseWT_rand_T270Q,-1.1137385,NA,NA,-0.5,-1.6137385368347168
IsPETaseWT_rand_E44Y,-0.3728698,NA,NA,-0.5,-0.8728697896003723
IsPETaseWT_rand_T39Y,-1.0702829,NA,NA,-0.5,-1.5702829360961914
IsPETaseWT_rand_Y32Q,-1.1137385,NA,NA,-0.5,-1.6137385368347168
IsPETaseWT_rand_T67I,-1.0831327,NA,NA,-0.5,-1.5831327438354492
IsPETaseWT_rand_D150L,-1.8982539,NA,NA,-0.5,-2.398253917694092
IsPETaseWT_rand_G163Q,-1.1684909,NA,NA,-0.5,-1.6684908866882324
IsPETaseWT_rand_G234L,-1.0831327,NA,NA,-0.5,-1.5831327438354492
IsPETaseWT_rand_P120D,-1.6597816,NA,NA,-0.5,-2.159781575202942
IsPETaseWT_rand_H104F,-1.083421,NA,NA,-0.5,-1.583420991897583
IsPETaseWT_rand_T56F,-1.0780649,NA,NA,-0.5,-1.5780649185180664
IsPETaseWT_rand_F55H,-1.088116,NA,NA,-0.5,-1.5881160497665405
IsPETaseWT_rand_G62W,-1.1058857,NA,NA,-0.5,-1.6058857440948486
IsPETaseWT_rand_G234M,-1.0627556,NA,NA,-0.5,-1.5627555847167969
IsPETaseWT_rand_N241K,-1.0942403,NA,NA,-0.5,-1.5942403078079224
IsPETaseWT_rand_G62D,-1.66118,NA,NA,-0.5,-2.161180019378662
IsPETaseWT_rand_I81M,-0.95920396,NA,NA,-0.5,-1.4592039585113525
IsPETaseWT_rand_V21H,-1.1547866,NA,NA,-0.5,-1.6547865867614746
IsPETaseWT_rand_S169F,-1.1519909,NA,NA,-0.5,-1.6519908905029297
IsPETaseWT_rand_P184Q,-1.1138914,NA,NA,-0.5,-1.613891363143921
IsPETaseWT_rand_T266C,-1.0260738,NA,NA,-0.5,-1.5260738134384155
IsPETaseWT_rand_M154K,-1.3883574,NA,NA,-0.5,-1.888357400894165
IsPETaseWT_rand_R90A,-1.1924807,NA,NA,-0.5,-1.6924806833267212
IsPETaseWT_rand_P210S,-1.0702829,NA,NA,-0.5,-1.5702829360961914
IsPETaseWT_rand_N288W,-1.6967183,NA,NA,-0.5,-2.1967183351516724
IsPETaseWT_rand_A240F,-1.0702829,NA,NA,-0.5,-1.5702829360961914
IsPETaseWT_rand_T72E,-1.1451789,NA,NA,-0.5,-1.6451789140701294
IsPETaseWT_rand_S7C,-1.1670312,NA,NA,-0.5,-1.667031168937683
IsPETaseWT_rand_A102Q,-1.0900301,NA,NA,-0.5,-1.5900300741195679
IsPETaseWT_rand_S192D,-1.1589352,NA,NA,-0.5,-1.6589351892471313
IsPETaseWT_rand_Q133D,-1.6597816,NA,NA,-0.5,-2.159781575202942
IsPETaseWT_rand_A12E,-1.687363,NA,NA,-0.5,-2.187363028526306
IsPETaseWT_rand_G66D,-1.7470962,NA,NA,-0.5,-2.2470961809158325
IsPETaseWT_rand_S22R,-1.1172763,NA,NA,-0.5,-1.6172763109207153
IsPETaseWT_rand_T26G,-1.1094617,NA,NA,-0.5,-1.6094616651535034
IsPETaseWT_rand_R224P,-1.1140571,NA,NA,-0.5,-1.6140570640563965
IsPETaseWT_rand_P197R,-1.1447489,NA,NA,-0.5,-1.6447489261627197
IsPETaseWT_rand_A89P,-1.0702829,NA,NA,-0.5,-1.5702829360961914
IsPETaseWT_rand_T110G,-1.0900301,NA,NA,-0.5,-1.5900300741195679
IsPETaseWT_rand_S141K,-0.9133475,NA,NA,-0.5,-1.4133474826812744
IsPETaseWT_rand_E231G,-0.8889092,NA,NA,-0.5,-1.3889092206954956
IsPETaseWT_rand_L18I,-1.0702829,NA,NA,-0.5,-1.5702829360961914
IsPETaseWT_rand_A152T,-1.0702829,NA,NA,-0.5,-1.5702829360961914
IsPETaseWT_rand_S213W,-1.1493413,NA,NA,-0.5,-1.649341344833374
IsPETaseWT_rand_L249C,-1.0702829,NA,NA,-0.5,-1.5702829360961914
IsPETaseWT_rand_A45L,-1.0831327,NA,NA,-0.5,-1.5831327438354492
IsPETaseWT_rand_P217H,-1.1187356,NA,NA,-0.5,-1.6187355518341064
IsPETaseWT_rand_C273K,-1.4634587,NA,NA,-0.5,-1.9634586572647095
IsPETaseWT_rand_S282A,-1.1344342,NA,NA,-0.5,-1.6344342231750488
IsPETaseWT_rand_L249W,-1.1137385,NA,NA,-0.5,-1.6137385368347168
IsPETaseWT_rand_K252P,-0.89663184,NA,NA,-0.5,-1.3966318368911743
IsPETaseWT_rand_F261N,-1.0702829,NA,NA,-0.5,-1.5702829360961914
IsPETaseWT_rand_I200L,-1.0702829,NA,NA,-0.5,-1.5702829360961914
IsPETaseWT_rand_S93A,-1.0702829,NA,NA,-0.5,-1.5702829360961914
IsPETaseWT_rand_G165K,-1.1139874,NA,NA,-0.5,-1.6139874458312988
IsPETaseWT_rand_N30T,-1.1344342,NA,NA,-0.5,-1.6344342231750488
IsPETaseWT_rand_N275P,-1.1828868,NA,NA,-0.5,-1.6828868389129639
IsPETaseWT_rand_P120G,-1.1154796,NA,NA,-0.5,-1.615479588508606
IsPETaseWT_rand_V52I,-1.0702829,NA,NA,-0.5,-1.5702829360961914
IsPETaseWT_rand_S124K,-1.0702829,NA,NA,-0.5,-1.5702829360961914
IsPETaseWT_rand_N277C,-1.66118,NA,NA,-0.5,-2.161180019378662
IsPETaseWT_rand_T113Y,-1.147284,NA,NA,-0.5,-1.6472840309143066
IsPETaseWT_rand_I200P,-0.80229807,NA,NA,-0.5,-1.3022980690002441
IsPETaseWT_rand_A89H,-1.1447489,NA,NA,-0.5,-1.6447489261627197
IsPETaseWT_rand_G164P,-1.1344342,NA,NA,-0.5,-1.6344342231750488
IsPETaseWT_rand_L15P,-0.8643609,NA,NA,-0.5,-1.3643609285354614
IsPETaseWT_rand_N73Y,-1.0499058,NA,NA,-0.5,-1.549905776977539
IsPETaseWT_rand_W97S,-0.915722,NA,NA,-0.5,-1.4157220125198364
IsPETaseWT_rand_V281L,-1.0702829,NA,NA,-0.5,-1.5702829360961914
IsPETaseWT_rand_R90T,-1.1541814,NA,NA,-0.5,-1.6541813611984253
IsPETaseWT_rand_A20E,-1.8459702,NA,NA,-0.5,-2.3459701538085938
IsPETaseWT_rand_C273T,-1.5037487,NA,NA,-0.5,-2.003748655319214
IsPETaseWT_rand_M1N,-1.6051589,NA,NA,-0.5,-2.1051589250564575
IsPETaseWT_rand_L167C,-0.8324802,NA,NA,-0.5,-1.3324801921844482
IsPETaseWT_rand_A12G,-1.0702829,NA,NA,-0.5,-1.5702829360961914
IsPETaseWT_rand_C273P,-1.4661684,NA,NA,-0.5,-1.9661684036254883
IsPETaseWT_rand_P38N,-1.0702829,NA,NA,-0.5,-1.5702829360961914
IsPETaseWT_rand_E204Y,-1.1522673,NA,NA,-0.5,-1.652267336845398
IsPETaseWT_rand_V52M,-1.0702829,NA,NA,-0.5,-1.5702829360961914
IsPETaseWT_rand_G155N,-1.1501193,NA,NA,-0.5,-1.6501193046569824
IsPETaseWT_rand_Y70G,-0.92808414,NA,NA,-0.5,-1.428084135055542
IsPETaseWT_rand_G164H,-1.1829531,NA,NA,-0.5,-1.682953119277954
IsPETaseWT_rand_P184I,-1.0831327,NA,NA,-0.5,-1.5831327438354492
IsPETaseWT_rand_R90P,-1.2230865,NA,NA,-0.5,-1.7230864763259888
IsPETaseWT_rand_G158M,-2.231233,NA,NA,-0.5,-2.7312328815460205
IsPETaseWT_rand_G66H,-1.1773459,NA,NA,-0.5,-1.677345871925354
IsPETaseWT_rand_M1Y,-1.6051589,NA,NA,-0.5,-2.1051589250564575
IsPETaseWT_rand_G164K,-1.1232483,NA,NA,-0.5,-1.6232483386993408
IsPETaseWT_rand_S54T,-1.1344342,NA,NA,-0.5,-1.6344342231750488
IsPETaseWT_rand_N73M,-1.0627556,NA,NA,-0.5,-1.5627555847167969
IsPETaseWT_rand_A40K,-0.86989164,NA,NA,-0.5,-1.36989164352417
IsPETaseWT_rand_A179N,-0.990441,NA,NA,-0.5,-1.4904410243034363
IsPETaseWT_rand_G86D,-2.2440085,NA,NA,-0.5,-2.7440085411071777
IsPETaseWT_rand_N173S,-1.092597,NA,NA,-0.5,-1.5925970077514648
IsPETaseWT_rand_V108I,-1.0702829,NA,NA,-0.5,-1.5702829360961914
IsPETaseWT_rand_R132E,-1.6773379,NA,NA,-0.5,-2.177337884902954
IsPETaseWT_rand_M1C,-1.598711,NA,NA,-0.5,-2.0987110137939453
IsPETaseWT_rand_L199S,-0.79818153,NA,NA,-0.5,-1.2981815338134766
IsPETaseWT_rand_S214T,-1.1344342,NA,NA,-0.5,-1.6344342231750488
IsPETaseWT_rand_T195N,-1.0512812,NA,NA,-0.5,-1.551281213760376
IsPETaseWT_rand_D283Q,-1.0702829,NA,NA,-0.5,-1.5702829360961914
IsPETaseWT_rand_V52S,-1.1315717,NA,NA,-0.5,-1.631571650505066
IsPETaseWT_rand_T116G,-1.0831327,NA,NA,-0.5,-1.5831327438354492
IsPETaseWT_rand_G234D,-1.6027832,NA,NA,-0.5,-2.102783203125
IsPETaseWT_rand_L18M,-1.0702829,NA,NA,-0.5,-1.5702829360961914
IsPETaseWT_rand_Q11M,-2.0612073,NA,NA,-0.5,-2.5612072944641113
IsPETaseWT_rand_V134E,-1.1640466,NA,NA,-0.5,-1.6640466451644897
IsPETaseWT_rand_P38M,-1.0443839,NA,NA,-0.5,-1.5443838834762573
IsPETaseWT_rand_T88P,-1.0831327,NA,NA,-0.5,-1.5831327438354492
IsPETaseWT_rand_I83D,-2.04039,NA,NA,-0.5,-2.5403900146484375
IsPETaseWT_rand_F284D,-1.0702829,NA,NA,-0.5,-1.5702829360961914
IsPETaseWT_rand_S175T,-1.0702829,NA,NA,-0.5,-1.5702829360961914
IsPETaseWT_rand_G16R,-1.6677028,NA,NA,-0.5,-2.167702794075012
IsPETaseWT_rand_P85R,-1.3463966,NA,NA,-0.5,-1.846396565437317
IsPETaseWT_rand_I81C,-1.1529893,NA,NA,-0.5,-1.6529892683029175
IsPETaseWT_rand_N212W,-1.1058857,NA,NA,-0.5,-1.6058857440948486
IsPETaseWT_rand_S122E,-1.1077865,NA,NA,-0.5,-1.6077865362167358
IsPETaseWT_rand_T26P,-1.1329726,NA,NA,-0.5,-1.6329725980758667
IsPETaseWT_rand_R285T,-1.1344342,NA,NA,-0.5,-1.6344342231750488
IsPETaseWT_rand_G79C,-1.8857888,NA,NA,-0.5,-2.3857887983322144
IsPETaseWT_rand_D186A,-1.0702829,NA,NA,-0.5,-1.5702829360961914
IsPETaseWT_rand_S221D,-1.0900301,NA,NA,-0.5,-1.5900300741195679
IsPETaseWT_rand_T151S,-1.0980103,NA,NA,-0.5,-1.5980103015899658
IsPETaseWT_rand_S103E,-1.0690377,NA,NA,-0.5,-1.569037675857544
IsPETaseWT_rand_V14H,-1.009027,NA,NA,-0.5,-1.5090270042419434
IsPETaseWT_rand_T88L,-1.0831327,NA,NA,-0.5,-1.5831327438354492
IsPETaseWT_rand_P60L,-1.2682426,NA,NA,-0.5,-1.768242597579956
IsPETaseWT_rand_N205T,-1.0702829,NA,NA,-0.5,-1.5702829360961914
IsPETaseWT_rand_A47W,-1.0702829,NA,NA,-0.5,-1.5702829360961914
IsPETaseWT_rand_I200G,-0.98369735,NA,NA,-0.5,-1.4836973547935486
IsPETaseWT_rand_F191Q,-1.1344342,NA,NA,-0.5,-1.6344342231750488
IsPETaseWT_rand_F191H,-1.1447489,NA,NA,-0.5,-1.6447489261627197
IsPETaseWT_rand_A135S,-1.0702829,NA,NA,-0.5,-1.5702829360961914
IsPETaseWT_rand_S242K,-1.0702829,NA,NA,-0.5,-1.5702829360961914
IsPETaseWT_rand_T116K,-1.0702829,NA,NA,-0.5,-1.5702829360961914
IsPETaseWT_rand_F50D,-1.7555201,NA,NA,-0.5,-2.2555201053619385
IsPETaseWT_rand_A178W,-1.0831327,NA,NA,-0.5,-1.5831327438354492
IsPETaseWT_rand_S214Y,-1.1344342,NA,NA,-0.5,-1.6344342231750488
IsPETaseWT_rand_L117W,-1.1447489,NA,NA,-0.5,-1.6447489261627197
IsPETaseWT_rand_F271R,-1.1447489,NA,NA,-0.5,-1.6447489261627197
IsPETaseWT_rand_S278T,-1.1344342,NA,NA,-0.5,-1.6344342231750488
IsPETaseWT_rand_S121T,-1.0702829,NA,NA,-0.5,-1.5702829360961914
IsPETaseWT_rand_E204C,-0.9288806,NA,NA,-0.5,-1.4288805723190308
IsPETaseWT_rand_Y268W,-1.1265883,NA,NA,-0.5,-1.6265883445739746
IsPETaseWT_rand_G76E,-1.1330363,NA,NA,-0.5,-1.6330362558364868
IsPETaseWT_rand_I232G,-1.0180584,NA,NA,-0.5,-1.5180584192276
IsPETaseWT_rand_G86I,-1.6801517,NA,NA,-0.5,-2.1801517009735107
IsPETaseWT_rand_P99F,-1.0831327,NA,NA,-0.5,-1.5831327438354492
IsPETaseWT_rand_S22Q,-1.2104868,NA,NA,-0.5,-1.7104867696762085
IsPETaseWT_rand_Q133M,-1.0627556,NA,NA,-0.5,-1.5627555847167969
IsPETaseWT_rand_I168L,-1.0702829,NA,NA,-0.5,-1.5702829360961914
IsPETaseWT_rand_S58Q,-1.1344342,NA,NA,-0.5,-1.6344342231750488
IsPETaseWT_rand_T77F,-1.0652151,NA,NA,-0.5,-1.5652151107788086
IsPETaseWT_rand_V52E,-1.1174515,NA,NA,-0.5,-1.617451548576355
IsPETaseWT_rand_V52L,-1.0702829,NA,NA,-0.5,-1.5702829360961914
IsPETaseWT_rand_S278N,-1.0793564,NA,NA,-0.5,-1.5793564319610596
IsPETaseWT_rand_S213K,-1.1378487,NA,NA,-0.5,-1.6378487348556519
IsPETaseWT_rand_N246C,-1.0702829,NA,NA,-0.5,-1.5702829360961914
IsPETaseWT_rand_A89L,-1.0702829,NA,NA,-0.5,-1.5702829360961914
IsPETaseWT_rand_A209G,-1.0702829,NA,NA,-0.5,-1.5702829360961914
IsPETaseWT_rand_I208C,-1.1547866,NA,NA,-0.5,-1.6547865867614746
IsPETaseWT_rand_S122C,-2.2571495,NA,NA,-0.5,-2.7571494579315186
IsPETaseWT_rand_S192A,-1.1138914,NA,NA,-0.5,-1.613891363143921
IsPETaseWT_rand_P174L,-1.0831327,NA,NA,-0.5,-1.5831327438354492
IsPETaseWT_rand_M161K,-1.6475345,NA,NA,-0.5,-2.147534489631653
IsPETaseWT_rand_L117F,-1.0702829,NA,NA,-0.5,-1.5702829360961914
IsPETaseWT_rand_M154S,-1.6239246,NA,NA,-0.5,-2.1239246129989624
IsPETaseWT_rand_S166K,-0.84593415,NA,NA,-0.5,-1.3459341526031494
IsPETaseWT_rand_L216D,-1.1644961,NA,NA,-0.5,-1.6644960641860962
IsPETaseWT_rand_W97R,-1.6432683,NA,NA,-0.5,-2.143268346786499
IsPETaseWT_rand_I109R,-1.7010603,NA,NA,-0.5,-2.2010602951049805
IsPETaseWT_rand_K252V,-1.0702829,NA,NA,-0.5,-1.5702829360961914
IsPETaseWT_rand_S193C,-1.1137385,NA,NA,-0.5,-1.6137385368347168
IsPETaseWT_rand_R267G,-1.0900301,NA,NA,-0.5,-1.5900300741195679
IsPETaseWT_rand_D263Q,-1.0702829,NA,NA,-0.5,-1.5702829360961914
IsPETaseWT_rand_Y70T,-1.1435077,NA,NA,-0.5,-1.643507719039917
IsPETaseWT_rand_L15G,-0.9025715,NA,NA,-0.5,-1.4025714993476868
IsPETaseWT_rand_G17S,-1.0702829,NA,NA,-0.5,-1.5702829360961914
IsPETaseWT_rand_T26N,-1.0443839,NA,NA,-0.5,-1.5443838834762573
IsPETaseWT_rand_A102L,-1.0831327,NA,NA,-0.5,-1.5831327438354492
IsPETaseWT_rand_M262Q,-1.6196073,NA,NA,-0.5,-2.1196073293685913
IsPETaseWT_rand_G64A,-1.0702829,NA,NA,-0.5,-1.5702829360961914
IsPETaseWT_rand_S124N,-1.0702829,NA,NA,-0.5,-1.5702829360961914
IsPETaseWT_rand_G254S,-1.0831327,NA,NA,-0.5,-1.5831327438354492
IsPETaseWT_rand_T286N,-1.0702829,NA,NA,-0.5,-1.5702829360961914
IsPETaseWT_rand_A178H,-1.0831327,NA,NA,-0.5,-1.5831327438354492
IsPETaseWT_rand_L199C,-1.1354616,NA,NA,-0.5,-1.6354615688323975
IsPETaseWT_rand_T110I,-1.1575987,NA,NA,-0.5,-1.6575987339019775
IsPETaseWT_rand_T116H,-1.1463355,NA,NA,-0.5,-1.646335482597351
IsPETaseWT_rand_T266A,-1.0702829,NA,NA,-0.5,-1.5702829360961914
IsPETaseWT_rand_V68G,-1.0677389,NA,NA,-0.5,-1.5677388906478882
IsPETaseWT_rand_R5I,-1.0443839,NA,NA,-0.5,-1.5443838834762573
IsPETaseWT_rand_A130M,-1.0831327,NA,NA,-0.5,-1.5831327438354492
IsPETaseWT_rand_S141Q,-1.1541814,NA,NA,-0.5,-1.6541813611984253
IsPETaseWT_rand_V194N,-1.1735696,NA,NA,-0.5,-1.6735695600509644
IsPETaseWT_rand_G155V,-1.2148559,NA,NA,-0.5,-1.7148559093475342
IsPETaseWT_rand_N205Y,-1.0900301,NA,NA,-0.5,-1.5900300741195679
IsPETaseWT_rand_D265P,-1.0702829,NA,NA,-0.5,-1.5702829360961914
IsPETaseWT_rand_T56S,-1.0831327,NA,NA,-0.5,-1.5831327438354492
IsPETaseWT_rand_A33N,-1.0702829,NA,NA,-0.5,-1.5702829360961914
IsPETaseWT_rand_S142M,-1.1085352,NA,NA,-0.5,-1.6085351705551147
IsPETaseWT_rand_S142K,-0.9443573,NA,NA,-0.5,-1.4443572759628296
IsPETaseWT_rand_R153H,-1.170037,NA,NA,-0.5,-1.670037031173706
IsPETaseWT_rand_T77V,-1.0702829,NA,NA,-0.5,-1.5702829360961914
IsPETaseWT_rand_S124C,-2.1283329,NA,NA,-0.5,-2.6283328533172607
IsPETaseWT_rand_A209N,-1.0900301,NA,NA,-0.5,-1.5900300741195679
IsPETaseWT_rand_T72A,-1.1028799,NA,NA,-0.5,-1.6028798818588257
IsPETaseWT_rand_M258L,-1.0702829,NA,NA,-0.5,-1.5702829360961914
IsPETaseWT_rand_Q133R,-1.0702829,NA,NA,-0.5,-1.5702829360961914
IsPETaseWT_rand_M19Y,-1.6935269,NA,NA,-0.5,-2.193526864051819
IsPETaseWT_rand_G98N,-1.0702829,NA,NA,-0.5,-1.5702829360961914
IsPETaseWT_rand_N114W,-1.1334857,NA,NA,-0.5,-1.6334856748580933
IsPETaseWT_rand_Q247N,-1.0702829,NA,NA,-0.5,-1.5702829360961914
IsPETaseWT_rand_D263M,-0.8793269,NA,NA,-0.5,-1.37932687997818
IsPETaseWT_rand_S93L,-1.1028799,NA,NA,-0.5,-1.6028798818588257
IsPETaseWT_rand_F50T,-1.0793564,NA,NA,-0.5,-1.5793564319610596
IsPETaseWT_rand_G66L,-1.0878396,NA,NA,-0.5,-1.5878396034240723
IsPETaseWT_rand_S290G,-1.0702829,NA,NA,-0.5,-1.5702829360961914
IsPETaseWT_rand_N114P,-1.1522868,NA,NA,-0.5,-1.6522867679595947
IsPETaseWT_rand_S115L,-1.0702829,NA,NA,-0.5,-1.5702829360961914
IsPETaseWT_rand_I218N,-1.6533266,NA,NA,-0.5,-2.153326630592346
IsPETaseWT_rand_S192K,-0.9799603,NA,NA,-0.5,-1.479960322380066
IsPETaseWT_rand_S61T,-1.1344342,NA,NA,-0.5,-1.6344342231750488
IsPETaseWT_rand_Q28Y,-0.38653705,NA,NA,-0.5,-0.8865370452404022
IsPETaseWT_rand_N37T,-1.0702829,NA,NA,-0.5,-1.5702829360961914
IsPETaseWT_rand_R100V,-1.7124815,NA,NA,-0.5,-2.2124814987182617
IsPETaseWT_rand_G62Q,-1.0702829,NA,NA,-0.5,-1.5702829360961914
IsPETaseWT_rand_N275L,-1.1187356,NA,NA,-0.5,-1.6187355518341064
IsPETaseWT_rand_V78F,-1.1334857,NA,NA,-0.5,-1.6334856748580933
IsPETaseWT_rand_S103M,-1.0497401,NA,NA,-0.5,-1.5497400760650635
IsPETaseWT_rand_N212Y,-1.0831327,NA,NA,-0.5,-1.5831327438354492
IsPETaseWT_rand_G163H,-1.1375666,NA,NA,-0.5,-1.6375665664672852
IsPETaseWT_rand_N172G,-0.920819,NA,NA,-0.5,-1.4208189845085144
IsPETaseWT_rand_F3S,-1.0702829,NA,NA,-0.5,-1.5702829360961914
IsPETaseWT_rand_S141H,-1.2043091,NA,NA,-0.5,-1.704309105873108
IsPETaseWT_rand_S46F,-1.0497401,NA,NA,-0.5,-1.5497400760650635
IsPETaseWT_rand_N225R,-1.0497401,NA,NA,-0.5,-1.5497400760650635
IsPETaseWT_rand_A209R,-1.0702829,NA,NA,-0.5,-1.5702829360961914
IsPETaseWT_rand_A248Q,-1.0702829,NA,NA,-0.5,-1.5702829360961914
IsPETaseWT_rand_F3C,-1.5062418,NA,NA,-0.5,-2.006241798400879
IsPETaseWT_rand_N277H,-1.2359899,NA,NA,-0.5,-1.7359899282455444
IsPETaseWT_rand_S193A,-1.1138914,NA,NA,-0.5,-1.613891363143921
IsPETaseWT_rand_S166V,-1.7456826,NA,NA,-0.5,-2.2456825971603394
IsPETaseWT_rand_G98A,-1.0702829,NA,NA,-0.5,-1.5702829360961914
IsPETaseWT_rand_F3K,-1.0702829,NA,NA,-0.5,-1.5702829360961914
IsPETaseWT_rand_M161F,-1.0900301,NA,NA,-0.5,-1.5900300741195679
IsPETaseWT_rand_R53P,-1.604264,NA,NA,-0.5,-2.1042640209198
IsPETaseWT_rand_M157G,-1.0675732,NA,NA,-0.5,-1.5675731897354126
IsPETaseWT_rand_R34C,-2.883138,NA,NA,-0.5,-3.3831379413604736
IsPETaseWT_rand_R153L,-1.1983778,NA,NA,-0.5,-1.6983778476715088
IsPETaseWT_rand_A272N,-1.0702829,NA,NA,-0.5,-1.5702829360961914
IsPETaseWT_rand_N225F,-1.1344342,NA,NA,-0.5,-1.6344342231750488
IsPETaseWT_rand_K177T,-0.8903006,NA,NA,-0.5,-1.3903005719184875
IsPETaseWT_rand_P85Q,-1.5986086,NA,NA,-0.5,-2.098608613014221
IsPETaseWT_rand_M10I,-1.0702829,NA,NA,-0.5,-1.5702829360961914
IsPETaseWT_rand_G64P,-1.0702829,NA,NA,-0.5,-1.5702829360961914
IsPETaseWT_rand_A20Q,-0.8793269,NA,NA,-0.5,-1.37932687997818
IsPETaseWT_rand_L131W,-1.1547866,NA,NA,-0.5,-1.6547865867614746
IsPETaseWT_rand_T56A,-1.0702829,NA,NA,-0.5,-1.5702829360961914
IsPETaseWT_rand_A25F,-1.1932625,NA,NA,-0.5,-1.6932624578475952
IsPETaseWT_rand_L216S,-1.0702829,NA,NA,-0.5,-1.5702829360961914
IsPETaseWT_rand_V196E,-1.1999832,NA,NA,-0.5,-1.6999832391738892
IsPETaseWT_rand_F284L,-1.0702829,NA,NA,-0.5,-1.5702829360961914
IsPETaseWT_rand_N246F,-1.1336385,NA,NA,-0.5,-1.6336385011672974
IsPETaseWT_rand_F106A,-1.6586199,NA,NA,-0.5,-2.1586198806762695
IsPETaseWT_rand_V52T,-1.1315717,NA,NA,-0.5,-1.631571650505066
IsPETaseWT_rand_G139F,-1.064131,NA,NA,-0.5,-1.5641310214996338
IsPETaseWT_rand_P217E,-1.1028799,NA,NA,-0.5,-1.6028798818588257
IsPETaseWT_rand_I145E,-1.1334857,NA,NA,-0.5,-1.6334856748580933
IsPETaseWT_rand_F55T,-1.088116,NA,NA,-0.5,-1.5881160497665405
IsPETaseWT_rand_A102I,-1.0702829,NA,NA,-0.5,-1.5702829360961914
IsPETaseWT_rand_H104P,-1.0140039,NA,NA,-0.5,-1.514003872871399
IsPETaseWT_rand_N212L,-1.0831327,NA,NA,-0.5,-1.5831327438354492
IsPETaseWT_rand_I83C,-1.6080804,NA,NA,-0.5,-2.1080803871154785
IsPETaseWT_rand_F284T,-1.0702829,NA,NA,-0.5,-1.5702829360961914
IsPETaseWT_rand_V107S,-1.2301793,NA,NA,-0.5,-1.7301793098449707
IsPETaseWT_rand_A171K,-0.84593415,NA,NA,-0.5,-1.3459341526031494
IsPETaseWT_rand_N2A,-1.1344342,NA,NA,-0.5,-1.6344342231750488
IsPETaseWT_rand_S46E,-1.1334857,NA,NA,-0.5,-1.6334856748580933
IsPETaseWT_rand_T39E,-1.7113731,NA,NA,-0.5,-2.2113730907440186
IsPETaseWT_rand_R132I,-1.0702829,NA,NA,-0.5,-1.5702829360961914
IsPETaseWT_rand_S236L,-1.0855086,NA,NA,-0.5,-1.5855085849761963
IsPETaseWT_rand_S136R,-1.0702829,NA,NA,-0.5,-1.5702829360961914
IsPETaseWT_rand_T26E,-1.1873835,NA,NA,-0.5,-1.6873835325241089
IsPETaseWT_rand_R90C,-1.7923034,NA,NA,-0.5,-2.292303442955017
IsPETaseWT_rand_V149N,-1.6239246,NA,NA,-0.5,-2.1239246129989624
IsPETaseWT_rand_A24C,-2.004289,NA,NA,-0.5,-2.504288911819458
IsPETaseWT_rand_P71G,-1.088116,NA,NA,-0.5,-1.5881160497665405
IsPETaseWT_rand_A170P,-1.3649356,NA,NA,-0.5,-1.8649356365203857
IsPETaseWT_rand_K227L,-1.1670312,NA,NA,-0.5,-1.667031168937683
IsPETaseWT_rand_K177G,-1.5163972,NA,NA,-0.5,-2.01639723777771
IsPETaseWT_rand_R59P,-1.1344342,NA,NA,-0.5,-1.6344342231750488
IsPETaseWT_rand_T140P,-1.0831327,NA,NA,-0.5,-1.5831327438354492
IsPETaseWT_rand_A248R,-1.0702829,NA,NA,-0.5,-1.5702829360961914
IsPETaseWT_rand_V68C,-1.3535372,NA,NA,-0.5,-1.8535372018814087
IsPETaseWT_rand_G251Y,-1.0831327,NA,NA,-0.5,-1.5831327438354492
IsPETaseWT_rand_K227G,-0.8847383,NA,NA,-0.5,-1.3847383260726929
IsPETaseWT_rand_V196N,-1.122812,NA,NA,-0.5,-1.622812032699585
IsPETaseWT_rand_L15F,-1.0831327,NA,NA,-0.5,-1.5831327438354492
IsPETaseWT_rand_G251T,-1.0702829,NA,NA,-0.5,-1.5702829360961914
IsPETaseWT_rand_A33L,-1.0831327,NA,NA,-0.5,-1.5831327438354492
IsPETaseWT_rand_G162A,-1.1633022,NA,NA,-0.5,-1.6633021831512451
IsPETaseWT_rand_A272Y,-1.0702829,NA,NA,-0.5,-1.5702829360961914
IsPETaseWT_rand_P49R,-1.3704951,NA,NA,-0.5,-1.870495080947876
IsPETaseWT_rand_M128T,-1.088116,NA,NA,-0.5,-1.5881160497665405
IsPETaseWT_rand_A179Q,-1.1965292,NA,NA,-0.5,-1.6965291500091553
IsPETaseWT_rand_Q28A,-1.1726518,NA,NA,-0.5,-1.672651767730713
IsPETaseWT_rand_I81V,-1.0702829,NA,NA,-0.5,-1.5702829360961914
IsPETaseWT_rand_N244T,-1.0702829,NA,NA,-0.5,-1.5702829360961914
IsPETaseWT_rand_P85D,-1.7780294,NA,NA,-0.5,-2.278029441833496
IsPETaseWT_rand_V255M,-1.1265883,NA,NA,-0.5,-1.6265883445739746
IsPETaseWT_rand_S124M,-1.1670312,NA,NA,-0.5,-1.667031168937683
IsPETaseWT_rand_S143C,-2.0513084,NA,NA,-0.5,-2.5513083934783936
IsPETaseWT_rand_D263K,-1.0193341,NA,NA,-0.5,-1.519334077835083
IsPETaseWT_rand_R285P,-1.1344342,NA,NA,-0.5,-1.6344342231750488
IsPETaseWT_rand_A209K,-1.0702829,NA,NA,-0.5,-1.5702829360961914
IsPETaseWT_rand_L230Y,-1.0900301,NA,NA,-0.5,-1.5900300741195679
IsPETaseWT_rand_I232D,-1.7999105,NA,NA,-0.5,-2.299910545349121
IsPETaseWT_rand_K259S,-1.6483302,NA,NA,-0.5,-2.1483302116394043
IsPETaseWT_rand_M1D,-1.8139664,NA,NA,-0.5,-2.313966393470764
IsPETaseWT_rand_V156T,-1.186324,NA,NA,-0.5,-1.6863240003585815
IsPETaseWT_rand_F106S,-1.6218697,NA,NA,-0.5,-2.121869683265686
IsPETaseWT_rand_L176P,-0.96126235,NA,NA,-0.5,-1.4612623453140259
IsPETaseWT_rand_Q28I,-1.0260637,NA,NA,-0.5,-1.5260636806488037
IsPETaseWT_rand_G235N,-1.0702829,NA,NA,-0.5,-1.5702829360961914
IsPETaseWT_rand_S290T,-1.1344342,NA,NA,-0.5,-1.6344342231750488
IsPETaseWT_rand_S188R,-1.0702829,NA,NA,-0.5,-1.5702829360961914
IsPETaseWT_rand_R59E,-1.6726314,NA,NA,-0.5,-2.1726313829421997
IsPETaseWT_rand_N114A,-1.0702829,NA,NA,-0.5,-1.5702829360961914
IsPETaseWT_rand_D150W,-1.0748818,NA,NA,-0.5,-1.5748817920684814
IsPETaseWT_rand_F271P,-1.0702829,NA,NA,-0.5,-1.5702829360961914
IsPETaseWT_rand_F55C,-2.9220364,NA,NA,-0.5,-3.4220364093780518
IsPETaseWT_rand_P85T,-1.0386567,NA,NA,-0.5,-1.5386567115783691
IsPETaseWT_rand_T72Q,-1.0900301,NA,NA,-0.5,-1.5900300741195679
IsPETaseWT_rand_F55L,-1.0702829,NA,NA,-0.5,-1.5702829360961914
IsPETaseWT_rand_L101H,-1.1676364,NA,NA,-0.5,-1.6676363945007324
IsPETaseWT_rand_I111S,-1.1315717,NA,NA,-0.5,-1.631571650505066
IsPETaseWT_rand_A24Y,-1.0443839,NA,NA,-0.5,-1.5443838834762573
IsPETaseWT_rand_M262F,-1.1344342,NA,NA,-0.5,-1.6344342231750488
IsPETaseWT_rand_K259A,-1.0702829,NA,NA,-0.5,-1.5702829360961914
IsPETaseWT_rand_N275C,-1.0831327,NA,NA,-0.5,-1.5831327438354492
IsPETaseWT_rand_G251V,-1.0831327,NA,NA,-0.5,-1.5831327438354492
IsPETaseWT_rand_Q91Y,-1.0702829,NA,NA,-0.5,-1.5702829360961914
IsPETaseWT_rand_A89G,-1.1154796,NA,NA,-0.5,-1.615479588508606
IsPETaseWT_rand_S54P,-1.1344342,NA,NA,-0.5,-1.6344342231750488
IsPETaseWT_rand_Y69F,-1.0497401,NA,NA,-0.5,-1.5497400760650635
IsPETaseWT_rand_S214V,-1.1344342,NA,NA,-0.5,-1.6344342231750488
IsPETaseWT_rand_M154W,-1.1425592,NA,NA,-0.5,-1.6425591707229614
IsPETaseWT_rand_G162W,-1.4445843,NA,NA,-0.5,-1.9445842504501343
IsPETaseWT_rand_D112I,-1.1130373,NA,NA,-0.5,-1.613037347793579
IsPETaseWT_rand_V108L,-1.1137385,NA,NA,-0.5,-1.6137385368347168
IsPETaseWT_rand_A178G,-1.0702829,NA,NA,-0.5,-1.5702829360961914
IsPETaseWT_rand_V281M,-1.1265883,NA,NA,-0.5,-1.6265883445739746
IsPETaseWT_rand_P60N,-1.0702829,NA,NA,-0.5,-1.5702829360961914
IsPETaseWT_rand_L216W,-1.1137385,NA,NA,-0.5,-1.6137385368347168
IsPETaseWT_rand_S7V,-1.147284,NA,NA,-0.5,-1.6472840309143066
IsPETaseWT_rand_F55A,-1.088116,NA,NA,-0.5,-1.5881160497665405
IsPETaseWT_rand_Q28C,-1.799602,NA,NA,-0.5,-2.2996020317077637
IsPETaseWT_rand_S103K,-0.9133475,NA,NA,-0.5,-1.4133474826812744
IsPETaseWT_rand_I83M,-1.1575987,NA,NA,-0.5,-1.6575987339019775
IsPETaseWT_rand_A129G,-1.0702829,NA,NA,-0.5,-1.5702829360961914
IsPETaseWT_rand_Y32L,-1.1137385,NA,NA,-0.5,-1.6137385368347168
IsPETaseWT_rand_G105W,-1.0141443,NA,NA,-0.5,-1.5141443014144897
IsPETaseWT_rand_G234E,-1.1283294,NA,NA,-0.5,-1.6283293962478638
IsPETaseWT_rand_S115W,-1.1644961,NA,NA,-0.5,-1.6644960641860962
IsPETaseWT_rand_F201K,-0.9517231,NA,NA,-0.5,-1.4517230987548828
IsPETaseWT_rand_D265M,-1.2017179,NA,NA,-0.5,-1.7017178535461426
IsPETaseWT_rand_A25Q,-1.1995621,NA,NA,-0.5,-1.6995620727539062
IsPETaseWT_rand_A129I,-1.0702829,NA,NA,-0.5,-1.5702829360961914
IsPETaseWT_rand_F229K,-0.93389,NA,NA,-0.5,-1.4338899850845337
IsPETaseWT_rand_N190Y,-1.0702829,NA,NA,-0.5,-1.5702829360961914
IsPETaseWT_rand_D283I,-1.1524165,NA,NA,-0.5,-1.652416467666626
IsPETaseWT_rand_R100L,-1.7450784,NA,NA,-0.5,-2.245078444480896
IsPETaseWT_rand_A89V,-1.0702829,NA,NA,-0.5,-1.5702829360961914
IsPETaseWT_rand_S143W,-1.1447489,NA,NA,-0.5,-1.6447489261627197
IsPETaseWT_rand_I83Y,-1.7442842,NA,NA,-0.5,-2.244284152984619
IsPETaseWT_rand_A171S,-1.0702829,NA,NA,-0.5,-1.5702829360961914
IsPETaseWT_rand_A80D,-1.7537484,NA,NA,-0.5,-2.2537484169006348
IsPETaseWT_rand_G79N,-1.0512812,NA,NA,-0.5,-1.551281213760376
IsPETaseWT_rand_A27M,-1.1062595,NA,NA,-0.5,-1.6062594652175903
IsPETaseWT_rand_V255Y,-1.0702829,NA,NA,-0.5,-1.5702829360961914
IsPETaseWT_rand_R285N,-1.0956854,NA,NA,-0.5,-1.595685362815857
IsPETaseWT_rand_K95V,-1.238505,NA,NA,-0.5,-1.7385050058364868
IsPETaseWT_rand_G35V,-1.0831327,NA,NA,-0.5,-1.5831327438354492
IsPETaseWT_rand_S282W,-1.1493413,NA,NA,-0.5,-1.649341344833374
IsPETaseWT_rand_A209E,-1.615633,NA,NA,-0.5,-2.115633010864258
IsPETaseWT_rand_A180K,-1.0702829,NA,NA,-0.5,-1.5702829360961914
IsPETaseWT_rand_A171P,-1.0499058,NA,NA,-0.5,-1.549905776977539
IsPETaseWT_rand_N275T,-1.0702829,NA,NA,-0.5,-1.5702829360961914
IsPETaseWT_rand_A179S,-1.0831327,NA,NA,-0.5,-1.5831327438354492
IsPETaseWT_rand_S124I,-1.1541814,NA,NA,-0.5,-1.6541813611984253
IsPETaseWT_rand_V21M,-1.1265883,NA,NA,-0.5,-1.6265883445739746
IsPETaseWT_rand_P197E,-1.6762141,NA,NA,-0.5,-2.176214098930359
IsPETaseWT_rand_L199K,-0.79818153,NA,NA,-0.5,-1.2981815338134766
IsPETaseWT_rand_R280L,-1.1796309,NA,NA,-0.5,-1.6796308755874634
IsPETaseWT_rand_A13V,-1.66118,NA,NA,-0.5,-2.161180019378662
IsPETaseWT_rand_S193V,-1.0497401,NA,NA,-0.5,-1.5497400760650635
IsPETaseWT_rand_N264S,-1.6760575,NA,NA,-0.5,-2.176057457923889
IsPETaseWT_rand_K253C,-1.4925128,NA,NA,-0.5,-1.992512822151184
IsPETaseWT_rand_A152I,-1.0831327,NA,NA,-0.5,-1.5831327438354492
IsPETaseWT_rand_L43E,-1.1251899,NA,NA,-0.5,-1.6251899003982544
IsPETaseWT_rand_G86W,-1.7045143,NA,NA,-0.5,-2.204514265060425
IsPETaseWT_rand_T110Q,-1.1644961,NA,NA,-0.5,-1.6644960641860962
IsPETaseWT_rand_T279Q,-1.0900301,NA,NA,-0.5,-1.5900300741195679
IsPETaseWT_rand_N37F,-1.0831327,NA,NA,-0.5,-1.5831327438354492
IsPETaseWT_rand_A13S,-0.8904346,NA,NA,-0.5,-1.3904346227645874
IsPETaseWT_rand_A171D,-1.0702829,NA,NA,-0.5,-1.5702829360961914
IsPETaseWT_rand_Q28G,-0.53467137,NA,NA,-0.5,-1.0346713662147522
IsPETaseWT_rand_A129W,-1.0702829,NA,NA,-0.5,-1.5702829360961914
IsPETaseWT_rand_N37Y,-1.0702829,NA,NA,-0.5,-1.5702829360961914
IsPETaseWT_rand_L117K,-1.1376959,NA,NA,-0.5,-1.6376959085464478
IsPETaseWT_rand_V211P,-1.0702829,NA,NA,-0.5,-1.5702829360961914
IsPETaseWT_rand_N233Q,-1.147284,NA,NA,-0.5,-1.6472840309143066
IsPETaseWT_rand_R224M,-1.0831327,NA,NA,-0.5,-1.5831327438354492
IsPETaseWT_rand_L9Q,-1.0793564,NA,NA,-0.5,-1.5793564319610596
IsPETaseWT_rand_S61W,-1.1058857,NA,NA,-0.5,-1.6058857440948486
IsPETaseWT_rand_P4D,-1.7063767,NA,NA,-0.5,-2.2063766717910767
IsPETaseWT_rand_W185T,-0.9488894,NA,NA,-0.5,-1.4488893747329712
IsPETaseWT_rand_G155D,-1.741016,NA,NA,-0.5,-2.2410160303115845
IsPETaseWT_rand_G16T,-1.0702829,NA,NA,-0.5,-1.5702829360961914
IsPETaseWT_rand_I81W,-1.5580614,NA,NA,-0.5,-2.058061361312866
IsPETaseWT_rand_A202W,-1.1137385,NA,NA,-0.5,-1.6137385368347168
IsPETaseWT_rand_A152G,-1.0702829,NA,NA,-0.5,-1.5702829360961914
IsPETaseWT_rand_R153N,-1.8521317,NA,NA,-0.5,-2.352131724357605
IsPETaseWT_rand_A6W,-0.9706888,NA,NA,-0.5,-1.470688819885254
IsPETaseWT_rand_N288F,-1.1303571,NA,NA,-0.5,-1.6303571462631226
IsPETaseWT_rand_G64C,-2.3414521,NA,NA,-0.5,-2.841452121734619
IsPETaseWT_rand_F3Y,-1.0702829,NA,NA,-0.5,-1.5702829360961914
IsPETaseWT_rand_C203W,-1.0702829,NA,NA,-0.5,-1.5702829360961914
IsPETaseWT_rand_M157H,-1.0900301,NA,NA,-0.5,-1.5900300741195679
IsPETaseWT_rand_A178I,-1.0831327,NA,NA,-0.5,-1.5831327438354492
IsPETaseWT_rand_N73G,-1.0900301,NA,NA,-0.5,-1.5900300741195679
IsPETaseWT_rand_K95I,-1.3995879,NA,NA,-0.5,-1.899587869644165
IsPETaseWT_rand_A130I,-1.0831327,NA,NA,-0.5,-1.5831327438354492
IsPETaseWT_rand_R59G,-1.1344342,NA,NA,-0.5,-1.6344342231750488
IsPETaseWT_rand_A240W,-1.0702829,NA,NA,-0.5,-1.5702829360961914
IsPETaseWT_rand_P38L,-1.0702829,NA,NA,-0.5,-1.5702829360961914
IsPETaseWT_rand_G35L,-1.0702829,NA,NA,-0.5,-1.5702829360961914
IsPETaseWT_rand_T51H,-1.1137385,NA,NA,-0.5,-1.6137385368347168
IsPETaseWT_rand_K253N,-1.6118567,NA,NA,-0.5,-2.111856698989868
IsPETaseWT_rand_P184F,-1.1267412,NA,NA,-0.5,-1.6267411708831787
IsPETaseWT_rand_R100M,-1.147284,NA,NA,-0.5,-1.6472840309143066
IsPETaseWT_rand_K252S,-1.6483302,NA,NA,-0.5,-2.1483302116394043
IsPETaseWT_rand_G79Y,-1.1444639,NA,NA,-0.5,-1.6444638967514038
IsPETaseWT_rand_S188M,-1.0702829,NA,NA,-0.5,-1.5702829360961914
IsPETaseWT_rand_M222G,-1.0793564,NA,NA,-0.5,-1.5793564319610596
IsPETaseWT_rand_F3N,-1.0702829,NA,NA,-0.5,-1.5702829360961914
IsPETaseWT_rand_Q127I,-1.147284,NA,NA,-0.5,-1.6472840309143066
IsPETaseWT_rand_A226L,-1.0702829,NA,NA,-0.5,-1.5702829360961914
IsPETaseWT_rand_D186G,-1.0702829,NA,NA,-0.5,-1.5702829360961914
IsPETaseWT_rand_A171T,-1.0702829,NA,NA,-0.5,-1.5702829360961914
IsPETaseWT_rand_A240S,-1.0702829,NA,NA,-0.5,-1.5702829360961914
IsPETaseWT_rand_W185L,-0.9306282,NA,NA,-0.5,-1.4306281805038452
IsPETaseWT_rand_S42K,-0.94894993,NA,NA,-0.5,-1.448949933052063
IsPETaseWT_rand_T72W,-1.0702829,NA,NA,-0.5,-1.5702829360961914
IsPETaseWT_rand_L101K,-2.2066417,NA,NA,-0.5,-2.706641674041748
IsPETaseWT_rand_A40E,-1.7498324,NA,NA,-0.5,-2.2498323917388916
IsPETaseWT_rand_M10V,-1.1378424,NA,NA,-0.5,-1.6378424167633057
IsPETaseWT_rand_G16Y,-1.7000166,NA,NA,-0.5,-2.2000166177749634
IsPETaseWT_rand_P210Y,-1.0702829,NA,NA,-0.5,-1.5702829360961914
IsPETaseWT_rand_I109C,-0.94649327,NA,NA,-0.5,-1.4464932680130005
IsPETaseWT_rand_T286K,-1.0702829,NA,NA,-0.5,-1.5702829360961914
IsPETaseWT_rand_S245F,-1.1336385,NA,NA,-0.5,-1.6336385011672974
IsPETaseWT_rand_S115Y,-1.1541814,NA,NA,-0.5,-1.6541813611984253
IsPETaseWT_rand_V149F,-1.0900301,NA,NA,-0.5,-1.5900300741195679
IsPETaseWT_rand_N241V,-1.1344342,NA,NA,-0.5,-1.6344342231750488
IsPETaseWT_rand_D265E,-1.0831327,NA,NA,-0.5,-1.5831327438354492
IsPETaseWT_rand_N205P,-1.1137385,NA,NA,-0.5,-1.6137385368347168
IsPETaseWT_rand_F261A,-1.0851605,NA,NA,-0.5,-1.585160493850708
IsPETaseWT_rand_R123G,-1.1541814,NA,NA,-0.5,-1.6541813611984253
IsPETaseWT_rand_E231H,-1.1058857,NA,NA,-0.5,-1.6058857440948486
IsPETaseWT_rand_S92Y,-1.0702829,NA,NA,-0.5,-1.5702829360961914
IsPETaseWT_rand_G75T,-1.088116,NA,NA,-0.5,-1.5881160497665405
IsPETaseWT_rand_T113S,-1.0702829,NA,NA,-0.5,-1.5702829360961914
IsPETaseWT_rand_P120C,-2.138666,NA,NA,-0.5,-2.6386659145355225
IsPETaseWT_rand_F106V,-1.0702829,NA,NA,-0.5,-1.5702829360961914
IsPETaseWT_rand_D186Q,-1.0702829,NA,NA,-0.5,-1.5702829360961914
IsPETaseWT_rand_N244S,-1.0702829,NA,NA,-0.5,-1.5702829360961914
IsPETaseWT_rand_L167E,-1.634959,NA,NA,-0.5,-2.1349589824676514
IsPETaseWT_rand_T270K,-0.9282247,NA,NA,-0.5,-1.4282246828079224
IsPETaseWT_rand_S282Y,-1.1344342,NA,NA,-0.5,-1.6344342231750488
IsPETaseWT_rand_A40V,-1.0702829,NA,NA,-0.5,-1.5702829360961914
IsPETaseWT_rand_A129Q,-1.0702829,NA,NA,-0.5,-1.5702829360961914
IsPETaseWT_rand_S115V,-1.0702829,NA,NA,-0.5,-1.5702829360961914
IsPETaseWT_rand_P210N,-1.0702829,NA,NA,-0.5,-1.5702829360961914
IsPETaseWT_rand_A178T,-1.0702829,NA,NA,-0.5,-1.5702829360961914
IsPETaseWT_rand_I250A,-1.0702829,NA,NA,-0.5,-1.5702829360961914
IsPETaseWT_rand_Q228G,-1.0702829,NA,NA,-0.5,-1.5702829360961914
IsPETaseWT_rand_R267K,-0.9545857,NA,NA,-0.5,-1.4545856714248657
IsPETaseWT_rand_W96G,-1.1541814,NA,NA,-0.5,-1.6541813611984253
IsPETaseWT_rand_D118R,-1.1039639,NA,NA,-0.5,-1.603963851928711
IsPETaseWT_rand_I250T,-1.1137385,NA,NA,-0.5,-1.6137385368347168
IsPETaseWT_rand_I83R,-1.0222417,NA,NA,-0.5,-1.5222417116165161
IsPETaseWT_rand_A12K,-0.8405778,NA,NA,-0.5,-1.340577781200409
IsPETaseWT_rand_A23G,-1.0702829,NA,NA,-0.5,-1.5702829360961914
IsPETaseWT_rand_I83F,-1.1283294,NA,NA,-0.5,-1.6283293962478638
IsPETaseWT_rand_G76C,-1.9036219,NA,NA,-0.5,-2.4036219120025635
IsPETaseWT_rand_G86L,-1.5522462,NA,NA,-0.5,-2.0522462129592896
IsPETaseWT_rand_S93V,-1.0831327,NA,NA,-0.5,-1.5831327438354492
IsPETaseWT_rand_M10L,-1.1138914,NA,NA,-0.5,-1.613891363143921
IsPETaseWT_rand_E44I,-1.1344342,NA,NA,-0.5,-1.6344342231750488
IsPETaseWT_rand_I232T,-1.162582,NA,NA,-0.5,-1.6625820398330688
IsPETaseWT_rand_I250G,-1.1137385,NA,NA,-0.5,-1.6137385368347168
IsPETaseWT_rand_T113Q,-1.1028799,NA,NA,-0.5,-1.6028798818588257
IsPETaseWT_rand_A74Y,-1.0793564,NA,NA,-0.5,-1.5793564319610596
IsPETaseWT_rand_I94V,-1.0702829,NA,NA,-0.5,-1.5702829360961914
IsPETaseWT_rand_S136G,-1.1336385,NA,NA,-0.5,-1.6336385011672974
IsPETaseWT_rand_K177S,-1.631017,NA,NA,-0.5,-2.131016969680786
IsPETaseWT_rand_V68E,-1.7224452,NA,NA,-0.5,-2.222445249557495
IsPETaseWT_rand_L9H,-0.8847383,NA,NA,-0.5,-1.3847383260726929
IsPETaseWT_rand_F50H,-1.1777798,NA,NA,-0.5,-1.6777797937393188
IsPETaseWT_rand_P276V,-1.0702829,NA,NA,-0.5,-1.5702829360961914
IsPETaseWT_rand_S61D,-1.0817343,NA,NA,-0.5,-1.581734299659729
IsPETaseWT_rand_I250F,-1.0702829,NA,NA,-0.5,-1.5702829360961914
IsPETaseWT_rand_S223V,-1.0751425,NA,NA,-0.5,-1.575142502784729
IsPETaseWT_rand_M222I,-1.0702829,NA,NA,-0.5,-1.5702829360961914
IsPETaseWT_rand_I250Q,-1.1137385,NA,NA,-0.5,-1.6137385368347168
IsPETaseWT_rand_P181Y,-1.0831327,NA,NA,-0.5,-1.5831327438354492
IsPETaseWT_rand_T51Q,-1.1137385,NA,NA,-0.5,-1.6137385368347168
IsPETaseWT_rand_Y69K,-0.86989164,NA,NA,-0.5,-1.36989164352417
IsPETaseWT_rand_A248K,-1.0702829,NA,NA,-0.5,-1.5702829360961914
IsPETaseWT_rand_S282Q,-1.1541814,NA,NA,-0.5,-1.6541813611984253
IsPETaseWT_rand_F3A,-0.89663184,NA,NA,-0.5,-1.3966318368911743
IsPETaseWT_rand_F271E,-1.0702829,NA,NA,-0.5,-1.5702829360961914
IsPETaseWT_rand_T270A,-1.0702829,NA,NA,-0.5,-1.5702829360961914
IsPETaseWT_rand_V194H,-1.1547866,NA,NA,-0.5,-1.6547865867614746
IsPETaseWT_rand_G163R,-1.2696995,NA,NA,-0.5,-1.7696994543075562
IsPETaseWT_rand_A130L,-1.147284,NA,NA,-0.5,-1.6472840309143066
IsPETaseWT_rand_S278Q,-1.0702829,NA,NA,-0.5,-1.5702829360961914
IsPETaseWT_rand_T189K,-0.9091373,NA,NA,-0.5,-1.4091373085975647
IsPETaseWT_rand_S214W,-1.0702829,NA,NA,-0.5,-1.5702829360961914
IsPETaseWT_rand_C289T,-1.1794232,NA,NA,-0.5,-1.679423213005066
IsPETaseWT_rand_S92N,-1.0900301,NA,NA,-0.5,-1.5900300741195679
IsPETaseWT_rand_S290W,-1.0702829,NA,NA,-0.5,-1.5702829360961914
IsPETaseWT_rand_G158Y,-1.8665696,NA,NA,-0.5,-2.3665696382522583
IsPETaseWT_rand_A178Q,-1.0702829,NA,NA,-0.5,-1.5702829360961914
IsPETaseWT_rand_D118S,-1.0702829,NA,NA,-0.5,-1.5702829360961914
IsPETaseWT_rand_I83E,-1.7442842,NA,NA,-0.5,-2.244284152984619
IsPETaseWT_rand_I208N,-1.1137385,NA,NA,-0.5,-1.6137385368347168
IsPETaseWT_rand_R285C,-1.805909,NA,NA,-0.5,-2.305909037590027
IsPETaseWT_rand_I83Q,-1.8262682,NA,NA,-0.5,-2.326268196105957
IsPETaseWT_rand_F3D,-1.8242897,NA,NA,-0.5,-2.3242896795272827
IsPETaseWT_rand_N225D,-1.6483302,NA,NA,-0.5,-2.1483302116394043
IsPETaseWT_rand_A41D,-1.7115331,NA,NA,-0.5,-2.2115330696105957
IsPETaseWT_rand_T198P,-1.126673,NA,NA,-0.5,-1.6266729831695557
IsPETaseWT_rand_T270L,-1.0831327,NA,NA,-0.5,-1.5831327438354492
IsPETaseWT_rand_N30G,-1.1432685,NA,NA,-0.5,-1.6432684659957886
IsPETaseWT_rand_W257R,-1.0720215,NA,NA,-0.5,-1.572021484375
IsPETaseWT_rand_A6I,-1.0315341,NA,NA,-0.5,-1.5315340757369995
IsPETaseWT_rand_R100C,-1.1344342,NA,NA,-0.5,-1.6344342231750488
IsPETaseWT_rand_Q119G,-1.0702829,NA,NA,-0.5,-1.5702829360961914
IsPETaseWT_rand_M19P,-1.932294,NA,NA,-0.5,-2.432294011116028
IsPETaseWT_rand_R123A,-1.1344342,NA,NA,-0.5,-1.6344342231750488
IsPETaseWT_rand_S142P,-1.1138914,NA,NA,-0.5,-1.613891363143921
IsPETaseWT_rand_Q182P,-1.3174877,NA,NA,-0.5,-1.8174877166748047
IsPETaseWT_rand_S103V,-1.0497401,NA,NA,-0.5,-1.5497400760650635
IsPETaseWT_rand_R8D,-1.8139664,NA,NA,-0.5,-2.313966393470764
IsPETaseWT_rand_Y146V,-1.0497401,NA,NA,-0.5,-1.5497400760650635
IsPETaseWT_rand_A180P,-1.0499058,NA,NA,-0.5,-1.549905776977539
IsPETaseWT_rand_S142I,-1.0948896,NA,NA,-0.5,-1.5948896408081055
IsPETaseWT_rand_R100S,-0.86647713,NA,NA,-0.5,-1.366477131843567
IsPETaseWT_rand_A209Y,-1.0900301,NA,NA,-0.5,-1.5900300741195679
IsPETaseWT_rand_F3L,-1.0702829,NA,NA,-0.5,-1.5702829360961914
IsPETaseWT_rand_D263F,-0.9001581,NA,NA,-0.5,-1.4001581072807312
IsPETaseWT_rand_S290D,-1.0702829,NA,NA,-0.5,-1.5702829360961914
IsPETaseWT_rand_L176E,-1.5845668,NA,NA,-0.5,-2.084566831588745
IsPETaseWT_rand_T266K,-1.117153,NA,NA,-0.5,-1.6171530485153198
IsPETaseWT_rand_T279Y,-1.0702829,NA,NA,-0.5,-1.5702829360961914
IsPETaseWT_rand_T195Y,-1.6680773,NA,NA,-0.5,-2.1680773496627808
IsPETaseWT_rand_P60K,-0.9467398,NA,NA,-0.5,-1.4467397928237915
IsPETaseWT_rand_G35Q,-1.0702829,NA,NA,-0.5,-1.5702829360961914
IsPETaseWT_rand_T113I,-1.0831327,NA,NA,-0.5,-1.5831327438354492
IsPETaseWT_rand_Q182V,-1.1028799,NA,NA,-0.5,-1.6028798818588257
IsPETaseWT_rand_A135K,-0.8998988,NA,NA,-0.5,-1.3998988270759583
IsPETaseWT_rand_K148D,-1.8094124,NA,NA,-0.5,-2.309412360191345
IsPETaseWT_rand_T39W,-1.1137385,NA,NA,-0.5,-1.6137385368347168
IsPETaseWT_rand_S92T,-1.0702829,NA,NA,-0.5,-1.5702829360961914
IsPETaseWT_rand_N138G,-1.0702829,NA,NA,-0.5,-1.5702829360961914
IsPETaseWT_rand_G98T,-1.0702829,NA,NA,-0.5,-1.5702829360961914
IsPETaseWT_rand_S103I,-1.0931957,NA,NA,-0.5,-1.5931956768035889
IsPETaseWT_rand_F106K,-1.4201194,NA,NA,-0.5,-1.9201194047927856
IsPETaseWT_rand_H104K,-0.86647713,NA,NA,-0.5,-1.366477131843567
IsPETaseWT_rand_A41T,-1.0702829,NA,NA,-0.5,-1.5702829360961914
IsPETaseWT_rand_S22T,-1.1541814,NA,NA,-0.5,-1.6541813611984253
IsPETaseWT_rand_S192M,-1.1242061,NA,NA,-0.5,-1.6242060661315918
IsPETaseWT_rand_A256Y,-1.1825366,NA,NA,-0.5,-1.6825366020202637
IsPETaseWT_rand_S141T,-1.1344342,NA,NA,-0.5,-1.6344342231750488
IsPETaseWT_rand_P144Q,-1.0702829,NA,NA,-0.5,-1.5702829360961914
IsPETaseWT_rand_N114Y,-1.1541814,NA,NA,-0.5,-1.6541813611984253
IsPETaseWT_rand_G66C,-1.6513963,NA,NA,-0.5,-2.1513962745666504
IsPETaseWT_rand_C273R,-1.2142568,NA,NA,-0.5,-1.714256763458252
IsPETaseWT_rand_A248W,-1.0702829,NA,NA,-0.5,-1.5702829360961914
IsPETaseWT_rand_G17V,-1.866666,NA,NA,-0.5,-2.3666659593582153
IsPETaseWT_rand_G62V,-1.0831327,NA,NA,-0.5,-1.5831327438354492
IsPETaseWT_rand_C239N,-1.0831327,NA,NA,-0.5,-1.5831327438354492
IsPETaseWT_rand_R5A,-1.1154796,NA,NA,-0.5,-1.615479588508606
IsPETaseWT_rand_V108P,-1.4201194,NA,NA,-0.5,-1.9201194047927856
IsPETaseWT_rand_S187K,-1.0702829,NA,NA,-0.5,-1.5702829360961914
IsPETaseWT_rand_W96V,-0.8862242,NA,NA,-0.5,-1.3862242102622986
IsPETaseWT_rand_N138T,-1.0702829,NA,NA,-0.5,-1.5702829360961914
IsPETaseWT_rand_K177P,-1.0674714,NA,NA,-0.5,-1.5674713850021362
IsPETaseWT_rand_K95T,-1.0702829,NA,NA,-0.5,-1.5702829360961914
IsPETaseWT_rand_D220I,-1.1168137,NA,NA,-0.5,-1.6168136596679688
IsPETaseWT_rand_P217N,-1.0702829,NA,NA,-0.5,-1.5702829360961914
IsPETaseWT_rand_S188P,-1.0702829,NA,NA,-0.5,-1.5702829360961914
IsPETaseWT_rand_P144S,-1.6632077,NA,NA,-0.5,-2.1632076501846313
IsPETaseWT_rand_V68Y,-1.088116,NA,NA,-0.5,-1.5881160497665405
IsPETaseWT_rand_D118F,-1.0702829,NA,NA,-0.5,-1.5702829360961914
IsPETaseWT_rand_G139K,-0.9181618,NA,NA,-0.5,-1.4181618094444275
IsPETaseWT_rand_N288R,-1.1265883,NA,NA,-0.5,-1.6265883445739746
IsPETaseWT_rand_P197H,-1.1903894,NA,NA,-0.5,-1.6903893947601318
IsPETaseWT_rand_N246A,-1.0702829,NA,NA,-0.5,-1.5702829360961914
IsPETaseWT_rand_Y268V,-1.0702829,NA,NA,-0.5,-1.5702829360961914
IsPETaseWT_rand_G163T,-1.0831327,NA,NA,-0.5,-1.5831327438354492
IsPETaseWT_rand_T51G,-1.088116,NA,NA,-0.5,-1.5881160497665405
IsPETaseWT_rand_P31H,-1.1447489,NA,NA,-0.5,-1.6447489261627197
IsPETaseWT_rand_L131T,-1.0793564,NA,NA,-0.5,-1.5793564319610596
IsPETaseWT_rand_N173K,-0.8922054,NA,NA,-0.5,-1.3922054171562195
IsPETaseWT_rand_D186P,-1.0702829,NA,NA,-0.5,-1.5702829360961914
IsPETaseWT_rand_Q11R,-1.0702829,NA,NA,-0.5,-1.5702829360961914
IsPETaseWT_rand_Y63N,-0.84593415,NA,NA,-0.5,-1.3459341526031494
IsPETaseWT_rand_A102Y,-1.0702829,NA,NA,-0.5,-1.5702829360961914
IsPETaseWT_rand_Y146N,-1.0702829,NA,NA,-0.5,-1.5702829360961914
IsPETaseWT_rand_I168V,-1.0702829,NA,NA,-0.5,-1.5702829360961914
IsPETaseWT_rand_K253S,-1.6483302,NA,NA,-0.5,-2.1483302116394043
IsPETaseWT_rand_G147S,-1.0702829,NA,NA,-0.5,-1.5702829360961914
IsPETaseWT_rand_G75H,-1.1921297,NA,NA,-0.5,-1.6921297311782837
IsPETaseWT_rand_P174R,-1.270127,NA,NA,-0.5,-1.7701270580291748
IsPETaseWT_rand_P210D,-1.6809272,NA,NA,-0.5,-2.1809271574020386
IsPETaseWT_rand_A41H,-1.1376959,NA,NA,-0.5,-1.6376959085464478
IsPETaseWT_rand_K177I,-1.7569672,NA,NA,-0.5,-2.2569671869277954
IsPETaseWT_rand_G162N,-2.3216078,NA,NA,-0.5,-2.821607828140259
IsPETaseWT_rand_E204L,-1.1435077,NA,NA,-0.5,-1.643507719039917
IsPETaseWT_rand_S214G,-1.0702829,NA,NA,-0.5,-1.5702829360961914
IsPETaseWT_rand_K95A,-1.0702829,NA,NA,-0.5,-1.5702829360961914
IsPETaseWT_rand_A65K,-0.8827414,NA,NA,-0.5,-1.382741391658783
IsPETaseWT_rand_V108G,-1.7320706,NA,NA,-0.5,-2.232070565223694
IsPETaseWT_rand_N205E,-1.6466182,NA,NA,-0.5,-2.1466182470321655
IsPETaseWT_rand_P49D,-1.6935269,NA,NA,-0.5,-2.193526864051819
IsPETaseWT_rand_N246W,-1.1190238,NA,NA,-0.5,-1.6190237998962402
IsPETaseWT_rand_A135G,-1.0702829,NA,NA,-0.5,-1.5702829360961914
IsPETaseWT_rand_E44Q,-0.9057052,NA,NA,-0.5,-1.405705213546753
IsPETaseWT_rand_Q127L,-1.1828868,NA,NA,-0.5,-1.6828868389129639
IsPETaseWT_rand_F229G,-1.1878175,NA,NA,-0.5,-1.6878174543380737
IsPETaseWT_rand_T88A,-1.0831327,NA,NA,-0.5,-1.5831327438354492
IsPETaseWT_rand_L18P,-0.84609985,NA,NA,-0.5,-1.346099853515625
IsPETaseWT_rand_G243W,-1.170037,NA,NA,-0.5,-1.670037031173706
IsPETaseWT_rand_T140W,-1.7890732,NA,NA,-0.5,-2.2890732288360596
IsPETaseWT_rand_L230F,-1.0702829,NA,NA,-0.5,-1.5702829360961914
IsPETaseWT_rand_R280G,-1.1541814,NA,NA,-0.5,-1.6541813611984253
IsPETaseWT_rand_S236Y,-1.1058857,NA,NA,-0.5,-1.6058857440948486
IsPETaseWT_rand_N225V,-1.1138914,NA,NA,-0.5,-1.613891363143921
IsPETaseWT_rand_N277L,-1.1154796,NA,NA,-0.5,-1.615479588508606
IsPETaseWT_rand_A179T,-1.0831327,NA,NA,-0.5,-1.5831327438354492
IsPETaseWT_rand_R280I,-1.1541814,NA,NA,-0.5,-1.6541813611984253
IsPETaseWT_rand_S46R,-1.083421,NA,NA,-0.5,-1.583420991897583
IsPETaseWT_rand_G158P,-1.4951732,NA,NA,-0.5,-1.9951732158660889
IsPETaseWT_rand_S214K,-1.1378487,NA,NA,-0.5,-1.6378487348556519
IsPETaseWT_rand_A80M,-1.1187356,NA,NA,-0.5,-1.6187355518341064
IsPETaseWT_rand_A6C,-1.0702829,NA,NA,-0.5,-1.5702829360961914
IsPETaseWT_rand_F271G,-1.0702829,NA,NA,-0.5,-1.5702829360961914
IsPETaseWT_rand_A178M,-1.0831327,NA,NA,-0.5,-1.5831327438354492
IsPETaseWT_rand_N244W,-1.1247168,NA,NA,-0.5,-1.6247167587280273
IsPETaseWT_rand_A248M,-1.0831327,NA,NA,-0.5,-1.5831327438354492
IsPETaseWT_rand_R5Q,-1.0767307,NA,NA,-0.5,-1.576730728149414
IsPETaseWT_rand_D150K,-1.8564166,NA,NA,-0.5,-2.3564165830612183
IsPETaseWT_rand_S193H,-1.1991827,NA,NA,-0.5,-1.6991827487945557
IsPETaseWT_rand_A226Q,-1.0702829,NA,NA,-0.5,-1.5702829360961914
IsPETaseWT_rand_F201Q,-1.1120734,NA,NA,-0.5,-1.6120734214782715
IsPETaseWT_rand_T113K,-1.0851605,NA,NA,-0.5,-1.585160493850708
IsPETaseWT_rand_R123V,-1.1541814,NA,NA,-0.5,-1.6541813611984253
IsPETaseWT_rand_T140L,-1.0443839,NA,NA,-0.5,-1.5443838834762573
IsPETaseWT_rand_P276K,-1.1575987,NA,NA,-0.5,-1.6575987339019775
IsPETaseWT_rand_S214H,-1.1058857,NA,NA,-0.5,-1.6058857440948486
IsPETaseWT_rand_P36G,-1.0702829,NA,NA,-0.5,-1.5702829360961914
IsPETaseWT_rand_Y70L,-1.0625899,NA,NA,-0.5,-1.5625898838043213
IsPETaseWT_rand_V57R,-1.121797,NA,NA,-0.5,-1.62179696559906
IsPETaseWT_rand_S166A,-1.1447489,NA,NA,-0.5,-1.6447489261627197
IsPETaseWT_rand_W96E,-0.83917946,NA,NA,-0.5,-1.3391794562339783
IsPETaseWT_rand_I145L,-1.0702829,NA,NA,-0.5,-1.5702829360961914
IsPETaseWT_rand_A65S,-1.0702829,NA,NA,-0.5,-1.5702829360961914
IsPETaseWT_rand_A47G,-1.0702829,NA,NA,-0.5,-1.5702829360961914
IsPETaseWT_rand_R8T,-1.0702829,NA,NA,-0.5,-1.5702829360961914
IsPETaseWT_rand_D112N,-1.0793564,NA,NA,-0.5,-1.5793564319610596
IsPETaseWT_rand_K259P,-1.6299088,NA,NA,-0.5,-2.129908800125122
IsPETaseWT_rand_A171E,-1.0831327,NA,NA,-0.5,-1.5831327438354492
IsPETaseWT_rand_G75C,-1.6054488,NA,NA,-0.5,-2.105448842048645
IsPETaseWT_rand_L137Q,-1.0702829,NA,NA,-0.5,-1.5702829360961914
IsPETaseWT_rand_N37W,-1.1247168,NA,NA,-0.5,-1.6247167587280273
IsPETaseWT_rand_N244G,-1.0702829,NA,NA,-0.5,-1.5702829360961914
IsPETaseWT_rand_P99K,-1.1268373,NA,NA,-0.5,-1.6268372535705566
IsPETaseWT_rand_P197A,-1.1137385,NA,NA,-0.5,-1.6137385368347168
IsPETaseWT_rand_Y63I,-0.8587839,NA,NA,-0.5,-1.3587839007377625
IsPETaseWT_rand_Q127C,-1.8167511,NA,NA,-0.5,-2.3167511224746704
IsPETaseWT_rand_F201M,-1.0702829,NA,NA,-0.5,-1.5702829360961914
IsPETaseWT_rand_L167G,-2.1105845,NA,NA,-0.5,-2.6105844974517822
IsPETaseWT_rand_S22W,-2.4536574,NA,NA,-0.5,-2.953657388687134
IsPETaseWT_rand_T270E,-1.1028799,NA,NA,-0.5,-1.6028798818588257
IsPETaseWT_rand_A130T,-1.0702829,NA,NA,-0.5,-1.5702829360961914
IsPETaseWT_rand_D112F,-0.9001581,NA,NA,-0.5,-1.4001581072807312
IsPETaseWT_rand_S121Q,-1.0702829,NA,NA,-0.5,-1.5702829360961914
IsPETaseWT_rand_I168A,-1.0702829,NA,NA,-0.5,-1.5702829360961914
IsPETaseWT_rand_S125A,-1.1344342,NA,NA,-0.5,-1.6344342231750488
IsPETaseWT_rand_S22Y,-1.7606713,NA,NA,-0.5,-2.2606712579727173
IsPETaseWT_rand_Q247F,-1.0702829,NA,NA,-0.5,-1.5702829360961914
IsPETaseWT_rand_K259D,-1.7369826,NA,NA,-0.5,-2.236982583999634
IsPETaseWT_rand_P31N,-1.0315341,NA,NA,-0.5,-1.5315340757369995
IsPETaseWT_rand_G79W,-1.2147031,NA,NA,-0.5,-1.71470308303833
IsPETaseWT_rand_G164W,-1.1639068,NA,NA,-0.5,-1.6639068126678467
IsPETaseWT_rand_P99A,-1.0831327,NA,NA,-0.5,-1.5831327438354492
IsPETaseWT_rand_V21S,-0.90993273,NA,NA,-0.5,-1.4099327325820923
IsPETaseWT_rand_K227W,-1.0831327,NA,NA,-0.5,-1.5831327438354492
IsPETaseWT_rand_T151W,-1.0831327,NA,NA,-0.5,-1.5831327438354492
IsPETaseWT_rand_G254I,-1.2442156,NA,NA,-0.5,-1.7442156076431274
IsPETaseWT_rand_A180N,-1.0497401,NA,NA,-0.5,-1.5497400760650635
IsPETaseWT_rand_G243L,-1.1541814,NA,NA,-0.5,-1.6541813611984253
IsPETaseWT_rand_A287H,-1.0831327,NA,NA,-0.5,-1.5831327438354492
IsPETaseWT_rand_P36V,-1.0702829,NA,NA,-0.5,-1.5702829360961914
IsPETaseWT_rand_A80S,-1.1245531,NA,NA,-0.5,-1.6245530843734741
IsPETaseWT_rand_A152L,-1.0702829,NA,NA,-0.5,-1.5702829360961914
IsPETaseWT_rand_V281N,-1.1137385,NA,NA,-0.5,-1.6137385368347168
IsPETaseWT_rand_S166D,-1.6276025,NA,NA,-0.5,-2.127602458000183
IsPETaseWT_rand_G79M,-1.1375666,NA,NA,-0.5,-1.6375665664672852
IsPETaseWT_rand_L167R,-1.4205468,NA,NA,-0.5,-1.9205467700958252
IsPETaseWT_rand_S166E,-1.2027954,NA,NA,-0.5,-1.702795386314392
IsPETaseWT_rand_F50V,-1.0702829,NA,NA,-0.5,-1.5702829360961914
IsPETaseWT_rand_G35C,-2.8043168,NA,NA,-0.5,-3.304316759109497
IsPETaseWT_rand_T67G,-1.088116,NA,NA,-0.5,-1.5881160497665405
IsPETaseWT_rand_G17I,-1.8657757,NA,NA,-0.5,-2.36577570438385
IsPETaseWT_rand_P99E,-1.0945841,NA,NA,-0.5,-1.5945841073989868
IsPETaseWT_rand_I200T,-1.122812,NA,NA,-0.5,-1.622812032699585
IsPETaseWT_rand_C273Y,-1.8039132,NA,NA,-0.5,-2.3039132356643677
IsPETaseWT_rand_R132C,-2.092323,NA,NA,-0.5,-2.592323064804077
IsPETaseWT_rand_T189I,-1.0831327,NA,NA,-0.5,-1.5831327438354492
IsPETaseWT_rand_N37A,-1.1510824,NA,NA,-0.5,-1.6510823965072632
IsPETaseWT_rand_Y32N,-1.0702829,NA,NA,-0.5,-1.5702829360961914
IsPETaseWT_rand_N190C,-1.7046357,NA,NA,-0.5,-2.204635739326477
IsPETaseWT_rand_I111V,-1.0702829,NA,NA,-0.5,-1.5702829360961914
IsPETaseWT_rand_F50E,-1.1174515,NA,NA,-0.5,-1.617451548576355
IsPETaseWT_rand_L199H,-1.1547866,NA,NA,-0.5,-1.6547865867614746
IsPETaseWT_rand_P99V,-1.0831327,NA,NA,-0.5,-1.5831327438354492
IsPETaseWT_rand_M128Y,-1.1078632,NA,NA,-0.5,-1.607863187789917
IsPETaseWT_rand_S92W,-1.0702829,NA,NA,-0.5,-1.5702829360961914
IsPETaseWT_rand_F55Y,-1.088116,NA,NA,-0.5,-1.5881160497665405
IsPETaseWT_rand_W185R,-1.1381464,NA,NA,-0.5,-1.6381464004516602
IsPETaseWT_rand_G86H,-1.7812991,NA,NA,-0.5,-2.281299114227295
IsPETaseWT_rand_M262N,-1.4754966,NA,NA,-0.5,-1.9754966497421265
IsPETaseWT_rand_G163W,-0.9580294,NA,NA,-0.5,-1.4580293893814087
IsPETaseWT_rand_I168P,-2.0932553,NA,NA,-0.5,-2.5932552814483643
IsPETaseWT_rand_V194W,-1.162582,NA,NA,-0.5,-1.6625820398330688
IsPETaseWT_rand_G234S,-1.0702829,NA,NA,-0.5,-1.5702829360961914
IsPETaseWT_rand_N205A,-1.0702829,NA,NA,-0.5,-1.5702829360961914
IsPETaseWT_rand_P4L,-1.0831327,NA,NA,-0.5,-1.5831327438354492
IsPETaseWT_rand_N114H,-1.1505457,NA,NA,-0.5,-1.6505457162857056
IsPETaseWT_rand_D265W,-1.181175,NA,NA,-0.5,-1.6811749935150146
IsPETaseWT_rand_A80F,-1.0625899,NA,NA,-0.5,-1.5625898838043213
IsPETaseWT_rand_A20S,-0.86647713,NA,NA,-0.5,-1.366477131843567
IsPETaseWT_rand_P71K,-1.0797472,NA,NA,-0.5,-1.579747200012207
IsPETaseWT_rand_T189Y,-1.0702829,NA,NA,-0.5,-1.5702829360961914
IsPETaseWT_rand_M128I,-1.0702829,NA,NA,-0.5,-1.5702829360961914
IsPETaseWT_rand_R132L,-1.1344342,NA,NA,-0.5,-1.6344342231750488
IsPETaseWT_rand_G48Y,-1.067137,NA,NA,-0.5,-1.5671370029449463
IsPETaseWT_rand_S207Y,-1.1154796,NA,NA,-0.5,-1.615479588508606
IsPETaseWT_rand_A89T,-1.0702829,NA,NA,-0.5,-1.5702829360961914
IsPETaseWT_rand_P49L,-1.0702829,NA,NA,-0.5,-1.5702829360961914
IsPETaseWT_rand_A20Y,-1.7637662,NA,NA,-0.5,-2.2637661695480347
IsPETaseWT_rand_P197D,-1.7046357,NA,NA,-0.5,-2.204635739326477
IsPETaseWT_rand_T29M,-0.8405778,NA,NA,-0.5,-1.340577781200409
IsPETaseWT_rand_L216E,-1.1644961,NA,NA,-0.5,-1.6644960641860962
IsPETaseWT_rand_L117A,-1.0702829,NA,NA,-0.5,-1.5702829360961914
IsPETaseWT_rand_M157V,-1.0702829,NA,NA,-0.5,-1.5702829360961914
IsPETaseWT_rand_R280Y,-1.1541814,NA,NA,-0.5,-1.6541813611984253
IsPETaseWT_rand_C203S,-1.0831327,NA,NA,-0.5,-1.5831327438354492
IsPETaseWT_rand_M262D,-1.7519672,NA,NA,-0.5,-2.251967191696167
IsPETaseWT_rand_N114R,-0.84532994,NA,NA,-0.5,-1.3453299403190613
IsPETaseWT_rand_V149P,-1.1522673,NA,NA,-0.5,-1.652267336845398
IsPETaseWT_rand_G76F,-1.121797,NA,NA,-0.5,-1.62179696559906
IsPETaseWT_rand_P174D,-1.6483302,NA,NA,-0.5,-2.1483302116394043
IsPETaseWT_rand_Q247Y,-1.0702829,NA,NA,-0.5,-1.5702829360961914
IsPETaseWT_rand_T26W,-1.0370044,NA,NA,-0.5,-1.5370043516159058
IsPETaseWT_rand_S207K,-1.1522673,NA,NA,-0.5,-1.652267336845398
IsPETaseWT_rand_R260Q,-1.1796309,NA,NA,-0.5,-1.6796308755874634
IsPETaseWT_rand_T67F,-1.0831327,NA,NA,-0.5,-1.5831327438354492
IsPETaseWT_rand_I250W,-1.0702829,NA,NA,-0.5,-1.5702829360961914
IsPETaseWT_rand_A102T,-1.0702829,NA,NA,-0.5,-1.5702829360961914
IsPETaseWT_rand_A272K,-0.8904346,NA,NA,-0.5,-1.3904346227645874
IsPETaseWT_rand_S125D,-1.1154796,NA,NA,-0.5,-1.615479588508606
IsPETaseWT_rand_L137R,-1.0702829,NA,NA,-0.5,-1.5702829360961914
IsPETaseWT_rand_L167Y,-1.0702829,NA,NA,-0.5,-1.5702829360961914
IsPETaseWT_rand_P181S,-1.0831327,NA,NA,-0.5,-1.5831327438354492
IsPETaseWT_rand_G75S,-1.0702829,NA,NA,-0.5,-1.5702829360961914
IsPETaseWT_rand_S103N,-1.0702829,NA,NA,-0.5,-1.5702829360961914
IsPETaseWT_rand_K148A,-0.89663184,NA,NA,-0.5,-1.3966318368911743
IsPETaseWT_rand_K177E,-1.6418656,NA,NA,-0.5,-2.141865611076355
IsPETaseWT_rand_A171I,-1.1028799,NA,NA,-0.5,-1.6028798818588257
IsPETaseWT_rand_V194Y,-1.088116,NA,NA,-0.5,-1.5881160497665405
IsPETaseWT_rand_L131G,-1.0975803,NA,NA,-0.5,-1.5975803136825562
IsPETaseWT_rand_P31L,-1.0702829,NA,NA,-0.5,-1.5702829360961914
IsPETaseWT_rand_Q28S,-0.52362245,NA,NA,-0.5,-1.023622453212738
IsPETaseWT_rand_R5D,-1.8139664,NA,NA,-0.5,-2.313966393470764
IsPETaseWT_rand_L199I,-1.0702829,NA,NA,-0.5,-1.5702829360961914
IsPETaseWT_rand_V196T,-1.0702829,NA,NA,-0.5,-1.5702829360961914
IsPETaseWT_rand_T51M,-1.0443839,NA,NA,-0.5,-1.5443838834762573
IsPETaseWT_rand_K252W,-1.8732437,NA,NA,-0.5,-2.3732436895370483
IsPETaseWT_rand_S46G,-1.1138914,NA,NA,-0.5,-1.613891363143921
IsPETaseWT_rand_A102V,-1.0702829,NA,NA,-0.5,-1.5702829360961914
IsPETaseWT_rand_S238W,-1.1247168,NA,NA,-0.5,-1.6247167587280273
IsPETaseWT_rand_A12D,-1.6439077,NA,NA,-0.5,-2.14390766620636
IsPETaseWT_rand_Q127V,-1.0831327,NA,NA,-0.5,-1.5831327438354492
IsPETaseWT_rand_M157N,-1.0695368,NA,NA,-0.5,-1.569536805152893
IsPETaseWT_rand_G254Q,-1.0702829,NA,NA,-0.5,-1.5702829360961914
IsPETaseWT_rand_I81A,-1.3515555,NA,NA,-0.5,-1.8515554666519165
IsPETaseWT_rand_A179P,-0.9676683,NA,NA,-0.5,-1.4676682949066162
IsPETaseWT_rand_A183M,-1.0831327,NA,NA,-0.5,-1.5831327438354492
IsPETaseWT_rand_S121V,-1.0900301,NA,NA,-0.5,-1.5900300741195679
IsPETaseWT_rand_S142C,-2.1383045,NA,NA,-0.5,-2.6383044719696045
IsPETaseWT_rand_R132P,-0.99178666,NA,NA,-0.5,-1.4917866587638855
IsPETaseWT_rand_G16W,-1.7664549,NA,NA,-0.5,-2.2664549350738525
IsPETaseWT_rand_P144I,-1.0831327,NA,NA,-0.5,-1.5831327438354492
IsPETaseWT_rand_V78M,-1.0831327,NA,NA,-0.5,-1.5831327438354492
IsPETaseWT_rand_C203G,-1.147284,NA,NA,-0.5,-1.6472840309143066
IsPETaseWT_rand_L216I,-1.0702829,NA,NA,-0.5,-1.5702829360961914
IsPETaseWT_rand_G79R,-1.1039639,NA,NA,-0.5,-1.603963851928711
IsPETaseWT_rand_I232W,-1.1137385,NA,NA,-0.5,-1.6137385368347168
IsPETaseWT_rand_V68H,-1.088116,NA,NA,-0.5,-1.5881160497665405
IsPETaseWT_rand_P71Y,-1.3700945,NA,NA,-0.5,-1.8700945377349854
IsPETaseWT_rand_V281H,-1.1676364,NA,NA,-0.5,-1.6676363945007324
IsPETaseWT_rand_P71L,-1.0951024,NA,NA,-0.5,-1.5951024293899536
IsPETaseWT_rand_I81N,-2.2391038,NA,NA,-0.5,-2.7391037940979004
IsPETaseWT_rand_G35W,-1.1247168,NA,NA,-0.5,-1.6247167587280273
IsPETaseWT_rand_P276E,-1.0945841,NA,NA,-0.5,-1.5945841073989868
IsPETaseWT_rand_K95N,-1.0017232,NA,NA,-0.5,-1.5017231702804565
IsPETaseWT_rand_G75A,-1.0702829,NA,NA,-0.5,-1.5702829360961914
IsPETaseWT_rand_S213L,-1.1344342,NA,NA,-0.5,-1.6344342231750488
IsPETaseWT_rand_V78H,-1.1334857,NA,NA,-0.5,-1.6334856748580933
IsPETaseWT_rand_L137Y,-1.0702829,NA,NA,-0.5,-1.5702829360961914
IsPETaseWT_rand_Q119I,-1.0702829,NA,NA,-0.5,-1.5702829360961914
IsPETaseWT_rand_Q119A,-1.0702829,NA,NA,-0.5,-1.5702829360961914
IsPETaseWT_rand_W185D,-1.1323779,NA,NA,-0.5,-1.6323778629302979
IsPETaseWT_rand_F261T,-1.0702829,NA,NA,-0.5,-1.5702829360961914
IsPETaseWT_rand_S193G,-1.1317245,NA,NA,-0.5,-1.63172447681427
IsPETaseWT_rand_V84H,-1.1939653,NA,NA,-0.5,-1.6939653158187866
IsPETaseWT_rand_T116C,-2.0418942,NA,NA,-0.5,-2.5418941974639893
IsPETaseWT_rand_G139R,-1.0292953,NA,NA,-0.5,-1.5292953252792358
IsPETaseWT_rand_G105D,-0.9039805,NA,NA,-0.5,-1.4039804935455322
IsPETaseWT_rand_Q91S,-1.0702829,NA,NA,-0.5,-1.5702829360961914
IsPETaseWT_rand_S238I,-1.1344342,NA,NA,-0.5,-1.6344342231750488
IsPETaseWT_rand_S221P,-0.9306282,NA,NA,-0.5,-1.4306281805038452
IsPETaseWT_rand_S22P,-1.2082702,NA,NA,-0.5,-1.7082701921463013
IsPETaseWT_rand_G162Q,-2.7748413,NA,NA,-0.5,-3.27484130859375
IsPETaseWT_rand_S278V,-1.1344342,NA,NA,-0.5,-1.6344342231750488
IsPETaseWT_rand_A20V,-1.66118,NA,NA,-0.5,-2.161180019378662
IsPETaseWT_rand_S236C,-1.0702829,NA,NA,-0.5,-1.5702829360961914
IsPETaseWT_rand_Q126V,-1.0702829,NA,NA,-0.5,-1.5702829360961914
IsPETaseWT_rand_V21W,-1.1470935,NA,NA,-0.5,-1.6470935344696045
IsPETaseWT_rand_I200V,-1.0702829,NA,NA,-0.5,-1.5702829360961914
IsPETaseWT_rand_T26H,-1.0831327,NA,NA,-0.5,-1.5831327438354492
IsPETaseWT_rand_D150S,-1.3627993,NA,NA,-0.5,-1.8627992868423462
IsPETaseWT_rand_N205L,-1.0702829,NA,NA,-0.5,-1.5702829360961914
IsPETaseWT_rand_T151C,-2.3644614,NA,NA,-0.5,-2.8644614219665527
IsPETaseWT_rand_Y268F,-1.0831327,NA,NA,-0.5,-1.5831327438354492
IsPETaseWT_rand_N241S,-1.0702829,NA,NA,-0.5,-1.5702829360961914
IsPETaseWT_rand_S58G,-1.1344342,NA,NA,-0.5,-1.6344342231750488
IsPETaseWT_rand_D283G,-1.0831327,NA,NA,-0.5,-1.5831327438354492
IsPETaseWT_rand_C203R,-1.1039639,NA,NA,-0.5,-1.603963851928711
IsPETaseWT_rand_L167S,-1.8768684,NA,NA,-0.5,-2.3768683671951294
IsPETaseWT_rand_G235Y,-1.0315341,NA,NA,-0.5,-1.5315340757369995
IsPETaseWT_rand_H104S,-0.86647713,NA,NA,-0.5,-1.366477131843567
IsPETaseWT_rand_A47L,-1.0702829,NA,NA,-0.5,-1.5702829360961914
IsPETaseWT_rand_G64D,-1.1028799,NA,NA,-0.5,-1.6028798818588257
IsPETaseWT_rand_D265H,-1.2120326,NA,NA,-0.5,-1.7120325565338135
IsPETaseWT_rand_V196C,-1.1745337,NA,NA,-0.5,-1.674533724784851
IsPETaseWT_rand_T88M,-1.0831327,NA,NA,-0.5,-1.5831327438354492
IsPETaseWT_rand_T77G,-1.0831327,NA,NA,-0.5,-1.5831327438354492
IsPETaseWT_rand_A27R,-1.2720077,NA,NA,-0.5,-1.772007703781128
IsPETaseWT_rand_E231M,-0.92034066,NA,NA,-0.5,-1.420340657234192
IsPETaseWT_rand_S93E,-1.0945841,NA,NA,-0.5,-1.5945841073989868
IsPETaseWT_rand_S7R,-1.1344342,NA,NA,-0.5,-1.6344342231750488
IsPETaseWT_rand_M258T,-1.088116,NA,NA,-0.5,-1.5881160497665405
IsPETaseWT_rand_A256K,-0.95040727,NA,NA,-0.5,-1.4504072666168213
IsPETaseWT_rand_N212S,-1.0702829,NA,NA,-0.5,-1.5702829360961914
IsPETaseWT_rand_Q126W,-1.1334857,NA,NA,-0.5,-1.6334856748580933
IsPETaseWT_rand_V107C,-1.8858589,NA,NA,-0.5,-2.38585889339447
IsPETaseWT_rand_K95F,-1.4124377,NA,NA,-0.5,-1.9124376773834229
IsPETaseWT_rand_R153M,-1.3420589,NA,NA,-0.5,-1.8420588970184326
IsPETaseWT_rand_A45D,-1.7115331,NA,NA,-0.5,-2.2115330696105957
IsPETaseWT_rand_S92G,-1.0702829,NA,NA,-0.5,-1.5702829360961914
IsPETaseWT_rand_Y146W,-1.0831327,NA,NA,-0.5,-1.5831327438354492
IsPETaseWT_rand_G48M,-1.0443839,NA,NA,-0.5,-1.5443838834762573
IsPETaseWT_rand_L167P,-2.1105845,NA,NA,-0.5,-2.6105844974517822
IsPETaseWT_rand_A170V,-1.0831327,NA,NA,-0.5,-1.5831327438354492
IsPETaseWT_rand_V108H,-1.1513188,NA,NA,-0.5,-1.6513187885284424
IsPETaseWT_rand_N30E,-1.7338468,NA,NA,-0.5,-2.2338467836380005
IsPETaseWT_rand_E274D,-1.1344342,NA,NA,-0.5,-1.6344342231750488
IsPETaseWT_rand_G251M,-1.0831327,NA,NA,-0.5,-1.5831327438354492
IsPETaseWT_rand_Q133V,-1.1039639,NA,NA,-0.5,-1.603963851928711
IsPETaseWT_rand_A183G,-1.0702829,NA,NA,-0.5,-1.5702829360961914
IsPETaseWT_rand_M258V,-1.1039639,NA,NA,-0.5,-1.603963851928711
IsPETaseWT_rand_S93I,-1.1028799,NA,NA,-0.5,-1.6028798818588257
IsPETaseWT_rand_V149H,-1.1687063,NA,NA,-0.5,-1.6687062978744507
IsPETaseWT_rand_M1E,-1.6101624,NA,NA,-0.5,-2.110162377357483
IsPETaseWT_rand_S61H,-1.1921297,NA,NA,-0.5,-1.6921297311782837
IsPETaseWT_rand_A24N,-1.0942403,NA,NA,-0.5,-1.5942403078079224
IsPETaseWT_rand_H104M,-0.84609985,NA,NA,-0.5,-1.346099853515625
IsPETaseWT_rand_L131D,-1.0911986,NA,NA,-0.5,-1.5911985635757446
IsPETaseWT_rand_R59M,-1.7253313,NA,NA,-0.5,-2.2253313064575195
IsPETaseWT_rand_L176Q,-1.0209786,NA,NA,-0.5,-1.520978569984436
IsPETaseWT_rand_Y70S,-0.86647713,NA,NA,-0.5,-1.366477131843567
IsPETaseWT_rand_A240R,-1.0702829,NA,NA,-0.5,-1.5702829360961914
IsPETaseWT_rand_T29V,-1.0443839,NA,NA,-0.5,-1.5443838834762573
IsPETaseWT_rand_P144A,-1.0702829,NA,NA,-0.5,-1.5702829360961914
IsPETaseWT_rand_S175P,-0.81210315,NA,NA,-0.5,-1.3121031522750854
IsPETaseWT_rand_N277G,-1.1283294,NA,NA,-0.5,-1.6283293962478638
IsPETaseWT_rand_F201H,-1.1315717,NA,NA,-0.5,-1.631571650505066
IsPETaseWT_rand_G163C,-1.0702829,NA,NA,-0.5,-1.5702829360961914
IsPETaseWT_rand_A45T,-1.0702829,NA,NA,-0.5,-1.5702829360961914
IsPETaseWT_rand_S122N,-1.0702829,NA,NA,-0.5,-1.5702829360961914
IsPETaseWT_rand_G155H,-1.0884515,NA,NA,-0.5,-1.5884515047073364
IsPETaseWT_rand_S58N,-1.0702829,NA,NA,-0.5,-1.5702829360961914
IsPETaseWT_rand_A20I,-1.802515,NA,NA,-0.5,-2.3025150299072266
IsPETaseWT_rand_G48S,-1.0831327,NA,NA,-0.5,-1.5831327438354492
IsPETaseWT_rand_D263A,-1.1058857,NA,NA,-0.5,-1.6058857440948486
IsPETaseWT_rand_L176T,-0.9417639,NA,NA,-0.5,-1.4417638778686523
IsPETaseWT_rand_T51V,-1.0780649,NA,NA,-0.5,-1.5780649185180664
IsPETaseWT_rand_P60A,-1.0702829,NA,NA,-0.5,-1.5702829360961914
IsPETaseWT_rand_M161C,-1.4078187,NA,NA,-0.5,-1.9078186750411987
IsPETaseWT_rand_G243C,-1.0702829,NA,NA,-0.5,-1.5702829360961914
IsPETaseWT_rand_R53V,-1.686583,NA,NA,-0.5,-2.1865830421447754
IsPETaseWT_rand_M161A,-1.6661633,NA,NA,-0.5,-2.1661633253097534
IsPETaseWT_rand_M161H,-1.6277874,NA,NA,-0.5,-2.1277873516082764
IsPETaseWT_rand_S166H,-1.1334857,NA,NA,-0.5,-1.6334856748580933
IsPETaseWT_rand_P99L,-1.0831327,NA,NA,-0.5,-1.5831327438354492
IsPETaseWT_rand_G165S,-1.0702829,NA,NA,-0.5,-1.5702829360961914
IsPETaseWT_rand_S141E,-1.1097585,NA,NA,-0.5,-1.6097584962844849
IsPETaseWT_rand_R8W,-1.5921919,NA,NA,-0.5,-2.0921919345855713
IsPETaseWT_rand_R267E,-1.6935269,NA,NA,-0.5,-2.193526864051819
IsPETaseWT_rand_F106W,-1.1447489,NA,NA,-0.5,-1.6447489261627197
IsPETaseWT_rand_N73L,-1.0499058,NA,NA,-0.5,-1.549905776977539
IsPETaseWT_rand_N37L,-1.0702829,NA,NA,-0.5,-1.5702829360961914
IsPETaseWT_rand_S175W,-1.1444639,NA,NA,-0.5,-1.6444638967514038
IsPETaseWT_rand_L230C,-1.1474195,NA,NA,-0.5,-1.6474194526672363
IsPETaseWT_rand_T67A,-1.0702829,NA,NA,-0.5,-1.5702829360961914
IsPETaseWT_rand_F55Q,-1.088116,NA,NA,-0.5,-1.5881160497665405
IsPETaseWT_rand_Q28D,-1.0421664,NA,NA,-0.5,-1.5421663522720337
IsPETaseWT_rand_E231P,-0.918419,NA,NA,-0.5,-1.4184190034866333
IsPETaseWT_rand_V68D,-1.760375,NA,NA,-0.5,-2.2603750228881836
IsPETaseWT_rand_G243E,-1.064131,NA,NA,-0.5,-1.5641310214996338
IsPETaseWT_rand_S242T,-1.1344342,NA,NA,-0.5,-1.6344342231750488
IsPETaseWT_rand_A74L,-1.0702829,NA,NA,-0.5,-1.5702829360961914
IsPETaseWT_rand_I94N,-1.1137385,NA,NA,-0.5,-1.6137385368347168
IsPETaseWT_rand_I168S,-1.9436462,NA,NA,-0.5,-2.443646192550659
IsPETaseWT_rand_R34T,-1.1541814,NA,NA,-0.5,-1.6541813611984253
IsPETaseWT_rand_A180Y,-1.0702829,NA,NA,-0.5,-1.5702829360961914
IsPETaseWT_rand_N288D,-1.6305103,NA,NA,-0.5,-2.1305103302001953
IsPETaseWT_rand_G155W,-1.1607978,NA,NA,-0.5,-1.6607978343963623
IsPETaseWT_rand_S214I,-1.1344342,NA,NA,-0.5,-1.6344342231750488
IsPETaseWT_rand_S125W,-1.1129428,NA,NA,-0.5,-1.6129428148269653
IsPETaseWT_rand_L176H,-0.91979605,NA,NA,-0.5,-1.4197960495948792
IsPETaseWT_rand_S223Q,-1.1344342,NA,NA,-0.5,-1.6344342231750488
IsPETaseWT_rand_S121G,-1.1796309,NA,NA,-0.5,-1.6796308755874634
IsPETaseWT_rand_K253E,-1.6597816,NA,NA,-0.5,-2.159781575202942
IsPETaseWT_rand_N241M,-1.0831327,NA,NA,-0.5,-1.5831327438354492
IsPETaseWT_rand_N288E,-1.0980103,NA,NA,-0.5,-1.5980103015899658
IsPETaseWT_rand_L230G,-0.9927711,NA,NA,-0.5,-1.4927710890769958
IsPETaseWT_rand_G158Q,-2.1380932,NA,NA,-0.5,-2.6380932331085205
IsPETaseWT_rand_P36E,-1.1201864,NA,NA,-0.5,-1.620186448097229
IsPETaseWT_rand_W257C,-0.91446483,NA,NA,-0.5,-1.4144648313522339
IsPETaseWT_rand_A47I,-1.0831327,NA,NA,-0.5,-1.5831327438354492
IsPETaseWT_rand_T72Y,-1.0900301,NA,NA,-0.5,-1.5900300741195679
IsPETaseWT_rand_M1F,-1.502572,NA,NA,-0.5,-2.002571940422058
IsPETaseWT_rand_T77R,-1.1316912,NA,NA,-0.5,-1.6316912174224854
IsPETaseWT_rand_P276L,-1.0900301,NA,NA,-0.5,-1.5900300741195679
IsPETaseWT_rand_F201Y,-1.088116,NA,NA,-0.5,-1.5881160497665405
IsPETaseWT_rand_E231I,-1.1247168,NA,NA,-0.5,-1.6247167587280273
IsPETaseWT_rand_F106N,-1.6276332,NA,NA,-0.5,-2.127633213996887
IsPETaseWT_rand_V156Q,-1.344966,NA,NA,-0.5,-1.8449660539627075
IsPETaseWT_rand_A178E,-1.6409562,NA,NA,-0.5,-2.140956163406372
IsPETaseWT_rand_R5V,-1.0443839,NA,NA,-0.5,-1.5443838834762573
IsPETaseWT_rand_F191W,-1.0702829,NA,NA,-0.5,-1.5702829360961914
IsPETaseWT_rand_S290N,-1.0702829,NA,NA,-0.5,-1.5702829360961914
IsPETaseWT_rand_R224Y,-1.1344342,NA,NA,-0.5,-1.6344342231750488
IsPETaseWT_rand_C203N,-1.147284,NA,NA,-0.5,-1.6472840309143066
IsPETaseWT_rand_T72H,-1.1932015,NA,NA,-0.5,-1.6932015419006348
IsPETaseWT_rand_N288Q,-1.1344342,NA,NA,-0.5,-1.6344342231750488
IsPETaseWT_rand_D186R,-1.1039639,NA,NA,-0.5,-1.603963851928711
IsPETaseWT_rand_A65G,-1.0793564,NA,NA,-0.5,-1.5793564319610596
IsPETaseWT_rand_A6E,-1.8911669,NA,NA,-0.5,-2.391166925430298
IsPETaseWT_rand_L9F,-1.064131,NA,NA,-0.5,-1.5641310214996338
IsPETaseWT_rand_K253R,-1.0702829,NA,NA,-0.5,-1.5702829360961914
IsPETaseWT_rand_P71R,-1.1039639,NA,NA,-0.5,-1.603963851928711
IsPETaseWT_rand_S236Q,-1.0702829,NA,NA,-0.5,-1.5702829360961914
IsPETaseWT_rand_S93R,-1.0702829,NA,NA,-0.5,-1.5702829360961914
IsPETaseWT_rand_N264R,-1.0625899,NA,NA,-0.5,-1.5625898838043213
IsPETaseWT_rand_T286R,-1.1039639,NA,NA,-0.5,-1.603963851928711
IsPETaseWT_rand_D220A,-1.1681151,NA,NA,-0.5,-1.6681151390075684
IsPETaseWT_rand_K259I,-1.0702829,NA,NA,-0.5,-1.5702829360961914
IsPETaseWT_rand_T189C,-1.864129,NA,NA,-0.5,-2.3641289472579956
IsPETaseWT_rand_S58Y,-1.0512812,NA,NA,-0.5,-1.551281213760376
IsPETaseWT_rand_I250D,-1.0900301,NA,NA,-0.5,-1.5900300741195679
IsPETaseWT_rand_N73V,-1.0499058,NA,NA,-0.5,-1.549905776977539
IsPETaseWT_rand_Y268D,-1.0702829,NA,NA,-0.5,-1.5702829360961914
IsPETaseWT_rand_F271D,-1.0702829,NA,NA,-0.5,-1.5702829360961914
IsPETaseWT_rand_A40W,-1.0702829,NA,NA,-0.5,-1.5702829360961914
IsPETaseWT_rand_A6T,-1.0702829,NA,NA,-0.5,-1.5702829360961914
IsPETaseWT_rand_G235V,-1.147284,NA,NA,-0.5,-1.6472840309143066
IsPETaseWT_rand_N244Y,-1.0702829,NA,NA,-0.5,-1.5702829360961914
IsPETaseWT_rand_A171R,-1.0702829,NA,NA,-0.5,-1.5702829360961914
IsPETaseWT_rand_Q182L,-1.1283294,NA,NA,-0.5,-1.6283293962478638
IsPETaseWT_rand_V149G,-1.6239246,NA,NA,-0.5,-2.1239246129989624
IsPETaseWT_rand_M19L,-1.1344342,NA,NA,-0.5,-1.6344342231750488
IsPETaseWT_rand_V134C,-1.8966756,NA,NA,-0.5,-2.3966755867004395
IsPETaseWT_rand_N246Y,-1.0702829,NA,NA,-0.5,-1.5702829360961914
IsPETaseWT_rand_A65V,-1.0831327,NA,NA,-0.5,-1.5831327438354492
IsPETaseWT_rand_A40L,-1.0702829,NA,NA,-0.5,-1.5702829360961914
IsPETaseWT_rand_P144K,-1.1091179,NA,NA,-0.5,-1.609117865562439
IsPETaseWT_rand_R132A,-1.7124815,NA,NA,-0.5,-2.2124814987182617
IsPETaseWT_rand_V134I,-1.0702829,NA,NA,-0.5,-1.5702829360961914
IsPETaseWT_rand_K252G,-1.64731,NA,NA,-0.5,-2.1473100185394287
IsPETaseWT_rand_E274C,-0.89663184,NA,NA,-0.5,-1.3966318368911743
IsPETaseWT_rand_W257Q,-0.9505547,NA,NA,-0.5,-1.4505547285079956
IsPETaseWT_rand_V108Y,-1.1680087,NA,NA,-0.5,-1.6680086851119995
IsPETaseWT_rand_A178D,-1.5917113,NA,NA,-0.5,-2.0917112827301025
IsPETaseWT_rand_A27H,-1.0868806,NA,NA,-0.5,-1.5868805646896362
IsPETaseWT_rand_N241Q,-1.0702829,NA,NA,-0.5,-1.5702829360961914
IsPETaseWT_rand_Q247L,-1.0702829,NA,NA,-0.5,-1.5702829360961914
IsPETaseWT_rand_Q247W,-1.0702829,NA,NA,-0.5,-1.5702829360961914
IsPETaseWT_rand_P120Q,-1.0900301,NA,NA,-0.5,-1.5900300741195679
IsPETaseWT_rand_I232Q,-1.2860161,NA,NA,-0.5,-1.7860161066055298
IsPETaseWT_rand_G163V,-1.0499058,NA,NA,-0.5,-1.549905776977539
IsPETaseWT_rand_S22E,-1.755392,NA,NA,-0.5,-2.2553919553756714
IsPETaseWT_rand_P276N,-1.0702829,NA,NA,-0.5,-1.5702829360961914
IsPETaseWT_rand_R224K,-1.1781387,NA,NA,-0.5,-1.6781387329101562
IsPETaseWT_rand_L137E,-1.1330363,NA,NA,-0.5,-1.6330362558364868
IsPETaseWT_rand_L131Y,-1.1334857,NA,NA,-0.5,-1.6334856748580933
IsPETaseWT_rand_A202S,-1.0702829,NA,NA,-0.5,-1.5702829360961914
IsPETaseWT_rand_P174G,-1.0702829,NA,NA,-0.5,-1.5702829360961914
IsPETaseWT_rand_S213E,-1.0945841,NA,NA,-0.5,-1.5945841073989868
IsPETaseWT_rand_A272F,-1.1028799,NA,NA,-0.5,-1.6028798818588257
IsPETaseWT_rand_T113L,-1.147284,NA,NA,-0.5,-1.6472840309143066
IsPETaseWT_rand_L18A,-1.0677389,NA,NA,-0.5,-1.5677388906478882
IsPETaseWT_rand_G48C,-2.8661468,NA,NA,-0.5,-3.3661468029022217
IsPETaseWT_rand_K95E,-1.6378171,NA,NA,-0.5,-2.137817144393921
IsPETaseWT_rand_K95L,-1.2442156,NA,NA,-0.5,-1.7442156076431274
IsPETaseWT_rand_T39R,-1.1039639,NA,NA,-0.5,-1.603963851928711
IsPETaseWT_rand_N172C,-1.0831327,NA,NA,-0.5,-1.5831327438354492
IsPETaseWT_rand_Q133K,-0.8759414,NA,NA,-0.5,-1.3759413957595825
IsPETaseWT_rand_S92R,-1.0702829,NA,NA,-0.5,-1.5702829360961914
IsPETaseWT_rand_P36T,-1.0702829,NA,NA,-0.5,-1.5702829360961914
IsPETaseWT_rand_S103P,-0.84593415,NA,NA,-0.5,-1.3459341526031494
IsPETaseWT_rand_R53C,-3.7502303,NA,NA,-0.5,-4.250230312347412
IsPETaseWT_rand_M10T,-1.155529,NA,NA,-0.5,-1.6555290222167969
IsPETaseWT_rand_T77A,-1.0702829,NA,NA,-0.5,-1.5702829360961914
IsPETaseWT_rand_A170Q,-1.0702829,NA,NA,-0.5,-1.5702829360961914
IsPETaseWT_rand_N2V,-1.6760575,NA,NA,-0.5,-2.176057457923889
IsPETaseWT_rand_V255S,-0.97072774,NA,NA,-0.5,-1.4707277417182922
IsPETaseWT_rand_P36W,-1.0702829,NA,NA,-0.5,-1.5702829360961914
IsPETaseWT_rand_T116A,-1.0702829,NA,NA,-0.5,-1.5702829360961914
IsPETaseWT_rand_Y63W,-1.0931957,NA,NA,-0.5,-1.5931956768035889
IsPETaseWT_rand_A47P,-1.0702829,NA,NA,-0.5,-1.5702829360961914
IsPETaseWT_rand_N277M,-1.0831327,NA,NA,-0.5,-1.5831327438354492
IsPETaseWT_rand_S42R,-1.0497401,NA,NA,-0.5,-1.5497400760650635
IsPETaseWT_rand_Q91W,-1.0499058,NA,NA,-0.5,-1.549905776977539
IsPETaseWT_rand_V21P,-1.1137385,NA,NA,-0.5,-1.6137385368347168
IsPETaseWT_rand_F201E,-1.162582,NA,NA,-0.5,-1.6625820398330688
IsPETaseWT_rand_W185S,-1.3378649,NA,NA,-0.5,-1.837864875793457
IsPETaseWT_rand_E44S,-1.170037,NA,NA,-0.5,-1.670037031173706
IsPETaseWT_rand_G98F,-1.1028799,NA,NA,-0.5,-1.6028798818588257
IsPETaseWT_rand_A13Y,-1.6184582,NA,NA,-0.5,-2.1184581518173218
IsPETaseWT_rand_F201D,-0.9688138,NA,NA,-0.5,-1.4688137769699097
IsPETaseWT_rand_K259W,-1.5709326,NA,NA,-0.5,-2.070932626724243
IsPETaseWT_rand_N233A,-1.147284,NA,NA,-0.5,-1.6472840309143066
IsPETaseWT_rand_M19N,-1.1330553,NA,NA,-0.5,-1.633055329322815
IsPETaseWT_rand_F271S,-1.1137385,NA,NA,-0.5,-1.6137385368347168
IsPETaseWT_rand_G254A,-1.0831327,NA,NA,-0.5,-1.5831327438354492
IsPETaseWT_rand_R8G,-1.1154796,NA,NA,-0.5,-1.615479588508606
IsPETaseWT_rand_T88Y,-1.66118,NA,NA,-0.5,-2.161180019378662
IsPETaseWT_rand_A33F,-1.0831327,NA,NA,-0.5,-1.5831327438354492
IsPETaseWT_rand_R59T,-1.7124815,NA,NA,-0.5,-2.2124814987182617
IsPETaseWT_rand_T113D,-1.1873835,NA,NA,-0.5,-1.6873835325241089
IsPETaseWT_rand_H104R,-1.0702829,NA,NA,-0.5,-1.5702829360961914
IsPETaseWT_rand_P174Q,-1.0702829,NA,NA,-0.5,-1.5702829360961914
IsPETaseWT_rand_I168E,-1.1028799,NA,NA,-0.5,-1.6028798818588257
IsPETaseWT_rand_A89N,-1.0702829,NA,NA,-0.5,-1.5702829360961914
IsPETaseWT_rand_A215H,-1.0702829,NA,NA,-0.5,-1.5702829360961914
IsPETaseWT_rand_V21F,-1.1265883,NA,NA,-0.5,-1.6265883445739746
IsPETaseWT_rand_V52P,-1.088116,NA,NA,-0.5,-1.5881160497665405
IsPETaseWT_rand_K253D,-1.7239329,NA,NA,-0.5,-2.2239328622817993
IsPETaseWT_rand_P4A,-1.0831327,NA,NA,-0.5,-1.5831327438354492
IsPETaseWT_rand_S92D,-1.0817343,NA,NA,-0.5,-1.581734299659729
IsPETaseWT_rand_Y146Q,-1.0702829,NA,NA,-0.5,-1.5702829360961914
IsPETaseWT_rand_F106G,-1.4972559,NA,NA,-0.5,-1.9972559213638306
IsPETaseWT_rand_G139V,-1.0443839,NA,NA,-0.5,-1.5443838834762573
IsPETaseWT_rand_N233R,-1.1168137,NA,NA,-0.5,-1.6168136596679688
IsPETaseWT_rand_G155P,-1.4740571,NA,NA,-0.5,-1.9740570783615112
IsPETaseWT_rand_N275E,-1.6809272,NA,NA,-0.5,-2.1809271574020386
IsPETaseWT_rand_S187W,-1.1149592,NA,NA,-0.5,-1.6149592399597168
IsPETaseWT_rand_N241H,-1.0942403,NA,NA,-0.5,-1.5942403078079224
IsPETaseWT_rand_R100E,-1.6040719,NA,NA,-0.5,-2.104071855545044
IsPETaseWT_rand_T77S,-1.0831327,NA,NA,-0.5,-1.5831327438354492
IsPETaseWT_rand_M258G,-0.9990994,NA,NA,-0.5,-1.4990993738174438
IsPETaseWT_rand_A82D,-1.7056999,NA,NA,-0.5,-2.205699920654297
IsPETaseWT_rand_Y146H,-1.1265883,NA,NA,-0.5,-1.6265883445739746
IsPETaseWT_rand_A27W,-1.0377363,NA,NA,-0.5,-1.5377362966537476
IsPETaseWT_rand_Q91G,-1.0702829,NA,NA,-0.5,-1.5702829360961914
IsPETaseWT_rand_I168R,-1.1039639,NA,NA,-0.5,-1.603963851928711
IsPETaseWT_rand_A102N,-1.1334857,NA,NA,-0.5,-1.6334856748580933
IsPETaseWT_rand_I168K,-1.4151651,NA,NA,-0.5,-1.9151650667190552
IsPETaseWT_rand_T51I,-1.0443839,NA,NA,-0.5,-1.5443838834762573
IsPETaseWT_rand_V194I,-1.0702829,NA,NA,-0.5,-1.5702829360961914
IsPETaseWT_rand_P38T,-1.0702829,NA,NA,-0.5,-1.5702829360961914
IsPETaseWT_rand_K252C,-1.6160154,NA,NA,-0.5,-2.1160154342651367
IsPETaseWT_rand_A226G,-1.6628572,NA,NA,-0.5,-2.162857174873352
IsPETaseWT_rand_S92P,-1.1344342,NA,NA,-0.5,-1.6344342231750488
IsPETaseWT_rand_S238H,-1.1298431,NA,NA,-0.5,-1.6298431158065796
IsPETaseWT_rand_W185K,-0.9468925,NA,NA,-0.5,-1.446892499923706
IsPETaseWT_rand_H104N,-0.86647713,NA,NA,-0.5,-1.366477131843567
IsPETaseWT_rand_P31K,-1.1441158,NA,NA,-0.5,-1.6441158056259155
IsPETaseWT_rand_Y70E,-1.1286161,NA,NA,-0.5,-1.6286160945892334
IsPETaseWT_rand_S242R,-1.0702829,NA,NA,-0.5,-1.5702829360961914
IsPETaseWT_rand_A152H,-1.1815561,NA,NA,-0.5,-1.6815561056137085
IsPETaseWT_rand_F271T,-1.0702829,NA,NA,-0.5,-1.5702829360961914
IsPETaseWT_rand_I111Y,-1.0702829,NA,NA,-0.5,-1.5702829360961914
IsPETaseWT_rand_N246S,-1.0702829,NA,NA,-0.5,-1.5702829360961914
IsPETaseWT_rand_Q127M,-1.0831327,NA,NA,-0.5,-1.5831327438354492
IsPETaseWT_rand_N225Y,-1.1344342,NA,NA,-0.5,-1.6344342231750488
IsPETaseWT_rand_F3R,-0.9728403,NA,NA,-0.5,-1.4728403091430664
IsPETaseWT_rand_A23D,-1.7046357,NA,NA,-0.5,-2.204635739326477
IsPETaseWT_rand_L18R,-0.9330257,NA,NA,-0.5,-1.4330257177352905
IsPETaseWT_rand_N275Q,-1.0831327,NA,NA,-0.5,-1.5831327438354492
IsPETaseWT_rand_L249E,-1.1154796,NA,NA,-0.5,-1.615479588508606
IsPETaseWT_rand_G234T,-1.0702829,NA,NA,-0.5,-1.5702829360961914
IsPETaseWT_rand_S124D,-1.2359363,NA,NA,-0.5,-1.7359362840652466
IsPETaseWT_rand_V211H,-1.1137385,NA,NA,-0.5,-1.6137385368347168
IsPETaseWT_rand_L249M,-1.1265883,NA,NA,-0.5,-1.6265883445739746
IsPETaseWT_rand_I83S,-2.0356767,NA,NA,-0.5,-2.5356767177581787
IsPETaseWT_rand_N241F,-1.1541814,NA,NA,-0.5,-1.6541813611984253
IsPETaseWT_rand_F191S,-1.0702829,NA,NA,-0.5,-1.5702829360961914
IsPETaseWT_rand_V107D,-1.0514419,NA,NA,-0.5,-1.5514419078826904
IsPETaseWT_rand_N173C,-0.8602074,NA,NA,-0.5,-1.3602073788642883
IsPETaseWT_rand_R267N,-1.0702829,NA,NA,-0.5,-1.5702829360961914
IsPETaseWT_rand_S242C,-1.0702829,NA,NA,-0.5,-1.5702829360961914
IsPETaseWT_rand_N173I,-0.920819,NA,NA,-0.5,-1.4208189845085144
IsPETaseWT_rand_R280E,-1.6092309,NA,NA,-0.5,-2.109230875968933
IsPETaseWT_rand_A248Y,-1.0702829,NA,NA,-0.5,-1.5702829360961914
IsPETaseWT_rand_S166N,-1.0900301,NA,NA,-0.5,-1.5900300741195679
IsPETaseWT_rand_S192N,-1.088116,NA,NA,-0.5,-1.5881160497665405
IsPETaseWT_rand_R260V,-2.1841373,NA,NA,-0.5,-2.6841373443603516
IsPETaseWT_rand_Y63S,-1.0625899,NA,NA,-0.5,-1.5625898838043213
IsPETaseWT_rand_P276W,-1.0831327,NA,NA,-0.5,-1.5831327438354492
IsPETaseWT_rand_N190D,-1.1028799,NA,NA,-0.5,-1.6028798818588257
IsPETaseWT_rand_A202H,-1.0900301,NA,NA,-0.5,-1.5900300741195679
IsPETaseWT_rand_S142E,-1.1435038,NA,NA,-0.5,-1.6435037851333618
IsPETaseWT_rand_G76T,-1.0793564,NA,NA,-0.5,-1.5793564319610596
IsPETaseWT_rand_T151Q,-1.0702829,NA,NA,-0.5,-1.5702829360961914
IsPETaseWT_rand_V281F,-1.0900301,NA,NA,-0.5,-1.5900300741195679
IsPETaseWT_rand_N246P,-1.0831327,NA,NA,-0.5,-1.5831327438354492
IsPETaseWT_rand_I218S,-1.1447489,NA,NA,-0.5,-1.6447489261627197
IsPETaseWT_rand_Q11L,-1.2886198,NA,NA,-0.5,-1.7886197566986084
IsPETaseWT_rand_W97D,-0.8862242,NA,NA,-0.5,-1.3862242102622986
IsPETaseWT_rand_T270M,-1.0878396,NA,NA,-0.5,-1.5878396034240723
IsPETaseWT_rand_S213Y,-1.1344342,NA,NA,-0.5,-1.6344342231750488
IsPETaseWT_rand_K177N,-0.91067773,NA,NA,-0.5,-1.41067773103714
IsPETaseWT_rand_K252Y,-1.4484005,NA,NA,-0.5,-1.9484004974365234
IsPETaseWT_rand_L230S,-0.9190062,NA,NA,-0.5,-1.4190062284469604
IsPETaseWT_rand_V156Y,-1.2128189,NA,NA,-0.5,-1.7128188610076904
IsPETaseWT_rand_T88K,-0.90993273,NA,NA,-0.5,-1.4099327325820923
IsPETaseWT_rand_L117T,-1.0702829,NA,NA,-0.5,-1.5702829360961914
IsPETaseWT_rand_A25G,-1.0945841,NA,NA,-0.5,-1.5945841073989868
IsPETaseWT_rand_S236G,-1.0900301,NA,NA,-0.5,-1.5900300741195679
IsPETaseWT_rand_G147H,-1.1861485,NA,NA,-0.5,-1.6861485242843628
IsPETaseWT_rand_R90F,-1.1843377,NA,NA,-0.5,-1.6843377351760864
IsPETaseWT_rand_I83K,-1.0140103,NA,NA,-0.5,-1.5140103101730347
IsPETaseWT_rand_P60C,-2.936351,NA,NA,-0.5,-3.4363510608673096
IsPETaseWT_rand_G164Y,-1.2253858,NA,NA,-0.5,-1.7253857851028442
IsPETaseWT_rand_V134N,-1.0493672,NA,NA,-0.5,-1.5493671894073486
IsPETaseWT_rand_K95H,-1.1265883,NA,NA,-0.5,-1.6265883445739746
IsPETaseWT_rand_L18N,-0.8793269,NA,NA,-0.5,-1.37932687997818
IsPETaseWT_rand_Y63A,-0.84593415,NA,NA,-0.5,-1.3459341526031494
IsPETaseWT_rand_P210T,-1.0702829,NA,NA,-0.5,-1.5702829360961914
IsPETaseWT_rand_G165F,-1.1640466,NA,NA,-0.5,-1.6640466451644897
IsPETaseWT_rand_F3W,-1.6661764,NA,NA,-0.5,-2.166176438331604
IsPETaseWT_rand_V149Y,-1.0900301,NA,NA,-0.5,-1.5900300741195679
IsPETaseWT_rand_G76Y,-1.1425499,NA,NA,-0.5,-1.6425498723983765
IsPETaseWT_rand_F229N,-1.1137385,NA,NA,-0.5,-1.6137385368347168
IsPETaseWT_rand_S58T,-1.1344342,NA,NA,-0.5,-1.6344342231750488
IsPETaseWT_rand_T286E,-1.0443839,NA,NA,-0.5,-1.5443838834762573
IsPETaseWT_rand_I208K,-0.9740839,NA,NA,-0.5,-1.4740839004516602
IsPETaseWT_rand_G48N,-1.0315341,NA,NA,-0.5,-1.5315340757369995
IsPETaseWT_rand_T29H,-1.2514805,NA,NA,-0.5,-1.7514804601669312
IsPETaseWT_rand_S143H,-1.1644961,NA,NA,-0.5,-1.6644960641860962
IsPETaseWT_rand_T279R,-1.1912796,NA,NA,-0.5,-1.691279649734497
IsPETaseWT_rand_A45V,-1.0831327,NA,NA,-0.5,-1.5831327438354492
IsPETaseWT_rand_C203I,-1.1138914,NA,NA,-0.5,-1.613891363143921
IsPETaseWT_rand_D265C,-0.9488894,NA,NA,-0.5,-1.4488893747329712
IsPETaseWT_rand_A45I,-1.0831327,NA,NA,-0.5,-1.5831327438354492
IsPETaseWT_rand_L230R,-1.156493,NA,NA,-0.5,-1.6564929485321045
IsPETaseWT_rand_V84Q,-1.166238,NA,NA,-0.5,-1.6662379503250122
IsPETaseWT_rand_A215G,-1.0793564,NA,NA,-0.5,-1.5793564319610596
IsPETaseWT_rand_A45G,-1.0702829,NA,NA,-0.5,-1.5702829360961914
IsPETaseWT_rand_V107L,-1.0900301,NA,NA,-0.5,-1.5900300741195679
IsPETaseWT_rand_V194D,-1.7342464,NA,NA,-0.5,-2.2342463731765747
IsPETaseWT_rand_P4R,-1.0702829,NA,NA,-0.5,-1.5702829360961914
IsPETaseWT_rand_A240Y,-1.0702829,NA,NA,-0.5,-1.5702829360961914
IsPETaseWT_rand_P71H,-1.1049076,NA,NA,-0.5,-1.6049076318740845
IsPETaseWT_rand_W96P,-0.8755506,NA,NA,-0.5,-1.375550627708435
IsPETaseWT_rand_V149W,-1.1137385,NA,NA,-0.5,-1.6137385368347168
IsPETaseWT_rand_V255C,-1.1137385,NA,NA,-0.5,-1.6137385368347168
IsPETaseWT_rand_G155Y,-1.036853,NA,NA,-0.5,-1.5368529558181763
IsPETaseWT_rand_S290R,-0.9076508,NA,NA,-0.5,-1.4076508283615112
IsPETaseWT_rand_N2F,-1.0831327,NA,NA,-0.5,-1.5831327438354492
IsPETaseWT_rand_A135M,-1.0831327,NA,NA,-0.5,-1.5831327438354492
IsPETaseWT_rand_K148R,-0.8847383,NA,NA,-0.5,-1.3847383260726929
IsPETaseWT_rand_Q126A,-1.0702829,NA,NA,-0.5,-1.5702829360961914
IsPETaseWT_rand_G62L,-1.147284,NA,NA,-0.5,-1.6472840309143066
IsPETaseWT_rand_A256E,-1.1154796,NA,NA,-0.5,-1.615479588508606
IsPETaseWT_rand_I250Y,-1.0702829,NA,NA,-0.5,-1.5702829360961914
IsPETaseWT_rand_Q247E,-1.1028799,NA,NA,-0.5,-1.6028798818588257
IsPETaseWT_rand_N30F,-1.0831327,NA,NA,-0.5,-1.5831327438354492
IsPETaseWT_rand_Y70N,-0.9484613,NA,NA,-0.5,-1.4484612941741943
IsPETaseWT_rand_V84C,-1.5359684,NA,NA,-0.5,-2.0359684228897095
IsPETaseWT_rand_T140N,-1.0702829,NA,NA,-0.5,-1.5702829360961914
IsPETaseWT_rand_A25M,-1.7511963,NA,NA,-0.5,-2.251196265220642
IsPETaseWT_rand_D150V,-1.882661,NA,NA,-0.5,-2.382660984992981
IsPETaseWT_rand_R100G,-1.1137385,NA,NA,-0.5,-1.6137385368347168
IsPETaseWT_rand_S282M,-1.0831327,NA,NA,-0.5,-1.5831327438354492
IsPETaseWT_rand_G163M,-1.0499058,NA,NA,-0.5,-1.549905776977539
IsPETaseWT_rand_G139P,-1.0702829,NA,NA,-0.5,-1.5702829360961914
IsPETaseWT_rand_F50W,-1.1137385,NA,NA,-0.5,-1.6137385368347168
IsPETaseWT_rand_Q182F,-1.0945841,NA,NA,-0.5,-1.5945841073989868
IsPETaseWT_rand_S192T,-1.1435077,NA,NA,-0.5,-1.643507719039917
IsPETaseWT_rand_S213M,-1.0831327,NA,NA,-0.5,-1.5831327438354492
IsPETaseWT_rand_V84E,-1.757134,NA,NA,-0.5,-2.257133960723877
IsPETaseWT_rand_D112G,-1.162582,NA,NA,-0.5,-1.6625820398330688
IsPETaseWT_rand_W97V,-0.86647713,NA,NA,-0.5,-1.366477131843567
IsPETaseWT_rand_A40F,-1.0702829,NA,NA,-0.5,-1.5702829360961914
IsPETaseWT_rand_V68A,-1.088116,NA,NA,-0.5,-1.5881160497665405
IsPETaseWT_rand_M161P,-2.8149822,NA,NA,-0.5,-3.3149821758270264
IsPETaseWT_rand_T72R,-1.1168137,NA,NA,-0.5,-1.6168136596679688
IsPETaseWT_rand_G158F,-2.0108187,NA,NA,-0.5,-2.5108187198638916
IsPETaseWT_rand_V108F,-1.1154796,NA,NA,-0.5,-1.615479588508606
IsPETaseWT_rand_S58D,-1.1154796,NA,NA,-0.5,-1.615479588508606
IsPETaseWT_rand_S223C,-1.0702829,NA,NA,-0.5,-1.5702829360961914
IsPETaseWT_rand_L101E,-0.98436743,NA,NA,-0.5,-1.4843674302101135
IsPETaseWT_rand_A23E,-1.7356448,NA,NA,-0.5,-2.235644817352295
IsPETaseWT_rand_F106Y,-1.0702829,NA,NA,-0.5,-1.5702829360961914
IsPETaseWT_rand_S103G,-1.1022692,NA,NA,-0.5,-1.602269172668457
IsPETaseWT_rand_I83V,-1.0702829,NA,NA,-0.5,-1.5702829360961914
IsPETaseWT_rand_S124V,-1.1344342,NA,NA,-0.5,-1.6344342231750488
IsPETaseWT_rand_R8V,-1.66118,NA,NA,-0.5,-2.161180019378662
IsPETaseWT_rand_I145G,-1.0793564,NA,NA,-0.5,-1.5793564319610596
IsPETaseWT_rand_T279A,-1.0702829,NA,NA,-0.5,-1.5702829360961914
IsPETaseWT_rand_K95S,-1.2116187,NA,NA,-0.5,-1.7116186618804932
IsPETaseWT_rand_A183Q,-1.0702829,NA,NA,-0.5,-1.5702829360961914
IsPETaseWT_rand_R267I,-1.5788615,NA,NA,-0.5,-2.0788614749908447
IsPETaseWT_rand_V211E,-1.1380397,NA,NA,-0.5,-1.6380397081375122
IsPETaseWT_rand_S242E,-1.1283294,NA,NA,-0.5,-1.6283293962478638
IsPETaseWT_rand_T270F,-1.097812,NA,NA,-0.5,-1.5978120565414429
IsPETaseWT_rand_W257N,-0.87934434,NA,NA,-0.5,-1.3793443441390991
IsPETaseWT_rand_S169T,-1.0702829,NA,NA,-0.5,-1.5702829360961914
IsPETaseWT_rand_M161S,-1.4078187,NA,NA,-0.5,-1.9078186750411987
IsPETaseWT_rand_T116W,-1.1899456,NA,NA,-0.5,-1.6899455785751343
IsPETaseWT_rand_V211L,-1.0702829,NA,NA,-0.5,-1.5702829360961914
IsPETaseWT_rand_N190G,-1.1438985,NA,NA,-0.5,-1.6438984870910645
IsPETaseWT_rand_S7T,-1.0702829,NA,NA,-0.5,-1.5702829360961914
IsPETaseWT_rand_K227V,-1.147284,NA,NA,-0.5,-1.6472840309143066
IsPETaseWT_rand_I208Y,-1.0900301,NA,NA,-0.5,-1.5900300741195679
IsPETaseWT_rand_R53G,-1.604264,NA,NA,-0.5,-2.1042640209198
IsPETaseWT_rand_R34N,-1.0956854,NA,NA,-0.5,-1.595685362815857
IsPETaseWT_rand_P184T,-1.0702829,NA,NA,-0.5,-1.5702829360961914
IsPETaseWT_rand_D265L,-1.162344,NA,NA,-0.5,-1.662343978881836
IsPETaseWT_rand_G76S,-1.0702829,NA,NA,-0.5,-1.5702829360961914
IsPETaseWT_rand_T56E,-1.6905407,NA,NA,-0.5,-2.1905406713485718
IsPETaseWT_rand_A129T,-1.0702829,NA,NA,-0.5,-1.5702829360961914
IsPETaseWT_rand_M258I,-1.0702829,NA,NA,-0.5,-1.5702829360961914
IsPETaseWT_rand_Y69A,-1.088116,NA,NA,-0.5,-1.5881160497665405
IsPETaseWT_rand_P197M,-1.1342437,NA,NA,-0.5,-1.6342437267303467
IsPETaseWT_rand_S242H,-1.1298431,NA,NA,-0.5,-1.6298431158065796
IsPETaseWT_rand_V255T,-1.1547866,NA,NA,-0.5,-1.6547865867614746
IsPETaseWT_rand_V134W,-1.1897842,NA,NA,-0.5,-1.6897841691970825
IsPETaseWT_rand_D283A,-1.0702829,NA,NA,-0.5,-1.5702829360961914
IsPETaseWT_rand_G17R,-1.6068624,NA,NA,-0.5,-2.106862425804138
IsPETaseWT_rand_S61P,-1.1344342,NA,NA,-0.5,-1.6344342231750488
IsPETaseWT_rand_N233M,-1.0831327,NA,NA,-0.5,-1.5831327438354492
IsPETaseWT_rand_C239D,-1.2442156,NA,NA,-0.5,-1.7442156076431274
IsPETaseWT_rand_V255W,-1.1137385,NA,NA,-0.5,-1.6137385368347168
IsPETaseWT_rand_T29P,-1.092597,NA,NA,-0.5,-1.5925970077514648
IsPETaseWT_rand_Y146M,-0.8589496,NA,NA,-0.5,-1.358949601650238
IsPETaseWT_rand_Y32A,-1.1137385,NA,NA,-0.5,-1.6137385368347168
IsPETaseWT_rand_A24G,-1.0900301,NA,NA,-0.5,-1.5900300741195679
IsPETaseWT_rand_V14M,-1.1265883,NA,NA,-0.5,-1.6265883445739746
IsPETaseWT_rand_M222P,-1.0702829,NA,NA,-0.5,-1.5702829360961914
IsPETaseWT_rand_P184R,-1.0497401,NA,NA,-0.5,-1.5497400760650635
IsPETaseWT_rand_P181C,-1.0831327,NA,NA,-0.5,-1.5831327438354492
IsPETaseWT_rand_Q126I,-1.0702829,NA,NA,-0.5,-1.5702829360961914
IsPETaseWT_rand_M157E,-1.1383923,NA,NA,-0.5,-1.6383923292160034
IsPETaseWT_rand_Q11W,-1.6695288,NA,NA,-0.5,-2.169528841972351
IsPETaseWT_rand_C239R,-1.0702829,NA,NA,-0.5,-1.5702829360961914
IsPETaseWT_rand_R267Q,-1.1344342,NA,NA,-0.5,-1.6344342231750488
IsPETaseWT_rand_P174T,-1.0702829,NA,NA,-0.5,-1.5702829360961914
IsPETaseWT_rand_H104T,-0.86647713,NA,NA,-0.5,-1.366477131843567
IsPETaseWT_rand_R153Y,-1.1344342,NA,NA,-0.5,-1.6344342231750488
IsPETaseWT_rand_P49Y,-1.0702829,NA,NA,-0.5,-1.5702829360961914
IsPETaseWT_rand_P174K,-1.1591758,NA,NA,-0.5,-1.6591757535934448
IsPETaseWT_rand_G35Y,-1.0702829,NA,NA,-0.5,-1.5702829360961914
IsPETaseWT_rand_S221H,-1.1247168,NA,NA,-0.5,-1.6247167587280273
IsPETaseWT_rand_R280M,-1.0950553,NA,NA,-0.5,-1.595055341720581
IsPETaseWT_rand_S103Q,-1.1541814,NA,NA,-0.5,-1.6541813611984253
IsPETaseWT_rand_F284H,-1.1505457,NA,NA,-0.5,-1.6505457162857056
IsPETaseWT_rand_W96Y,-1.0900301,NA,NA,-0.5,-1.5900300741195679
IsPETaseWT_rand_K259H,-1.4917042,NA,NA,-0.5,-1.9917042255401611
IsPETaseWT_rand_A240G,-1.0702829,NA,NA,-0.5,-1.5702829360961914
IsPETaseWT_rand_A33I,-1.0831327,NA,NA,-0.5,-1.5831327438354492
IsPETaseWT_rand_R59F,-1.7526443,NA,NA,-0.5,-2.2526443004608154
IsPETaseWT_rand_Q126L,-1.0702829,NA,NA,-0.5,-1.5702829360961914
IsPETaseWT_rand_N241T,-1.0702829,NA,NA,-0.5,-1.5702829360961914
IsPETaseWT_rand_H104G,-0.84593415,NA,NA,-0.5,-1.3459341526031494
IsPETaseWT_rand_L15K,-0.89427704,NA,NA,-0.5,-1.394277036190033
IsPETaseWT_rand_Q91C,-1.2116442,NA,NA,-0.5,-1.711644172668457
IsPETaseWT_rand_T29D,-1.6318958,NA,NA,-0.5,-2.1318957805633545
IsPETaseWT_rand_G162M,-1.3377379,NA,NA,-0.5,-1.8377379179000854
IsPETaseWT_rand_A33R,-1.0702829,NA,NA,-0.5,-1.5702829360961914
IsPETaseWT_rand_S188D,-1.1589352,NA,NA,-0.5,-1.6589351892471313
IsPETaseWT_rand_N205F,-1.0702829,NA,NA,-0.5,-1.5702829360961914
IsPETaseWT_rand_R260E,-1.6726314,NA,NA,-0.5,-2.1726313829421997
IsPETaseWT_rand_F271Y,-1.0702829,NA,NA,-0.5,-1.5702829360961914
IsPETaseWT_rand_A272L,-1.0702829,NA,NA,-0.5,-1.5702829360961914
IsPETaseWT_rand_M258D,-1.5314014,NA,NA,-0.5,-2.0314013957977295
IsPETaseWT_rand_A74F,-1.0702829,NA,NA,-0.5,-1.5702829360961914
IsPETaseWT_rand_S141R,-1.083421,NA,NA,-0.5,-1.583420991897583
IsPETaseWT_rand_N212K,-1.0942403,NA,NA,-0.5,-1.5942403078079224
IsPETaseWT_rand_T29S,-1.2339327,NA,NA,-0.5,-1.7339327335357666
IsPETaseWT_rand_D283R,-1.2013173,NA,NA,-0.5,-1.701317310333252
IsPETaseWT_rand_Q247I,-1.0702829,NA,NA,-0.5,-1.5702829360961914
IsPETaseWT_rand_S143F,-1.1257926,NA,NA,-0.5,-1.6257926225662231
IsPETaseWT_rand_N190L,-1.0831327,NA,NA,-0.5,-1.5831327438354492
IsPETaseWT_rand_Q11C,-1.7273589,NA,NA,-0.5,-2.2273589372634888
IsPETaseWT_rand_A130W,-1.1028799,NA,NA,-0.5,-1.6028798818588257
IsPETaseWT_rand_T198L,-1.147284,NA,NA,-0.5,-1.6472840309143066
IsPETaseWT_rand_F229Q,-1.1447489,NA,NA,-0.5,-1.6447489261627197
IsPETaseWT_rand_R5P,-1.1154796,NA,NA,-0.5,-1.615479588508606
IsPETaseWT_rand_G164R,-1.1463355,NA,NA,-0.5,-1.646335482597351
IsPETaseWT_rand_L18K,-0.8405778,NA,NA,-0.5,-1.340577781200409
IsPETaseWT_rand_S245Q,-1.1344342,NA,NA,-0.5,-1.6344342231750488
IsPETaseWT_rand_V52G,-1.1513188,NA,NA,-0.5,-1.6513187885284424
IsPETaseWT_rand_V134T,-1.088116,NA,NA,-0.5,-1.5881160497665405
IsPETaseWT_rand_I218W,-1.1137385,NA,NA,-0.5,-1.6137385368347168
IsPETaseWT_rand_S169R,-1.0497401,NA,NA,-0.5,-1.5497400760650635
IsPETaseWT_rand_Y70A,-0.9306282,NA,NA,-0.5,-1.4306281805038452
IsPETaseWT_rand_I208H,-1.1137385,NA,NA,-0.5,-1.6137385368347168
IsPETaseWT_rand_A89Y,-1.0315341,NA,NA,-0.5,-1.5315340757369995
IsPETaseWT_rand_A215P,-1.0702829,NA,NA,-0.5,-1.5702829360961914
IsPETaseWT_rand_I94Q,-1.1137385,NA,NA,-0.5,-1.6137385368347168
IsPETaseWT_rand_A12W,-1.7645367,NA,NA,-0.5,-2.264536738395691
IsPETaseWT_rand_T77D,-1.7592963,NA,NA,-0.5,-2.2592962980270386
IsPETaseWT_rand_S61A,-1.1344342,NA,NA,-0.5,-1.6344342231750488
IsPETaseWT_rand_S61I,-1.1344342,NA,NA,-0.5,-1.6344342231750488
IsPETaseWT_rand_G105I,-0.8587839,NA,NA,-0.5,-1.3587839007377625
IsPETaseWT_rand_L137M,-1.0831327,NA,NA,-0.5,-1.5831327438354492
IsPETaseWT_rand_T67Q,-1.0831327,NA,NA,-0.5,-1.5831327438354492
IsPETaseWT_rand_L15M,-1.0443839,NA,NA,-0.5,-1.5443838834762573
IsPETaseWT_rand_Y69M,-0.86647713,NA,NA,-0.5,-1.366477131843567
IsPETaseWT_rand_R132D,-1.7237245,NA,NA,-0.5,-2.2237244844436646
IsPETaseWT_rand_P49W,-1.0702829,NA,NA,-0.5,-1.5702829360961914
IsPETaseWT_rand_P31C,-2.7272046,NA,NA,-0.5,-3.2272045612335205
IsPETaseWT_rand_N172I,-1.1070901,NA,NA,-0.5,-1.6070901155471802
IsPETaseWT_rand_A130V,-1.0831327,NA,NA,-0.5,-1.5831327438354492
IsPETaseWT_rand_P197L,-1.7318684,NA,NA,-0.5,-2.2318683862686157
IsPETaseWT_rand_S92K,-1.0702829,NA,NA,-0.5,-1.5702829360961914
IsPETaseWT_rand_Y87T,-1.0702829,NA,NA,-0.5,-1.5702829360961914
IsPETaseWT_rand_A256N,-1.0702829,NA,NA,-0.5,-1.5702829360961914
IsPETaseWT_rand_N73K,-0.8827414,NA,NA,-0.5,-1.382741391658783
IsPETaseWT_rand_P60M,-1.0627556,NA,NA,-0.5,-1.5627555847167969
IsPETaseWT_rand_K259L,-1.0702829,NA,NA,-0.5,-1.5702829360961914
IsPETaseWT_rand_V255F,-1.0702829,NA,NA,-0.5,-1.5702829360961914
IsPETaseWT_rand_N288S,-1.6706442,NA,NA,-0.5,-2.170644164085388
IsPETaseWT_rand_Q28H,-0.5086723,NA,NA,-0.5,-1.008672297000885
IsPETaseWT_rand_T77C,-2.791179,NA,NA,-0.5,-3.2911789417266846
IsPETaseWT_rand_D118H,-1.0702829,NA,NA,-0.5,-1.5702829360961914
IsPETaseWT_rand_M19T,-1.1318206,NA,NA,-0.5,-1.631820559501648
IsPETaseWT_rand_G243R,-1.0702829,NA,NA,-0.5,-1.5702829360961914
IsPETaseWT_rand_P60T,-1.0702829,NA,NA,-0.5,-1.5702829360961914
IsPETaseWT_rand_V21R,-1.1123697,NA,NA,-0.5,-1.6123696565628052
IsPETaseWT_rand_P184W,-1.1138914,NA,NA,-0.5,-1.613891363143921
IsPETaseWT_rand_A256F,-0.86647713,NA,NA,-0.5,-1.366477131843567
IsPETaseWT_rand_F3V,-1.6027832,NA,NA,-0.5,-2.102783203125
IsPETaseWT_rand_S93Q,-1.0900301,NA,NA,-0.5,-1.5900300741195679
IsPETaseWT_rand_K259E,-1.6809272,NA,NA,-0.5,-2.1809271574020386
IsPETaseWT_rand_A170C,-1.0702829,NA,NA,-0.5,-1.5702829360961914
IsPETaseWT_rand_Y146E,-1.0627556,NA,NA,-0.5,-1.5627555847167969
IsPETaseWT_rand_G79A,-1.0831327,NA,NA,-0.5,-1.5831327438354492
IsPETaseWT_rand_N138A,-1.0831327,NA,NA,-0.5,-1.5831327438354492
IsPETaseWT_rand_A170D,-1.0702829,NA,NA,-0.5,-1.5702829360961914
IsPETaseWT_rand_T67H,-1.0702829,NA,NA,-0.5,-1.5702829360961914
IsPETaseWT_rand_S207D,-1.7063767,NA,NA,-0.5,-2.2063766717910767
IsPETaseWT_rand_Q11H,-1.0702829,NA,NA,-0.5,-1.5702829360961914
IsPETaseWT_rand_A209M,-1.0831327,NA,NA,-0.5,-1.5831327438354492
IsPETaseWT_rand_G79E,-1.1790878,NA,NA,-0.5,-1.67908775806427
IsPETaseWT_rand_R153T,-1.1435077,NA,NA,-0.5,-1.643507719039917
IsPETaseWT_rand_R224L,-1.147284,NA,NA,-0.5,-1.6472840309143066
IsPETaseWT_rand_T266H,-1.2323655,NA,NA,-0.5,-1.7323654890060425
IsPETaseWT_rand_N138Y,-1.2469145,NA,NA,-0.5,-1.7469145059585571
IsPETaseWT_rand_Y219D,-1.0002253,NA,NA,-0.5,-1.500225305557251
IsPETaseWT_rand_V21T,-1.1315717,NA,NA,-0.5,-1.631571650505066
IsPETaseWT_rand_L176S,-1.5451503,NA,NA,-0.5,-2.0451502799987793
IsPETaseWT_rand_W257T,-0.8851625,NA,NA,-0.5,-1.3851624727249146
IsPETaseWT_rand_V149R,-1.0793564,NA,NA,-0.5,-1.5793564319610596
IsPETaseWT_rand_A226E,-1.6351669,NA,NA,-0.5,-2.135166883468628
IsPETaseWT_rand_M154I,-1.202978,NA,NA,-0.5,-1.7029780149459839
IsPETaseWT_rand_A25W,-1.7196317,NA,NA,-0.5,-2.2196316719055176
IsPETaseWT_rand_A40D,-1.6917859,NA,NA,-0.5,-2.1917859315872192
IsPETaseWT_rand_D265R,-1.1168137,NA,NA,-0.5,-1.6168136596679688
IsPETaseWT_rand_S214E,-1.0945841,NA,NA,-0.5,-1.5945841073989868
IsPETaseWT_rand_A130P,-0.86647713,NA,NA,-0.5,-1.366477131843567
IsPETaseWT_rand_G235S,-1.0702829,NA,NA,-0.5,-1.5702829360961914
IsPETaseWT_rand_W96H,-1.1137385,NA,NA,-0.5,-1.6137385368347168
IsPETaseWT_rand_K95D,-1.6249673,NA,NA,-0.5,-2.124967336654663
IsPETaseWT_rand_Q133E,-1.6726314,NA,NA,-0.5,-2.1726313829421997
IsPETaseWT_rand_N225W,-1.170037,NA,NA,-0.5,-1.670037031173706
IsPETaseWT_rand_M10A,-1.1617316,NA,NA,-0.5,-1.6617316007614136
IsPETaseWT_rand_E204F,-0.9306282,NA,NA,-0.5,-1.4306281805038452
IsPETaseWT_rand_S7G,-1.1541814,NA,NA,-0.5,-1.6541813611984253
IsPETaseWT_rand_A248S,-1.0702829,NA,NA,-0.5,-1.5702829360961914
IsPETaseWT_rand_V156N,-1.9210722,NA,NA,-0.5,-2.421072244644165
IsPETaseWT_rand_E204M,-0.89381194,NA,NA,-0.5,-1.3938119411468506
IsPETaseWT_rand_A45M,-1.0831327,NA,NA,-0.5,-1.5831327438354492
IsPETaseWT_rand_A12F,-1.7637662,NA,NA,-0.5,-2.2637661695480347
IsPETaseWT_rand_G86F,-1.5199355,NA,NA,-0.5,-2.0199354887008667
IsPETaseWT_rand_L230T,-1.1120734,NA,NA,-0.5,-1.6120734214782715
IsPETaseWT_rand_S125H,-1.1137385,NA,NA,-0.5,-1.6137385368347168
IsPETaseWT_rand_T151Y,-1.2244685,NA,NA,-0.5,-1.724468469619751
IsPETaseWT_rand_A202D,-1.7369826,NA,NA,-0.5,-2.236982583999634
IsPETaseWT_rand_N172A,-1.147284,NA,NA,-0.5,-1.6472840309143066
IsPETaseWT_rand_R53Q,-1.1541814,NA,NA,-0.5,-1.6541813611984253
IsPETaseWT_rand_S207T,-1.0702829,NA,NA,-0.5,-1.5702829360961914
IsPETaseWT_rand_T266Y,-1.0702829,NA,NA,-0.5,-1.5702829360961914
IsPETaseWT_rand_Y32T,-1.0702829,NA,NA,-0.5,-1.5702829360961914
IsPETaseWT_rand_M10R,-1.1315717,NA,NA,-0.5,-1.631571650505066
IsPETaseWT_rand_L216T,-1.0793564,NA,NA,-0.5,-1.5793564319610596
IsPETaseWT_rand_P99T,-1.0900301,NA,NA,-0.5,-1.5900300741195679
IsPETaseWT_rand_A178S,-1.0831327,NA,NA,-0.5,-1.5831327438354492
IsPETaseWT_rand_Q119V,-1.0702829,NA,NA,-0.5,-1.5702829360961914
IsPETaseWT_rand_F201R,-0.9517231,NA,NA,-0.5,-1.4517230987548828
IsPETaseWT_rand_D186T,-1.0793564,NA,NA,-0.5,-1.5793564319610596
IsPETaseWT_rand_I83H,-1.7591617,NA,NA,-0.5,-2.2591617107391357
IsPETaseWT_rand_I145D,-1.6917859,NA,NA,-0.5,-2.1917859315872192
IsPETaseWT_rand_G251F,-1.2244685,NA,NA,-0.5,-1.724468469619751
IsPETaseWT_rand_A89I,-1.0702829,NA,NA,-0.5,-1.5702829360961914
IsPETaseWT_rand_I81T,-1.8675636,NA,NA,-0.5,-2.3675636053085327
IsPETaseWT_rand_V52Q,-1.1513188,NA,NA,-0.5,-1.6513187885284424
IsPETaseWT_rand_A256M,-0.8793269,NA,NA,-0.5,-1.37932687997818
IsPETaseWT_rand_S121H,-1.0702829,NA,NA,-0.5,-1.5702829360961914
IsPETaseWT_rand_C289D,-1.9116545,NA,NA,-0.5,-2.411654472351074
IsPETaseWT_rand_A82H,-1.3541688,NA,NA,-0.5,-1.8541687726974487
IsPETaseWT_rand_L117E,-1.1463355,NA,NA,-0.5,-1.646335482597351
IsPETaseWT_rand_S115T,-1.0702829,NA,NA,-0.5,-1.5702829360961914
IsPETaseWT_rand_A183D,-1.0831327,NA,NA,-0.5,-1.5831327438354492
IsPETaseWT_rand_C289L,-1.1796309,NA,NA,-0.5,-1.6796308755874634
IsPETaseWT_rand_V78T,-1.1154796,NA,NA,-0.5,-1.615479588508606
IsPETaseWT_rand_S54C,-2.8764799,NA,NA,-0.5,-3.3764798641204834
IsPETaseWT_rand_V57E,-1.1562003,NA,NA,-0.5,-1.6562002897262573
IsPETaseWT_rand_S22V,-1.66604,NA,NA,-0.5,-2.1660399436950684
IsPETaseWT_rand_S187G,-1.0702829,NA,NA,-0.5,-1.5702829360961914
IsPETaseWT_rand_D263T,-1.0702829,NA,NA,-0.5,-1.5702829360961914
IsPETaseWT_rand_T51F,-1.0443839,NA,NA,-0.5,-1.5443838834762573
IsPETaseWT_rand_A215C,-1.0315341,NA,NA,-0.5,-1.5315340757369995
IsPETaseWT_rand_L176M,-1.0831327,NA,NA,-0.5,-1.5831327438354492
IsPETaseWT_rand_E44L,-1.170037,NA,NA,-0.5,-1.670037031173706
IsPETaseWT_rand_S192Q,-1.157347,NA,NA,-0.5,-1.6573469638824463
IsPETaseWT_rand_I218K,-1.1137385,NA,NA,-0.5,-1.6137385368347168
IsPETaseWT_rand_S238V,-1.1344342,NA,NA,-0.5,-1.6344342231750488
IsPETaseWT_rand_S187A,-1.0702829,NA,NA,-0.5,-1.5702829360961914
IsPETaseWT_rand_S175M,-1.1187356,NA,NA,-0.5,-1.6187355518341064
IsPETaseWT_rand_I208G,-0.9460267,NA,NA,-0.5,-1.4460266828536987
IsPETaseWT_rand_N225C,-1.0702829,NA,NA,-0.5,-1.5702829360961914
IsPETaseWT_rand_C203D,-1.7046357,NA,NA,-0.5,-2.204635739326477
IsPETaseWT_rand_V78Y,-1.3644222,NA,NA,-0.5,-1.8644222021102905
IsPETaseWT_rand_V156M,-0.9057052,NA,NA,-0.5,-1.405705213546753
IsPETaseWT_rand_P144V,-1.0702829,NA,NA,-0.5,-1.5702829360961914
IsPETaseWT_rand_G76Q,-1.0702829,NA,NA,-0.5,-1.5702829360961914
IsPETaseWT_rand_S282R,-1.1137385,NA,NA,-0.5,-1.6137385368347168
IsPETaseWT_rand_A102M,-1.0831327,NA,NA,-0.5,-1.5831327438354492
IsPETaseWT_rand_T279M,-1.0831327,NA,NA,-0.5,-1.5831327438354492
IsPETaseWT_rand_F201G,-1.1315717,NA,NA,-0.5,-1.631571650505066
IsPETaseWT_rand_T270W,-1.1493413,NA,NA,-0.5,-1.649341344833374
IsPETaseWT_rand_L15W,-1.7654297,NA,NA,-0.5,-2.265429735183716
IsPETaseWT_rand_M262E,-1.7313166,NA,NA,-0.5,-2.231316566467285
IsPETaseWT_rand_A183F,-1.0831327,NA,NA,-0.5,-1.5831327438354492
IsPETaseWT_rand_I232M,-1.1137385,NA,NA,-0.5,-1.6137385368347168
IsPETaseWT_rand_S175I,-1.0831327,NA,NA,-0.5,-1.5831327438354492
IsPETaseWT_rand_T72P,-1.0831327,NA,NA,-0.5,-1.5831327438354492
IsPETaseWT_rand_S54M,-1.0443839,NA,NA,-0.5,-1.5443838834762573
IsPETaseWT_rand_P99N,-1.1283294,NA,NA,-0.5,-1.6283293962478638
IsPETaseWT_rand_G235E,-1.0831327,NA,NA,-0.5,-1.5831327438354492
IsPETaseWT_rand_S213D,-1.1154796,NA,NA,-0.5,-1.615479588508606
IsPETaseWT_rand_D220G,-1.1681151,NA,NA,-0.5,-1.6681151390075684
IsPETaseWT_rand_Q247H,-1.1137385,NA,NA,-0.5,-1.6137385368347168
IsPETaseWT_rand_E231D,-1.0702829,NA,NA,-0.5,-1.5702829360961914
IsPETaseWT_rand_S290V,-1.1344342,NA,NA,-0.5,-1.6344342231750488
IsPETaseWT_rand_K259R,-1.0702829,NA,NA,-0.5,-1.5702829360961914
IsPETaseWT_rand_Q228T,-1.0702829,NA,NA,-0.5,-1.5702829360961914
IsPETaseWT_rand_A74V,-1.0702829,NA,NA,-0.5,-1.5702829360961914
IsPETaseWT_rand_T266V,-1.0980103,NA,NA,-0.5,-1.5980103015899658
IsPETaseWT_rand_S236T,-1.0702829,NA,NA,-0.5,-1.5702829360961914
IsPETaseWT_rand_S61Q,-1.1541814,NA,NA,-0.5,-1.6541813611984253
IsPETaseWT_rand_S61N,-1.0900301,NA,NA,-0.5,-1.5900300741195679
IsPETaseWT_rand_M157P,-1.9210722,NA,NA,-0.5,-2.421072244644165
IsPETaseWT_rand_A74G,-1.0702829,NA,NA,-0.5,-1.5702829360961914
IsPETaseWT_rand_I218C,-1.1547866,NA,NA,-0.5,-1.6547865867614746
IsPETaseWT_rand_M157L,-1.0702829,NA,NA,-0.5,-1.5702829360961914
IsPETaseWT_rand_I111G,-1.162582,NA,NA,-0.5,-1.6625820398330688
IsPETaseWT_rand_Y63V,-0.8587839,NA,NA,-0.5,-1.3587839007377625
IsPETaseWT_rand_W159Y,-1.0315341,NA,NA,-0.5,-1.5315340757369995
IsPETaseWT_rand_T195S,-1.802515,NA,NA,-0.5,-2.3025150299072266
IsPETaseWT_rand_V68F,-1.0702829,NA,NA,-0.5,-1.5702829360961914
IsPETaseWT_rand_I200K,-0.91799116,NA,NA,-0.5,-1.4179911613464355
IsPETaseWT_rand_R280C,-1.7764244,NA,NA,-0.5,-2.2764244079589844
IsPETaseWT_rand_G64W,-1.1187356,NA,NA,-0.5,-1.6187355518341064
IsPETaseWT_rand_V281Y,-1.0900301,NA,NA,-0.5,-1.5900300741195679
IsPETaseWT_rand_F271I,-1.0702829,NA,NA,-0.5,-1.5702829360961914
IsPETaseWT_rand_P276G,-1.0702829,NA,NA,-0.5,-1.5702829360961914
IsPETaseWT_rand_M10K,-1.1513188,NA,NA,-0.5,-1.6513187885284424
IsPETaseWT_rand_L230D,-1.1687063,NA,NA,-0.5,-1.6687062978744507
IsPETaseWT_rand_A24T,-1.0942403,NA,NA,-0.5,-1.5942403078079224
IsPETaseWT_rand_A226H,-1.1028799,NA,NA,-0.5,-1.6028798818588257
IsPETaseWT_rand_P197K,-1.1137385,NA,NA,-0.5,-1.6137385368347168
IsPETaseWT_rand_A47F,-1.0702829,NA,NA,-0.5,-1.5702829360961914
IsPETaseWT_rand_T51W,-1.1447489,NA,NA,-0.5,-1.6447489261627197
IsPETaseWT_rand_Y87L,-1.0499058,NA,NA,-0.5,-1.549905776977539
IsPETaseWT_rand_A74H,-1.1376959,NA,NA,-0.5,-1.6376959085464478
IsPETaseWT_rand_V211G,-1.0900301,NA,NA,-0.5,-1.5900300741195679
IsPETaseWT_rand_P31M,-1.0831327,NA,NA,-0.5,-1.5831327438354492
IsPETaseWT_rand_N30L,-1.147284,NA,NA,-0.5,-1.6472840309143066
IsPETaseWT_rand_Q133P,-1.1137385,NA,NA,-0.5,-1.6137385368347168
IsPETaseWT_rand_G62C,-2.401817,NA,NA,-0.5,-2.9018170833587646
IsPETaseWT_rand_N264V,-1.1267412,NA,NA,-0.5,-1.6267411708831787
IsPETaseWT_rand_N138C,-2.0980754,NA,NA,-0.5,-2.5980753898620605
IsPETaseWT_rand_L15R,-1.3844297,NA,NA,-0.5,-1.884429693222046
IsPETaseWT_rand_P120A,-1.0702829,NA,NA,-0.5,-1.5702829360961914
IsPETaseWT_rand_N138W,-1.221465,NA,NA,-0.5,-1.721464991569519
IsPETaseWT_rand_V211R,-1.0702829,NA,NA,-0.5,-1.5702829360961914
IsPETaseWT_rand_L43V,-1.0702829,NA,NA,-0.5,-1.5702829360961914
IsPETaseWT_rand_S193W,-1.137872,NA,NA,-0.5,-1.6378719806671143
IsPETaseWT_rand_Y87I,-1.0702829,NA,NA,-0.5,-1.5702829360961914
IsPETaseWT_rand_N241L,-1.1541814,NA,NA,-0.5,-1.6541813611984253
IsPETaseWT_rand_G86A,-1.6239246,NA,NA,-0.5,-2.1239246129989624
IsPETaseWT_rand_T140K,-1.1394671,NA,NA,-0.5,-1.6394671201705933
IsPETaseWT_rand_A24H,-1.1070901,NA,NA,-0.5,-1.6070901155471802
IsPETaseWT_rand_N277Y,-1.0900301,NA,NA,-0.5,-1.5900300741195679
IsPETaseWT_rand_P36L,-1.0702829,NA,NA,-0.5,-1.5702829360961914
IsPETaseWT_rand_S46P,-1.1344342,NA,NA,-0.5,-1.6344342231750488
IsPETaseWT_rand_N288K,-0.9228115,NA,NA,-0.5,-1.422811508178711
IsPETaseWT_rand_R224H,-1.1137385,NA,NA,-0.5,-1.6137385368347168
IsPETaseWT_rand_K177L,-1.8462889,NA,NA,-0.5,-2.3462889194488525
IsPETaseWT_rand_Q126M,-1.0831327,NA,NA,-0.5,-1.5831327438354492
IsPETaseWT_rand_N2T,-1.0702829,NA,NA,-0.5,-1.5702829360961914
IsPETaseWT_rand_A89R,-1.0702829,NA,NA,-0.5,-1.5702829360961914
IsPETaseWT_rand_S42D,-1.6935269,NA,NA,-0.5,-2.193526864051819
IsPETaseWT_rand_L230E,-1.1447489,NA,NA,-0.5,-1.6447489261627197
IsPETaseWT_rand_W185P,-1.6752789,NA,NA,-0.5,-2.175278902053833
IsPETaseWT_rand_Q91A,-1.0702829,NA,NA,-0.5,-1.5702829360961914
IsPETaseWT_rand_F191I,-1.0702829,NA,NA,-0.5,-1.5702829360961914
IsPETaseWT_rand_P144N,-1.0793564,NA,NA,-0.5,-1.5793564319610596
IsPETaseWT_rand_P120T,-1.0900301,NA,NA,-0.5,-1.5900300741195679
IsPETaseWT_rand_S187C,-1.0702829,NA,NA,-0.5,-1.5702829360961914
IsPETaseWT_rand_P144T,-1.0702829,NA,NA,-0.5,-1.5702829360961914
IsPETaseWT_rand_V108A,-1.1315717,NA,NA,-0.5,-1.631571650505066
IsPETaseWT_rand_L101Q,-1.4896019,NA,NA,-0.5,-1.9896018505096436
IsPETaseWT_rand_V57K,-0.88431025,NA,NA,-0.5,-1.384310245513916
IsPETaseWT_rand_R100Y,-1.6891186,NA,NA,-0.5,-2.1891186237335205
IsPETaseWT_rand_L117V,-1.0702829,NA,NA,-0.5,-1.5702829360961914
IsPETaseWT_rand_S221C,-1.0702829,NA,NA,-0.5,-1.5702829360961914
IsPETaseWT_rand_Y63T,-0.84593415,NA,NA,-0.5,-1.3459341526031494
IsPETaseWT_rand_A25L,-1.7294965,NA,NA,-0.5,-2.229496479034424
IsPETaseWT_rand_I232N,-1.2218648,NA,NA,-0.5,-1.7218648195266724
IsPETaseWT_rand_F3Q,-0.92819357,NA,NA,-0.5,-1.4281935691833496
IsPETaseWT_rand_A13K,-0.85024446,NA,NA,-0.5,-1.3502444624900818
IsPETaseWT_rand_M161D,-1.4778464,NA,NA,-0.5,-1.977846384048462
IsPETaseWT_rand_F50A,-1.0702829,NA,NA,-0.5,-1.5702829360961914
IsPETaseWT_rand_L249R,-1.1474195,NA,NA,-0.5,-1.6474194526672363
IsPETaseWT_rand_Q127E,-1.171785,NA,NA,-0.5,-1.6717849969863892
IsPETaseWT_rand_L176C,-1.1784298,NA,NA,-0.5,-1.6784298419952393
IsPETaseWT_rand_N172V,-1.1807057,NA,NA,-0.5,-1.6807056665420532
IsPETaseWT_rand_S122D,-1.1796309,NA,NA,-0.5,-1.6796308755874634
IsPETaseWT_rand_E231Y,-1.1337903,NA,NA,-0.5,-1.6337902545928955
IsPETaseWT_rand_Y32C,-3.3498528,NA,NA,-0.5,-3.8498528003692627
IsPETaseWT_rand_T195M,-0.8793269,NA,NA,-0.5,-1.37932687997818
IsPETaseWT_rand_Y32R,-1.3778875,NA,NA,-0.5,-1.877887487411499
IsPETaseWT_rand_R224D,-1.6293291,NA,NA,-0.5,-2.1293290853500366
IsPETaseWT_rand_S290C,-1.2142568,NA,NA,-0.5,-1.714256763458252
IsPETaseWT_rand_T151P,-1.1344342,NA,NA,-0.5,-1.6344342231750488
IsPETaseWT_rand_I208E,-1.1773459,NA,NA,-0.5,-1.677345871925354
IsPETaseWT_rand_S213I,-1.1344342,NA,NA,-0.5,-1.6344342231750488
IsPETaseWT_rand_A6S,-1.0702829,NA,NA,-0.5,-1.5702829360961914
IsPETaseWT_rand_M222E,-1.6225303,NA,NA,-0.5,-2.1225303411483765
IsPETaseWT_rand_A170Y,-1.0702829,NA,NA,-0.5,-1.5702829360961914
IsPETaseWT_rand_I218T,-1.1869633,NA,NA,-0.5,-1.6869633197784424
IsPETaseWT_rand_G66M,-1.11885,NA,NA,-0.5,-1.6188499927520752
IsPETaseWT_rand_D150P,-1.1279212,NA,NA,-0.5,-1.627921223640442
IsPETaseWT_rand_S122V,-1.1138914,NA,NA,-0.5,-1.613891363143921
IsPETaseWT_rand_H104D,-1.1028799,NA,NA,-0.5,-1.6028798818588257
IsPETaseWT_rand_A171Y,-1.0702829,NA,NA,-0.5,-1.5702829360961914
IsPETaseWT_rand_N173L,-1.1063639,NA,NA,-0.5,-1.6063638925552368
IsPETaseWT_rand_P217M,-1.0831327,NA,NA,-0.5,-1.5831327438354492
IsPETaseWT_rand_G235C,-1.0831327,NA,NA,-0.5,-1.5831327438354492
IsPETaseWT_rand_W257I,-0.9306282,NA,NA,-0.5,-1.4306281805038452
IsPETaseWT_rand_N2I,-1.0702829,NA,NA,-0.5,-1.5702829360961914
IsPETaseWT_rand_I250N,-1.1137385,NA,NA,-0.5,-1.6137385368347168
IsPETaseWT_rand_S207G,-1.0991036,NA,NA,-0.5,-1.599103569984436
IsPETaseWT_rand_W185A,-0.9488894,NA,NA,-0.5,-1.4488893747329712
IsPETaseWT_rand_Q228H,-1.0831327,NA,NA,-0.5,-1.5831327438354492
IsPETaseWT_rand_G16I,-1.8497412,NA,NA,-0.5,-2.349741220474243
IsPETaseWT_rand_R90I,-1.1843377,NA,NA,-0.5,-1.6843377351760864
IsPETaseWT_rand_L101A,-1.1547866,NA,NA,-0.5,-1.6547865867614746
IsPETaseWT_rand_Q91K,-1.0702829,NA,NA,-0.5,-1.5702829360961914
IsPETaseWT_rand_V52A,-1.088116,NA,NA,-0.5,-1.5881160497665405
IsPETaseWT_rand_P71Q,-1.1154796,NA,NA,-0.5,-1.615479588508606
