id,prediction,prediction_calibrated,prediction_wt_centered,prediction_calibrated_wt_centered
IsPETaseWT_pool_1280,20.014904,25.583134,12.893147,16.468926
IsPETaseWT_pool_429,19.478109,24.897465,12.356352,15.783257
IsPETaseWT_pool_88,19.324631,24.701421,12.202874,15.587213
IsPETaseWT_pool_703,19.236368,24.588679,12.114611,15.474472
IsPETaseWT_pool_514,19.149389,24.477578,12.027632,15.363370
IsPETaseWT_pool_3720,19.103544,24.419018,11.981787,15.304810
IsPETaseWT_pool_3568,19.048885,24.349200,11.927128,15.234992
IsPETaseWT_pool_3505,18.996637,24.282461,11.874880,15.168254
IsPETaseWT_pool_4808,18.827293,24.066152,11.705536,14.951944
IsPETaseWT_pool_4781,18.815451,24.051025,11.693694,14.936818
IsPETaseWT_pool_4338,18.812151,24.046810,11.690394,14.932603
IsPETaseWT_pool_1296,18.761923,23.982652,11.640166,14.868444
IsPETaseWT_pool_3882,18.584597,23.756146,11.462840,14.641939
IsPETaseWT_pool_3849,18.534990,23.692781,11.413233,14.578574
IsPETaseWT_pool_4951,18.426846,23.554645,11.305089,14.440437
IsPETaseWT_pool_3497,18.385084,23.501301,11.263327,14.387093
IsPETaseWT_pool_4963,18.349289,23.455578,11.227532,14.341371
IsPETaseWT_pool_3100,18.318899,23.416760,11.197142,14.302552
IsPETaseWT_pool_4680,18.290918,23.381019,11.169161,14.266811
IsPETaseWT_pool_1559,18.284916,23.373352,11.163159,14.259144
IsPETaseWT_pool_1620,18.284897,23.373328,11.163140,14.259120
IsPETaseWT_pool_2682,18.277870,23.364352,11.156113,14.250144
IsPETaseWT_pool_4835,18.249655,23.328312,11.127898,14.214104
IsPETaseWT_pool_3220,18.186789,23.248011,11.065032,14.133803
IsPETaseWT_pool_4164,18.041843,23.062865,10.920086,13.948658
IsPETaseWT_pool_3587,18.028736,23.046123,10.906979,13.931916
IsPETaseWT_pool_2132,17.986454,22.992115,10.864697,13.877907
IsPETaseWT_pool_4780,17.983202,22.987961,10.861445,13.873753
IsPETaseWT_pool_1780,17.967758,22.968234,10.846001,13.854026
IsPETaseWT_pool_2966,17.960531,22.959002,10.838774,13.844795
IsPETaseWT_pool_4218,17.956701,22.954110,10.834944,13.839902
IsPETaseWT_pool_4864,17.927057,22.916245,10.805300,13.802037
IsPETaseWT_pool_2622,17.926094,22.915015,10.804337,13.800807
IsPETaseWT_pool_1880,17.905209,22.888337,10.783452,13.774130
IsPETaseWT_pool_2049,17.869251,22.842407,10.747494,13.728199
IsPETaseWT_pool_4079,17.863998,22.835697,10.742241,13.721489
IsPETaseWT_pool_795,17.854675,22.823788,10.732918,13.709581
IsPETaseWT_pool_3668,17.852407,22.820891,10.730650,13.706684
IsPETaseWT_pool_2917,17.828880,22.790839,10.707123,13.676632
IsPETaseWT_pool_3609,17.823883,22.784456,10.702126,13.670249
IsPETaseWT_pool_4981,17.784029,22.733549,10.662272,13.619342
IsPETaseWT_pool_4636,17.770395,22.716134,10.648638,13.601926
IsPETaseWT_pool_3030,17.718922,22.650386,10.597165,13.536178
IsPETaseWT_pool_111,17.698475,22.624268,10.576718,13.510060
IsPETaseWT_pool_2511,17.690807,22.614473,10.569050,13.500265
IsPETaseWT_pool_984,17.688004,22.610893,10.566247,13.496685
IsPETaseWT_pool_4506,17.671476,22.589781,10.549719,13.475573
IsPETaseWT_pool_3230,17.647717,22.559433,10.525960,13.445225
IsPETaseWT_pool_120,17.643799,22.554428,10.522042,13.440220
IsPETaseWT_pool_4956,17.624918,22.530311,10.503161,13.416103
IsPETaseWT_pool_2453,17.613152,22.515281,10.491395,13.401074
IsPETaseWT_pool_3570,17.590338,22.486140,10.468581,13.371932
IsPETaseWT_pool_1062,17.561142,22.448847,10.439385,13.334639
IsPETaseWT_pool_3548,17.545568,22.428954,10.423811,13.314746
IsPETaseWT_pool_553,17.517351,22.392911,10.395594,13.278703
IsPETaseWT_pool_4526,17.487684,22.355016,10.365927,13.240808
IsPETaseWT_pool_1286,17.472952,22.336198,10.351195,13.221991
IsPETaseWT_pool_4127,17.456549,22.315246,10.334792,13.201038
IsPETaseWT_pool_115,17.453344,22.311152,10.331587,13.196945
IsPETaseWT_pool_3240,17.452534,22.310118,10.330777,13.195910
IsPETaseWT_pool_1754,17.438454,22.292133,10.316697,13.177925
IsPETaseWT_pool_279,17.413990,22.260884,10.292233,13.146676
IsPETaseWT_pool_1191,17.410458,22.256372,10.288701,13.142165
IsPETaseWT_pool_361,17.398855,22.241551,10.277098,13.127344
IsPETaseWT_pool_2316,17.383415,22.221829,10.261658,13.107622
IsPETaseWT_pool_4226,17.378017,22.214934,10.256260,13.100726
IsPETaseWT_pool_315,17.371132,22.206140,10.249375,13.091932
IsPETaseWT_pool_2166,17.354702,22.185153,10.232945,13.070945
IsPETaseWT_pool_3693,17.352978,22.182951,10.231221,13.068743
IsPETaseWT_pool_1825,17.350399,22.179657,10.228642,13.065449
IsPETaseWT_pool_2992,17.346020,22.174063,10.224263,13.059855
IsPETaseWT_pool_1155,17.345112,22.172903,10.223355,13.058696
IsPETaseWT_pool_2071,17.340130,22.166540,10.218373,13.052332
IsPETaseWT_pool_1300,17.335356,22.160442,10.213599,13.046234
IsPETaseWT_pool_1864,17.334005,22.158716,10.212248,13.044508
IsPETaseWT_pool_4081,17.279404,22.088972,10.157647,12.974764
IsPETaseWT_pool_1481,17.272898,22.080661,10.151141,12.966454
IsPETaseWT_pool_2839,17.272362,22.079977,10.150605,12.965769
IsPETaseWT_pool_3293,17.244183,22.043983,10.122426,12.929775
IsPETaseWT_pool_3639,17.215662,22.007552,10.093905,12.893344
IsPETaseWT_pool_3626,17.210943,22.001524,10.089186,12.887316
IsPETaseWT_pool_862,17.194687,21.980759,10.072930,12.866552
IsPETaseWT_pool_2088,17.188690,21.973099,10.066933,12.858892
IsPETaseWT_pool_1727,17.187576,21.971676,10.065819,12.857469
IsPETaseWT_pool_3327,17.186724,21.970588,10.064967,12.856380
IsPETaseWT_pool_1703,17.180643,21.962821,10.058886,12.848613
IsPETaseWT_pool_1454,17.176796,21.957907,10.055039,12.843699
IsPETaseWT_pool_2548,17.167791,21.946404,10.046034,12.832196
IsPETaseWT_pool_215,17.166336,21.944546,10.044579,12.830338
IsPETaseWT_pool_4805,17.158495,21.934530,10.036738,12.820322
IsPETaseWT_pool_866,17.151640,21.925774,10.029883,12.811566
IsPETaseWT_pool_4829,17.150452,21.924256,10.028695,12.810049
IsPETaseWT_pool_43,17.143648,21.915565,10.021891,12.801358
IsPETaseWT_pool_3547,17.120611,21.886139,9.998854,12.771932
IsPETaseWT_pool_2851,17.114704,21.878594,9.992947,12.764386
IsPETaseWT_pool_3926,17.107994,21.870023,9.986237,12.755815
IsPETaseWT_pool_3470,17.100225,21.860099,9.978468,12.745892
IsPETaseWT_pool_4477,17.097746,21.856933,9.975989,12.742725
IsPETaseWT_pool_1770,17.097216,21.856256,9.975459,12.742048
IsPETaseWT_pool_2987,17.093874,21.851987,9.972117,12.737779
IsPETaseWT_pool_789,17.068100,21.819065,9.946343,12.704857
IsPETaseWT_pool_4316,17.064938,21.815026,9.943181,12.700818
IsPETaseWT_pool_4320,17.064478,21.814438,9.942721,12.700231
IsPETaseWT_pool_2629,17.054773,21.802042,9.933016,12.687834
IsPETaseWT_pool_72,17.047016,21.792133,9.925259,12.677926
IsPETaseWT_pool_3283,17.044796,21.789298,9.923039,12.675090
IsPETaseWT_pool_2531,17.040655,21.784008,9.918898,12.669801
IsPETaseWT_pool_3512,17.036598,21.778826,9.914841,12.664618
IsPETaseWT_pool_2458,17.005499,21.739102,9.883742,12.624894
IsPETaseWT_pool_2342,17.004347,21.737631,9.882590,12.623423
IsPETaseWT_pool_3551,17.002377,21.735114,9.880620,12.620907
IsPETaseWT_pool_2717,16.999855,21.731893,9.878098,12.617685
IsPETaseWT_pool_4774,16.998158,21.729725,9.876401,12.615518
IsPETaseWT_pool_3746,16.996750,21.727927,9.874993,12.613719
IsPETaseWT_pool_690,16.995604,21.726463,9.873847,12.612255
IsPETaseWT_pool_2279,16.995163,21.725900,9.873406,12.611692
IsPETaseWT_pool_2768,16.993786,21.724141,9.872029,12.609933
IsPETaseWT_pool_4960,16.975182,21.700377,9.853425,12.586169
IsPETaseWT_pool_3190,16.973486,21.698211,9.851729,12.584003
IsPETaseWT_pool_1279,16.971409,21.695558,9.849652,12.581350
IsPETaseWT_pool_3156,16.969212,21.692751,9.847455,12.578544
IsPETaseWT_pool_2042,16.946192,21.663347,9.824435,12.549139
IsPETaseWT_pool_2611,16.942184,21.658227,9.820427,12.544020
IsPETaseWT_pool_1521,16.941893,21.657856,9.820136,12.543648
IsPETaseWT_pool_3533,16.938644,21.653706,9.816887,12.539498
IsPETaseWT_pool_1873,16.933554,21.647204,9.811797,12.532996
IsPETaseWT_pool_209,16.931004,21.643947,9.809247,12.529739
IsPETaseWT_pool_4785,16.923409,21.634245,9.801652,12.520038
IsPETaseWT_pool_3390,16.906338,21.612440,9.784581,12.498232
IsPETaseWT_pool_2829,16.901258,21.605951,9.779501,12.491743
IsPETaseWT_pool_4710,16.888464,21.589609,9.766707,12.475401
IsPETaseWT_pool_4592,16.876785,21.574691,9.755028,12.460483
IsPETaseWT_pool_4035,16.873512,21.570510,9.751755,12.456302
IsPETaseWT_pool_2986,16.868004,21.563474,9.746247,12.449267
IsPETaseWT_pool_2432,16.860674,21.554111,9.738917,12.439904
IsPETaseWT_pool_4587,16.845083,21.534196,9.723326,12.419989
IsPETaseWT_pool_2893,16.841942,21.530184,9.720185,12.415977
IsPETaseWT_pool_3104,16.838390,21.525647,9.716633,12.411440
IsPETaseWT_pool_2308,16.827494,21.511729,9.705737,12.397522
IsPETaseWT_pool_1830,16.821741,21.504381,9.699984,12.390173
IsPETaseWT_pool_3315,16.815205,21.496032,9.693448,12.381824
IsPETaseWT_pool_1098,16.813204,21.493476,9.691447,12.379268
IsPETaseWT_pool_678,16.807352,21.486001,9.685595,12.371793
IsPETaseWT_pool_1883,16.806767,21.485254,9.685010,12.371046
IsPETaseWT_pool_1961,16.806089,21.484388,9.684332,12.370180
IsPETaseWT_pool_509,16.801147,21.478075,9.679390,12.363868
IsPETaseWT_pool_3937,16.797430,21.473327,9.675673,12.359120
IsPETaseWT_pool_3160,16.794998,21.470221,9.673241,12.356013
IsPETaseWT_pool_4311,16.793137,21.467844,9.671380,12.353636
IsPETaseWT_pool_960,16.785955,21.458670,9.664198,12.344462
IsPETaseWT_pool_4978,16.778975,21.449754,9.657218,12.335546
IsPETaseWT_pool_1076,16.765459,21.432490,9.643702,12.318282
IsPETaseWT_pool_757,16.751907,21.415179,9.630150,12.300971
IsPETaseWT_pool_2291,16.751781,21.415018,9.630024,12.300810
IsPETaseWT_pool_1954,16.745230,21.406650,9.623473,12.292443
IsPETaseWT_pool_3221,16.742315,21.402927,9.620558,12.288719
IsPETaseWT_pool_3942,16.734224,21.392592,9.612467,12.278384
IsPETaseWT_pool_3610,16.733780,21.392025,9.612023,12.277817
IsPETaseWT_pool_1289,16.733328,21.391447,9.611571,12.277240
IsPETaseWT_pool_4713,16.733288,21.391396,9.611531,12.277189
IsPETaseWT_pool_2229,16.728544,21.385337,9.606787,12.271129
IsPETaseWT_pool_2047,16.725065,21.380893,9.603308,12.266685
IsPETaseWT_pool_4205,16.710957,21.362872,9.589200,12.248664
IsPETaseWT_pool_1170,16.691908,21.338540,9.570151,12.224332
IsPETaseWT_pool_1898,16.676357,21.318676,9.554600,12.204468
IsPETaseWT_pool_4643,16.676025,21.318252,9.554268,12.204044
IsPETaseWT_pool_4972,16.667971,21.307964,9.546214,12.193757
IsPETaseWT_pool_4974,16.632578,21.262755,9.510821,12.148548
IsPETaseWT_pool_4123,16.627621,21.256424,9.505864,12.142216
IsPETaseWT_pool_1261,16.623699,21.251414,9.501942,12.137206
IsPETaseWT_pool_617,16.623373,21.250998,9.501616,12.136790
IsPETaseWT_pool_4463,16.623236,21.250823,9.501479,12.136615
IsPETaseWT_pool_1576,16.622353,21.249695,9.500596,12.135487
IsPETaseWT_pool_345,16.617828,21.243915,9.496071,12.129707
IsPETaseWT_pool_2927,16.608767,21.232341,9.487010,12.118133
IsPETaseWT_pool_3737,16.606932,21.229997,9.485175,12.115789
IsPETaseWT_pool_1466,16.605650,21.228359,9.483893,12.114152
IsPETaseWT_pool_2221,16.600519,21.221805,9.478762,12.107598
IsPETaseWT_pool_3919,16.600143,21.221325,9.478386,12.107117
IsPETaseWT_pool_3979,16.596445,21.216601,9.474688,12.102394
IsPETaseWT_pool_3896,16.593412,21.212727,9.471655,12.098519
IsPETaseWT_pool_2501,16.590082,21.208474,9.468325,12.094266
IsPETaseWT_pool_4141,16.569201,21.181801,9.447444,12.067594
IsPETaseWT_pool_3959,16.565323,21.176848,9.443566,12.062640
IsPETaseWT_pool_665,16.557270,21.166562,9.435513,12.052354
IsPETaseWT_pool_4860,16.555899,21.164810,9.434142,12.050603
IsPETaseWT_pool_3022,16.545584,21.151635,9.423827,12.037427
IsPETaseWT_pool_2833,16.541817,21.146823,9.420060,12.032615
IsPETaseWT_pool_2655,16.540735,21.145441,9.418978,12.031233
IsPETaseWT_pool_1022,16.529100,21.130579,9.407343,12.016371
IsPETaseWT_pool_1712,16.527658,21.128737,9.405901,12.014529
IsPETaseWT_pool_811,16.527641,21.128715,9.405884,12.014508
IsPETaseWT_pool_4509,16.513153,21.110209,9.391396,11.996001
IsPETaseWT_pool_925,16.507004,21.102355,9.385247,11.988147
IsPETaseWT_pool_725,16.506533,21.101753,9.384776,11.987545
IsPETaseWT_pool_4001,16.505512,21.100449,9.383755,11.986241
IsPETaseWT_pool_3428,16.502495,21.096595,9.380738,11.982388
IsPETaseWT_pool_1488,16.501390,21.095184,9.379633,11.980976
IsPETaseWT_pool_1896,16.500565,21.094130,9.378808,11.979922
IsPETaseWT_pool_1872,16.499886,21.093263,9.378129,11.979055
IsPETaseWT_pool_2287,16.491913,21.083078,9.370156,11.968871
IsPETaseWT_pool_2665,16.491409,21.082435,9.369652,11.968227
IsPETaseWT_pool_116,16.475409,21.061997,9.353652,11.947790
IsPETaseWT_pool_4798,16.471861,21.057465,9.350104,11.943258
IsPETaseWT_pool_1547,16.468473,21.053138,9.346716,11.938930
IsPETaseWT_pool_2245,16.465103,21.048833,9.343346,11.934625
IsPETaseWT_pool_518,16.463753,21.047109,9.341996,11.932901
IsPETaseWT_pool_527,16.463257,21.046475,9.341500,11.932267
IsPETaseWT_pool_3387,16.451307,21.031211,9.329550,11.917003
IsPETaseWT_pool_4180,16.444366,21.022345,9.322609,11.908137
IsPETaseWT_pool_1445,16.424221,20.996613,9.302464,11.882405
IsPETaseWT_pool_3678,16.422901,20.994927,9.301144,11.880719
IsPETaseWT_pool_1343,16.418238,20.988970,9.296481,11.874763
IsPETaseWT_pool_2336,16.413700,20.983174,9.291943,11.868966
IsPETaseWT_pool_3847,16.410084,20.978555,9.288327,11.864347
IsPETaseWT_pool_4264,16.402609,20.969007,9.280852,11.854799
IsPETaseWT_pool_1971,16.392929,20.956642,9.271172,11.842435
IsPETaseWT_pool_95,16.392735,20.956394,9.270978,11.842187
IsPETaseWT_pool_3033,16.389360,20.952083,9.267603,11.837876
IsPETaseWT_pool_3074,16.388939,20.951546,9.267182,11.837338
IsPETaseWT_pool_2372,16.387909,20.950230,9.266152,11.836022
IsPETaseWT_pool_4583,16.364170,20.919907,9.242413,11.805700
IsPETaseWT_pool_4946,16.359749,20.914260,9.237992,11.800052
IsPETaseWT_pool_1558,16.356226,20.909760,9.234469,11.795552
IsPETaseWT_pool_3090,16.354527,20.907590,9.232770,11.793382
IsPETaseWT_pool_2507,16.352255,20.904688,9.230498,11.790480
IsPETaseWT_pool_4529,16.348675,20.900115,9.226918,11.785907
IsPETaseWT_pool_2235,16.347507,20.898623,9.225750,11.784415
IsPETaseWT_pool_4461,16.345621,20.896214,9.223864,11.782006
IsPETaseWT_pool_1997,16.340918,20.890207,9.219161,11.775999
IsPETaseWT_pool_3324,16.338182,20.886712,9.216425,11.772504
IsPETaseWT_pool_3232,16.323093,20.867438,9.201336,11.753230
IsPETaseWT_pool_3291,16.313990,20.855810,9.192233,11.741603
IsPETaseWT_pool_3312,16.302959,20.841720,9.181202,11.727512
IsPETaseWT_pool_4158,16.301464,20.839810,9.179707,11.725603
IsPETaseWT_pool_0,16.298622,20.836180,9.176865,11.721973
IsPETaseWT_pool_3787,16.281641,20.814490,9.159884,11.700282
IsPETaseWT_pool_1920,16.280207,20.812658,9.158450,11.698450
IsPETaseWT_pool_1784,16.269354,20.798795,9.147597,11.684587
IsPETaseWT_pool_4571,16.268860,20.798164,9.147103,11.683956
IsPETaseWT_pool_1814,16.251963,20.776581,9.130206,11.662373
IsPETaseWT_pool_3733,16.249516,20.773455,9.127759,11.659247
IsPETaseWT_pool_424,16.247318,20.770648,9.125561,11.656440
IsPETaseWT_pool_3838,16.242405,20.764372,9.120648,11.650164
IsPETaseWT_pool_2075,16.241865,20.763682,9.120108,11.649475
IsPETaseWT_pool_3739,16.241373,20.763054,9.119616,11.648846
IsPETaseWT_pool_4000,16.239878,20.761144,9.118121,11.646936
IsPETaseWT_pool_3516,16.231304,20.750192,9.109547,11.635985
IsPETaseWT_pool_4244,16.219860,20.735574,9.098103,11.621367
IsPETaseWT_pool_3644,16.218023,20.733228,9.096266,11.619020
IsPETaseWT_pool_1609,16.217846,20.733002,9.096089,11.618794
IsPETaseWT_pool_1066,16.217117,20.732071,9.095360,11.617863
IsPETaseWT_pool_900,16.214281,20.728448,9.092524,11.614240
IsPETaseWT_pool_2563,16.212496,20.726168,9.090739,11.611960
IsPETaseWT_pool_577,16.212103,20.725666,9.090346,11.611458
IsPETaseWT_pool_1599,16.209490,20.722328,9.087733,11.608121
IsPETaseWT_pool_3795,16.177721,20.681749,9.055964,11.567541
IsPETaseWT_pool_1935,16.177525,20.681498,9.055768,11.567291
IsPETaseWT_pool_4910,16.175989,20.679536,9.054232,11.565329
IsPETaseWT_pool_4852,16.174761,20.677968,9.053004,11.563760
IsPETaseWT_pool_3300,16.159843,20.658912,9.038086,11.544705
IsPETaseWT_pool_3475,16.159500,20.658474,9.037743,11.544267
IsPETaseWT_pool_4188,16.157253,20.655604,9.035496,11.541396
IsPETaseWT_pool_2361,16.155792,20.653738,9.034035,11.539530
IsPETaseWT_pool_2852,16.151340,20.648051,9.029583,11.533843
IsPETaseWT_pool_239,16.151264,20.647954,9.029507,11.533746
IsPETaseWT_pool_2558,16.144770,20.639659,9.023013,11.525451
IsPETaseWT_pool_4255,16.140261,20.633899,9.018504,11.519692
IsPETaseWT_pool_2227,16.123756,20.612817,9.001999,11.498609
IsPETaseWT_pool_560,16.118385,20.605956,8.996628,11.491749
IsPETaseWT_pool_525,16.116926,20.604093,8.995169,11.489885
IsPETaseWT_pool_2418,16.105803,20.589885,8.984046,11.475677
IsPETaseWT_pool_1822,16.105427,20.589405,8.983670,11.475197
IsPETaseWT_pool_2115,16.103935,20.587499,8.982178,11.473291
IsPETaseWT_pool_3401,16.095980,20.577338,8.974223,11.463130
IsPETaseWT_pool_2973,16.094357,20.575264,8.972600,11.461057
IsPETaseWT_pool_1766,16.092741,20.573200,8.970984,11.458993
IsPETaseWT_pool_2699,16.088688,20.568023,8.966931,11.453816
IsPETaseWT_pool_1716,16.083431,20.561308,8.961674,11.447101
IsPETaseWT_pool_2470,16.081139,20.558381,8.959382,11.444173
IsPETaseWT_pool_187,16.080154,20.557122,8.958397,11.442915
IsPETaseWT_pool_1475,16.077509,20.553744,8.955752,11.439536
IsPETaseWT_pool_3931,16.074997,20.550535,8.953240,11.436327
IsPETaseWT_pool_1682,16.072510,20.547358,8.950753,11.433151
IsPETaseWT_pool_2171,16.064245,20.536801,8.942488,11.422594
IsPETaseWT_pool_36,16.064150,20.536680,8.942393,11.422472
IsPETaseWT_pool_1735,16.063366,20.535678,8.941609,11.421471
IsPETaseWT_pool_3975,16.063021,20.535238,8.941264,11.421030
IsPETaseWT_pool_3521,16.058834,20.529890,8.937077,11.415682
IsPETaseWT_pool_1885,16.046976,20.514743,8.925219,11.400535
IsPETaseWT_pool_3851,16.042011,20.508401,8.920254,11.394193
IsPETaseWT_pool_2774,16.034380,20.498653,8.912623,11.384446
IsPETaseWT_pool_2749,16.034008,20.498178,8.912251,11.383971
IsPETaseWT_pool_1132,16.033518,20.497552,8.911761,11.383345
IsPETaseWT_pool_1474,16.029247,20.492097,8.907490,11.377889
IsPETaseWT_pool_4556,16.028908,20.491664,8.907151,11.377456
IsPETaseWT_pool_4551,16.027702,20.490123,8.905945,11.375916
IsPETaseWT_pool_4862,16.019543,20.479702,8.897786,11.365494
IsPETaseWT_pool_4664,16.018932,20.478921,8.897175,11.364713
IsPETaseWT_pool_298,16.018566,20.478454,8.896809,11.364246
IsPETaseWT_pool_4916,16.017027,20.476488,8.895270,11.362280
IsPETaseWT_pool_613,16.016747,20.476130,8.894990,11.361922
IsPETaseWT_pool_3392,16.013235,20.471644,8.891478,11.357436
IsPETaseWT_pool_2732,16.011990,20.470054,8.890233,11.355846
IsPETaseWT_pool_1642,16.011627,20.469590,8.889870,11.355382
IsPETaseWT_pool_1901,16.010826,20.468567,8.889069,11.354359
IsPETaseWT_pool_1918,16.006428,20.462949,8.884671,11.348742
IsPETaseWT_pool_861,16.003633,20.459379,8.881876,11.345171
IsPETaseWT_pool_716,15.993371,20.446271,8.871614,11.332063
IsPETaseWT_pool_563,15.988566,20.440133,8.866809,11.325926
IsPETaseWT_pool_2366,15.983010,20.433037,8.861253,11.318829
IsPETaseWT_pool_886,15.982963,20.432976,8.861206,11.318769
IsPETaseWT_pool_4291,15.979733,20.428851,8.857976,11.314643
IsPETaseWT_pool_3890,15.976306,20.424473,8.854549,11.310266
IsPETaseWT_pool_150,15.976235,20.424383,8.854478,11.310175
IsPETaseWT_pool_4562,15.963737,20.408418,8.841980,11.294211
IsPETaseWT_pool_143,15.963429,20.408025,8.841672,11.293817
IsPETaseWT_pool_4825,15.960589,20.404397,8.838832,11.290190
IsPETaseWT_pool_432,15.960399,20.404155,8.838642,11.289947
IsPETaseWT_pool_3166,15.959271,20.402714,8.837514,11.288506
IsPETaseWT_pool_2603,15.958890,20.402227,8.837133,11.288019
IsPETaseWT_pool_4851,15.956809,20.399569,8.835052,11.285361
IsPETaseWT_pool_2601,15.951509,20.392799,8.829752,11.278591
IsPETaseWT_pool_4975,15.945981,20.385738,8.824224,11.271530
IsPETaseWT_pool_2721,15.945773,20.385472,8.824016,11.271265
IsPETaseWT_pool_1884,15.940923,20.379277,8.819166,11.265069
IsPETaseWT_pool_3932,15.937469,20.374865,8.815712,11.260658
IsPETaseWT_pool_2179,15.936479,20.373601,8.814722,11.259393
IsPETaseWT_pool_3893,15.934592,20.371190,8.812835,11.256983
IsPETaseWT_pool_4298,15.932452,20.368457,8.810695,11.254249
IsPETaseWT_pool_4455,15.926498,20.360852,8.804741,11.246644
IsPETaseWT_pool_538,15.926012,20.360231,8.804255,11.246023
IsPETaseWT_pool_1516,15.923018,20.356406,8.801261,11.242199
IsPETaseWT_pool_2862,15.920491,20.353179,8.798734,11.238971
IsPETaseWT_pool_888,15.916653,20.348276,8.794896,11.234068
IsPETaseWT_pool_3226,15.916513,20.348097,8.794756,11.233890
IsPETaseWT_pool_4401,15.911414,20.341584,8.789657,11.227376
IsPETaseWT_pool_1055,15.910645,20.340602,8.788888,11.226394
IsPETaseWT_pool_947,15.905481,20.334006,8.783724,11.219798
IsPETaseWT_pool_4130,15.901865,20.329387,8.780108,11.215179
IsPETaseWT_pool_1500,15.901098,20.328407,8.779341,11.214199
IsPETaseWT_pool_1465,15.899916,20.326897,8.778159,11.212690
IsPETaseWT_pool_2055,15.898335,20.324878,8.776578,11.210670
IsPETaseWT_pool_3323,15.887407,20.310919,8.765650,11.196711
IsPETaseWT_pool_196,15.886618,20.309911,8.764861,11.195704
IsPETaseWT_pool_3757,15.881444,20.303302,8.759687,11.189095
IsPETaseWT_pool_1010,15.880844,20.302536,8.759087,11.188328
IsPETaseWT_pool_2447,15.872675,20.292101,8.750918,11.177894
IsPETaseWT_pool_4423,15.869120,20.287560,8.747363,11.173353
IsPETaseWT_pool_1931,15.868485,20.286749,8.746728,11.172542
IsPETaseWT_pool_4312,15.862807,20.279496,8.741050,11.165289
IsPETaseWT_pool_719,15.859806,20.275663,8.738049,11.161456
IsPETaseWT_pool_2653,15.850977,20.264386,8.729220,11.150178
IsPETaseWT_pool_1785,15.849252,20.262182,8.727495,11.147974
IsPETaseWT_pool_2456,15.846769,20.259011,8.725012,11.144803
IsPETaseWT_pool_2350,15.843786,20.255200,8.722029,11.140993
IsPETaseWT_pool_1376,15.842072,20.253011,8.720315,11.138803
IsPETaseWT_pool_4723,15.833350,20.241870,8.711593,11.127662
IsPETaseWT_pool_904,15.831900,20.240018,8.710143,11.125810
IsPETaseWT_pool_997,15.829439,20.236874,8.707682,11.122667
IsPETaseWT_pool_635,15.828455,20.235617,8.706698,11.121410
IsPETaseWT_pool_423,15.827852,20.234847,8.706095,11.120639
IsPETaseWT_pool_4712,15.825087,20.231315,8.703330,11.117108
IsPETaseWT_pool_327,15.823410,20.229173,8.701653,11.114965
IsPETaseWT_pool_1434,15.811442,20.213886,8.689685,11.099678
IsPETaseWT_pool_1789,15.810280,20.212402,8.688523,11.098194
IsPETaseWT_pool_219,15.803761,20.204075,8.682004,11.089867
IsPETaseWT_pool_4590,15.802137,20.202000,8.680380,11.087793
IsPETaseWT_pool_56,15.801552,20.201253,8.679795,11.087045
IsPETaseWT_pool_2847,15.799350,20.198440,8.677593,11.084233
IsPETaseWT_pool_1410,15.796371,20.194635,8.674614,11.080427
IsPETaseWT_pool_4363,15.792879,20.190175,8.671122,11.075967
IsPETaseWT_pool_781,15.790598,20.187261,8.668841,11.073053
IsPETaseWT_pool_320,15.785639,20.180927,8.663882,11.066719
IsPETaseWT_pool_2669,15.785519,20.180773,8.663762,11.066566
IsPETaseWT_pool_3865,15.785239,20.180416,8.663482,11.066208
IsPETaseWT_pool_1562,15.784508,20.179482,8.662751,11.065274
IsPETaseWT_pool_4064,15.777433,20.170445,8.655676,11.056237
IsPETaseWT_pool_3306,15.775887,20.168470,8.654130,11.054262
IsPETaseWT_pool_4896,15.765324,20.154978,8.643567,11.040770
IsPETaseWT_pool_890,15.763148,20.152198,8.641391,11.037990
IsPETaseWT_pool_463,15.762519,20.151395,8.640762,11.037187
IsPETaseWT_pool_4789,15.761970,20.150693,8.640213,11.036486
IsPETaseWT_pool_2368,15.760492,20.148805,8.638735,11.034598
IsPETaseWT_pool_2878,15.754766,20.141491,8.633009,11.027284
IsPETaseWT_pool_4645,15.754488,20.141136,8.632731,11.026929
IsPETaseWT_pool_4830,15.751757,20.137648,8.630000,11.023440
IsPETaseWT_pool_2338,15.751369,20.137152,8.629612,11.022945
IsPETaseWT_pool_1667,15.739384,20.121843,8.617627,11.007636
IsPETaseWT_pool_1686,15.736713,20.118432,8.614956,11.004224
IsPETaseWT_pool_746,15.733369,20.114160,8.611612,10.999953
IsPETaseWT_pool_1871,15.730489,20.110481,8.608732,10.996274
IsPETaseWT_pool_243,15.726494,20.105378,8.604737,10.991171
IsPETaseWT_pool_4682,15.722094,20.099758,8.600337,10.985551
IsPETaseWT_pool_4414,15.717449,20.093825,8.595692,10.979617
IsPETaseWT_pool_1048,15.717321,20.093661,8.595564,10.979454
IsPETaseWT_pool_338,15.712225,20.087152,8.590468,10.972944
IsPETaseWT_pool_3211,15.711261,20.085921,8.589504,10.971713
IsPETaseWT_pool_3706,15.707275,20.080829,8.585518,10.966622
IsPETaseWT_pool_4406,15.696807,20.067458,8.575050,10.953250
IsPETaseWT_pool_1723,15.695782,20.066149,8.574025,10.951941
IsPETaseWT_pool_1494,15.695606,20.065924,8.573849,10.951716
IsPETaseWT_pool_277,15.691512,20.060695,8.569755,10.946487
IsPETaseWT_pool_592,15.682684,20.049418,8.560927,10.935211
IsPETaseWT_pool_4297,15.674812,20.039363,8.553055,10.925155
IsPETaseWT_pool_2492,15.672756,20.036737,8.550999,10.922529
IsPETaseWT_pool_3788,15.670525,20.033887,8.548768,10.919679
IsPETaseWT_pool_127,15.663774,20.025264,8.542017,10.911056
IsPETaseWT_pool_2869,15.662171,20.023216,8.540414,10.909009
IsPETaseWT_pool_4280,15.657027,20.016646,8.535270,10.902438
IsPETaseWT_pool_1799,15.656405,20.015851,8.534648,10.901643
IsPETaseWT_pool_182,15.656212,20.015605,8.534455,10.901397
IsPETaseWT_pool_445,15.654972,20.014021,8.533215,10.899813
IsPETaseWT_pool_2062,15.653837,20.012571,8.532080,10.898363
IsPETaseWT_pool_4512,15.644083,20.000112,8.522326,10.885904
IsPETaseWT_pool_2403,15.642392,19.997952,8.520635,10.883744
IsPETaseWT_pool_2859,15.642375,19.997930,8.520618,10.883722
IsPETaseWT_pool_2812,15.640094,19.995016,8.518337,10.880809
IsPETaseWT_pool_2036,15.639126,19.993780,8.517369,10.879572
IsPETaseWT_pool_2357,15.638637,19.993155,8.516880,10.878948
IsPETaseWT_pool_1974,15.636119,19.989939,8.514362,10.875731
IsPETaseWT_pool_2155,15.633126,19.986116,8.511369,10.871908
IsPETaseWT_pool_2694,15.632325,19.985093,8.510568,10.870885
IsPETaseWT_pool_2676,15.628556,19.980278,8.506799,10.866071
IsPETaseWT_pool_3602,15.625554,19.976444,8.503797,10.862236
IsPETaseWT_pool_2517,15.618511,19.967448,8.496754,10.853240
IsPETaseWT_pool_1930,15.616926,19.965423,8.495169,10.851215
IsPETaseWT_pool_288,15.611549,19.958555,8.489792,10.844347
IsPETaseWT_pool_2870,15.609852,19.956387,8.488095,10.842179
IsPETaseWT_pool_1811,15.608750,19.954979,8.486993,10.840772
IsPETaseWT_pool_1486,15.608714,19.954933,8.486957,10.840726
IsPETaseWT_pool_3963,15.608130,19.954187,8.486373,10.839980
IsPETaseWT_pool_2428,15.605292,19.950562,8.483535,10.836355
IsPETaseWT_pool_78,15.602190,19.946600,8.480433,10.832392
IsPETaseWT_pool_1028,15.601055,19.945150,8.479298,10.830943
IsPETaseWT_pool_2225,15.600413,19.944330,8.478656,10.830123
IsPETaseWT_pool_4230,15.600173,19.944024,8.478416,10.829816
IsPETaseWT_pool_4840,15.597442,19.940535,8.475685,10.826328
IsPETaseWT_pool_4675,15.594261,19.936472,8.472504,10.822264
IsPETaseWT_pool_1045,15.592151,19.933777,8.470394,10.819569
IsPETaseWT_pool_4596,15.590992,19.932296,8.469235,10.818089
IsPETaseWT_pool_1719,15.590022,19.931057,8.468265,10.816850
IsPETaseWT_pool_4434,15.586411,19.926445,8.464654,10.812237
IsPETaseWT_pool_1322,15.584903,19.924519,8.463146,10.810311
IsPETaseWT_pool_1632,15.584609,19.924143,8.462852,10.809935
IsPETaseWT_pool_1644,15.583347,19.922531,8.461590,10.808323
IsPETaseWT_pool_4591,15.576291,19.913518,8.454534,10.799311
IsPETaseWT_pool_2882,15.572345,19.908478,8.450588,10.794270
IsPETaseWT_pool_1820,15.570523,19.906151,8.448766,10.791943
IsPETaseWT_pool_1159,15.570290,19.905853,8.448533,10.791645
IsPETaseWT_pool_90,15.565189,19.899337,8.443432,10.785130
IsPETaseWT_pool_2605,15.558852,19.891243,8.437095,10.777035
IsPETaseWT_pool_3943,15.556269,19.887943,8.434512,10.773736
IsPETaseWT_pool_1065,15.552336,19.882920,8.430579,10.768712
IsPETaseWT_pool_4764,15.548203,19.877640,8.426446,10.763433
IsPETaseWT_pool_403,15.541253,19.868763,8.419496,10.754555
IsPETaseWT_pool_4405,15.536343,19.862491,8.414586,10.748283
IsPETaseWT_pool_4236,15.535498,19.861412,8.413741,10.747204
IsPETaseWT_pool_4565,15.532016,19.856964,8.410259,10.742756
IsPETaseWT_pool_829,15.526101,19.849409,8.404344,10.735201
IsPETaseWT_pool_3227,15.524057,19.846798,8.402300,10.732590
IsPETaseWT_pool_2887,15.522298,19.844551,8.400541,10.730343
IsPETaseWT_pool_3929,15.516659,19.837348,8.394902,10.723140
IsPETaseWT_pool_3535,15.516297,19.836886,8.394540,10.722678
IsPETaseWT_pool_761,15.506064,19.823815,8.384307,10.709607
IsPETaseWT_pool_2740,15.504628,19.821980,8.382871,10.707773
IsPETaseWT_pool_4191,15.504302,19.821564,8.382545,10.707356
IsPETaseWT_pool_4984,15.500986,19.817328,8.379229,10.703121
IsPETaseWT_pool_318,15.496497,19.811594,8.374740,10.697387
IsPETaseWT_pool_2268,15.495377,19.810164,8.373620,10.695956
IsPETaseWT_pool_3844,15.492016,19.805870,8.370259,10.691663
IsPETaseWT_pool_4884,15.478801,19.788990,8.357044,10.674783
IsPETaseWT_pool_2786,15.478222,19.788251,8.356465,10.674043
IsPETaseWT_pool_2005,15.477377,19.787171,8.355620,10.672964
IsPETaseWT_pool_3295,15.471147,19.779214,8.349390,10.665006
IsPETaseWT_pool_1285,15.468787,19.776199,8.347030,10.661991
IsPETaseWT_pool_2121,15.454741,19.758258,8.332984,10.644050
IsPETaseWT_pool_415,15.450626,19.753001,8.328869,10.638794
IsPETaseWT_pool_1507,15.450480,19.752815,8.328723,10.638607
IsPETaseWT_pool_4261,15.449769,19.751907,8.328012,10.637699
IsPETaseWT_pool_2297,15.448783,19.750647,8.327026,10.636440
IsPETaseWT_pool_1744,15.448728,19.750577,8.326971,10.636369
IsPETaseWT_pool_2509,15.445822,19.746865,8.324065,10.632657
IsPETaseWT_pool_3111,15.443570,19.743988,8.321813,10.629781
IsPETaseWT_pool_985,15.443125,19.743420,8.321368,10.629212
IsPETaseWT_pool_3832,15.440114,19.739574,8.318357,10.625366
IsPETaseWT_pool_4421,15.438462,19.737464,8.316705,10.623256
IsPETaseWT_pool_3646,15.435929,19.734228,8.314172,10.620021
IsPETaseWT_pool_447,15.433235,19.730787,8.311478,10.616579
IsPETaseWT_pool_3359,15.430776,19.727646,8.309019,10.613439
IsPETaseWT_pool_4653,15.430264,19.726992,8.308507,10.612785
IsPETaseWT_pool_2188,15.426723,19.722469,8.304966,10.608261
IsPETaseWT_pool_1324,15.422993,19.717705,8.301236,10.603497
IsPETaseWT_pool_2363,15.422669,19.717291,8.300912,10.603083
IsPETaseWT_pool_1732,15.422043,19.716491,8.300286,10.602284
IsPETaseWT_pool_2791,15.421709,19.716065,8.299952,10.601857
IsPETaseWT_pool_2771,15.419694,19.713491,8.297937,10.599283
IsPETaseWT_pool_4855,15.419264,19.712941,8.297507,10.598734
IsPETaseWT_pool_4842,15.416190,19.709015,8.294433,10.594807
IsPETaseWT_pool_2545,15.415562,19.708213,8.293805,10.594005
IsPETaseWT_pool_4920,15.414222,19.706501,8.292465,10.592293
IsPETaseWT_pool_18,15.409773,19.700818,8.288016,10.586611
IsPETaseWT_pool_4633,15.400458,19.688920,8.278701,10.574712
IsPETaseWT_pool_3572,15.392982,19.679370,8.271225,10.565163
IsPETaseWT_pool_257,15.388294,19.673382,8.266537,10.559175
IsPETaseWT_pool_4190,15.387068,19.671816,8.265311,10.557609
IsPETaseWT_pool_216,15.384132,19.668066,8.262375,10.553858
IsPETaseWT_pool_1643,15.382374,19.665820,8.260617,10.551613
IsPETaseWT_pool_3688,15.375566,19.657124,8.253809,10.542917
IsPETaseWT_pool_3680,15.375559,19.657115,8.253802,10.542908
IsPETaseWT_pool_3177,15.375102,19.656532,8.253345,10.542324
IsPETaseWT_pool_2641,15.367376,19.646663,8.245619,10.532455
IsPETaseWT_pool_3536,15.366582,19.645649,8.244825,10.531441
IsPETaseWT_pool_4876,15.364637,19.643164,8.242880,10.528957
IsPETaseWT_pool_3325,15.358324,19.635100,8.236567,10.520893
IsPETaseWT_pool_3203,15.356282,19.632492,8.234525,10.518284
IsPETaseWT_pool_1824,15.352256,19.627349,8.230499,10.513142
IsPETaseWT_pool_1059,15.352158,19.627224,8.230401,10.513017
IsPETaseWT_pool_64,15.349932,19.624381,8.228175,10.510173
IsPETaseWT_pool_4159,15.349819,19.624237,8.228062,10.510029
IsPETaseWT_pool_3110,15.342875,19.615367,8.221118,10.501159
IsPETaseWT_pool_2733,15.342027,19.614284,8.220270,10.500076
IsPETaseWT_pool_1189,15.340342,19.612131,8.218585,10.497924
IsPETaseWT_pool_4113,15.339667,19.611269,8.217910,10.497061
IsPETaseWT_pool_4918,15.339289,19.610786,8.217532,10.496579
IsPETaseWT_pool_965,15.336885,19.607716,8.215128,10.493508
IsPETaseWT_pool_849,15.334665,19.604880,8.212908,10.490672
IsPETaseWT_pool_4197,15.332324,19.601890,8.210567,10.487682
IsPETaseWT_pool_2946,15.330371,19.599395,8.208614,10.485187
IsPETaseWT_pool_2532,15.326793,19.594825,8.205036,10.480617
IsPETaseWT_pool_4907,15.317944,19.583521,8.196187,10.469314
IsPETaseWT_pool_1512,15.315636,19.580573,8.193879,10.466366
IsPETaseWT_pool_4593,15.313007,19.577215,8.191250,10.463008
IsPETaseWT_pool_3664,15.311682,19.575523,8.189925,10.461315
IsPETaseWT_pool_4388,15.305548,19.567688,8.183791,10.453480
IsPETaseWT_pool_1077,15.303962,19.565662,8.182205,10.451454
IsPETaseWT_pool_1630,15.302485,19.563775,8.180728,10.449567
IsPETaseWT_pool_2828,15.301806,19.562908,8.180049,10.448700
IsPETaseWT_pool_4897,15.301318,19.562284,8.179561,10.448077
IsPETaseWT_pool_4039,15.294457,19.553521,8.172700,10.439313
IsPETaseWT_pool_2677,15.293592,19.552416,8.171835,10.438208
IsPETaseWT_pool_2282,15.288507,19.545920,8.166750,10.431713
IsPETaseWT_pool_3200,15.284463,19.540755,8.162706,10.426547
IsPETaseWT_pool_1215,15.281677,19.537196,8.159920,10.422988
IsPETaseWT_pool_2970,15.279211,19.534046,8.157454,10.419839
IsPETaseWT_pool_663,15.278971,19.533740,8.157214,10.419532
IsPETaseWT_pool_844,15.277154,19.531419,8.155397,10.417211
IsPETaseWT_pool_3956,15.266137,19.517346,8.144380,10.403139
IsPETaseWT_pool_2822,15.263662,19.514185,8.141905,10.399977
IsPETaseWT_pool_4630,15.263279,19.513696,8.141522,10.399488
IsPETaseWT_pool_392,15.263173,19.513560,8.141416,10.399353
IsPETaseWT_pool_4051,15.261398,19.511293,8.139641,10.397085
IsPETaseWT_pool_1772,15.259625,19.509028,8.137868,10.394821
IsPETaseWT_pool_4683,15.257890,19.506812,8.136133,10.392604
IsPETaseWT_pool_3084,15.254377,19.502325,8.132620,10.388117
IsPETaseWT_pool_4027,15.250908,19.497894,8.129151,10.383686
IsPETaseWT_pool_3427,15.250282,19.497094,8.128525,10.382886
IsPETaseWT_pool_2163,15.246847,19.492706,8.125090,10.378499
IsPETaseWT_pool_3310,15.244410,19.489594,8.122653,10.375386
IsPETaseWT_pool_4353,15.241332,19.485662,8.119575,10.371454
IsPETaseWT_pool_2315,15.234471,19.476898,8.112714,10.362690
IsPETaseWT_pool_1911,15.234195,19.476546,8.112438,10.362338
IsPETaseWT_pool_4155,15.231629,19.473268,8.109872,10.359060
IsPETaseWT_pool_4169,15.226450,19.466653,8.104693,10.352445
IsPETaseWT_pool_3764,15.225830,19.465861,8.104073,10.351653
IsPETaseWT_pool_137,15.224316,19.463927,8.102559,10.349719
IsPETaseWT_pool_2178,15.221718,19.460608,8.099961,10.346400
IsPETaseWT_pool_1078,15.220342,19.458851,8.098585,10.344643
IsPETaseWT_pool_372,15.219303,19.457523,8.097546,10.343316
IsPETaseWT_pool_273,15.218746,19.456812,8.096989,10.342604
IsPETaseWT_pool_4029,15.213552,19.450177,8.091795,10.335970
IsPETaseWT_pool_4635,15.213161,19.449678,8.091404,10.335470
IsPETaseWT_pool_2637,15.210931,19.446829,8.089174,10.332622
IsPETaseWT_pool_1391,15.208698,19.443977,8.086941,10.329770
IsPETaseWT_pool_3386,15.206465,19.441125,8.084708,10.326917
IsPETaseWT_pool_4066,15.204251,19.438297,8.082494,10.324089
IsPETaseWT_pool_573,15.197242,19.429344,8.075485,10.315136
IsPETaseWT_pool_4893,15.190544,19.420788,8.068787,10.306581
IsPETaseWT_pool_828,15.189888,19.419950,8.068131,10.305743
IsPETaseWT_pool_4062,15.189466,19.419411,8.067709,10.305204
IsPETaseWT_pool_2633,15.188570,19.418267,8.066813,10.304059
IsPETaseWT_pool_4625,15.183448,19.411724,8.061691,10.297517
IsPETaseWT_pool_1945,15.168335,19.392420,8.046578,10.278212
IsPETaseWT_pool_2632,15.164157,19.387083,8.042400,10.272876
IsPETaseWT_pool_4816,15.163539,19.386294,8.041782,10.272086
IsPETaseWT_pool_1994,15.160654,19.382609,8.038897,10.268401
IsPETaseWT_pool_696,15.159510,19.381147,8.037753,10.266940
IsPETaseWT_pool_362,15.158786,19.380223,8.037029,10.266015
IsPETaseWT_pool_451,15.153527,19.373505,8.031770,10.259297
IsPETaseWT_pool_3783,15.150979,19.370250,8.029222,10.256043
IsPETaseWT_pool_384,15.150631,19.369806,8.028874,10.255598
IsPETaseWT_pool_1851,15.150350,19.369447,8.028593,10.255239
IsPETaseWT_pool_1071,15.148171,19.366664,8.026414,10.252456
IsPETaseWT_pool_2735,15.144604,19.362107,8.022847,10.247900
IsPETaseWT_pool_1827,15.140227,19.356516,8.018470,10.242309
IsPETaseWT_pool_505,15.137931,19.353584,8.016174,10.239376
IsPETaseWT_pool_1782,15.126650,19.339174,8.004893,10.224966
IsPETaseWT_pool_1188,15.125084,19.337174,8.003327,10.222966
IsPETaseWT_pool_1120,15.120237,19.330982,7.998480,10.216775
IsPETaseWT_pool_3550,15.118607,19.328900,7.996850,10.214693
IsPETaseWT_pool_2929,15.118475,19.328732,7.996718,10.214524
IsPETaseWT_pool_3819,15.110767,19.318886,7.989010,10.204678
IsPETaseWT_pool_3331,15.110027,19.317941,7.988270,10.203733
IsPETaseWT_pool_3498,15.108869,19.316462,7.987112,10.202254
IsPETaseWT_pool_4821,15.107738,19.315017,7.985981,10.200809
IsPETaseWT_pool_2127,15.106052,19.312863,7.984295,10.198656
IsPETaseWT_pool_3772,15.106018,19.312820,7.984261,10.198612
IsPETaseWT_pool_3534,15.103570,19.309693,7.981813,10.195485
IsPETaseWT_pool_3615,15.102138,19.307864,7.980381,10.193656
IsPETaseWT_pool_1237,15.095253,19.299069,7.973496,10.184862
IsPETaseWT_pool_3321,15.092427,19.295460,7.970670,10.181252
IsPETaseWT_pool_2618,15.086570,19.287978,7.964813,10.173771
IsPETaseWT_pool_1061,15.084882,19.285822,7.963125,10.171614
IsPETaseWT_pool_3575,15.084772,19.285682,7.963015,10.171474
IsPETaseWT_pool_3092,15.083702,19.284315,7.961945,10.170107
IsPETaseWT_pool_4208,15.083692,19.284302,7.961935,10.170094
IsPETaseWT_pool_4836,15.081401,19.281376,7.959644,10.167168
IsPETaseWT_pool_356,15.077884,19.276883,7.956127,10.162676
IsPETaseWT_pool_4688,15.077721,19.276675,7.955964,10.162467
IsPETaseWT_pool_398,15.077663,19.276601,7.955906,10.162393
IsPETaseWT_pool_4442,15.075993,19.274468,7.954236,10.160260
IsPETaseWT_pool_2969,15.073292,19.271018,7.951535,10.156810
IsPETaseWT_pool_2944,15.072928,19.270553,7.951171,10.156345
IsPETaseWT_pool_1928,15.072493,19.269997,7.950736,10.155789
IsPETaseWT_pool_4711,15.067494,19.263612,7.945737,10.149404
IsPETaseWT_pool_4396,15.062534,19.257276,7.940777,10.143068
IsPETaseWT_pool_3409,15.062082,19.256699,7.940325,10.142491
IsPETaseWT_pool_4486,15.060020,19.254065,7.938263,10.139857
IsPETaseWT_pool_783,15.059788,19.253769,7.938031,10.139561
IsPETaseWT_pool_4869,15.059130,19.252928,7.937373,10.138720
IsPETaseWT_pool_2,15.055653,19.248487,7.933896,10.134279
IsPETaseWT_pool_3210,15.049352,19.240438,7.927595,10.126231
IsPETaseWT_pool_297,15.042180,19.231277,7.920423,10.117069
IsPETaseWT_pool_4692,15.037752,19.225621,7.915995,10.111413
IsPETaseWT_pool_3769,15.034805,19.221857,7.913048,10.107649
IsPETaseWT_pool_855,15.034263,19.221164,7.912506,10.106957
IsPETaseWT_pool_3921,15.034023,19.220858,7.912266,10.106650
IsPETaseWT_pool_674,15.033265,19.219890,7.911508,10.105682
IsPETaseWT_pool_4652,15.031208,19.217262,7.909451,10.103055
IsPETaseWT_pool_4330,15.026050,19.210674,7.904293,10.096466
IsPETaseWT_pool_3960,15.025061,19.209410,7.903304,10.095203
IsPETaseWT_pool_2367,15.021414,19.204752,7.899657,10.090544
IsPETaseWT_pool_2793,15.020366,19.203413,7.898609,10.089206
IsPETaseWT_pool_3132,15.020118,19.203096,7.898361,10.088889
IsPETaseWT_pool_1765,15.018315,19.200793,7.896558,10.086586
IsPETaseWT_pool_780,15.017187,19.199353,7.895430,10.085145
IsPETaseWT_pool_3920,15.016652,19.198669,7.894895,10.084462
IsPETaseWT_pool_1006,15.015784,19.197561,7.894027,10.083353
IsPETaseWT_pool_2552,15.013226,19.194293,7.891469,10.080085
IsPETaseWT_pool_3911,15.012172,19.192947,7.890415,10.078739
IsPETaseWT_pool_3274,15.011066,19.191534,7.889309,10.077326
IsPETaseWT_pool_4326,15.005802,19.184810,7.884045,10.070602
IsPETaseWT_pool_3184,15.001903,19.179830,7.880146,10.065622
IsPETaseWT_pool_3172,15.001865,19.179781,7.880108,10.065574
IsPETaseWT_pool_2019,15.001707,19.179579,7.879950,10.065372
IsPETaseWT_pool_4962,15.000454,19.177979,7.878697,10.063771
IsPETaseWT_pool_2454,14.998714,19.175756,7.876957,10.061549
IsPETaseWT_pool_2811,14.994494,19.170366,7.872737,10.056158
IsPETaseWT_pool_1229,14.993439,19.169018,7.871682,10.054811
IsPETaseWT_pool_3322,14.989789,19.164356,7.868032,10.050148
IsPETaseWT_pool_1023,14.989261,19.163682,7.867504,10.049474
IsPETaseWT_pool_1035,14.986685,19.160391,7.864928,10.046184
IsPETaseWT_pool_819,14.984607,19.157737,7.862850,10.043529
IsPETaseWT_pool_810,14.976373,19.147219,7.854616,10.033012
IsPETaseWT_pool_3983,14.974581,19.144930,7.852824,10.030723
IsPETaseWT_pool_3019,14.972075,19.141729,7.850318,10.027522
IsPETaseWT_pool_4034,14.970488,19.139702,7.848731,10.025494
IsPETaseWT_pool_3493,14.970191,19.139323,7.848434,10.025115
IsPETaseWT_pool_3828,14.965101,19.132821,7.843344,10.018613
IsPETaseWT_pool_2850,14.965086,19.132802,7.843329,10.018594
IsPETaseWT_pool_2692,14.964797,19.132433,7.843040,10.018225
IsPETaseWT_pool_1472,14.964423,19.131955,7.842666,10.017747
IsPETaseWT_pool_1163,14.961388,19.128078,7.839631,10.013871
IsPETaseWT_pool_2425,14.957355,19.122927,7.835598,10.008719
IsPETaseWT_pool_3954,14.951195,19.115058,7.829438,10.000851
IsPETaseWT_pool_1899,14.950813,19.114570,7.829056,10.000363
IsPETaseWT_pool_1891,14.945487,19.107767,7.823730,9.993560
IsPETaseWT_pool_803,14.945142,19.107327,7.823385,9.993119
IsPETaseWT_pool_2085,14.944689,19.106748,7.822932,9.992540
IsPETaseWT_pool_4293,14.942123,19.103470,7.820366,9.989263
IsPETaseWT_pool_3658,14.941957,19.103258,7.820200,9.989051
IsPETaseWT_pool_1563,14.940835,19.101825,7.819078,9.987618
IsPETaseWT_pool_1004,14.940814,19.101798,7.819057,9.987591
IsPETaseWT_pool_3416,14.940557,19.101470,7.818800,9.987262
IsPETaseWT_pool_4030,14.937675,19.097789,7.815918,9.983581
IsPETaseWT_pool_4389,14.935730,19.095304,7.813973,9.981097
IsPETaseWT_pool_1193,14.934938,19.094293,7.813181,9.980085
IsPETaseWT_pool_2230,14.931036,19.089309,7.809279,9.975101
IsPETaseWT_pool_4980,14.929616,19.087495,7.807859,9.973287
IsPETaseWT_pool_3625,14.929010,19.086721,7.807253,9.972513
IsPETaseWT_pool_3986,14.928674,19.086291,7.806917,9.972084
IsPETaseWT_pool_2000,14.927826,19.085208,7.806069,9.971001
IsPETaseWT_pool_2525,14.926090,19.082991,7.804333,9.968783
IsPETaseWT_pool_691,14.923199,19.079298,7.801442,9.965090
IsPETaseWT_pool_3770,14.922633,19.078575,7.800876,9.964367
IsPETaseWT_pool_404,14.921215,19.076764,7.799458,9.962556
IsPETaseWT_pool_3442,14.920781,19.076209,7.799024,9.962002
IsPETaseWT_pool_4967,14.919740,19.074880,7.797983,9.960672
IsPETaseWT_pool_1653,14.918402,19.073171,7.796645,9.958963
IsPETaseWT_pool_4792,14.915565,19.069547,7.793808,9.955339
IsPETaseWT_pool_4504,14.912995,19.066264,7.791238,9.952056
IsPETaseWT_pool_1145,14.912498,19.065629,7.790741,9.951422
IsPETaseWT_pool_3405,14.911677,19.064581,7.789920,9.950373
IsPETaseWT_pool_1711,14.909702,19.062058,7.787945,9.947850
IsPETaseWT_pool_4921,14.908085,19.059992,7.786328,9.945785
IsPETaseWT_pool_4345,14.906168,19.057544,7.784411,9.943336
IsPETaseWT_pool_65,14.905025,19.056084,7.783268,9.941876
IsPETaseWT_pool_556,14.900820,19.050712,7.779063,9.936505
IsPETaseWT_pool_4744,14.892732,19.040381,7.770975,9.926174
IsPETaseWT_pool_4542,14.892389,19.039943,7.770632,9.925736
IsPETaseWT_pool_3176,14.891072,19.038261,7.769315,9.924053
IsPETaseWT_pool_94,14.886179,19.032011,7.764422,9.917803
IsPETaseWT_pool_704,14.882215,19.026948,7.760458,9.912740
IsPETaseWT_pool_2050,14.881327,19.025813,7.759570,9.911606
IsPETaseWT_pool_4267,14.881117,19.025545,7.759360,9.911337
IsPETaseWT_pool_2909,14.880884,19.025247,7.759127,9.911040
IsPETaseWT_pool_1206,14.880754,19.025081,7.758997,9.910874
IsPETaseWT_pool_1844,14.878996,19.022836,7.757239,9.908628
IsPETaseWT_pool_4524,14.877771,19.021271,7.756014,9.907063
IsPETaseWT_pool_770,14.876036,19.019055,7.754279,9.904847
IsPETaseWT_pool_1396,14.875973,19.018974,7.754216,9.904767
IsPETaseWT_pool_817,14.873776,19.016168,7.752019,9.901960
IsPETaseWT_pool_2018,14.871961,19.013850,7.750204,9.899642
IsPETaseWT_pool_542,14.870429,19.011893,7.748672,9.897685
IsPETaseWT_pool_3404,14.870122,19.011501,7.748365,9.897293
IsPETaseWT_pool_3029,14.866113,19.006380,7.744356,9.892172
IsPETaseWT_pool_3846,14.861436,19.000406,7.739679,9.886198
IsPETaseWT_pool_3129,14.861093,18.999968,7.739336,9.885760
IsPETaseWT_pool_3927,14.858983,18.997272,7.737226,9.883065
IsPETaseWT_pool_359,14.857783,18.995740,7.736026,9.881532
IsPETaseWT_pool_1581,14.856853,18.994552,7.735096,9.880344
IsPETaseWT_pool_4746,14.852471,18.988954,7.730714,9.874747
IsPETaseWT_pool_4739,14.847621,18.982759,7.725864,9.868552
IsPETaseWT_pool_2149,14.847370,18.982439,7.725613,9.868231
IsPETaseWT_pool_4427,14.846808,18.981721,7.725051,9.867513
IsPETaseWT_pool_4135,14.844218,18.978412,7.722461,9.864205
IsPETaseWT_pool_2933,14.842278,18.975934,7.720521,9.861727
IsPETaseWT_pool_132,14.841833,18.975366,7.720076,9.861158
IsPETaseWT_pool_2299,14.841109,18.974441,7.719352,9.860234
IsPETaseWT_pool_3435,14.835485,18.967257,7.713728,9.853050
IsPETaseWT_pool_601,14.827061,18.956497,7.705304,9.842289
IsPETaseWT_pool_710,14.826346,18.955584,7.704589,9.841376
IsPETaseWT_pool_1692,14.825994,18.955134,7.704237,9.840927
IsPETaseWT_pool_92,14.824997,18.953861,7.703240,9.839653
IsPETaseWT_pool_4703,14.816265,18.942707,7.694508,9.828499
IsPETaseWT_pool_4479,14.815806,18.942121,7.694049,9.827913
IsPETaseWT_pool_4698,14.812998,18.938534,7.691241,9.824326
IsPETaseWT_pool_2855,14.810464,18.935297,7.688707,9.821089
IsPETaseWT_pool_3413,14.809018,18.933450,7.687261,9.819242
IsPETaseWT_pool_549,14.807318,18.931279,7.685561,9.817071
IsPETaseWT_pool_4831,14.806064,18.929677,7.684307,9.815469
IsPETaseWT_pool_2400,14.802848,18.925569,7.681091,9.811361
IsPETaseWT_pool_4251,14.801503,18.923851,7.679746,9.809643
IsPETaseWT_pool_807,14.801125,18.923368,7.679368,9.809160
IsPETaseWT_pool_4965,14.797551,18.918803,7.675794,9.804595
IsPETaseWT_pool_1225,14.795440,18.916106,7.673683,9.801899
IsPETaseWT_pool_3347,14.793706,18.913891,7.671949,9.799684
IsPETaseWT_pool_4272,14.787183,18.905559,7.665426,9.791352
IsPETaseWT_pool_6,14.786985,18.905306,7.665228,9.791099
IsPETaseWT_pool_55,14.786038,18.904097,7.664281,9.789889
IsPETaseWT_pool_2891,14.784910,18.902656,7.663153,9.788448
IsPETaseWT_pool_4793,14.784578,18.902232,7.662821,9.788024
IsPETaseWT_pool_3934,14.783375,18.900695,7.661618,9.786488
IsPETaseWT_pool_2199,14.783031,18.900256,7.661274,9.786048
IsPETaseWT_pool_2177,14.781939,18.898861,7.660182,9.784653
IsPETaseWT_pool_2382,14.780606,18.897158,7.658849,9.782951
IsPETaseWT_pool_1451,14.770395,18.884115,7.648638,9.769908
IsPETaseWT_pool_3712,14.768271,18.881402,7.646514,9.767195
IsPETaseWT_pool_4077,14.767544,18.880474,7.645787,9.766266
IsPETaseWT_pool_4104,14.765175,18.877448,7.643418,9.763240
IsPETaseWT_pool_2318,14.761645,18.872939,7.639888,9.758731
IsPETaseWT_pool_4660,14.761434,18.872669,7.639677,9.758462
IsPETaseWT_pool_3583,14.755998,18.865726,7.634241,9.751518
IsPETaseWT_pool_2220,14.755989,18.865714,7.634232,9.751506
IsPETaseWT_pool_4095,14.754603,18.863944,7.632846,9.749736
IsPETaseWT_pool_738,14.752167,18.860832,7.630410,9.746624
IsPETaseWT_pool_891,14.745372,18.852153,7.623615,9.737945
IsPETaseWT_pool_1178,14.744903,18.851553,7.623146,9.737346
IsPETaseWT_pool_557,14.744889,18.851536,7.623132,9.737328
IsPETaseWT_pool_1051,14.742171,18.848064,7.620414,9.733856
IsPETaseWT_pool_3697,14.740261,18.845624,7.618504,9.731416
IsPETaseWT_pool_2498,14.737469,18.842058,7.615712,9.727850
IsPETaseWT_pool_1457,14.735587,18.839654,7.613830,9.725446
IsPETaseWT_pool_3138,14.734307,18.838019,7.612550,9.723811
IsPETaseWT_pool_2023,14.733511,18.837002,7.611754,9.722794
IsPETaseWT_pool_1852,14.729648,18.832068,7.607891,9.717860
IsPETaseWT_pool_4046,14.728387,18.830457,7.606630,9.716249
IsPETaseWT_pool_2362,14.727551,18.829389,7.605794,9.715181
IsPETaseWT_pool_3681,14.727529,18.829361,7.605772,9.715153
IsPETaseWT_pool_3002,14.727366,18.829153,7.605609,9.714945
IsPETaseWT_pool_2625,14.725069,18.826219,7.603312,9.712011
IsPETaseWT_pool_4545,14.723928,18.824761,7.602171,9.710554
IsPETaseWT_pool_831,14.719674,18.819327,7.597917,9.705120
IsPETaseWT_pool_103,14.717753,18.816874,7.595996,9.702666
IsPETaseWT_pool_589,14.714302,18.812466,7.592545,9.698258
IsPETaseWT_pool_350,14.713330,18.811224,7.591573,9.697016
IsPETaseWT_pool_4277,14.710269,18.807314,7.588512,9.693106
IsPETaseWT_pool_389,14.708165,18.804627,7.586408,9.690419
IsPETaseWT_pool_4416,14.708057,18.804489,7.586300,9.690281
IsPETaseWT_pool_1747,14.706296,18.802239,7.584539,9.688032
IsPETaseWT_pool_596,14.703492,18.798658,7.581735,9.684450
IsPETaseWT_pool_1018,14.701260,18.795807,7.579503,9.681599
IsPETaseWT_pool_456,14.698469,18.792242,7.576712,9.678034
IsPETaseWT_pool_191,14.696990,18.790352,7.575233,9.676145
IsPETaseWT_pool_3801,14.696890,18.790225,7.575133,9.676017
IsPETaseWT_pool_599,14.696394,18.789591,7.574637,9.675383
IsPETaseWT_pool_4146,14.696087,18.789199,7.574330,9.674991
IsPETaseWT_pool_1402,14.691847,18.783783,7.570090,9.669575
IsPETaseWT_pool_598,14.691645,18.783525,7.569888,9.669317
IsPETaseWT_pool_2276,14.690651,18.782255,7.568894,9.668048
IsPETaseWT_pool_2280,14.690423,18.781964,7.568666,9.667756
IsPETaseWT_pool_2666,14.690108,18.781562,7.568351,9.667354
IsPETaseWT_pool_4931,14.687949,18.778804,7.566192,9.664596
IsPETaseWT_pool_4384,14.686294,18.776690,7.564537,9.662482
IsPETaseWT_pool_4585,14.683368,18.772952,7.561611,9.658745
IsPETaseWT_pool_62,14.680086,18.768760,7.558329,9.654552
IsPETaseWT_pool_1654,14.678071,18.766186,7.556314,9.651979
IsPETaseWT_pool_4094,14.675442,18.762828,7.553685,9.648621
IsPETaseWT_pool_4982,14.675014,18.762282,7.553257,9.648074
IsPETaseWT_pool_4215,14.673320,18.760118,7.551563,9.645910
IsPETaseWT_pool_870,14.672661,18.759276,7.550904,9.645068
IsPETaseWT_pool_4395,14.671967,18.758389,7.550210,9.644182
IsPETaseWT_pool_1015,14.669601,18.755367,7.547844,9.641160
IsPETaseWT_pool_2561,14.668562,18.754040,7.546805,9.639832
IsPETaseWT_pool_2214,14.666334,18.751194,7.544577,9.636987
IsPETaseWT_pool_4927,14.664828,18.749271,7.543071,9.635063
IsPETaseWT_pool_3003,14.663507,18.747583,7.541750,9.633375
IsPETaseWT_pool_2516,14.662136,18.745832,7.540379,9.631624
IsPETaseWT_pool_4220,14.662070,18.745748,7.540313,9.631540
IsPETaseWT_pool_61,14.661685,18.745256,7.539928,9.631048
IsPETaseWT_pool_221,14.661591,18.745136,7.539834,9.630928
IsPETaseWT_pool_3894,14.660524,18.743773,7.538767,9.629565
IsPETaseWT_pool_3969,14.660139,18.743281,7.538382,9.629073
IsPETaseWT_pool_306,14.660096,18.743226,7.538339,9.629018
IsPETaseWT_pool_3419,14.658151,18.740742,7.536394,9.626534
IsPETaseWT_pool_2499,14.655923,18.737896,7.534166,9.623688
IsPETaseWT_pool_2261,14.655181,18.736948,7.533424,9.622740
IsPETaseWT_pool_2723,14.654944,18.736645,7.533187,9.622438
IsPETaseWT_pool_1768,14.654720,18.736359,7.532963,9.622151
IsPETaseWT_pool_748,14.654634,18.736249,7.532877,9.622042
IsPETaseWT_pool_2657,14.653559,18.734876,7.531802,9.620669
IsPETaseWT_pool_1511,14.649544,18.729748,7.527787,9.615540
IsPETaseWT_pool_485,14.649075,18.729149,7.527318,9.614941
IsPETaseWT_pool_3078,14.648937,18.728972,7.527180,9.614765
IsPETaseWT_pool_3452,14.648124,18.727934,7.526367,9.613726
IsPETaseWT_pool_1361,14.645807,18.724974,7.524050,9.610767
IsPETaseWT_pool_3590,14.645069,18.724032,7.523312,9.609824
IsPETaseWT_pool_355,14.644685,18.723541,7.522928,9.609333
IsPETaseWT_pool_3457,14.643680,18.722257,7.521923,9.608050
IsPETaseWT_pool_3045,14.642107,18.720248,7.520350,9.606040
IsPETaseWT_pool_3738,14.639296,18.716657,7.517539,9.602450
IsPETaseWT_pool_1360,14.638523,18.715670,7.516766,9.601462
IsPETaseWT_pool_2924,14.636909,18.713608,7.515152,9.599401
IsPETaseWT_pool_3133,14.635632,18.711977,7.513875,9.597770
IsPETaseWT_pool_2934,14.633717,18.709531,7.511960,9.595324
IsPETaseWT_pool_3592,14.630287,18.705150,7.508530,9.590942
IsPETaseWT_pool_26,14.628548,18.702929,7.506791,9.588721
IsPETaseWT_pool_3042,14.627534,18.701633,7.505777,9.587426
IsPETaseWT_pool_1183,14.624812,18.698157,7.503055,9.583949
IsPETaseWT_pool_2298,14.622342,18.695001,7.500585,9.580794
IsPETaseWT_pool_4742,14.621153,18.693483,7.499396,9.579275
IsPETaseWT_pool_3228,14.620908,18.693170,7.499151,9.578962
IsPETaseWT_pool_1608,14.619275,18.691084,7.497518,9.576876
IsPETaseWT_pool_764,14.617510,18.688829,7.495753,9.574622
IsPETaseWT_pool_981,14.616711,18.687809,7.494954,9.573601
IsPETaseWT_pool_2466,14.615348,18.686068,7.493591,9.571860
IsPETaseWT_pool_4134,14.614265,18.684684,7.492508,9.570477
IsPETaseWT_pool_3841,14.613809,18.684102,7.492052,9.569894
IsPETaseWT_pool_664,14.612206,18.682054,7.490449,9.567847
IsPETaseWT_pool_2840,14.609445,18.678528,7.487688,9.564320
IsPETaseWT_pool_769,14.608268,18.677024,7.486511,9.562817
IsPETaseWT_pool_572,14.605603,18.673620,7.483846,9.559412
IsPETaseWT_pool_214,14.598971,18.665149,7.477214,9.550941
IsPETaseWT_pool_943,14.596925,18.662535,7.475168,9.548328
IsPETaseWT_pool_1720,14.594073,18.658892,7.472316,9.544685
IsPETaseWT_pool_1453,14.593730,18.658454,7.471973,9.544247
IsPETaseWT_pool_4211,14.593187,18.657761,7.471430,9.543553
IsPETaseWT_pool_3982,14.591940,18.656168,7.470183,9.541960
IsPETaseWT_pool_2067,14.586188,18.648821,7.464431,9.534613
IsPETaseWT_pool_3831,14.584580,18.646767,7.462823,9.532559
IsPETaseWT_pool_4731,14.584196,18.646276,7.462439,9.532068
IsPETaseWT_pool_2051,14.579936,18.640835,7.458179,9.526627
IsPETaseWT_pool_4240,14.579760,18.640610,7.458003,9.526402
IsPETaseWT_pool_1021,14.577366,18.637552,7.455609,9.523344
IsPETaseWT_pool_3955,14.571449,18.629994,7.449692,9.515786
IsPETaseWT_pool_1014,14.567930,18.625499,7.446173,9.511291
IsPETaseWT_pool_758,14.567562,18.625029,7.445805,9.510821
IsPETaseWT_pool_4041,14.565428,18.622303,7.443671,9.508095
IsPETaseWT_pool_134,14.563740,18.620147,7.441983,9.505939
IsPETaseWT_pool_2193,14.562650,18.618755,7.440893,9.504547
IsPETaseWT_pool_4392,14.561698,18.617538,7.439941,9.503331
IsPETaseWT_pool_4429,14.560888,18.616504,7.439131,9.502296
IsPETaseWT_pool_4438,14.553539,18.607117,7.431782,9.492909
IsPETaseWT_pool_4827,14.548455,18.600623,7.426698,9.486415
IsPETaseWT_pool_2483,14.545379,18.596694,7.423622,9.482486
IsPETaseWT_pool_3432,14.540087,18.589934,7.418330,9.475726
IsPETaseWT_pool_2579,14.539329,18.588966,7.417572,9.474758
IsPETaseWT_pool_4734,14.538529,18.587944,7.416772,9.473736
IsPETaseWT_pool_2352,14.538367,18.587737,7.416610,9.473529
IsPETaseWT_pool_3904,14.536122,18.584869,7.414365,9.470662
IsPETaseWT_pool_1850,14.533682,18.581753,7.411925,9.467545
IsPETaseWT_pool_4276,14.531589,18.579079,7.409832,9.464871
IsPETaseWT_pool_650,14.531031,18.578366,7.409274,9.464159
IsPETaseWT_pool_1968,14.530252,18.577371,7.408495,9.463164
IsPETaseWT_pool_3707,14.529169,18.575988,7.407412,9.461780
IsPETaseWT_pool_3792,14.528521,18.575160,7.406764,9.460953
IsPETaseWT_pool_3643,14.527339,18.573650,7.405582,9.459443
IsPETaseWT_pool_493,14.526042,18.571994,7.404285,9.457786
IsPETaseWT_pool_473,14.524940,18.570586,7.403183,9.456378
IsPETaseWT_pool_2103,14.523444,18.568675,7.401687,9.454467
IsPETaseWT_pool_4157,14.522554,18.567538,7.400797,9.453331
IsPETaseWT_pool_2706,14.519619,18.563789,7.397862,9.449582
IsPETaseWT_pool_3791,14.517447,18.561015,7.395690,9.446807
IsPETaseWT_pool_4348,14.517236,18.560745,7.395479,9.446538
IsPETaseWT_pool_2491,14.515909,18.559050,7.394152,9.444843
IsPETaseWT_pool_3900,14.514647,18.557438,7.392890,9.443231
IsPETaseWT_pool_1861,14.514491,18.557239,7.392734,9.443031
IsPETaseWT_pool_2283,14.512947,18.555267,7.391190,9.441059
IsPETaseWT_pool_3127,14.512894,18.555199,7.391137,9.440992
IsPETaseWT_pool_3781,14.512424,18.554599,7.390667,9.440391
IsPETaseWT_pool_3041,14.507968,18.548907,7.386211,9.434699
IsPETaseWT_pool_40,14.498617,18.536963,7.376860,9.422755
IsPETaseWT_pool_3119,14.496124,18.533778,7.374367,9.419571
IsPETaseWT_pool_1030,14.493041,18.529840,7.371284,9.415633
IsPETaseWT_pool_4877,14.492291,18.528882,7.370534,9.414675
IsPETaseWT_pool_841,14.488493,18.524031,7.366736,9.409823
IsPETaseWT_pool_459,14.487578,18.522862,7.365821,9.408654
IsPETaseWT_pool_816,14.482129,18.515902,7.360372,9.401694
IsPETaseWT_pool_3236,14.480348,18.513627,7.358591,9.399419
IsPETaseWT_pool_1395,14.479410,18.512429,7.357653,9.398221
IsPETaseWT_pool_1379,14.475159,18.506999,7.353402,9.392791
IsPETaseWT_pool_879,14.472852,18.504052,7.351095,9.389844
IsPETaseWT_pool_2460,14.468599,18.498619,7.346842,9.384412
IsPETaseWT_pool_3871,14.467196,18.496827,7.345439,9.382620
IsPETaseWT_pool_4979,14.464394,18.493248,7.342637,9.379041
IsPETaseWT_pool_4966,14.463889,18.492603,7.342132,9.378396
IsPETaseWT_pool_4992,14.462535,18.490874,7.340778,9.376666
IsPETaseWT_pool_2926,14.460816,18.488678,7.339059,9.374470
IsPETaseWT_pool_1710,14.459696,18.487247,7.337939,9.373040
IsPETaseWT_pool_1385,14.459560,18.487074,7.337803,9.372866
IsPETaseWT_pool_1688,14.459061,18.486436,7.337304,9.372229
IsPETaseWT_pool_3555,14.457004,18.483809,7.335247,9.369601
IsPETaseWT_pool_4170,14.451480,18.476753,7.329723,9.362545
IsPETaseWT_pool_1541,14.450940,18.476063,7.329183,9.361855
IsPETaseWT_pool_3180,14.448316,18.472711,7.326559,9.358504
IsPETaseWT_pool_2312,14.447392,18.471531,7.325635,9.357323
IsPETaseWT_pool_2884,14.444333,18.467624,7.322576,9.353416
IsPETaseWT_pool_4273,14.438152,18.459728,7.316395,9.345521
IsPETaseWT_pool_2244,14.435795,18.456718,7.314038,9.342510
IsPETaseWT_pool_3507,14.434945,18.455632,7.313188,9.341424
IsPETaseWT_pool_3914,14.433748,18.454103,7.311991,9.339895
IsPETaseWT_pool_151,14.433250,18.453467,7.311493,9.339259
IsPETaseWT_pool_3201,14.429973,18.449281,7.308216,9.335073
IsPETaseWT_pool_4285,14.428927,18.447945,7.307170,9.333737
IsPETaseWT_pool_4224,14.428919,18.447935,7.307162,9.333727
IsPETaseWT_pool_3961,14.427876,18.446602,7.306119,9.332395
IsPETaseWT_pool_1843,14.426926,18.445389,7.305169,9.331181
IsPETaseWT_pool_1959,14.422931,18.440286,7.301174,9.326078
IsPETaseWT_pool_4727,14.421207,18.438084,7.299450,9.323876
IsPETaseWT_pool_2860,14.420430,18.437091,7.298673,9.322884
IsPETaseWT_pool_4268,14.419889,18.436400,7.298132,9.322193
IsPETaseWT_pool_2201,14.418724,18.434912,7.296967,9.320704
IsPETaseWT_pool_1441,14.417886,18.433842,7.296129,9.319634
IsPETaseWT_pool_3641,14.416471,18.432034,7.294714,9.317827
IsPETaseWT_pool_3752,14.416172,18.431652,7.294415,9.317445
IsPETaseWT_pool_3326,14.416013,18.431449,7.294256,9.317242
IsPETaseWT_pool_2513,14.414673,18.429738,7.292916,9.315530
IsPETaseWT_pool_1044,14.413288,18.427969,7.291531,9.313761
IsPETaseWT_pool_2124,14.412546,18.427021,7.290789,9.312813
IsPETaseWT_pool_1478,14.412136,18.426497,7.290379,9.312289
IsPETaseWT_pool_2955,14.410618,18.424558,7.288861,9.310350
IsPETaseWT_pool_4361,14.400660,18.411838,7.278903,9.297631
IsPETaseWT_pool_620,14.400142,18.411177,7.278385,9.296969
IsPETaseWT_pool_1153,14.399126,18.409879,7.277369,9.295671
IsPETaseWT_pool_4503,14.395319,18.405016,7.273562,9.290808
IsPETaseWT_pool_436,14.394905,18.404487,7.273148,9.290280
IsPETaseWT_pool_2052,14.394065,18.403414,7.272308,9.289207
IsPETaseWT_pool_4310,14.393753,18.403016,7.271996,9.288808
IsPETaseWT_pool_3702,14.392102,18.400907,7.270345,9.286699
IsPETaseWT_pool_3062,14.389799,18.397965,7.268042,9.283757
IsPETaseWT_pool_153,14.389586,18.397693,7.267829,9.283485
IsPETaseWT_pool_204,14.389101,18.397074,7.267344,9.282866
IsPETaseWT_pool_67,14.387937,18.395587,7.266180,9.281379
IsPETaseWT_pool_4522,14.387307,18.394782,7.265550,9.280574
IsPETaseWT_pool_3628,14.385530,18.392512,7.263773,9.278304
IsPETaseWT_pool_2170,14.385526,18.392507,7.263769,9.278299
IsPETaseWT_pool_3998,14.384548,18.391258,7.262791,9.277050
IsPETaseWT_pool_34,14.383202,18.389538,7.261445,9.275331
IsPETaseWT_pool_609,14.381081,18.386829,7.259324,9.272622
IsPETaseWT_pool_3147,14.380507,18.386096,7.258750,9.271888
IsPETaseWT_pool_3117,14.379551,18.384875,7.257794,9.270667
IsPETaseWT_pool_2599,14.379348,18.384616,7.257591,9.270408
IsPETaseWT_pool_1109,14.377786,18.382620,7.256029,9.268413
IsPETaseWT_pool_3025,14.375264,18.379399,7.253507,9.265191
IsPETaseWT_pool_1555,14.374443,18.378350,7.252686,9.264143
IsPETaseWT_pool_1378,14.373857,18.377602,7.252100,9.263394
IsPETaseWT_pool_2584,14.366906,18.368723,7.245149,9.254515
IsPETaseWT_pool_877,14.364783,18.366011,7.243026,9.251804
IsPETaseWT_pool_2423,14.364120,18.365164,7.242363,9.250957
IsPETaseWT_pool_2594,14.364045,18.365069,7.242288,9.250861
IsPETaseWT_pool_1160,14.363526,18.364406,7.241769,9.250198
IsPETaseWT_pool_316,14.362346,18.362898,7.240589,9.248691
IsPETaseWT_pool_584,14.361385,18.361671,7.239628,9.247463
IsPETaseWT_pool_1266,14.359820,18.359672,7.238063,9.245464
IsPETaseWT_pool_3233,14.357783,18.357070,7.236026,9.242862
IsPETaseWT_pool_207,14.351509,18.349056,7.229752,9.234848
IsPETaseWT_pool_3385,14.351089,18.348519,7.229332,9.234312
IsPETaseWT_pool_2698,14.349770,18.346834,7.228013,9.232627
IsPETaseWT_pool_2903,14.348391,18.345073,7.226634,9.230865
IsPETaseWT_pool_242,14.347741,18.344243,7.225984,9.230035
IsPETaseWT_pool_2939,14.344563,18.340183,7.222806,9.225976
IsPETaseWT_pool_3631,14.344032,18.339505,7.222275,9.225297
IsPETaseWT_pool_2564,14.344016,18.339485,7.222259,9.225277
IsPETaseWT_pool_4100,14.343506,18.338833,7.221749,9.224626
IsPETaseWT_pool_1750,14.343254,18.338511,7.221497,9.224304
IsPETaseWT_pool_846,14.340312,18.334753,7.218555,9.220546
IsPETaseWT_pool_3725,14.338831,18.332862,7.217074,9.218654
IsPETaseWT_pool_1459,14.338065,18.331883,7.216308,9.217676
IsPETaseWT_pool_4790,14.335141,18.328148,7.213384,9.213941
IsPETaseWT_pool_27,14.333991,18.326679,7.212234,9.212472
IsPETaseWT_pool_3028,14.331039,18.322909,7.209282,9.208701
IsPETaseWT_pool_3657,14.330339,18.322014,7.208582,9.207807
IsPETaseWT_pool_4420,14.330328,18.322000,7.208571,9.207793
IsPETaseWT_pool_760,14.326989,18.317735,7.205232,9.203528
IsPETaseWT_pool_1316,14.326873,18.317587,7.205116,9.203380
IsPETaseWT_pool_2673,14.325543,18.315888,7.203786,9.201681
IsPETaseWT_pool_3364,14.325479,18.315807,7.203722,9.201599
IsPETaseWT_pool_1429,14.319898,18.308678,7.198141,9.194470
IsPETaseWT_pool_540,14.317533,18.305657,7.195776,9.191449
IsPETaseWT_pool_3058,14.316141,18.303879,7.194384,9.189671
IsPETaseWT_pool_4008,14.313797,18.300885,7.192040,9.186677
IsPETaseWT_pool_2310,14.313542,18.300559,7.191785,9.186351
IsPETaseWT_pool_2912,14.313137,18.300042,7.191380,9.185834
IsPETaseWT_pool_2907,14.309914,18.295925,7.188157,9.181717
IsPETaseWT_pool_1773,14.309611,18.295538,7.187854,9.181330
IsPETaseWT_pool_4690,14.306914,18.292093,7.185157,9.177885
IsPETaseWT_pool_3822,14.304276,18.288723,7.182519,9.174516
IsPETaseWT_pool_395,14.303689,18.287973,7.181932,9.173766
IsPETaseWT_pool_2713,14.303484,18.287712,7.181727,9.173504
IsPETaseWT_pool_3508,14.302537,18.286502,7.180780,9.172294
IsPETaseWT_pool_4753,14.302371,18.286290,7.180614,9.172082
IsPETaseWT_pool_909,14.301836,18.285606,7.180079,9.171399
IsPETaseWT_pool_1400,14.300997,18.284535,7.179240,9.170327
IsPETaseWT_pool_2285,14.300815,18.284302,7.179058,9.170095
IsPETaseWT_pool_4370,14.298387,18.281201,7.176630,9.166993
IsPETaseWT_pool_4955,14.295099,18.277001,7.173342,9.162793
IsPETaseWT_pool_1432,14.292649,18.273872,7.170892,9.159664
IsPETaseWT_pool_3267,14.289771,18.270195,7.168014,9.155988
IsPETaseWT_pool_3877,14.288542,18.268626,7.166785,9.154418
IsPETaseWT_pool_2664,14.286593,18.266136,7.164836,9.151928
IsPETaseWT_pool_2880,14.282239,18.260574,7.160482,9.146367
IsPETaseWT_pool_3636,14.280007,18.257723,7.158250,9.143516
IsPETaseWT_pool_3619,14.278721,18.256081,7.156964,9.141873
IsPETaseWT_pool_3394,14.277462,18.254473,7.155705,9.140265
IsPETaseWT_pool_2118,14.277412,18.254409,7.155655,9.140201
IsPETaseWT_pool_201,14.277232,18.254179,7.155475,9.139971
IsPETaseWT_pool_2652,14.275993,18.252596,7.154236,9.138389
IsPETaseWT_pool_2435,14.274929,18.251237,7.153172,9.137029
IsPETaseWT_pool_1242,14.274802,18.251075,7.153045,9.136867
IsPETaseWT_pool_4695,14.273959,18.249998,7.152202,9.135790
IsPETaseWT_pool_4050,14.273052,18.248840,7.151295,9.134632
IsPETaseWT_pool_227,14.272789,18.248504,7.151032,9.134296
IsPETaseWT_pool_3728,14.271842,18.247294,7.150085,9.133086
IsPETaseWT_pool_4483,14.270931,18.246130,7.149174,9.131923
IsPETaseWT_pool_1618,14.269698,18.244555,7.147941,9.130348
IsPETaseWT_pool_2576,14.269587,18.244414,7.147830,9.130206
IsPETaseWT_pool_3420,14.268258,18.242716,7.146501,9.128508
IsPETaseWT_pool_3261,14.265289,18.238924,7.143532,9.124716
IsPETaseWT_pool_4121,14.265159,18.238758,7.143402,9.124550
IsPETaseWT_pool_708,14.265044,18.238611,7.143287,9.124403
IsPETaseWT_pool_1804,14.264717,18.238193,7.142960,9.123985
IsPETaseWT_pool_500,14.264643,18.238098,7.142886,9.123891
IsPETaseWT_pool_595,14.263836,18.237068,7.142079,9.122860
IsPETaseWT_pool_1970,14.262665,18.235572,7.140908,9.121364
IsPETaseWT_pool_4380,14.261795,18.234461,7.140038,9.120253
IsPETaseWT_pool_4654,14.260400,18.232679,7.138643,9.118471
IsPETaseWT_pool_1895,14.256728,18.227988,7.134971,9.113781
IsPETaseWT_pool_1403,14.256532,18.227738,7.134775,9.113530
IsPETaseWT_pool_4736,14.254645,18.225328,7.132888,9.111120
IsPETaseWT_pool_1523,14.253924,18.224407,7.132167,9.110199
IsPETaseWT_pool_1758,14.253128,18.223390,7.131371,9.109182
IsPETaseWT_pool_4904,14.242476,18.209784,7.120719,9.095576
IsPETaseWT_pool_1425,14.241508,18.208547,7.119751,9.094339
IsPETaseWT_pool_4087,14.237972,18.204030,7.116215,9.089823
IsPETaseWT_pool_3835,14.235885,18.201365,7.114128,9.087157
IsPETaseWT_pool_4871,14.234980,18.200209,7.113223,9.086001
IsPETaseWT_pool_1428,14.234350,18.199404,7.112593,9.085196
IsPETaseWT_pool_3234,14.233615,18.198465,7.111858,9.084257
IsPETaseWT_pool_3694,14.233055,18.197750,7.111298,9.083542
IsPETaseWT_pool_4708,14.232898,18.197549,7.111141,9.083342
IsPETaseWT_pool_4899,14.230550,18.194550,7.108793,9.080342
IsPETaseWT_pool_4865,14.229619,18.193361,7.107862,9.079153
IsPETaseWT_pool_2651,14.229609,18.193348,7.107852,9.079140
IsPETaseWT_pool_906,14.228990,18.192557,7.107233,9.078350
IsPETaseWT_pool_405,14.225842,18.188536,7.104085,9.074329
IsPETaseWT_pool_1924,14.225045,18.187518,7.103288,9.073311
IsPETaseWT_pool_953,14.223300,18.185289,7.101543,9.071082
IsPETaseWT_pool_4439,14.219930,18.180985,7.098173,9.066777
IsPETaseWT_pool_3378,14.219865,18.180902,7.098108,9.066694
IsPETaseWT_pool_2921,14.217459,18.177828,7.095702,9.063621
IsPETaseWT_pool_4606,14.216290,18.176335,7.094533,9.062128
IsPETaseWT_pool_3391,14.214151,18.173603,7.092394,9.059395
IsPETaseWT_pool_4462,14.209668,18.167877,7.087911,9.053669
IsPETaseWT_pool_2769,14.207757,18.165436,7.086000,9.051228
IsPETaseWT_pool_3085,14.207521,18.165134,7.085764,9.050927
IsPETaseWT_pool_4937,14.206918,18.164364,7.085161,9.050156
IsPETaseWT_pool_2617,14.206454,18.163771,7.084697,9.049564
IsPETaseWT_pool_99,14.205046,18.161973,7.083289,9.047765
IsPETaseWT_pool_1941,14.202780,18.159078,7.081023,9.044871
IsPETaseWT_pool_4968,14.202713,18.158993,7.080956,9.044785
IsPETaseWT_pool_3627,14.199453,18.154829,7.077696,9.040621
IsPETaseWT_pool_3743,14.190784,18.143755,7.069027,9.029548
IsPETaseWT_pool_923,14.189581,18.142219,7.067824,9.028011
IsPETaseWT_pool_1573,14.187928,18.140107,7.066171,9.025900
IsPETaseWT_pool_4976,14.181868,18.132367,7.060111,9.018159
IsPETaseWT_pool_4114,14.180984,18.131237,7.059227,9.017030
IsPETaseWT_pool_2295,14.177562,18.126866,7.055805,9.012659
IsPETaseWT_pool_3660,14.177084,18.126256,7.055327,9.012048
IsPETaseWT_pool_4391,14.176637,18.125685,7.054880,9.011477
IsPETaseWT_pool_3813,14.174496,18.122950,7.052739,9.008742
IsPETaseWT_pool_2094,14.173678,18.121905,7.051921,9.007698
IsPETaseWT_pool_1939,14.171279,18.118841,7.049522,9.004633
IsPETaseWT_pool_172,14.169853,18.117019,7.048096,9.002812
IsPETaseWT_pool_3365,14.168088,18.114765,7.046331,9.000557
IsPETaseWT_pool_4359,14.167729,18.114306,7.045972,9.000099
IsPETaseWT_pool_4533,14.167010,18.113388,7.045253,8.999180
IsPETaseWT_pool_3700,14.163543,18.108959,7.041786,8.994752
IsPETaseWT_pool_1650,14.163120,18.108419,7.041363,8.994211
IsPETaseWT_pool_4957,14.162428,18.107535,7.040671,8.993327
IsPETaseWT_pool_2834,14.161754,18.106674,7.039997,8.992467
IsPETaseWT_pool_1738,14.159588,18.103907,7.037831,8.989700
IsPETaseWT_pool_1487,14.159507,18.103804,7.037750,8.989596
IsPETaseWT_pool_1093,14.157551,18.101306,7.035794,8.987098
IsPETaseWT_pool_4588,14.156732,18.100259,7.034975,8.986052
IsPETaseWT_pool_4750,14.154947,18.097979,7.033190,8.983772
IsPETaseWT_pool_4371,14.150048,18.091722,7.028291,8.977514
IsPETaseWT_pool_3855,14.149312,18.090782,7.027555,8.976574
IsPETaseWT_pool_2873,14.148080,18.089208,7.026323,8.975000
IsPETaseWT_pool_3794,14.146835,18.087618,7.025078,8.973410
IsPETaseWT_pool_2534,14.144780,18.084993,7.023023,8.970785
IsPETaseWT_pool_773,14.144203,18.084256,7.022446,8.970048
IsPETaseWT_pool_1552,14.142331,18.081864,7.020574,8.967657
IsPETaseWT_pool_1925,14.140759,18.079856,7.019002,8.965649
IsPETaseWT_pool_692,14.138309,18.076727,7.016552,8.962519
IsPETaseWT_pool_1166,14.135770,18.073484,7.014013,8.959276
IsPETaseWT_pool_4153,14.135038,18.072549,7.013281,8.958341
IsPETaseWT_pool_612,14.131574,18.068124,7.009817,8.953916
IsPETaseWT_pool_3212,14.129876,18.065955,7.008119,8.951748
IsPETaseWT_pool_4313,14.128816,18.064601,7.007059,8.950394
IsPETaseWT_pool_1668,14.127144,18.062465,7.005387,8.948258
IsPETaseWT_pool_3143,14.124095,18.058571,7.002338,8.944363
IsPETaseWT_pool_4368,14.122276,18.056247,7.000519,8.942040
IsPETaseWT_pool_3655,14.122180,18.056125,7.000423,8.941917
IsPETaseWT_pool_2408,14.120440,18.053902,6.998683,8.939695
IsPETaseWT_pool_2724,14.119572,18.052793,6.997815,8.938586
IsPETaseWT_pool_1536,14.117928,18.050694,6.996171,8.936486
IsPETaseWT_pool_1427,14.113791,18.045409,6.992034,8.931201
IsPETaseWT_pool_77,14.113091,18.044515,6.991334,8.930307
IsPETaseWT_pool_2714,14.113007,18.044408,6.991250,8.930200
IsPETaseWT_pool_3936,14.111248,18.042161,6.989491,8.927953
IsPETaseWT_pool_4315,14.110894,18.041709,6.989137,8.927501
IsPETaseWT_pool_349,14.109575,18.040024,6.987818,8.925816
IsPETaseWT_pool_2570,14.108307,18.038404,6.986550,8.924197
IsPETaseWT_pool_4998,14.105197,18.034432,6.983440,8.920224
IsPETaseWT_pool_1154,14.104314,18.033304,6.982557,8.919096
IsPETaseWT_pool_1752,14.103702,18.032522,6.981945,8.918314
IsPETaseWT_pool_1982,14.101142,18.029252,6.979385,8.915044
IsPETaseWT_pool_1162,14.100446,18.028363,6.978689,8.914155
IsPETaseWT_pool_3254,14.097888,18.025096,6.976131,8.910888
IsPETaseWT_pool_3653,14.094921,18.021306,6.973164,8.907098
IsPETaseWT_pool_2485,14.092565,18.018296,6.970808,8.904089
IsPETaseWT_pool_3060,14.084704,18.008255,6.962947,8.894048
IsPETaseWT_pool_2898,14.083789,18.007086,6.962032,8.892879
IsPETaseWT_pool_3397,14.083279,18.006435,6.961522,8.892227
IsPETaseWT_pool_3489,14.083127,18.006241,6.961370,8.892033
IsPETaseWT_pool_2936,14.082019,18.004826,6.960262,8.890618
IsPETaseWT_pool_3552,14.080785,18.003249,6.959028,8.889042
IsPETaseWT_pool_4819,14.080745,18.003198,6.958988,8.888991
IsPETaseWT_pool_161,14.079782,18.001968,6.958025,8.887760
IsPETaseWT_pool_1972,14.078474,18.000297,6.956717,8.886090
IsPETaseWT_pool_1848,14.077888,17.999549,6.956131,8.885341
IsPETaseWT_pool_2482,14.076302,17.997523,6.954545,8.883315
IsPETaseWT_pool_4988,14.075107,17.995997,6.953350,8.881789
IsPETaseWT_pool_2526,14.074513,17.995238,6.952756,8.881030
IsPETaseWT_pool_1114,14.074478,17.995193,6.952721,8.880985
IsPETaseWT_pool_718,14.074193,17.994829,6.952436,8.880621
IsPETaseWT_pool_113,14.074044,17.994639,6.952287,8.880431
IsPETaseWT_pool_4885,14.072776,17.993019,6.951019,8.878811
IsPETaseWT_pool_360,14.072032,17.992069,6.950275,8.877861
IsPETaseWT_pool_2778,14.069120,17.988349,6.947363,8.874141
IsPETaseWT_pool_4106,14.063199,17.980786,6.941442,8.866578
IsPETaseWT_pool_659,14.061315,17.978380,6.939558,8.864172
IsPETaseWT_pool_4440,14.059114,17.975568,6.937357,8.861360
IsPETaseWT_pool_2888,14.057115,17.973015,6.935358,8.858807
IsPETaseWT_pool_2422,14.057058,17.972942,6.935301,8.858734
IsPETaseWT_pool_4669,14.055815,17.971354,6.934058,8.857146
IsPETaseWT_pool_4948,14.054835,17.970102,6.933078,8.855895
IsPETaseWT_pool_1783,14.054335,17.969464,6.932578,8.855256
IsPETaseWT_pool_630,14.054293,17.969410,6.932536,8.855202
IsPETaseWT_pool_282,14.054230,17.969330,6.932473,8.855122
IsPETaseWT_pool_4969,14.053273,17.968107,6.931516,8.853899
IsPETaseWT_pool_3760,14.052672,17.967339,6.930915,8.853132
IsPETaseWT_pool_3403,14.051633,17.966012,6.929876,8.851805
IsPETaseWT_pool_4139,14.051541,17.965895,6.929784,8.851687
IsPETaseWT_pool_4292,14.051394,17.965707,6.929637,8.851499
IsPETaseWT_pool_1779,14.051373,17.965680,6.929616,8.851473
IsPETaseWT_pool_4424,14.049581,17.963391,6.927824,8.849184
IsPETaseWT_pool_2402,14.048035,17.961416,6.926278,8.847209
IsPETaseWT_pool_2715,14.045943,17.958744,6.924186,8.844537
IsPETaseWT_pool_695,14.045099,17.957666,6.923342,8.843458
IsPETaseWT_pool_3182,14.044357,17.956718,6.922600,8.842511
IsPETaseWT_pool_1767,14.041411,17.952955,6.919654,8.838748
IsPETaseWT_pool_1619,14.036237,17.946346,6.914480,8.832139
IsPETaseWT_pool_842,14.035961,17.945994,6.914204,8.831786
IsPETaseWT_pool_4294,14.034385,17.943981,6.912628,8.829773
IsPETaseWT_pool_1088,14.033786,17.943216,6.912029,8.829008
IsPETaseWT_pool_4309,14.032652,17.941767,6.910895,8.827559
IsPETaseWT_pool_3061,14.031201,17.939914,6.909444,8.825706
IsPETaseWT_pool_2954,14.030715,17.939293,6.908958,8.825085
IsPETaseWT_pool_3053,14.030184,17.938615,6.908427,8.824407
IsPETaseWT_pool_4115,14.028138,17.936001,6.906381,8.821794
IsPETaseWT_pool_2246,14.026280,17.933628,6.904523,8.819420
IsPETaseWT_pool_1578,14.025857,17.933088,6.904100,8.818880
IsPETaseWT_pool_4677,14.024049,17.930778,6.902292,8.816570
IsPETaseWT_pool_2567,14.023151,17.929631,6.901394,8.815423
IsPETaseWT_pool_3431,14.022687,17.929038,6.900930,8.814831
IsPETaseWT_pool_4872,14.022141,17.928341,6.900384,8.814133
IsPETaseWT_pool_507,14.021558,17.927596,6.899801,8.813389
IsPETaseWT_pool_2016,14.018477,17.923661,6.896720,8.809453
IsPETaseWT_pool_4399,14.018129,17.923216,6.896372,8.809009
IsPETaseWT_pool_4257,14.016162,17.920704,6.894405,8.806496
IsPETaseWT_pool_2503,14.014079,17.918043,6.892322,8.803835
IsPETaseWT_pool_2377,14.013464,17.917258,6.891707,8.803050
IsPETaseWT_pool_684,14.011741,17.915057,6.889984,8.800849
IsPETaseWT_pool_3879,14.011702,17.915007,6.889945,8.800799
IsPETaseWT_pool_636,14.011138,17.914286,6.889381,8.800079
IsPETaseWT_pool_2185,14.009390,17.912054,6.887633,8.797846
IsPETaseWT_pool_3617,14.009173,17.911776,6.887416,8.797569
IsPETaseWT_pool_4531,14.008338,17.910710,6.886581,8.796502
IsPETaseWT_pool_3978,14.007205,17.909263,6.885448,8.795055
IsPETaseWT_pool_4458,14.005105,17.906580,6.883348,8.792373
IsPETaseWT_pool_4263,14.004622,17.905963,6.882865,8.791756
IsPETaseWT_pool_1125,14.002892,17.903753,6.881135,8.789546
IsPETaseWT_pool_3993,14.002472,17.903217,6.880715,8.789009
IsPETaseWT_pool_2396,14.002223,17.902899,6.880466,8.788691
IsPETaseWT_pool_4408,14.001055,17.901407,6.879298,8.787199
IsPETaseWT_pool_4132,14.000896,17.901204,6.879139,8.786996
IsPETaseWT_pool_3971,14.000654,17.900895,6.878897,8.786687
IsPETaseWT_pool_1944,14.000381,17.900546,6.878624,8.786338
IsPETaseWT_pool_3393,13.999422,17.899321,6.877665,8.785113
IsPETaseWT_pool_994,13.998213,17.897777,6.876456,8.783569
IsPETaseWT_pool_3652,13.995946,17.894881,6.874189,8.780673
IsPETaseWT_pool_2471,13.995080,17.893775,6.873323,8.779567
IsPETaseWT_pool_2048,13.994632,17.893203,6.872875,8.778995
IsPETaseWT_pool_2332,13.994134,17.892567,6.872377,8.778359
IsPETaseWT_pool_4243,13.993755,17.892082,6.871998,8.777875
IsPETaseWT_pool_430,13.991464,17.889156,6.869707,8.774948
IsPETaseWT_pool_1444,13.990946,17.888494,6.869189,8.774287
IsPETaseWT_pool_1888,13.988544,17.885426,6.866787,8.771219
IsPETaseWT_pool_2547,13.985981,17.882152,6.864224,8.767945
IsPETaseWT_pool_159,13.985954,17.882118,6.864197,8.767910
IsPETaseWT_pool_2553,13.985036,17.880945,6.863279,8.766738
IsPETaseWT_pool_446,13.983958,17.879568,6.862201,8.765361
IsPETaseWT_pool_2399,13.983930,17.879533,6.862173,8.765325
IsPETaseWT_pool_3611,13.982998,17.878342,6.861241,8.764134
IsPETaseWT_pool_4566,13.982298,17.877448,6.860541,8.763240
IsPETaseWT_pool_4923,13.981900,17.876940,6.860143,8.762732
IsPETaseWT_pool_4270,13.980635,17.875324,6.858878,8.761116
IsPETaseWT_pool_1950,13.979147,17.873423,6.857390,8.759215
IsPETaseWT_pool_1298,13.978146,17.872144,6.856389,8.757937
IsPETaseWT_pool_4347,13.976955,17.870623,6.855198,8.756415
IsPETaseWT_pool_3242,13.976579,17.870143,6.854822,8.755935
IsPETaseWT_pool_565,13.976083,17.869509,6.854326,8.755302
IsPETaseWT_pool_3379,13.976017,17.869425,6.854260,8.755217
IsPETaseWT_pool_791,13.973693,17.866456,6.851936,8.752249
IsPETaseWT_pool_4022,13.971862,17.864118,6.850105,8.749910
IsPETaseWT_pool_3052,13.971242,17.863326,6.849485,8.749118
IsPETaseWT_pool_1661,13.971114,17.863162,6.849357,8.748955
IsPETaseWT_pool_3453,13.970426,17.862283,6.848669,8.748076
IsPETaseWT_pool_2835,13.968710,17.860091,6.846953,8.745884
IsPETaseWT_pool_869,13.966773,17.857617,6.845016,8.743410
IsPETaseWT_pool_939,13.966468,17.857228,6.844711,8.743020
IsPETaseWT_pool_3558,13.962820,17.852568,6.841063,8.738360
IsPETaseWT_pool_2373,13.962383,17.852010,6.840626,8.737802
IsPETaseWT_pool_4623,13.960051,17.849031,6.838294,8.734823
IsPETaseWT_pool_4450,13.959548,17.848388,6.837791,8.734181
IsPETaseWT_pool_2802,13.958268,17.846753,6.836511,8.732546
IsPETaseWT_pool_1965,13.957994,17.846404,6.836237,8.732196
IsPETaseWT_pool_4282,13.957636,17.845946,6.835879,8.731739
IsPETaseWT_pool_3946,13.955841,17.843653,6.834084,8.729446
IsPETaseWT_pool_102,13.954554,17.842009,6.832797,8.727802
IsPETaseWT_pool_2977,13.954082,17.841407,6.832325,8.727199
IsPETaseWT_pool_3736,13.953809,17.841058,6.832052,8.726850
IsPETaseWT_pool_3439,13.951744,17.838420,6.829987,8.724212
IsPETaseWT_pool_2841,13.950994,17.837462,6.829237,8.723254
IsPETaseWT_pool_3672,13.948926,17.834821,6.827169,8.720613
IsPETaseWT_pool_1636,13.948503,17.834280,6.826746,8.720073
IsPETaseWT_pool_2079,13.947962,17.833589,6.826205,8.719382
IsPETaseWT_pool_4289,13.943775,17.828241,6.822018,8.714033
IsPETaseWT_pool_4521,13.942610,17.826753,6.820853,8.712545
IsPETaseWT_pool_4576,13.941573,17.825428,6.819816,8.711221
IsPETaseWT_pool_4367,13.940038,17.823468,6.818281,8.709260
IsPETaseWT_pool_377,13.938872,17.821978,6.817115,8.707771
IsPETaseWT_pool_4589,13.936814,17.819349,6.815057,8.705142
IsPETaseWT_pool_660,13.935167,17.817246,6.813410,8.703038
IsPETaseWT_pool_3037,13.929976,17.810615,6.808219,8.696407
IsPETaseWT_pool_3244,13.929950,17.810582,6.808193,8.696374
IsPETaseWT_pool_3336,13.928915,17.809260,6.807158,8.695052
IsPETaseWT_pool_1693,13.928823,17.809142,6.807066,8.694935
IsPETaseWT_pool_4537,13.928567,17.808815,6.806810,8.694608
IsPETaseWT_pool_928,13.926950,17.806750,6.805193,8.692542
IsPETaseWT_pool_427,13.924516,17.803641,6.802759,8.689433
IsPETaseWT_pool_3193,13.924492,17.803610,6.802735,8.689402
IsPETaseWT_pool_2145,13.924307,17.803374,6.802550,8.689166
IsPETaseWT_pool_4667,13.921190,17.799392,6.799433,8.685185
IsPETaseWT_pool_882,13.920440,17.798434,6.798683,8.684227
IsPETaseWT_pool_247,13.917979,17.795291,6.796222,8.681083
IsPETaseWT_pool_3562,13.914015,17.790227,6.792258,8.676020
IsPETaseWT_pool_1382,13.913551,17.789635,6.791794,8.675427
IsPETaseWT_pool_4890,13.913339,17.789364,6.791582,8.675156
IsPETaseWT_pool_1202,13.912860,17.788752,6.791103,8.674544
IsPETaseWT_pool_4343,13.911441,17.786940,6.789684,8.672732
IsPETaseWT_pool_4991,13.909685,17.784697,6.787928,8.670489
IsPETaseWT_pool_669,13.909471,17.784423,6.787714,8.670215
IsPETaseWT_pool_3750,13.908486,17.783165,6.786729,8.668957
IsPETaseWT_pool_2844,13.908262,17.782879,6.786505,8.668671
IsPETaseWT_pool_275,13.906966,17.781223,6.785209,8.667016
IsPETaseWT_pool_4909,13.905444,17.779279,6.783687,8.665072
IsPETaseWT_pool_571,13.902598,17.775644,6.780841,8.661436
IsPETaseWT_pool_152,13.901823,17.774654,6.780066,8.660446
IsPETaseWT_pool_4620,13.900507,17.772973,6.778750,8.658765
IsPETaseWT_pool_2301,13.900421,17.772863,6.778664,8.658656
IsPETaseWT_pool_2452,13.899879,17.772171,6.778122,8.657963
IsPETaseWT_pool_733,13.899433,17.771601,6.777676,8.657394
IsPETaseWT_pool_4870,13.898112,17.769914,6.776355,8.655706
IsPETaseWT_pool_1409,13.898085,17.769879,6.776328,8.655672
IsPETaseWT_pool_4560,13.898005,17.769777,6.776248,8.655570
IsPETaseWT_pool_1698,13.897968,17.769730,6.776211,8.655522
IsPETaseWT_pool_1067,13.896286,17.767581,6.774529,8.653374
IsPETaseWT_pool_4235,13.895866,17.767045,6.774109,8.652837
IsPETaseWT_pool_3357,13.895708,17.766843,6.773951,8.652635
IsPETaseWT_pool_1853,13.894328,17.765080,6.772571,8.650873
IsPETaseWT_pool_3491,13.894119,17.764813,6.772362,8.650606
IsPETaseWT_pool_4481,13.892358,17.762564,6.770601,8.648356
IsPETaseWT_pool_4335,13.891897,17.761975,6.770140,8.647768
IsPETaseWT_pool_4751,13.886870,17.755554,6.765113,8.641346
IsPETaseWT_pool_2522,13.885823,17.754217,6.764066,8.640009
IsPETaseWT_pool_1646,13.884900,17.753038,6.763143,8.638830
IsPETaseWT_pool_4465,13.883903,17.751764,6.762146,8.637556
IsPETaseWT_pool_3462,13.882495,17.749966,6.760738,8.635758
IsPETaseWT_pool_1849,13.880835,17.747845,6.759078,8.633638
IsPETaseWT_pool_4457,13.878566,17.744947,6.756809,8.630739
IsPETaseWT_pool_2243,13.877417,17.743479,6.755660,8.629272
IsPETaseWT_pool_3679,13.872104,17.736693,6.750347,8.622485
IsPETaseWT_pool_3153,13.870861,17.735105,6.749104,8.620897
IsPETaseWT_pool_1320,13.870561,17.734722,6.748804,8.620514
IsPETaseWT_pool_4025,13.866069,17.728984,6.744312,8.614776
IsPETaseWT_pool_1794,13.865322,17.728030,6.743565,8.613822
IsPETaseWT_pool_3563,13.862802,17.724811,6.741045,8.610603
IsPETaseWT_pool_494,13.859963,17.721185,6.738206,8.606977
IsPETaseWT_pool_3834,13.859687,17.720832,6.737930,8.606624
IsPETaseWT_pool_186,13.858706,17.719579,6.736949,8.605371
IsPETaseWT_pool_4849,13.858626,17.719477,6.736869,8.605269
IsPETaseWT_pool_1492,13.851016,17.709756,6.729259,8.595549
IsPETaseWT_pool_4337,13.850951,17.709673,6.729194,8.595466
IsPETaseWT_pool_1835,13.847974,17.705871,6.726217,8.591663
IsPETaseWT_pool_806,13.847104,17.704759,6.725347,8.590552
IsPETaseWT_pool_1908,13.846118,17.703500,6.724361,8.589292
IsPETaseWT_pool_687,13.842939,17.699439,6.721182,8.585232
IsPETaseWT_pool_4260,13.842169,17.698456,6.720412,8.584248
IsPETaseWT_pool_4761,13.841146,17.697149,6.719389,8.582941
IsPETaseWT_pool_2186,13.840004,17.695690,6.718247,8.581483
IsPETaseWT_pool_2678,13.839502,17.695049,6.717745,8.580841
IsPETaseWT_pool_1595,13.838993,17.694399,6.717236,8.580191
IsPETaseWT_pool_3666,13.838805,17.694159,6.717048,8.579951
IsPETaseWT_pool_3152,13.837509,17.692503,6.715752,8.578296
IsPETaseWT_pool_808,13.835363,17.689762,6.713606,8.575554
IsPETaseWT_pool_335,13.834537,17.688707,6.712780,8.574499
IsPETaseWT_pool_444,13.834428,17.688568,6.712671,8.574360
IsPETaseWT_pool_4364,13.833703,17.687642,6.711946,8.573434
IsPETaseWT_pool_3511,13.831411,17.684714,6.709654,8.570506
IsPETaseWT_pool_2117,13.829947,17.682844,6.708190,8.568636
IsPETaseWT_pool_4012,13.827525,17.679750,6.705768,8.565543
IsPETaseWT_pool_4993,13.823077,17.674069,6.701320,8.559861
IsPETaseWT_pool_2642,13.823053,17.674038,6.701296,8.559830
IsPETaseWT_pool_2386,13.822515,17.673351,6.700758,8.559143
IsPETaseWT_pool_1090,13.821292,17.671789,6.699535,8.557581
IsPETaseWT_pool_1483,13.821203,17.671675,6.699446,8.557467
IsPETaseWT_pool_952,13.818829,17.668643,6.697072,8.554435
IsPETaseWT_pool_3245,13.817865,17.667411,6.696108,8.553204
IsPETaseWT_pool_3096,13.817245,17.666619,6.695488,8.552412
IsPETaseWT_pool_4374,13.816818,17.666074,6.695061,8.551866
IsPETaseWT_pool_751,13.813711,17.662105,6.691954,8.547897
IsPETaseWT_pool_4126,13.809888,17.657222,6.688131,8.543014
IsPETaseWT_pool_3818,13.807466,17.654128,6.685709,8.539920
IsPETaseWT_pool_160,13.807152,17.653727,6.685395,8.539519
IsPETaseWT_pool_3999,13.806952,17.653472,6.685195,8.539264
IsPETaseWT_pool_433,13.805220,17.651259,6.683463,8.537052
IsPETaseWT_pool_1638,13.804872,17.650815,6.683115,8.536607
IsPETaseWT_pool_3603,13.804238,17.650005,6.682481,8.535797
IsPETaseWT_pool_79,13.804099,17.649827,6.682342,8.535620
IsPETaseWT_pool_2472,13.803812,17.649461,6.682055,8.535253
IsPETaseWT_pool_4881,13.801641,17.646688,6.679884,8.532480
IsPETaseWT_pool_2054,13.796919,17.640656,6.675162,8.526448
IsPETaseWT_pool_2856,13.796321,17.639892,6.674564,8.525685
IsPETaseWT_pool_1694,13.795835,17.639271,6.674078,8.525064
IsPETaseWT_pool_4599,13.795360,17.638665,6.673603,8.524457
IsPETaseWT_pool_850,13.794868,17.638036,6.673111,8.523829
IsPETaseWT_pool_2327,13.793807,17.636681,6.672050,8.522473
IsPETaseWT_pool_30,13.789923,17.631720,6.668166,8.517512
IsPETaseWT_pool_2284,13.789826,17.631596,6.668069,8.517388
IsPETaseWT_pool_935,13.788234,17.629562,6.666477,8.515355
IsPETaseWT_pool_52,13.787992,17.629253,6.666235,8.515046
IsPETaseWT_pool_875,13.787431,17.628537,6.665674,8.514329
IsPETaseWT_pool_788,13.787033,17.628028,6.665276,8.513821
IsPETaseWT_pool_2744,13.785886,17.626563,6.664129,8.512355
IsPETaseWT_pool_3863,13.785678,17.626297,6.663921,8.512090
IsPETaseWT_pool_2971,13.785364,17.625896,6.663607,8.511689
IsPETaseWT_pool_3309,13.785316,17.625835,6.663559,8.511627
IsPETaseWT_pool_3597,13.785058,17.625506,6.663301,8.511298
IsPETaseWT_pool_2116,13.784733,17.625090,6.662976,8.510883
IsPETaseWT_pool_1036,13.784547,17.624853,6.662790,8.510645
IsPETaseWT_pool_4369,13.783374,17.623354,6.661617,8.509147
IsPETaseWT_pool_2152,13.782591,17.622354,6.660834,8.508147
IsPETaseWT_pool_441,13.780672,17.619903,6.658915,8.505695
IsPETaseWT_pool_2691,13.780360,17.619505,6.658603,8.505297
IsPETaseWT_pool_874,13.779091,17.617884,6.657334,8.503676
IsPETaseWT_pool_971,13.776393,17.614437,6.654636,8.500230
IsPETaseWT_pool_3874,13.776311,17.614333,6.654554,8.500125
IsPETaseWT_pool_4977,13.773910,17.611266,6.652153,8.497058
IsPETaseWT_pool_2948,13.773221,17.610386,6.651464,8.496178
IsPETaseWT_pool_2027,13.772724,17.609751,6.650967,8.495543
IsPETaseWT_pool_859,13.771828,17.608606,6.650071,8.494399
IsPETaseWT_pool_499,13.770157,17.606472,6.648400,8.492264
IsPETaseWT_pool_1756,13.769224,17.605280,6.647467,8.491072
IsPETaseWT_pool_1927,13.768248,17.604033,6.646491,8.489826
IsPETaseWT_pool_450,13.767266,17.602779,6.645509,8.488571
IsPETaseWT_pool_4838,13.765467,17.600481,6.643710,8.486273
IsPETaseWT_pool_2985,13.764811,17.599643,6.643054,8.485436
IsPETaseWT_pool_1271,13.763418,17.597864,6.641661,8.483656
IsPETaseWT_pool_1357,13.763360,17.597790,6.641603,8.483582
IsPETaseWT_pool_503,13.761081,17.594879,6.639324,8.480671
IsPETaseWT_pool_1554,13.760857,17.594593,6.639100,8.480385
IsPETaseWT_pool_2182,13.758653,17.591777,6.636896,8.477570
IsPETaseWT_pool_461,13.758368,17.591413,6.636611,8.477206
IsPETaseWT_pool_591,13.757710,17.590573,6.635953,8.476365
IsPETaseWT_pool_2883,13.757470,17.590266,6.635713,8.476059
IsPETaseWT_pool_1033,13.756364,17.588854,6.634607,8.474646
IsPETaseWT_pool_1805,13.756284,17.588751,6.634527,8.474544
IsPETaseWT_pool_10,13.756244,17.588700,6.634487,8.474493
IsPETaseWT_pool_1878,13.754629,17.586637,6.632872,8.472430
IsPETaseWT_pool_2765,13.754390,17.586332,6.632633,8.472124
IsPETaseWT_pool_640,13.753533,17.585237,6.631776,8.471030
IsPETaseWT_pool_3654,13.752809,17.584313,6.631052,8.470105
IsPETaseWT_pool_580,13.752559,17.583993,6.630802,8.469786
IsPETaseWT_pool_3561,13.751450,17.582577,6.629693,8.468369
IsPETaseWT_pool_715,13.750257,17.581053,6.628500,8.466845
IsPETaseWT_pool_60,13.747663,17.577739,6.625906,8.463532
IsPETaseWT_pool_184,13.746727,17.576544,6.624970,8.462336
IsPETaseWT_pool_2776,13.746659,17.576457,6.624902,8.462249
IsPETaseWT_pool_1482,13.744948,17.574271,6.623191,8.460064
IsPETaseWT_pool_3962,13.743651,17.572615,6.621894,8.458407
IsPETaseWT_pool_1143,13.740459,17.568537,6.618702,8.454330
IsPETaseWT_pool_3250,13.736392,17.563343,6.614635,8.449135
IsPETaseWT_pool_3991,13.735993,17.562833,6.614236,8.448625
IsPETaseWT_pool_1614,13.735781,17.562562,6.614024,8.448354
IsPETaseWT_pool_2506,13.734063,17.560368,6.612306,8.446160
IsPETaseWT_pool_4358,13.733434,17.559564,6.611677,8.445356
IsPETaseWT_pool_4858,13.733298,17.559390,6.611541,8.445183
IsPETaseWT_pool_3454,13.728513,17.553278,6.606756,8.439071
IsPETaseWT_pool_3815,13.727697,17.552236,6.605940,8.438028
IsPETaseWT_pool_2281,13.725311,17.549188,6.603554,8.434981
IsPETaseWT_pool_3289,13.723970,17.547475,6.602213,8.433268
IsPETaseWT_pool_845,13.723385,17.546728,6.601628,8.432520
IsPETaseWT_pool_3011,13.720963,17.543634,6.599206,8.429427
IsPETaseWT_pool_1737,13.720743,17.543353,6.598986,8.429146
IsPETaseWT_pool_3510,13.720396,17.542910,6.598639,8.428703
IsPETaseWT_pool_2528,13.720110,17.542545,6.598353,8.428337
IsPETaseWT_pool_2624,13.719204,17.541388,6.597447,8.427180
IsPETaseWT_pool_3673,13.719029,17.541164,6.597272,8.426956
IsPETaseWT_pool_2200,13.713452,17.534040,6.591695,8.419833
IsPETaseWT_pool_3218,13.712709,17.533091,6.590952,8.418884
IsPETaseWT_pool_468,13.710738,17.530574,6.588981,8.416366
IsPETaseWT_pool_4063,13.709576,17.529089,6.587819,8.414882
IsPETaseWT_pool_2072,13.708641,17.527895,6.586884,8.413687
IsPETaseWT_pool_4495,13.708274,17.527426,6.586517,8.413219
IsPETaseWT_pool_799,13.707471,17.526401,6.585714,8.412193
IsPETaseWT_pool_1605,13.706811,17.525558,6.585054,8.411350
IsPETaseWT_pool_326,13.703510,17.521341,6.581753,8.407133
IsPETaseWT_pool_4812,13.703006,17.520697,6.581249,8.406490
IsPETaseWT_pool_4758,13.702065,17.519495,6.580308,8.405288
IsPETaseWT_pool_989,13.701319,17.518542,6.579562,8.404335
IsPETaseWT_pool_4185,13.700331,17.517280,6.578574,8.403073
IsPETaseWT_pool_2743,13.699707,17.516483,6.577950,8.402276
IsPETaseWT_pool_4426,13.698702,17.515200,6.576945,8.400992
IsPETaseWT_pool_1829,13.697458,17.513611,6.575701,8.399403
IsPETaseWT_pool_3608,13.697202,17.513284,6.575445,8.399076
IsPETaseWT_pool_744,13.694283,17.509555,6.572526,8.395347
IsPETaseWT_pool_4873,13.693056,17.507988,6.571299,8.393780
IsPETaseWT_pool_2060,13.691000,17.505362,6.569243,8.391154
IsPETaseWT_pool_666,13.690668,17.504937,6.568911,8.390730
IsPETaseWT_pool_1730,13.690233,17.504382,6.568476,8.390174
IsPETaseWT_pool_3417,13.687921,17.501429,6.566164,8.387221
IsPETaseWT_pool_2455,13.687750,17.501210,6.565993,8.387002
IsPETaseWT_pool_1362,13.687583,17.500997,6.565826,8.386789
IsPETaseWT_pool_1633,13.685276,17.498050,6.563519,8.383842
IsPETaseWT_pool_393,13.683279,17.495499,6.561522,8.381291
IsPETaseWT_pool_3356,13.681784,17.493590,6.560027,8.379382
IsPETaseWT_pool_164,13.678669,17.489611,6.556912,8.375403
IsPETaseWT_pool_4854,13.676955,17.487421,6.555198,8.373214
IsPETaseWT_pool_4514,13.674213,17.483919,6.552456,8.369711
IsPETaseWT_pool_7,13.673927,17.483553,6.552170,8.369346
IsPETaseWT_pool_1307,13.673288,17.482737,6.551531,8.368530
IsPETaseWT_pool_1464,13.667788,17.475712,6.546031,8.361504
IsPETaseWT_pool_2696,13.667081,17.474809,6.545324,8.360601
IsPETaseWT_pool_4715,13.666870,17.474539,6.545113,8.360332
IsPETaseWT_pool_4216,13.666785,17.474431,6.545028,8.360223
IsPETaseWT_pool_3107,13.664521,17.471539,6.542764,8.357331
IsPETaseWT_pool_955,13.663340,17.470030,6.541583,8.355823
IsPETaseWT_pool_3528,13.663051,17.469661,6.541294,8.355453
IsPETaseWT_pool_3873,13.662927,17.469503,6.541170,8.355295
IsPETaseWT_pool_443,13.661385,17.467533,6.539628,8.353325
IsPETaseWT_pool_4811,13.660868,17.466873,6.539111,8.352665
IsPETaseWT_pool_4304,13.660630,17.466569,6.538873,8.352361
IsPETaseWT_pool_1658,13.660186,17.466002,6.538429,8.351794
IsPETaseWT_pool_1479,13.659938,17.465685,6.538181,8.351477
IsPETaseWT_pool_1800,13.659847,17.465569,6.538090,8.351361
IsPETaseWT_pool_2021,13.658915,17.464378,6.537158,8.350170
IsPETaseWT_pool_375,13.657466,17.462527,6.535709,8.348320
IsPETaseWT_pool_990,13.654440,17.458662,6.532683,8.344454
IsPETaseWT_pool_3027,13.652085,17.455654,6.530328,8.341446
IsPETaseWT_pool_3833,13.650291,17.453362,6.528534,8.339155
IsPETaseWT_pool_3569,13.649260,17.452045,6.527503,8.337838
IsPETaseWT_pool_1253,13.648419,17.450971,6.526662,8.336763
IsPETaseWT_pool_2753,13.647974,17.450403,6.526217,8.336195
IsPETaseWT_pool_2007,13.647692,17.450042,6.525935,8.335835
IsPETaseWT_pool_4024,13.647068,17.449245,6.525311,8.335038
IsPETaseWT_pool_3762,13.646873,17.448996,6.525116,8.334789
IsPETaseWT_pool_3677,13.645536,17.447289,6.523779,8.333081
IsPETaseWT_pool_368,13.644970,17.446566,6.523213,8.332358
IsPETaseWT_pool_1438,13.641983,17.442750,6.520226,8.328542
IsPETaseWT_pool_1506,13.641493,17.442124,6.519736,8.327917
IsPETaseWT_pool_717,13.638901,17.438813,6.517144,8.324606
IsPETaseWT_pool_4478,13.638113,17.437807,6.516356,8.323599
IsPETaseWT_pool_1219,13.637775,17.437375,6.516018,8.323167
IsPETaseWT_pool_782,13.636181,17.435339,6.514424,8.321131
IsPETaseWT_pool_1922,13.634286,17.432918,6.512529,8.318711
IsPETaseWT_pool_1736,13.633764,17.432252,6.512007,8.318044
IsPETaseWT_pool_2595,13.631659,17.429563,6.509902,8.315355
IsPETaseWT_pool_2015,13.630817,17.428487,6.509060,8.314280
IsPETaseWT_pool_4092,13.627890,17.424749,6.506133,8.310541
IsPETaseWT_pool_3257,13.625936,17.422253,6.504179,8.308045
IsPETaseWT_pool_3538,13.625510,17.421709,6.503753,8.307501
IsPETaseWT_pool_1760,13.625392,17.421558,6.503635,8.307350
IsPETaseWT_pool_421,13.624752,17.420740,6.502995,8.306533
IsPETaseWT_pool_1333,13.622680,17.418094,6.500923,8.303886
IsPETaseWT_pool_3140,13.622366,17.417693,6.500609,8.303485
IsPETaseWT_pool_2798,13.619029,17.413430,6.497272,8.299222
IsPETaseWT_pool_3384,13.616893,17.410702,6.495136,8.296494
IsPETaseWT_pool_1577,13.613137,17.405904,6.491380,8.291696
IsPETaseWT_pool_3179,13.611668,17.404028,6.489911,8.289820
IsPETaseWT_pool_822,13.611033,17.403216,6.489276,8.289009
IsPETaseWT_pool_2157,13.610927,17.403081,6.489170,8.288873
IsPETaseWT_pool_1981,13.607621,17.398858,6.485864,8.284651
IsPETaseWT_pool_4375,13.606024,17.396818,6.484267,8.282611
IsPETaseWT_pool_594,13.605921,17.396687,6.484164,8.282479
IsPETaseWT_pool_4357,13.605738,17.396453,6.483981,8.282245
IsPETaseWT_pool_1612,13.605502,17.396152,6.483745,8.281944
IsPETaseWT_pool_2248,13.604660,17.395076,6.482903,8.280868
IsPETaseWT_pool_2003,13.600084,17.389231,6.478327,8.275023
IsPETaseWT_pool_2130,13.599293,17.388221,6.477536,8.274013
IsPETaseWT_pool_1245,13.598204,17.386830,6.476447,8.272622
IsPETaseWT_pool_3630,13.594139,17.381637,6.472382,8.267429
IsPETaseWT_pool_3426,13.591727,17.378556,6.469970,8.264349
IsPETaseWT_pool_1330,13.590615,17.377136,6.468858,8.262928
IsPETaseWT_pool_1958,13.589787,17.376078,6.468030,8.261870
IsPETaseWT_pool_1366,13.588360,17.374255,6.466603,8.260048
IsPETaseWT_pool_2902,13.587314,17.372919,6.465557,8.258712
IsPETaseWT_pool_1241,13.586260,17.371573,6.464503,8.257365
IsPETaseWT_pool_1327,13.585954,17.371182,6.464197,8.256974
IsPETaseWT_pool_3953,13.584981,17.369939,6.463224,8.255732
IsPETaseWT_pool_600,13.583824,17.368461,6.462067,8.254254
IsPETaseWT_pool_1057,13.583695,17.368297,6.461938,8.254089
IsPETaseWT_pool_47,13.581353,17.365305,6.459596,8.251097
IsPETaseWT_pool_2972,13.579100,17.362427,6.457343,8.248220
IsPETaseWT_pool_402,13.577293,17.360119,6.455536,8.245911
IsPETaseWT_pool_2581,13.576196,17.358718,6.454439,8.244510
IsPETaseWT_pool_4621,13.575434,17.357744,6.453677,8.243537
IsPETaseWT_pool_3988,13.573863,17.355738,6.452106,8.241530
IsPETaseWT_pool_2976,13.573097,17.354759,6.451340,8.240552
IsPETaseWT_pool_2278,13.571715,17.352994,6.449958,8.238786
IsPETaseWT_pool_1529,13.570825,17.351857,6.449068,8.237650
IsPETaseWT_pool_4493,13.569565,17.350248,6.447808,8.236040
IsPETaseWT_pool_1042,13.568853,17.349338,6.447096,8.235131
IsPETaseWT_pool_4451,13.567863,17.348074,6.446106,8.233866
IsPETaseWT_pool_1742,13.565348,17.344861,6.443591,8.230654
IsPETaseWT_pool_2565,13.564889,17.344275,6.443132,8.230067
IsPETaseWT_pool_2129,13.564650,17.343970,6.442893,8.229762
IsPETaseWT_pool_108,13.564091,17.343256,6.442334,8.229048
IsPETaseWT_pool_1232,13.563501,17.342502,6.441744,8.228294
IsPETaseWT_pool_1660,13.563378,17.342345,6.441621,8.228137
IsPETaseWT_pool_1460,13.562326,17.341001,6.440569,8.226793
IsPETaseWT_pool_1150,13.561053,17.339375,6.439296,8.225167
IsPETaseWT_pool_3765,13.560750,17.338988,6.438993,8.224780
IsPETaseWT_pool_3273,13.559823,17.337804,6.438066,8.223596
IsPETaseWT_pool_1422,13.559618,17.337542,6.437861,8.223334
IsPETaseWT_pool_969,13.559505,17.337398,6.437748,8.223190
IsPETaseWT_pool_488,13.555892,17.332783,6.434135,8.218575
IsPETaseWT_pool_1446,13.553019,17.329113,6.431262,8.214905
IsPETaseWT_pool_412,13.551755,17.327498,6.429998,8.213291
IsPETaseWT_pool_3656,13.551519,17.327197,6.429762,8.212989
IsPETaseWT_pool_921,13.549994,17.325249,6.428237,8.211041
IsPETaseWT_pool_105,13.549070,17.324069,6.427313,8.209861
IsPETaseWT_pool_2923,13.547071,17.321515,6.425314,8.207308
IsPETaseWT_pool_3241,13.546585,17.320895,6.424828,8.206687
IsPETaseWT_pool_497,13.544461,17.318181,6.422704,8.203974
IsPETaseWT_pool_1243,13.543500,17.316954,6.421743,8.202746
IsPETaseWT_pool_1408,13.543356,17.316770,6.421599,8.202562
IsPETaseWT_pool_1806,13.540501,17.313123,6.418744,8.198916
IsPETaseWT_pool_656,13.540082,17.312588,6.418325,8.198380
IsPETaseWT_pool_4098,13.539630,17.312011,6.417873,8.197803
IsPETaseWT_pool_4730,13.538465,17.310523,6.416708,8.196315
IsPETaseWT_pool_1306,13.536964,17.308605,6.415207,8.194398
IsPETaseWT_pool_4720,13.536608,17.308150,6.414851,8.193943
IsPETaseWT_pool_1651,13.535518,17.306758,6.413761,8.192551
IsPETaseWT_pool_1104,13.534913,17.305985,6.413156,8.191778
IsPETaseWT_pool_3287,13.534233,17.305117,6.412476,8.190909
IsPETaseWT_pool_1228,13.529181,17.298664,6.407424,8.184456
IsPETaseWT_pool_4321,13.529123,17.298590,6.407366,8.184382
IsPETaseWT_pool_2787,13.529096,17.298555,6.407339,8.184347
IsPETaseWT_pool_1447,13.527550,17.296580,6.405793,8.182373
IsPETaseWT_pool_4569,13.527259,17.296209,6.405502,8.182001
IsPETaseWT_pool_2943,13.522231,17.289786,6.400474,8.175579
IsPETaseWT_pool_1836,13.521729,17.289145,6.399972,8.174937
IsPETaseWT_pool_2942,13.521523,17.288882,6.399766,8.174674
IsPETaseWT_pool_4435,13.520735,17.287875,6.398978,8.173668
IsPETaseWT_pool_1146,13.516748,17.282783,6.394991,8.168575
IsPETaseWT_pool_4229,13.515746,17.281503,6.393989,8.167295
IsPETaseWT_pool_2389,13.513905,17.279151,6.392148,8.164943
IsPETaseWT_pool_2335,13.511311,17.275838,6.389554,8.161630
IsPETaseWT_pool_1582,13.510300,17.274546,6.388543,8.160339
IsPETaseWT_pool_1448,13.510019,17.274187,6.388262,8.159980
IsPETaseWT_pool_2493,13.509812,17.273923,6.388055,8.159715
IsPETaseWT_pool_2820,13.509297,17.273265,6.387540,8.159057
IsPETaseWT_pool_1628,13.509115,17.273033,6.387358,8.158825
IsPETaseWT_pool_1128,13.508957,17.272831,6.387200,8.158623
IsPETaseWT_pool_4749,13.507919,17.271505,6.386162,8.157297
IsPETaseWT_pool_4088,13.507351,17.270779,6.385594,8.156572
IsPETaseWT_pool_3864,13.504670,17.267355,6.382913,8.153147
IsPETaseWT_pool_833,13.504165,17.266710,6.382408,8.152502
IsPETaseWT_pool_1201,13.501453,17.263246,6.379696,8.149038
IsPETaseWT_pool_3854,13.499842,17.261188,6.378085,8.146980
IsPETaseWT_pool_2953,13.498274,17.259185,6.376517,8.144977
IsPETaseWT_pool_3883,13.497753,17.258519,6.375996,8.144312
IsPETaseWT_pool_4010,13.496934,17.257473,6.375177,8.143266
IsPETaseWT_pool_546,13.496402,17.256794,6.374645,8.142586
IsPETaseWT_pool_790,13.494112,17.253869,6.372355,8.139661
IsPETaseWT_pool_4662,13.493981,17.253701,6.372224,8.139494
IsPETaseWT_pool_1,13.493743,17.253397,6.371986,8.139190
IsPETaseWT_pool_3951,13.491387,17.250388,6.369630,8.136180
IsPETaseWT_pool_3057,13.491344,17.250333,6.369587,8.136125
IsPETaseWT_pool_3709,13.486920,17.244682,6.365163,8.130474
IsPETaseWT_pool_3640,13.486131,17.243674,6.364374,8.129467
IsPETaseWT_pool_4199,13.483377,17.240156,6.361620,8.125949
IsPETaseWT_pool_2404,13.481903,17.238274,6.360146,8.124066
IsPETaseWT_pool_2114,13.481281,17.237479,6.359524,8.123271
IsPETaseWT_pool_1437,13.481009,17.237132,6.359252,8.122924
IsPETaseWT_pool_4328,13.480308,17.236236,6.358551,8.122029
IsPETaseWT_pool_1299,13.480024,17.235874,6.358267,8.121666
IsPETaseWT_pool_323,13.478765,17.234265,6.357008,8.120058
IsPETaseWT_pool_3333,13.478740,17.234233,6.356983,8.120026
IsPETaseWT_pool_3892,13.476567,17.231458,6.354810,8.117250
IsPETaseWT_pool_4912,13.472552,17.226329,6.350795,8.112122
IsPETaseWT_pool_217,13.470613,17.223852,6.348856,8.109645
IsPETaseWT_pool_4166,13.470384,17.223560,6.348627,8.109352
IsPETaseWT_pool_1942,13.470274,17.223419,6.348517,8.109212
IsPETaseWT_pool_1260,13.469682,17.222663,6.347925,8.108456
IsPETaseWT_pool_1777,13.469065,17.221875,6.347308,8.107667
IsPETaseWT_pool_4718,13.467686,17.220114,6.345929,8.105906
IsPETaseWT_pool_3638,13.467472,17.219840,6.345715,8.105633
IsPETaseWT_pool_4362,13.467120,17.219391,6.345363,8.105183
IsPETaseWT_pool_2044,13.466499,17.218598,6.344742,8.104390
IsPETaseWT_pool_531,13.464315,17.215808,6.342558,8.101600
IsPETaseWT_pool_3478,13.461790,17.212583,6.340033,8.098375
IsPETaseWT_pool_3167,13.461271,17.211920,6.339514,8.097712
IsPETaseWT_pool_3860,13.460690,17.211177,6.338933,8.096970
IsPETaseWT_pool_1251,13.458461,17.208330,6.336704,8.094123
IsPETaseWT_pool_4412,13.454975,17.203877,6.333218,8.089670
IsPETaseWT_pool_1910,13.454644,17.203455,6.332887,8.089247
IsPETaseWT_pool_370,13.453800,17.202377,6.332043,8.088169
IsPETaseWT_pool_3047,13.452754,17.201040,6.330997,8.086833
IsPETaseWT_pool_4747,13.449434,17.196800,6.327677,8.082592
IsPETaseWT_pool_343,13.448874,17.196084,6.327117,8.081877
IsPETaseWT_pool_1894,13.448549,17.195669,6.326792,8.081462
IsPETaseWT_pool_2823,13.448048,17.195029,6.326291,8.080822
IsPETaseWT_pool_2947,13.447487,17.194313,6.325730,8.080105
IsPETaseWT_pool_107,13.445468,17.191734,6.323711,8.077526
IsPETaseWT_pool_2597,13.443592,17.189337,6.321835,8.075130
IsPETaseWT_pool_604,13.442050,17.187368,6.320293,8.073160
IsPETaseWT_pool_3374,13.441572,17.186757,6.319815,8.072550
IsPETaseWT_pool_4777,13.440518,17.185411,6.318761,8.071203
IsPETaseWT_pool_946,13.439370,17.183945,6.317613,8.069737
IsPETaseWT_pool_502,13.439157,17.183672,6.317400,8.069465
IsPETaseWT_pool_1107,13.438890,17.183331,6.317133,8.069124
IsPETaseWT_pool_3546,13.437975,17.182163,6.316218,8.067955
IsPETaseWT_pool_1389,13.437426,17.181461,6.315669,8.067254
IsPETaseWT_pool_2111,13.435230,17.178656,6.313473,8.064449
IsPETaseWT_pool_37,13.434834,17.178151,6.313077,8.063943
IsPETaseWT_pool_3430,13.429478,17.171309,6.307721,8.057101
IsPETaseWT_pool_1975,13.429343,17.171137,6.307586,8.056929
IsPETaseWT_pool_4306,13.426704,17.167766,6.304947,8.053558
IsPETaseWT_pool_2803,13.426688,17.167745,6.304931,8.053538
IsPETaseWT_pool_3843,13.426252,17.167188,6.304495,8.052981
IsPETaseWT_pool_1905,13.425126,17.165750,6.303369,8.051542
IsPETaseWT_pool_1392,13.424695,17.165200,6.302938,8.050992
IsPETaseWT_pool_4763,13.424467,17.164908,6.302710,8.050701
IsPETaseWT_pool_4356,13.424314,17.164713,6.302557,8.050505
IsPETaseWT_pool_1788,13.424209,17.164579,6.302452,8.050371
IsPETaseWT_pool_961,13.423729,17.163966,6.301972,8.049758
IsPETaseWT_pool_3191,13.422004,17.161762,6.300247,8.047555
IsPETaseWT_pool_1387,13.421043,17.160535,6.299286,8.046327
IsPETaseWT_pool_3616,13.420605,17.159975,6.298848,8.045768
IsPETaseWT_pool_3686,13.417894,17.156512,6.296137,8.042305
IsPETaseWT_pool_4378,13.417692,17.156254,6.295935,8.042047
IsPETaseWT_pool_376,13.417400,17.155881,6.295643,8.041674
IsPETaseWT_pool_3852,13.415617,17.153604,6.293860,8.039396
IsPETaseWT_pool_4655,13.415595,17.153576,6.293838,8.039368
IsPETaseWT_pool_373,13.414414,17.152067,6.292657,8.037860
IsPETaseWT_pool_1255,13.414049,17.151601,6.292292,8.037393
IsPETaseWT_pool_330,13.408969,17.145112,6.287212,8.030904
IsPETaseWT_pool_2147,13.403392,17.137988,6.281635,8.023781
IsPETaseWT_pool_4568,13.403055,17.137558,6.281298,8.023350
IsPETaseWT_pool_3174,13.401307,17.135325,6.279550,8.021118
IsPETaseWT_pool_452,13.401201,17.135190,6.279444,8.020982
IsPETaseWT_pool_410,13.400252,17.133978,6.278495,8.019770
IsPETaseWT_pool_4262,13.399178,17.132606,6.277421,8.018398
IsPETaseWT_pool_2510,13.395864,17.128373,6.274107,8.014165
IsPETaseWT_pool_3527,13.395122,17.127425,6.273365,8.013217
IsPETaseWT_pool_1164,13.394541,17.126683,6.272784,8.012475
IsPETaseWT_pool_3161,13.393748,17.125670,6.271991,8.011462
IsPETaseWT_pool_4717,13.393607,17.125490,6.271850,8.011282
IsPETaseWT_pool_2304,13.392906,17.124594,6.271149,8.010387
IsPETaseWT_pool_2797,13.392062,17.123516,6.270305,8.009309
IsPETaseWT_pool_2697,13.391499,17.122797,6.269742,8.008589
IsPETaseWT_pool_2444,13.388391,17.118827,6.266634,8.004619
IsPETaseWT_pool_3407,13.387138,17.117227,6.265381,8.003019
IsPETaseWT_pool_3263,13.385734,17.115433,6.263977,8.001225
IsPETaseWT_pool_2662,13.385663,17.115342,6.263906,8.001135
IsPETaseWT_pool_231,13.385073,17.114589,6.263316,8.000381
IsPETaseWT_pool_982,13.384410,17.113742,6.262653,7.999534
IsPETaseWT_pool_4733,13.382744,17.111614,6.260987,7.997406
IsPETaseWT_pool_1131,13.382734,17.111601,6.260977,7.997393
IsPETaseWT_pool_3264,13.382539,17.111352,6.260782,7.997144
IsPETaseWT_pool_1672,13.382494,17.111295,6.260737,7.997087
IsPETaseWT_pool_3362,13.381999,17.110662,6.260242,7.996455
IsPETaseWT_pool_4908,13.381955,17.110606,6.260198,7.996398
IsPETaseWT_pool_1338,13.381276,17.109739,6.259519,7.995531
IsPETaseWT_pool_2226,13.380898,17.109256,6.259141,7.995048
IsPETaseWT_pool_4594,13.380499,17.108746,6.258742,7.994539
IsPETaseWT_pool_4456,13.380332,17.108533,6.258575,7.994325
IsPETaseWT_pool_58,13.379283,17.107193,6.257526,7.992985
IsPETaseWT_pool_2217,13.378351,17.106003,6.256594,7.991795
IsPETaseWT_pool_2810,13.376911,17.104163,6.255154,7.989956
IsPETaseWT_pool_2544,13.374285,17.100809,6.252528,7.986601
IsPETaseWT_pool_4999,13.372504,17.098534,6.250747,7.984326
IsPETaseWT_pool_1586,13.372205,17.098152,6.250448,7.983944
IsPETaseWT_pool_995,13.370930,17.096523,6.249173,7.982316
IsPETaseWT_pool_3446,13.370140,17.095514,6.248383,7.981307
IsPETaseWT_pool_1081,13.369109,17.094197,6.247352,7.979990
IsPETaseWT_pool_508,13.367827,17.092560,6.246070,7.978352
IsPETaseWT_pool_727,13.366139,17.090404,6.244382,7.976196
IsPETaseWT_pool_1639,13.366115,17.090373,6.244358,7.976165
IsPETaseWT_pool_382,13.365125,17.089108,6.243368,7.974901
IsPETaseWT_pool_2635,13.365017,17.088971,6.243260,7.974763
IsPETaseWT_pool_2792,13.364328,17.088090,6.242571,7.973883
IsPETaseWT_pool_2783,13.362962,17.086346,6.241205,7.972138
IsPETaseWT_pool_4769,13.360383,17.083051,6.238626,7.968844
IsPETaseWT_pool_1791,13.358960,17.081234,6.237203,7.967026
IsPETaseWT_pool_66,13.358849,17.081092,6.237092,7.966884
IsPETaseWT_pool_1528,13.354319,17.075306,6.232562,7.961098
IsPETaseWT_pool_1938,13.354307,17.075290,6.232550,7.961083
IsPETaseWT_pool_2610,13.353803,17.074646,6.232046,7.960439
IsPETaseWT_pool_1640,13.351207,17.071330,6.229450,7.957123
IsPETaseWT_pool_2059,13.350924,17.070969,6.229167,7.956761
IsPETaseWT_pool_631,13.349811,17.069547,6.228054,7.955340
IsPETaseWT_pool_2475,13.349774,17.069500,6.228017,7.955292
IsPETaseWT_pool_4913,13.348520,17.067898,6.226763,7.953691
IsPETaseWT_pool_3278,13.348474,17.067840,6.226717,7.953632
IsPETaseWT_pool_2647,13.348372,17.067709,6.226615,7.953502
IsPETaseWT_pool_4105,13.348093,17.067353,6.226336,7.953145
IsPETaseWT_pool_3663,13.346403,17.065194,6.224646,7.950986
IsPETaseWT_pool_4888,13.343058,17.060921,6.221301,7.946714
IsPETaseWT_pool_916,13.338562,17.055179,6.216805,7.940971
IsPETaseWT_pool_4706,13.335844,17.051707,6.214087,7.937499
IsPETaseWT_pool_1803,13.332439,17.047357,6.210682,7.933150
IsPETaseWT_pool_3317,13.330906,17.045399,6.209149,7.931192
IsPETaseWT_pool_4787,13.327738,17.041353,6.205981,7.927145
IsPETaseWT_pool_2014,13.326992,17.040400,6.205235,7.926192
IsPETaseWT_pool_3670,13.326778,17.040126,6.205021,7.925919
IsPETaseWT_pool_4217,13.325375,17.038334,6.203618,7.924127
IsPETaseWT_pool_100,13.323930,17.036488,6.202173,7.922281
IsPETaseWT_pool_726,13.321961,17.033973,6.200204,7.919766
IsPETaseWT_pool_2608,13.320708,17.032373,6.198951,7.918165
IsPETaseWT_pool_4802,13.319833,17.031255,6.198076,7.917048
IsPETaseWT_pool_4038,13.318330,17.029335,6.196573,7.915128
IsPETaseWT_pool_2800,13.317592,17.028393,6.195835,7.914185
IsPETaseWT_pool_1877,13.317275,17.027988,6.195518,7.913780
IsPETaseWT_pool_2286,13.316383,17.026848,6.194626,7.912641
IsPETaseWT_pool_2489,13.314643,17.024626,6.192886,7.910418
IsPETaseWT_pool_2858,13.314156,17.024004,6.192399,7.909796
IsPETaseWT_pool_2619,13.313321,17.022937,6.191564,7.908730
IsPETaseWT_pool_1401,13.309582,17.018161,6.187825,7.903954
IsPETaseWT_pool_4118,13.307055,17.014933,6.185298,7.900726
IsPETaseWT_pool_1953,13.306596,17.014347,6.184839,7.900139
IsPETaseWT_pool_2872,13.306148,17.013775,6.184391,7.899567
IsPETaseWT_pool_1952,13.304325,17.011446,6.182568,7.897239
IsPETaseWT_pool_2958,13.303066,17.009838,6.181309,7.895630
IsPETaseWT_pool_2817,13.302200,17.008732,6.180443,7.894524
IsPETaseWT_pool_2234,13.302074,17.008571,6.180317,7.894363
IsPETaseWT_pool_1462,13.300876,17.007041,6.179119,7.892833
IsPETaseWT_pool_1548,13.299319,17.005052,6.177562,7.890844
IsPETaseWT_pool_1236,13.298311,17.003764,6.176554,7.889557
IsPETaseWT_pool_2586,13.296977,17.002060,6.175220,7.887853
IsPETaseWT_pool_3994,13.296932,17.002003,6.175175,7.887795
IsPETaseWT_pool_4016,13.295765,17.000512,6.174008,7.886305
IsPETaseWT_pool_292,13.294349,16.998703,6.172592,7.884496
IsPETaseWT_pool_1380,13.292756,16.996669,6.170999,7.882461
IsPETaseWT_pool_575,13.292449,16.996277,6.170692,7.882069
IsPETaseWT_pool_3276,13.291991,16.995692,6.170234,7.881484
IsPETaseWT_pool_351,13.290878,16.994270,6.169121,7.880062
IsPETaseWT_pool_3866,13.289425,16.992414,6.167668,7.878206
IsPETaseWT_pool_2123,13.285750,16.987720,6.163993,7.873512
IsPETaseWT_pool_1553,13.284150,16.985676,6.162393,7.871468
IsPETaseWT_pool_785,13.282133,16.983100,6.160376,7.868892
IsPETaseWT_pool_3799,13.281680,16.982521,6.159923,7.868313
IsPETaseWT_pool_3923,13.278656,16.978658,6.156899,7.864451
IsPETaseWT_pool_550,13.278531,16.978499,6.156774,7.864291
IsPETaseWT_pool_3095,13.275677,16.974853,6.153920,7.860645
IsPETaseWT_pool_4472,13.275031,16.974028,6.153274,7.859820
IsPETaseWT_pool_3748,13.271732,16.969814,6.149975,7.855606
IsPETaseWT_pool_3649,13.271461,16.969468,6.149704,7.855260
IsPETaseWT_pool_4473,13.271159,16.969082,6.149402,7.854874
IsPETaseWT_pool_300,13.270043,16.967656,6.148286,7.853449
IsPETaseWT_pool_467,13.268507,16.965694,6.146750,7.851487
IsPETaseWT_pool_2785,13.268018,16.965070,6.146261,7.850862
IsPETaseWT_pool_3859,13.265886,16.962347,6.144129,7.848139
IsPETaseWT_pool_4475,13.264788,16.960944,6.143031,7.846736
IsPETaseWT_pool_3915,13.264543,16.960631,6.142786,7.846423
IsPETaseWT_pool_2236,13.264208,16.960203,6.142451,7.845996
IsPETaseWT_pool_2100,13.262051,16.957448,6.140294,7.843240
IsPETaseWT_pool_1538,13.261724,16.957030,6.139967,7.842823
IsPETaseWT_pool_3581,13.261350,16.956553,6.139593,7.842345
IsPETaseWT_pool_1346,13.259477,16.954160,6.137720,7.839952
IsPETaseWT_pool_4352,13.257577,16.951733,6.135820,7.837525
IsPETaseWT_pool_4608,13.257293,16.951370,6.135536,7.837163
IsPETaseWT_pool_1374,13.257151,16.951189,6.135394,7.836981
IsPETaseWT_pool_2321,13.256310,16.950115,6.134553,7.835907
IsPETaseWT_pool_2464,13.254996,16.948436,6.133239,7.834229
IsPETaseWT_pool_1336,13.254486,16.947785,6.132729,7.833577
IsPETaseWT_pool_2391,13.253770,16.946870,6.132013,7.832663
IsPETaseWT_pool_1862,13.253560,16.946602,6.131803,7.832394
IsPETaseWT_pool_3189,13.252469,16.945209,6.130712,7.831001
IsPETaseWT_pool_938,13.251404,16.943848,6.129647,7.829640
IsPETaseWT_pool_2941,13.249710,16.941684,6.127953,7.827477
IsPETaseWT_pool_284,13.248435,16.940056,6.126678,7.825848
IsPETaseWT_pool_1467,13.246062,16.937025,6.124305,7.822817
IsPETaseWT_pool_511,13.244493,16.935020,6.122736,7.820813
IsPETaseWT_pool_4071,13.244297,16.934770,6.122540,7.820562
IsPETaseWT_pool_1139,13.244182,16.934623,6.122425,7.820416
IsPETaseWT_pool_3504,13.243163,16.933322,6.121406,7.819114
IsPETaseWT_pool_229,13.242316,16.932240,6.120559,7.818032
IsPETaseWT_pool_860,13.241150,16.930750,6.119393,7.816543
IsPETaseWT_pool_2125,13.239617,16.928792,6.117860,7.814584
IsPETaseWT_pool_1572,13.238679,16.927594,6.116922,7.813386
IsPETaseWT_pool_3973,13.238525,16.927397,6.116768,7.813190
IsPETaseWT_pool_3687,13.238083,16.926833,6.116326,7.812625
IsPETaseWT_pool_4206,13.237927,16.926633,6.116170,7.812426
IsPETaseWT_pool_3972,13.236171,16.924390,6.114414,7.810183
IsPETaseWT_pool_3169,13.235533,16.923575,6.113776,7.809368
IsPETaseWT_pool_3054,13.235106,16.923030,6.113349,7.808822
IsPETaseWT_pool_2596,13.234519,16.922280,6.112762,7.808073
IsPETaseWT_pool_1020,13.232210,16.919331,6.110453,7.805123
IsPETaseWT_pool_3083,13.229805,16.916259,6.108048,7.802051
IsPETaseWT_pool_2896,13.226440,16.911961,6.104683,7.797753
IsPETaseWT_pool_4444,13.226440,16.911961,6.104683,7.797753
IsPETaseWT_pool_276,13.225480,16.910734,6.103723,7.796527
IsPETaseWT_pool_4167,13.225336,16.910550,6.103579,7.796343
IsPETaseWT_pool_3907,13.224496,16.909477,6.102739,7.795270
IsPETaseWT_pool_4043,13.224221,16.909126,6.102464,7.794919
IsPETaseWT_pool_736,13.222941,16.907491,6.101184,7.793284
IsPETaseWT_pool_4779,13.222151,16.906482,6.100394,7.792274
IsPETaseWT_pool_2784,13.221797,16.906030,6.100040,7.791822
IsPETaseWT_pool_2254,13.221412,16.905538,6.099655,7.791331
IsPETaseWT_pool_2832,13.220718,16.904652,6.098961,7.790444
IsPETaseWT_pool_1209,13.219626,16.903257,6.097869,7.789049
IsPETaseWT_pool_2638,13.218510,16.901831,6.096753,7.787624
IsPETaseWT_pool_3408,13.218353,16.901631,6.096596,7.787423
IsPETaseWT_pool_4762,13.218346,16.901622,6.096589,7.787414
IsPETaseWT_pool_3400,13.217657,16.900742,6.095900,7.786534
IsPETaseWT_pool_1866,13.217273,16.900251,6.095516,7.786044
IsPETaseWT_pool_1868,13.217242,16.900212,6.095485,7.786004
IsPETaseWT_pool_3197,13.217061,16.899980,6.095304,7.785773
IsPETaseWT_pool_3077,13.216341,16.899061,6.094584,7.784853
IsPETaseWT_pool_1070,13.215235,16.897648,6.093478,7.783440
IsPETaseWT_pool_2434,13.214501,16.896710,6.092744,7.782503
IsPETaseWT_pool_1948,13.211133,16.892408,6.089376,7.778201
IsPETaseWT_pool_2685,13.210931,16.892150,6.089174,7.777943
IsPETaseWT_pool_800,13.208866,16.889513,6.087109,7.775305
IsPETaseWT_pool_2476,13.207705,16.888030,6.085948,7.773822
IsPETaseWT_pool_4053,13.204630,16.884102,6.082873,7.769894
IsPETaseWT_pool_1292,13.204359,16.883756,6.082602,7.769548
IsPETaseWT_pool_2496,13.201853,16.880555,6.080096,7.766347
IsPETaseWT_pool_2375,13.200980,16.879440,6.079223,7.765232
IsPETaseWT_pool_570,13.198028,16.875669,6.076271,7.761461
IsPETaseWT_pool_32,13.196669,16.873933,6.074912,7.759725
IsPETaseWT_pool_3294,13.195718,16.872718,6.073961,7.758511
IsPETaseWT_pool_4332,13.195679,16.872668,6.073922,7.758461
IsPETaseWT_pool_1855,13.195383,16.872290,6.073626,7.758083
IsPETaseWT_pool_264,13.194855,16.871616,6.073098,7.757408
IsPETaseWT_pool_2292,13.193377,16.869728,6.071620,7.755520
IsPETaseWT_pool_241,13.192739,16.868913,6.070982,7.754705
IsPETaseWT_pool_4794,13.192102,16.868099,6.070345,7.753892
IsPETaseWT_pool_4679,13.191882,16.867818,6.070125,7.753611
IsPETaseWT_pool_772,13.189487,16.864759,6.067730,7.750551
IsPETaseWT_pool_1185,13.188952,16.864076,6.067195,7.749868
IsPETaseWT_pool_4168,13.188264,16.863197,6.066507,7.748989
IsPETaseWT_pool_4629,13.187500,16.862221,6.065743,7.748013
IsPETaseWT_pool_2097,13.187158,16.861784,6.065401,7.747577
IsPETaseWT_pool_4068,13.186415,16.860835,6.064658,7.746627
IsPETaseWT_pool_541,13.186302,16.860691,6.064545,7.746483
IsPETaseWT_pool_689,13.185388,16.859523,6.063631,7.745316
IsPETaseWT_pool_1367,13.184092,16.857868,6.062335,7.743660
IsPETaseWT_pool_3992,13.184076,16.857847,6.062319,7.743640
IsPETaseWT_pool_4225,13.183109,16.856612,6.061352,7.742405
IsPETaseWT_pool_4349,13.182311,16.855593,6.060554,7.741385
IsPETaseWT_pool_3488,13.181092,16.854036,6.059335,7.739828
IsPETaseWT_pool_3820,13.180454,16.853221,6.058697,7.739013
IsPETaseWT_pool_3173,13.179995,16.852635,6.058238,7.738427
IsPETaseWT_pool_174,13.179770,16.852347,6.058013,7.738140
IsPETaseWT_pool_2053,13.178281,16.850445,6.056524,7.736238
IsPETaseWT_pool_2836,13.178039,16.850136,6.056282,7.735928
IsPETaseWT_pool_4466,13.177940,16.850010,6.056183,7.735802
IsPETaseWT_pool_3559,13.177913,16.849975,6.056156,7.735768
IsPETaseWT_pool_1520,13.177528,16.849483,6.055771,7.735276
IsPETaseWT_pool_2739,13.177190,16.849052,6.055433,7.734844
IsPETaseWT_pool_4019,13.176816,16.848574,6.055059,7.734366
IsPETaseWT_pool_1812,13.176650,16.848362,6.054893,7.734154
IsPETaseWT_pool_2863,13.175106,16.846390,6.053349,7.732182
IsPETaseWT_pool_3881,13.175070,16.846344,6.053313,7.732136
IsPETaseWT_pool_2374,13.172522,16.843089,6.050765,7.728881
IsPETaseWT_pool_3593,13.171407,16.841665,6.049650,7.727457
IsPETaseWT_pool_2354,13.171173,16.841366,6.049416,7.727158
IsPETaseWT_pool_504,13.170429,16.840416,6.048672,7.726208
IsPETaseWT_pool_4284,13.170385,16.840359,6.048628,7.726152
IsPETaseWT_pool_3671,13.167781,16.837033,6.046024,7.722826
IsPETaseWT_pool_4184,13.166741,16.835705,6.044984,7.721497
IsPETaseWT_pool_2843,13.165174,16.833703,6.043417,7.719495
IsPETaseWT_pool_1097,13.161907,16.829530,6.040150,7.715322
IsPETaseWT_pool_3192,13.161494,16.829003,6.039737,7.714795
IsPETaseWT_pool_2854,13.161386,16.828865,6.039629,7.714657
IsPETaseWT_pool_329,13.160202,16.827352,6.038445,7.713145
IsPETaseWT_pool_4627,13.159835,16.826883,6.038078,7.712676
IsPETaseWT_pool_1761,13.158798,16.825559,6.037041,7.711351
IsPETaseWT_pool_2256,13.158521,16.825205,6.036764,7.710997
IsPETaseWT_pool_1601,13.157366,16.823730,6.035609,7.709522
IsPETaseWT_pool_4639,13.156033,16.822027,6.034276,7.707819
IsPETaseWT_pool_1685,13.154055,16.819500,6.032298,7.705293
IsPETaseWT_pool_130,13.152765,16.817853,6.031008,7.703645
IsPETaseWT_pool_2089,13.151508,16.816247,6.029751,7.702039
IsPETaseWT_pool_1213,13.151295,16.815975,6.029538,7.701767
IsPETaseWT_pool_676,13.148964,16.812997,6.027207,7.698790
IsPETaseWT_pool_929,13.147454,16.811069,6.025697,7.696861
IsPETaseWT_pool_4555,13.145922,16.809112,6.024165,7.694904
IsPETaseWT_pool_1621,13.143760,16.806350,6.022003,7.692143
IsPETaseWT_pool_367,13.142279,16.804458,6.020522,7.690251
IsPETaseWT_pool_2968,13.142107,16.804239,6.020350,7.690031
IsPETaseWT_pool_2890,13.141395,16.803329,6.019638,7.689122
IsPETaseWT_pool_574,13.141375,16.803304,6.019618,7.689096
IsPETaseWT_pool_1869,13.137667,16.798567,6.015910,7.684360
IsPETaseWT_pool_74,13.137343,16.798154,6.015586,7.683946
IsPETaseWT_pool_1084,13.136847,16.797520,6.015090,7.683312
IsPETaseWT_pool_2580,13.134953,16.795101,6.013196,7.680893
IsPETaseWT_pool_732,13.130576,16.789510,6.008819,7.675302
IsPETaseWT_pool_1305,13.130427,16.789319,6.008670,7.675112
IsPETaseWT_pool_818,13.128432,16.786771,6.006675,7.672563
IsPETaseWT_pool_1196,13.127570,16.785670,6.005813,7.671462
IsPETaseWT_pool_4564,13.126866,16.784771,6.005109,7.670563
IsPETaseWT_pool_1399,13.124765,16.782087,6.003008,7.667879
IsPETaseWT_pool_2799,13.121641,16.778097,5.999884,7.663889
IsPETaseWT_pool_619,13.121562,16.777996,5.999805,7.663788
IsPETaseWT_pool_1172,13.120688,16.776879,5.998931,7.662672
IsPETaseWT_pool_1748,13.115304,16.770002,5.993547,7.655795
IsPETaseWT_pool_2728,13.113731,16.767993,5.991974,7.653785
IsPETaseWT_pool_1037,13.112800,16.766804,5.991043,7.652596
IsPETaseWT_pool_1315,13.112123,16.765939,5.990366,7.651731
IsPETaseWT_pool_1485,13.111934,16.765698,5.990177,7.651490
IsPETaseWT_pool_2219,13.110411,16.763752,5.988654,7.649545
IsPETaseWT_pool_1165,13.109009,16.761961,5.987252,7.647754
IsPETaseWT_pool_4070,13.108139,16.760850,5.986382,7.646642
IsPETaseWT_pool_491,13.106577,16.758855,5.984820,7.644647
IsPETaseWT_pool_49,13.106187,16.758357,5.984430,7.644149
IsPETaseWT_pool_253,13.105639,16.757657,5.983882,7.643449
IsPETaseWT_pool_475,13.104509,16.756213,5.982752,7.642006
IsPETaseWT_pool_1795,13.104477,16.756172,5.982720,7.641965
IsPETaseWT_pool_3164,13.103188,16.754526,5.981431,7.640318
IsPETaseWT_pool_4150,13.102635,16.753820,5.980878,7.639612
IsPETaseWT_pool_5,13.100028,16.750490,5.978271,7.636282
IsPETaseWT_pool_2105,13.098773,16.748887,5.977016,7.634679
IsPETaseWT_pool_2101,13.095192,16.744312,5.973435,7.630105
IsPETaseWT_pool_4246,13.094034,16.742833,5.972277,7.628626
IsPETaseWT_pool_1984,13.091023,16.738987,5.969266,7.624779
IsPETaseWT_pool_3440,13.090719,16.738599,5.968962,7.624391
IsPETaseWT_pool_1440,13.090438,16.738240,5.968681,7.624032
IsPETaseWT_pool_2931,13.089888,16.737537,5.968131,7.623330
IsPETaseWT_pool_894,13.088192,16.735371,5.966435,7.621163
IsPETaseWT_pool_3284,13.087923,16.735027,5.966166,7.620820
IsPETaseWT_pool_2358,13.087167,16.734062,5.965410,7.619854
IsPETaseWT_pool_2979,13.085890,16.732431,5.964133,7.618223
IsPETaseWT_pool_1248,13.085505,16.731939,5.963748,7.617731
IsPETaseWT_pool_347,13.085340,16.731728,5.963583,7.617520
IsPETaseWT_pool_380,13.083184,16.728974,5.961427,7.614766
IsPETaseWT_pool_1641,13.082800,16.728484,5.961043,7.614276
IsPETaseWT_pool_3721,13.082564,16.728182,5.960807,7.613974
IsPETaseWT_pool_3196,13.082175,16.727685,5.960418,7.613478
IsPETaseWT_pool_887,13.079853,16.724719,5.958096,7.610512
IsPETaseWT_pool_1657,13.077670,16.721931,5.955913,7.607723
IsPETaseWT_pool_1149,13.077119,16.721227,5.955362,7.607019
IsPETaseWT_pool_2957,13.076612,16.720579,5.954855,7.606372
IsPETaseWT_pool_2131,13.076524,16.720467,5.954767,7.606259
IsPETaseWT_pool_2346,13.075554,16.719228,5.953797,7.605020
IsPETaseWT_pool_673,13.074550,16.717946,5.952793,7.603738
IsPETaseWT_pool_4539,13.072176,16.714913,5.950419,7.600705
IsPETaseWT_pool_1993,13.072105,16.714822,5.950348,7.600615
IsPETaseWT_pool_1182,13.070457,16.712717,5.948700,7.598510
IsPETaseWT_pool_3523,13.066918,16.708197,5.945161,7.593989
IsPETaseWT_pool_2084,13.066281,16.707383,5.944524,7.593176
IsPETaseWT_pool_1068,13.065422,16.706286,5.943665,7.592078
IsPETaseWT_pool_1940,13.065055,16.705817,5.943298,7.591610
IsPETaseWT_pool_3902,13.064234,16.704769,5.942477,7.590561
IsPETaseWT_pool_3116,13.060735,16.700299,5.938978,7.586091
IsPETaseWT_pool_1423,13.059915,16.699252,5.938158,7.585044
IsPETaseWT_pool_4209,13.059598,16.698847,5.937841,7.584639
IsPETaseWT_pool_2334,13.057580,16.696269,5.935823,7.582061
IsPETaseWT_pool_3895,13.057486,16.696149,5.935729,7.581941
IsPETaseWT_pool_171,13.056864,16.695355,5.935107,7.581147
IsPETaseWT_pool_1702,13.056750,16.695209,5.934993,7.581001
IsPETaseWT_pool_3186,13.055740,16.693919,5.933983,7.579711
IsPETaseWT_pool_2026,13.055498,16.693610,5.933741,7.579402
IsPETaseWT_pool_3235,13.054600,16.692463,5.932843,7.578255
IsPETaseWT_pool_73,13.054420,16.692233,5.932663,7.578025
IsPETaseWT_pool_2537,13.051332,16.688288,5.929575,7.574081
IsPETaseWT_pool_705,13.048400,16.684543,5.926643,7.570335
IsPETaseWT_pool_2271,13.046913,16.682644,5.925156,7.568436
IsPETaseWT_pool_1317,13.044483,16.679540,5.922726,7.565332
IsPETaseWT_pool_735,13.044351,16.679371,5.922594,7.565163
IsPETaseWT_pool_4671,13.044264,16.679260,5.922507,7.565052
IsPETaseWT_pool_3824,13.043589,16.678398,5.921832,7.564190
IsPETaseWT_pool_1371,13.042630,16.677173,5.920873,7.562965
IsPETaseWT_pool_3556,13.042032,16.676409,5.920275,7.562201
IsPETaseWT_pool_2876,13.041939,16.676290,5.920182,7.562083
IsPETaseWT_pool_2487,13.041887,16.676224,5.920130,7.562016
IsPETaseWT_pool_4366,13.040326,16.674230,5.918569,7.560022
IsPETaseWT_pool_2267,13.038815,16.672300,5.917058,7.558092
IsPETaseWT_pool_3601,13.037061,16.670059,5.915304,7.555852
IsPETaseWT_pool_1007,13.036186,16.668942,5.914429,7.554734
IsPETaseWT_pool_1549,13.034806,16.667179,5.913049,7.552971
IsPETaseWT_pool_4943,13.034712,16.667059,5.912955,7.552851
IsPETaseWT_pool_2196,13.032473,16.664199,5.910716,7.549991
IsPETaseWT_pool_2687,13.031831,16.663379,5.910074,7.549171
IsPETaseWT_pool_4922,13.031348,16.662762,5.909591,7.548554
IsPETaseWT_pool_4382,13.031308,16.662711,5.909551,7.548503
IsPETaseWT_pool_1436,13.030395,16.661545,5.908638,7.547337
IsPETaseWT_pool_2319,13.026102,16.656061,5.904345,7.541853
IsPETaseWT_pool_394,13.024157,16.653577,5.902400,7.539369
IsPETaseWT_pool_2073,13.023346,16.652541,5.901589,7.538333
IsPETaseWT_pool_1301,13.021707,16.650447,5.899950,7.536239
IsPETaseWT_pool_4245,13.021363,16.650008,5.899606,7.535800
IsPETaseWT_pool_1801,13.021246,16.649858,5.899489,7.535651
IsPETaseWT_pool_3910,13.020837,16.649336,5.899080,7.535128
IsPETaseWT_pool_675,13.016812,16.644195,5.895055,7.529987
IsPETaseWT_pool_3876,13.016191,16.643401,5.894434,7.529194
IsPETaseWT_pool_2781,13.015879,16.643003,5.894122,7.528795
IsPETaseWT_pool_1011,13.014371,16.641077,5.892614,7.526869
IsPETaseWT_pool_1740,13.014319,16.641010,5.892562,7.526802
IsPETaseWT_pool_3829,13.011423,16.637311,5.889666,7.523103
IsPETaseWT_pool_2759,13.011398,16.637279,5.889641,7.523071
IsPETaseWT_pool_2322,13.009008,16.634226,5.887251,7.520018
IsPETaseWT_pool_3272,13.008565,16.633660,5.886808,7.519453
IsPETaseWT_pool_4252,13.006018,16.630407,5.884261,7.516199
IsPETaseWT_pool_2502,13.004968,16.629066,5.883211,7.514858
IsPETaseWT_pool_3043,13.004931,16.629018,5.883174,7.514811
IsPETaseWT_pool_535,13.002672,16.626133,5.880915,7.511925
IsPETaseWT_pool_2091,13.002615,16.626060,5.880858,7.511852
IsPETaseWT_pool_4768,13.002072,16.625367,5.880315,7.511159
IsPETaseWT_pool_3682,13.001945,16.625204,5.880188,7.510997
IsPETaseWT_pool_3219,12.999554,16.622150,5.877797,7.507943
IsPETaseWT_pool_1531,12.999025,16.621474,5.877268,7.507267
IsPETaseWT_pool_2634,12.995290,16.616704,5.873533,7.502496
IsPETaseWT_pool_1129,12.993021,16.613805,5.871264,7.499598
IsPETaseWT_pool_992,12.992848,16.613584,5.871091,7.499377
IsPETaseWT_pool_2940,12.992797,16.613519,5.871040,7.499312
IsPETaseWT_pool_4665,12.992723,16.613425,5.870966,7.499217
IsPETaseWT_pool_4601,12.992094,16.612621,5.870337,7.498414
IsPETaseWT_pool_1510,12.989719,16.609588,5.867962,7.495380
IsPETaseWT_pool_422,12.985922,16.604737,5.864165,7.490530
IsPETaseWT_pool_4447,12.984228,16.602574,5.862471,7.488366
IsPETaseWT_pool_2865,12.984036,16.602328,5.862279,7.488121
IsPETaseWT_pool_3329,12.981999,16.599726,5.860242,7.485519
IsPETaseWT_pool_1932,12.981030,16.598489,5.859273,7.484281
IsPETaseWT_pool_2474,12.979079,16.595997,5.857322,7.481789
IsPETaseWT_pool_3744,12.978297,16.594998,5.856540,7.480790
IsPETaseWT_pool_711,12.976961,16.593291,5.855204,7.479084
IsPETaseWT_pool_951,12.976858,16.593160,5.855101,7.478952
IsPETaseWT_pool_3038,12.976838,16.593134,5.855081,7.478926
IsPETaseWT_pool_2874,12.975658,16.591627,5.853901,7.477419
IsPETaseWT_pool_2960,12.973439,16.588792,5.851682,7.474585
IsPETaseWT_pool_3814,12.973069,16.588320,5.851312,7.474112
IsPETaseWT_pool_4950,12.971992,16.586944,5.850235,7.472736
IsPETaseWT_pool_2477,12.971075,16.585773,5.849318,7.471565
IsPETaseWT_pool_3231,12.971023,16.585706,5.849266,7.471499
IsPETaseWT_pool_198,12.970350,16.584847,5.848593,7.470639
IsPETaseWT_pool_4003,12.969436,16.583679,5.847679,7.469472
IsPETaseWT_pool_1647,12.967726,16.581495,5.845969,7.467287
IsPETaseWT_pool_4499,12.967317,16.580973,5.845560,7.466765
IsPETaseWT_pool_2741,12.966637,16.580104,5.844880,7.465896
IsPETaseWT_pool_2259,12.964972,16.577977,5.843215,7.463770
IsPETaseWT_pool_1231,12.964745,16.577687,5.842988,7.463480
IsPETaseWT_pool_2107,12.963738,16.576401,5.841981,7.462193
IsPETaseWT_pool_919,12.963509,16.576108,5.841752,7.461901
IsPETaseWT_pool_1375,12.962059,16.574256,5.840302,7.460049
IsPETaseWT_pool_2040,12.960132,16.571795,5.838375,7.457587
IsPETaseWT_pool_1674,12.956505,16.567162,5.834748,7.452954
IsPETaseWT_pool_1354,12.954453,16.564541,5.832696,7.450333
IsPETaseWT_pool_3525,12.954120,16.564116,5.832363,7.449908
IsPETaseWT_pool_4271,12.953761,16.563657,5.832004,7.449449
IsPETaseWT_pool_1276,12.951889,16.561266,5.830132,7.447058
IsPETaseWT_pool_2729,12.951662,16.560976,5.829905,7.446768
IsPETaseWT_pool_1331,12.951598,16.560894,5.829841,7.446686
IsPETaseWT_pool_4868,12.951270,16.560475,5.829513,7.446267
IsPETaseWT_pool_1458,12.949520,16.558240,5.827763,7.444032
IsPETaseWT_pool_2914,12.949279,16.557932,5.827522,7.443724
IsPETaseWT_pool_2756,12.948844,16.557376,5.827087,7.443169
IsPETaseWT_pool_2555,12.948004,16.556303,5.826247,7.442096
IsPETaseWT_pool_4142,12.946166,16.553956,5.824409,7.439748
IsPETaseWT_pool_4773,12.944731,16.552123,5.822974,7.437915
IsPETaseWT_pool_4728,12.944214,16.551462,5.822457,7.437255
IsPETaseWT_pool_4735,12.943770,16.550895,5.822013,7.436687
IsPETaseWT_pool_3024,12.943270,16.550256,5.821513,7.436049
IsPETaseWT_pool_1705,12.942663,16.549481,5.820906,7.435273
IsPETaseWT_pool_3399,12.942435,16.549190,5.820678,7.434982
IsPETaseWT_pool_1115,12.942400,16.549145,5.820643,7.434937
IsPETaseWT_pool_4661,12.942023,16.548664,5.820266,7.434456
IsPETaseWT_pool_1181,12.939948,16.546013,5.818191,7.431805
IsPETaseWT_pool_3486,12.937986,16.543507,5.816229,7.429299
IsPETaseWT_pool_1904,12.937531,16.542926,5.815774,7.428718
IsPETaseWT_pool_2809,12.935460,16.540280,5.813703,7.426073
IsPETaseWT_pool_4048,12.935373,16.540169,5.813616,7.425962
IsPETaseWT_pool_605,12.934212,16.538686,5.812455,7.424479
IsPETaseWT_pool_1996,12.933349,16.537584,5.811592,7.423376
IsPETaseWT_pool_268,12.931355,16.535037,5.809598,7.420829
IsPETaseWT_pool_42,12.930218,16.533585,5.808461,7.419377
IsPETaseWT_pool_1826,12.929172,16.532248,5.807415,7.418041
IsPETaseWT_pool_3215,12.928743,16.531700,5.806986,7.417493
IsPETaseWT_pool_3425,12.925747,16.527874,5.803990,7.413666
IsPETaseWT_pool_2004,12.925731,16.527853,5.803974,7.413645
IsPETaseWT_pool_3363,12.924858,16.526738,5.803101,7.412530
IsPETaseWT_pool_1318,12.922538,16.523775,5.800781,7.409567
IsPETaseWT_pool_3522,12.921673,16.522670,5.799916,7.408462
IsPETaseWT_pool_2010,12.916082,16.515528,5.794325,7.401320
IsPETaseWT_pool_3447,12.915262,16.514481,5.793505,7.400273
IsPETaseWT_pool_3957,12.910821,16.508808,5.789064,7.394600
IsPETaseWT_pool_3429,12.909398,16.506990,5.787641,7.392783
IsPETaseWT_pool_1073,12.909097,16.506606,5.787340,7.392398
IsPETaseWT_pool_2730,12.908550,16.505907,5.786793,7.391700
IsPETaseWT_pool_3945,12.908071,16.505295,5.786314,7.391088
IsPETaseWT_pool_1590,12.904972,16.501337,5.783215,7.387129
IsPETaseWT_pool_1449,12.903455,16.499399,5.781698,7.385191
IsPETaseWT_pool_2001,12.903058,16.498892,5.781301,7.384684
IsPETaseWT_pool_3989,12.899525,16.494379,5.777768,7.380172
IsPETaseWT_pool_3586,12.895966,16.489833,5.774209,7.375625
IsPETaseWT_pool_603,12.895298,16.488980,5.773541,7.374772
IsPETaseWT_pool_2376,12.895253,16.488922,5.773496,7.374715
IsPETaseWT_pool_2997,12.893592,16.486801,5.771835,7.372593
IsPETaseWT_pool_307,12.893129,16.486209,5.771372,7.372002
IsPETaseWT_pool_3800,12.891915,16.484659,5.770158,7.370451
IsPETaseWT_pool_3217,12.891248,16.483807,5.769491,7.369599
IsPETaseWT_pool_2794,12.888125,16.479818,5.766368,7.365610
IsPETaseWT_pool_2533,12.887411,16.478905,5.765654,7.364698
IsPETaseWT_pool_1810,12.887053,16.478448,5.765296,7.364241
IsPETaseWT_pool_1947,12.886298,16.477484,5.764541,7.363276
IsPETaseWT_pool_104,12.886174,16.477325,5.764417,7.363118
IsPETaseWT_pool_38,12.885636,16.476638,5.763879,7.362431
IsPETaseWT_pool_4600,12.885569,16.476553,5.763812,7.362345
IsPETaseWT_pool_332,12.884883,16.475676,5.763126,7.361469
IsPETaseWT_pool_4725,12.884050,16.474612,5.762293,7.360405
IsPETaseWT_pool_2712,12.883404,16.473787,5.761647,7.359580
IsPETaseWT_pool_101,12.881841,16.471791,5.760084,7.357583
IsPETaseWT_pool_199,12.881446,16.471286,5.759689,7.357078
IsPETaseWT_pool_3885,12.880628,16.470241,5.758871,7.356034
IsPETaseWT_pool_1096,12.880118,16.469590,5.758361,7.355382
IsPETaseWT_pool_2022,12.879850,16.469248,5.758093,7.355040
IsPETaseWT_pool_913,12.875992,16.464320,5.754235,7.350112
IsPETaseWT_pool_3503,12.873683,16.461370,5.751926,7.347163
IsPETaseWT_pool_4033,12.872283,16.459582,5.750526,7.345374
IsPETaseWT_pool_210,12.869378,16.455871,5.747621,7.341664
IsPETaseWT_pool_4924,12.868778,16.455105,5.747021,7.340897
IsPETaseWT_pool_1072,12.868769,16.455093,5.747012,7.340886
IsPETaseWT_pool_2761,12.866337,16.451987,5.744580,7.337779
IsPETaseWT_pool_2063,12.865765,16.451256,5.744008,7.337049
IsPETaseWT_pool_4049,12.863114,16.447870,5.741357,7.333662
IsPETaseWT_pool_4091,12.862890,16.447584,5.741133,7.333376
IsPETaseWT_pool_3342,12.862647,16.447273,5.740890,7.333066
IsPETaseWT_pool_3530,12.861380,16.445655,5.739623,7.331447
IsPETaseWT_pool_3157,12.861103,16.445301,5.739346,7.331094
IsPETaseWT_pool_4355,12.860940,16.445093,5.739183,7.330885
IsPETaseWT_pool_364,12.860135,16.444065,5.738378,7.329857
IsPETaseWT_pool_1117,12.859057,16.442688,5.737300,7.328480
IsPETaseWT_pool_3339,12.856435,16.439339,5.734678,7.325131
IsPETaseWT_pool_2445,12.855510,16.438157,5.733753,7.323949
IsPETaseWT_pool_1699,12.855013,16.437522,5.733256,7.323315
IsPETaseWT_pool_4417,12.853277,16.435305,5.731520,7.321097
IsPETaseWT_pool_2031,12.853166,16.435163,5.731409,7.320955
IsPETaseWT_pool_517,12.852055,16.433744,5.730298,7.319536
IsPETaseWT_pool_1593,12.851594,16.433155,5.729837,7.318947
IsPETaseWT_pool_2998,12.849456,16.430424,5.727699,7.316216
IsPETaseWT_pool_4470,12.847516,16.427946,5.725759,7.313738
IsPETaseWT_pool_4497,12.846658,16.426850,5.724901,7.312642
IsPETaseWT_pool_3141,12.845586,16.425481,5.723829,7.311273
IsPETaseWT_pool_3012,12.843916,16.423348,5.722159,7.309140
IsPETaseWT_pool_2112,12.841487,16.420245,5.719730,7.306037
IsPETaseWT_pool_4861,12.841183,16.419857,5.719426,7.305649
IsPETaseWT_pool_1256,12.840638,16.419160,5.718881,7.304953
IsPETaseWT_pool_847,12.838135,16.415963,5.716378,7.301756
IsPETaseWT_pool_4009,12.835105,16.412093,5.713348,7.297885
IsPETaseWT_pool_3249,12.833070,16.409494,5.711313,7.295286
IsPETaseWT_pool_15,12.832507,16.408774,5.710750,7.294567
IsPETaseWT_pool_438,12.832438,16.408686,5.710681,7.294479
IsPETaseWT_pool_945,12.832292,16.408500,5.710535,7.294292
IsPETaseWT_pool_4234,12.831836,16.407917,5.710079,7.293710
IsPETaseWT_pool_2029,12.827377,16.402222,5.705620,7.288014
IsPETaseWT_pool_334,12.827145,16.401925,5.705388,7.287718
IsPETaseWT_pool_2330,12.824713,16.398819,5.702956,7.284611
IsPETaseWT_pool_3005,12.823825,16.397685,5.702068,7.283477
IsPETaseWT_pool_1545,12.823286,16.396996,5.701529,7.282788
IsPETaseWT_pool_1463,12.822466,16.395949,5.700709,7.281741
IsPETaseWT_pool_4658,12.821878,16.395198,5.700121,7.280990
IsPETaseWT_pool_483,12.821135,16.394249,5.699378,7.280041
IsPETaseWT_pool_2289,12.820996,16.394071,5.699239,7.279863
IsPETaseWT_pool_4037,12.820905,16.393955,5.699148,7.279747
IsPETaseWT_pool_2575,12.820867,16.393906,5.699110,7.279699
IsPETaseWT_pool_3105,12.820736,16.393739,5.698979,7.279531
IsPETaseWT_pool_1652,12.820461,16.393388,5.698704,7.279180
IsPETaseWT_pool_2918,12.817412,16.389493,5.695655,7.275285
IsPETaseWT_pool_4181,12.815778,16.387406,5.694021,7.273198
IsPETaseWT_pool_4449,12.815150,16.386604,5.693393,7.272396
IsPETaseWT_pool_522,12.814530,16.385812,5.692773,7.271604
IsPETaseWT_pool_873,12.813699,16.384750,5.691942,7.270543
IsPETaseWT_pool_2965,12.812960,16.383806,5.691203,7.269599
IsPETaseWT_pool_4691,12.812065,16.382663,5.690308,7.268455
IsPETaseWT_pool_1509,12.809236,16.379049,5.687479,7.264842
IsPETaseWT_pool_344,12.808289,16.377840,5.686532,7.263632
IsPETaseWT_pool_4799,12.807974,16.377437,5.686217,7.263230
IsPETaseWT_pool_1198,12.806993,16.376184,5.685236,7.261977
IsPETaseWT_pool_4961,12.805503,16.374281,5.683746,7.260073
IsPETaseWT_pool_4407,12.804576,16.373097,5.682819,7.258889
IsPETaseWT_pool_2746,12.798415,16.365227,5.676658,7.251020
IsPETaseWT_pool_1309,12.797791,16.364430,5.676034,7.250223
IsPETaseWT_pool_4996,12.797515,16.364078,5.675758,7.249870
IsPETaseWT_pool_2770,12.797276,16.363772,5.675519,7.249565
IsPETaseWT_pool_3199,12.797246,16.363734,5.675489,7.249527
IsPETaseWT_pool_2837,12.796278,16.362498,5.674521,7.248290
IsPETaseWT_pool_1793,12.796229,16.362435,5.674472,7.248227
IsPETaseWT_pool_4090,12.795254,16.361190,5.673497,7.246982
IsPETaseWT_pool_3840,12.794872,16.360702,5.673115,7.246494
IsPETaseWT_pool_1216,12.793793,16.359324,5.672036,7.245116
IsPETaseWT_pool_4045,12.792687,16.357911,5.670930,7.243703
IsPETaseWT_pool_2988,12.791219,16.356036,5.669462,7.241828
IsPETaseWT_pool_1957,12.791167,16.355969,5.669410,7.241762
IsPETaseWT_pool_2983,12.790160,16.354683,5.668403,7.240475
IsPETaseWT_pool_1704,12.789936,16.354397,5.668179,7.240189
IsPETaseWT_pool_1221,12.789932,16.354392,5.668175,7.240184
IsPETaseWT_pool_607,12.789529,16.353877,5.667772,7.239669
IsPETaseWT_pool_2782,12.788876,16.353043,5.667119,7.238835
IsPETaseWT_pool_4437,12.788023,16.351953,5.666266,7.237746
IsPETaseWT_pool_4147,12.784112,16.346958,5.662355,7.232750
IsPETaseWT_pool_225,12.782779,16.345255,5.661022,7.231047
IsPETaseWT_pool_974,12.782162,16.344467,5.660405,7.230259
IsPETaseWT_pool_1493,12.781261,16.343316,5.659504,7.229108
IsPETaseWT_pool_4125,12.780957,16.342928,5.659200,7.228720
IsPETaseWT_pool_1551,12.779133,16.340598,5.657376,7.226390
IsPETaseWT_pool_2070,12.775846,16.336399,5.654089,7.222191
IsPETaseWT_pool_4128,12.774867,16.335149,5.653110,7.220941
IsPETaseWT_pool_2780,12.774697,16.334931,5.652940,7.220724
IsPETaseWT_pool_2057,12.774361,16.334502,5.652604,7.220295
IsPETaseWT_pool_3925,12.773202,16.333022,5.651445,7.218814
IsPETaseWT_pool_3545,12.771502,16.330850,5.649745,7.216643
IsPETaseWT_pool_950,12.770486,16.329553,5.648729,7.215345
IsPETaseWT_pool_1477,12.768987,16.327638,5.647230,7.213430
IsPETaseWT_pool_4340,12.767560,16.325815,5.645803,7.211607
IsPETaseWT_pool_2681,12.765615,16.323331,5.643858,7.209123
IsPETaseWT_pool_2323,12.763281,16.320349,5.641524,7.206142
IsPETaseWT_pool_4482,12.761849,16.318520,5.640092,7.204313
IsPETaseWT_pool_2469,12.761144,16.317620,5.639387,7.203412
IsPETaseWT_pool_608,12.759768,16.315862,5.638011,7.201654
IsPETaseWT_pool_4151,12.759367,16.315350,5.637610,7.201142
IsPETaseWT_pool_576,12.758914,16.314771,5.637157,7.200564
IsPETaseWT_pool_4178,12.758803,16.314629,5.637046,7.200422
IsPETaseWT_pool_4137,12.758300,16.313987,5.636543,7.199779
IsPETaseWT_pool_3154,12.758183,16.313837,5.636426,7.199630
IsPETaseWT_pool_4491,12.758066,16.313688,5.636309,7.199480
IsPETaseWT_pool_707,12.757766,16.313305,5.636009,7.199097
IsPETaseWT_pool_1470,12.757160,16.312531,5.635403,7.198323
IsPETaseWT_pool_4300,12.757050,16.312390,5.635293,7.198183
IsPETaseWT_pool_2383,12.754718,16.309411,5.632961,7.195204
IsPETaseWT_pool_1569,12.754512,16.309148,5.632755,7.194941
IsPETaseWT_pool_3214,12.754223,16.308779,5.632466,7.194572
IsPETaseWT_pool_1372,12.753947,16.308427,5.632190,7.194219
IsPETaseWT_pool_1583,12.753864,16.308321,5.632107,7.194113
IsPETaseWT_pool_567,12.751899,16.305811,5.630142,7.191603
IsPETaseWT_pool_1544,12.750233,16.303683,5.628476,7.189475
IsPETaseWT_pool_4387,12.748935,16.302025,5.627178,7.187817
IsPETaseWT_pool_4878,12.748816,16.301873,5.627059,7.187665
IsPETaseWT_pool_777,12.747829,16.300612,5.626072,7.186404
IsPETaseWT_pool_3984,12.746108,16.298414,5.624351,7.184206
IsPETaseWT_pool_2156,12.744698,16.296613,5.622941,7.182405
IsPETaseWT_pool_4500,12.742989,16.294430,5.621232,7.180222
IsPETaseWT_pool_426,12.742363,16.293630,5.620606,7.179422
IsPETaseWT_pool_2849,12.742213,16.293438,5.620456,7.179231
IsPETaseWT_pool_1329,12.740073,16.290705,5.618316,7.176497
IsPETaseWT_pool_3443,12.739621,16.290127,5.617864,7.175920
IsPETaseWT_pool_797,12.737635,16.287591,5.615878,7.173383
IsPETaseWT_pool_3238,12.736746,16.286455,5.614989,7.172247
IsPETaseWT_pool_4175,12.736711,16.286410,5.614954,7.172203
IsPETaseWT_pool_2184,12.735549,16.284926,5.613792,7.170718
IsPETaseWT_pool_3252,12.732274,16.280743,5.610517,7.166535
IsPETaseWT_pool_1557,12.731740,16.280061,5.609983,7.165853
IsPETaseWT_pool_2738,12.731136,16.279289,5.609379,7.165082
IsPETaseWT_pool_119,12.728868,16.276392,5.607111,7.162185
IsPETaseWT_pool_917,12.728539,16.275972,5.606782,7.161764
IsPETaseWT_pool_2140,12.728525,16.275954,5.606768,7.161746
IsPETaseWT_pool_1100,12.726201,16.272986,5.604444,7.158778
IsPETaseWT_pool_4765,12.725219,16.271731,5.603462,7.157524
IsPETaseWT_pool_625,12.721373,16.266819,5.599616,7.152611
IsPETaseWT_pool_3477,12.721160,16.266547,5.599403,7.152339
IsPETaseWT_pool_1167,12.720752,16.266025,5.598995,7.151818
IsPETaseWT_pool_2748,12.720686,16.265941,5.598929,7.151733
IsPETaseWT_pool_3360,12.720150,16.265256,5.598393,7.151049
IsPETaseWT_pool_3754,12.719212,16.264058,5.597455,7.149851
IsPETaseWT_pool_2704,12.718256,16.262837,5.596499,7.148629
IsPETaseWT_pool_3016,12.717765,16.262210,5.596008,7.148002
IsPETaseWT_pool_3118,12.715226,16.258967,5.593469,7.144759
IsPETaseWT_pool_4882,12.714611,16.258181,5.592854,7.143974
IsPETaseWT_pool_114,12.710391,16.252791,5.588634,7.138583
IsPETaseWT_pool_1860,12.709550,16.251717,5.587793,7.137509
IsPETaseWT_pool_2538,12.708935,16.250931,5.587178,7.136723
IsPETaseWT_pool_1709,12.707952,16.249675,5.586195,7.135468
IsPETaseWT_pool_3463,12.706156,16.247381,5.584399,7.133174
IsPETaseWT_pool_4887,12.705597,16.246667,5.583840,7.132460
IsPETaseWT_pool_2017,12.704615,16.245413,5.582858,7.131205
IsPETaseWT_pool_753,12.702013,16.242089,5.580256,7.127882
IsPETaseWT_pool_1230,12.701213,16.241067,5.579456,7.126860
IsPETaseWT_pool_3288,12.697485,16.236306,5.575728,7.122098
IsPETaseWT_pool_3811,12.696911,16.235572,5.575154,7.121365
IsPETaseWT_pool_1418,12.696822,16.235459,5.575065,7.121251
IsPETaseWT_pool_4469,12.694561,16.232571,5.572804,7.118363
IsPETaseWT_pool_1005,12.694038,16.231903,5.572281,7.117695
IsPETaseWT_pool_3790,12.693227,16.230867,5.571470,7.116659
IsPETaseWT_pool_3996,12.693219,16.230856,5.571462,7.116649
IsPETaseWT_pool_462,12.692868,16.230408,5.571111,7.116200
IsPETaseWT_pool_1359,12.691103,16.228154,5.569346,7.113946
IsPETaseWT_pool_4269,12.691000,16.228022,5.569243,7.113814
IsPETaseWT_pool_3290,12.690464,16.227337,5.568707,7.113130
IsPETaseWT_pool_4941,12.689255,16.225793,5.567498,7.111585
IsPETaseWT_pool_4914,12.686079,16.221736,5.564322,7.107528
IsPETaseWT_pool_2520,12.683914,16.218971,5.562157,7.104763
IsPETaseWT_pool_1404,12.683642,16.218623,5.561885,7.104416
IsPETaseWT_pool_495,12.680256,16.214298,5.558499,7.100091
IsPETaseWT_pool_2686,12.679079,16.212795,5.557322,7.098587
IsPETaseWT_pool_4346,12.678568,16.212142,5.556811,7.097934
IsPETaseWT_pool_1535,12.675559,16.208299,5.553802,7.094091
IsPETaseWT_pool_4970,12.675417,16.208117,5.553660,7.093910
IsPETaseWT_pool_4161,12.673005,16.205036,5.551248,7.090829
IsPETaseWT_pool_2615,12.672561,16.204469,5.550804,7.090261
IsPETaseWT_pool_3676,12.672314,16.204154,5.550557,7.089946
IsPETaseWT_pool_2978,12.671896,16.203620,5.550139,7.089412
IsPETaseWT_pool_4129,12.670242,16.201507,5.548485,7.087299
IsPETaseWT_pool_1421,12.669415,16.200451,5.547658,7.086243
IsPETaseWT_pool_2573,12.666813,16.197127,5.545056,7.082919
IsPETaseWT_pool_3935,12.665752,16.195772,5.543995,7.081564
IsPETaseWT_pool_2494,12.662192,16.191224,5.540435,7.077017
IsPETaseWT_pool_3075,12.662123,16.191136,5.540366,7.076929
IsPETaseWT_pool_2263,12.661665,16.190551,5.539908,7.076344
IsPETaseWT_pool_1887,12.660641,16.189243,5.538884,7.075036
IsPETaseWT_pool_2417,12.659253,16.187470,5.537496,7.073263
IsPETaseWT_pool_2726,12.658113,16.186014,5.536356,7.071806
IsPETaseWT_pool_4850,12.657527,16.185266,5.535770,7.071058
IsPETaseWT_pool_2439,12.656839,16.184387,5.535082,7.070179
IsPETaseWT_pool_173,12.656291,16.183687,5.534534,7.069479
IsPETaseWT_pool_457,12.655929,16.183224,5.534172,7.069017
IsPETaseWT_pool_4523,12.655849,16.183122,5.534092,7.068915
IsPETaseWT_pool_843,12.655110,16.182178,5.533353,7.067971
IsPETaseWT_pool_80,12.653990,16.180748,5.532233,7.066540
IsPETaseWT_pool_936,12.653872,16.180597,5.532115,7.066389
IsPETaseWT_pool_4644,12.652625,16.179004,5.530868,7.064796
IsPETaseWT_pool_2910,12.649406,16.174892,5.527649,7.060685
IsPETaseWT_pool_543,12.648730,16.174029,5.526973,7.059821
IsPETaseWT_pool_2871,12.646148,16.170731,5.524391,7.056523
IsPETaseWT_pool_4154,12.645715,16.170178,5.523958,7.055970
IsPETaseWT_pool_1029,12.642948,16.166643,5.521191,7.052436
IsPETaseWT_pool_930,12.642528,16.166107,5.520771,7.051899
IsPETaseWT_pool_3912,12.641879,16.165278,5.520122,7.051070
IsPETaseWT_pool_3519,12.641406,16.164674,5.519649,7.050466
IsPETaseWT_pool_4603,12.641253,16.164478,5.519496,7.050270
IsPETaseWT_pool_3599,12.641229,16.164447,5.519472,7.050240
IsPETaseWT_pool_1398,12.640474,16.163483,5.518717,7.049275
IsPETaseWT_pool_2065,12.640076,16.162975,5.518319,7.048767
IsPETaseWT_pool_2390,12.640042,16.162931,5.518285,7.048724
IsPETaseWT_pool_1842,12.639877,16.162721,5.518120,7.048513
IsPETaseWT_pool_2486,12.637170,16.159263,5.515413,7.045055
IsPETaseWT_pool_1169,12.633823,16.154988,5.512066,7.040780
IsPETaseWT_pool_4572,12.633768,16.154917,5.512011,7.040710
IsPETaseWT_pool_1611,12.632957,16.153881,5.511200,7.039674
IsPETaseWT_pool_2497,12.632249,16.152977,5.510492,7.038769
IsPETaseWT_pool_3776,12.628750,16.148508,5.506993,7.034300
IsPETaseWT_pool_2122,12.627155,16.146470,5.505398,7.032263
IsPETaseWT_pool_2853,12.626842,16.146070,5.505085,7.031863
IsPETaseWT_pool_3115,12.626739,16.145939,5.504982,7.031731
IsPETaseWT_pool_1701,12.626146,16.145181,5.504389,7.030974
IsPETaseWT_pool_3869,12.624928,16.143626,5.503171,7.029418
IsPETaseWT_pool_272,12.623509,16.141813,5.501752,7.027605
IsPETaseWT_pool_144,12.622597,16.140648,5.500840,7.026440
IsPETaseWT_pool_245,12.622188,16.140126,5.500431,7.025918
IsPETaseWT_pool_1397,12.621750,16.139566,5.499993,7.025359
IsPETaseWT_pool_2165,12.621603,16.139378,5.499846,7.025171
IsPETaseWT_pool_3319,12.621572,16.139339,5.499815,7.025131
IsPETaseWT_pool_4187,12.619823,16.137105,5.498066,7.022897
IsPETaseWT_pool_3600,12.619474,16.136659,5.497717,7.022451
IsPETaseWT_pool_2814,12.618907,16.135935,5.497150,7.021727
IsPETaseWT_pool_142,12.618709,16.135682,5.496952,7.021474
IsPETaseWT_pool_3985,12.617762,16.134472,5.496005,7.020264
IsPETaseWT_pool_2398,12.617630,16.134304,5.495873,7.020096
IsPETaseWT_pool_2146,12.614856,16.130760,5.493099,7.016553
IsPETaseWT_pool_2307,12.614544,16.130362,5.492787,7.016154
IsPETaseWT_pool_4283,12.613416,16.128921,5.491659,7.014713
IsPETaseWT_pool_1294,12.613306,16.128780,5.491549,7.014573
IsPETaseWT_pool_4989,12.611383,16.126324,5.489626,7.012116
IsPETaseWT_pool_3451,12.607487,16.121348,5.485730,7.007140
IsPETaseWT_pool_3424,12.606716,16.120363,5.484959,7.006155
IsPETaseWT_pool_4377,12.605374,16.118648,5.483617,7.004441
IsPETaseWT_pool_1933,12.605356,16.118625,5.483599,7.004418
IsPETaseWT_pool_3031,12.605000,16.118171,5.483243,7.003963
IsPETaseWT_pool_2218,12.604745,16.117845,5.482988,7.003637
IsPETaseWT_pool_1729,12.604654,16.117729,5.482897,7.003521
IsPETaseWT_pool_3018,12.602646,16.115164,5.480889,7.000956
IsPETaseWT_pool_3629,12.602535,16.115022,5.480778,7.000814
IsPETaseWT_pool_809,12.601672,16.113920,5.479915,6.999712
IsPETaseWT_pool_2557,12.601010,16.113074,5.479253,6.998867
IsPETaseWT_pool_1040,12.597860,16.109051,5.476103,6.994843
IsPETaseWT_pool_2006,12.597028,16.107988,5.475271,6.993780
IsPETaseWT_pool_192,12.596642,16.107495,5.474885,6.993287
IsPETaseWT_pool_358,12.594748,16.105075,5.472991,6.990868
IsPETaseWT_pool_3335,12.593966,16.104077,5.472209,6.989869
IsPETaseWT_pool_256,12.593760,16.103813,5.472003,6.989606
IsPETaseWT_pool_926,12.593670,16.103699,5.471913,6.989491
IsPETaseWT_pool_2430,12.593488,16.103466,5.471731,6.989258
IsPETaseWT_pool_4054,12.592095,16.101687,5.470338,6.987479
IsPETaseWT_pool_4242,12.591609,16.101066,5.469852,6.986858
IsPETaseWT_pool_2414,12.590222,16.099294,5.468465,6.985087
IsPETaseWT_pool_3032,12.589832,16.098796,5.468075,6.984588
IsPETaseWT_pool_1352,12.589711,16.098642,5.467954,6.984434
IsPETaseWT_pool_1960,12.588099,16.096582,5.466342,6.982375
IsPETaseWT_pool_3821,12.586571,16.094631,5.464814,6.980423
IsPETaseWT_pool_3774,12.586319,16.094309,5.464562,6.980101
IsPETaseWT_pool_4233,12.583576,16.090805,5.461819,6.976597
IsPETaseWT_pool_2203,12.582845,16.089871,5.461088,6.975664
IsPETaseWT_pool_3964,12.582554,16.089500,5.460797,6.975292
IsPETaseWT_pool_2167,12.579066,16.085044,5.457309,6.970837
IsPETaseWT_pool_2827,12.577546,16.083103,5.455789,6.968895
IsPETaseWT_pool_122,12.577540,16.083095,5.455783,6.968887
IsPETaseWT_pool_814,12.576332,16.081552,5.454575,6.967344
IsPETaseWT_pool_3195,12.576320,16.081537,5.454563,6.967329
IsPETaseWT_pool_848,12.576195,16.081377,5.454438,6.967169
IsPETaseWT_pool_2750,12.575934,16.081044,5.454177,6.966836
IsPETaseWT_pool_1220,12.575393,16.080353,5.453636,6.966145
IsPETaseWT_pool_1348,12.573807,16.078327,5.452050,6.964119
IsPETaseWT_pool_3467,12.572861,16.077118,5.451104,6.962911
IsPETaseWT_pool_3684,12.572645,16.076842,5.450888,6.962635
IsPETaseWT_pool_4082,12.571581,16.075483,5.449824,6.961276
IsPETaseWT_pool_3071,12.570840,16.074537,5.449083,6.960329
IsPETaseWT_pool_4540,12.570518,16.074126,5.448761,6.959918
IsPETaseWT_pool_4933,12.568982,16.072164,5.447225,6.957956
IsPETaseWT_pool_4817,12.567312,16.070030,5.445555,6.955823
IsPETaseWT_pool_4116,12.565191,16.067321,5.443434,6.953113
IsPETaseWT_pool_1314,12.564691,16.066682,5.442934,6.952475
IsPETaseWT_pool_2296,12.563777,16.065515,5.442020,6.951307
IsPETaseWT_pool_1604,12.563631,16.065329,5.441874,6.951121
IsPETaseWT_pool_2589,12.563402,16.065036,5.441645,6.950828
IsPETaseWT_pool_2763,12.562635,16.064056,5.440878,6.949849
IsPETaseWT_pool_2585,12.558250,16.058455,5.436493,6.944247
IsPETaseWT_pool_4935,12.557841,16.057933,5.436084,6.943725
IsPETaseWT_pool_3208,12.557356,16.057313,5.435599,6.943106
IsPETaseWT_pool_165,12.556528,16.056256,5.434771,6.942048
IsPETaseWT_pool_2313,12.555940,16.055504,5.434183,6.941297
IsPETaseWT_pool_3010,12.555832,16.055367,5.434075,6.941159
IsPETaseWT_pool_4936,12.555489,16.054928,5.433732,6.940721
IsPETaseWT_pool_4930,12.553485,16.052369,5.431728,6.938161
IsPETaseWT_pool_922,12.553388,16.052245,5.431631,6.938037
IsPETaseWT_pool_1923,12.553144,16.051933,5.431387,6.937725
IsPETaseWT_pool_1214,12.552794,16.051486,5.431037,6.937278
IsPETaseWT_pool_1666,12.550283,16.048279,5.428526,6.934071
IsPETaseWT_pool_1439,12.550077,16.048015,5.428320,6.933808
IsPETaseWT_pool_3947,12.547002,16.044088,5.425245,6.929880
IsPETaseWT_pool_388,12.546790,16.043817,5.425033,6.929609
IsPETaseWT_pool_13,12.546507,16.043455,5.424750,6.929248
IsPETaseWT_pool_1575,12.545301,16.041915,5.423544,6.927707
IsPETaseWT_pool_1537,12.544156,16.040452,5.422399,6.926245
IsPETaseWT_pool_3065,12.543438,16.039535,5.421681,6.925328
IsPETaseWT_pool_908,12.542333,16.038124,5.420576,6.923916
IsPETaseWT_pool_2387,12.542017,16.037720,5.420260,6.923512
IsPETaseWT_pool_3540,12.541812,16.037458,5.420055,6.923251
IsPETaseWT_pool_3567,12.541635,16.037232,5.419878,6.923024
IsPETaseWT_pool_333,12.541516,16.037080,5.419759,6.922872
IsPETaseWT_pool_1430,12.541414,16.036950,5.419657,6.922742
IsPETaseWT_pool_1174,12.540948,16.036355,5.419191,6.922147
IsPETaseWT_pool_2197,12.540481,16.035758,5.418724,6.921550
IsPETaseWT_pool_2868,12.539133,16.034036,5.417376,6.919829
IsPETaseWT_pool_1725,12.538721,16.033510,5.416964,6.919302
IsPETaseWT_pool_4536,12.538541,16.033280,5.416784,6.919072
IsPETaseWT_pool_321,12.537898,16.032459,5.416141,6.918251
IsPETaseWT_pool_1907,12.537340,16.031746,5.415583,6.917538
IsPETaseWT_pool_590,12.536594,16.030793,5.414837,6.916585
IsPETaseWT_pool_183,12.535039,16.028807,5.413282,6.914599
IsPETaseWT_pool_428,12.533885,16.027333,5.412128,6.913125
IsPETaseWT_pool_3469,12.531411,16.024173,5.409654,6.909965
IsPETaseWT_pool_1184,12.530271,16.022716,5.408514,6.908509
IsPETaseWT_pool_3598,12.530021,16.022397,5.408264,6.908189
IsPETaseWT_pool_4814,12.528581,16.020558,5.406824,6.906350
IsPETaseWT_pool_19,12.527658,16.019379,5.405901,6.905171
IsPETaseWT_pool_476,12.526456,16.017843,5.404699,6.903636
IsPETaseWT_pool_4379,12.526006,16.017269,5.404249,6.903061
IsPETaseWT_pool_3381,12.525177,16.016210,5.403420,6.902002
IsPETaseWT_pool_325,12.521654,16.011710,5.399897,6.897502
IsPETaseWT_pool_2518,12.521268,16.011217,5.399511,6.897009
IsPETaseWT_pool_812,12.520888,16.010731,5.399131,6.896524
IsPETaseWT_pool_698,12.519812,16.009357,5.398055,6.895149
IsPETaseWT_pool_4883,12.519249,16.008638,5.397492,6.894430
IsPETaseWT_pool_4964,12.518433,16.007595,5.396676,6.893388
IsPETaseWT_pool_2209,12.518230,16.007336,5.396473,6.893128
IsPETaseWT_pool_3749,12.518020,16.007068,5.396263,6.892860
IsPETaseWT_pool_4213,12.516198,16.004740,5.394441,6.890533
IsPETaseWT_pool_262,12.514273,16.002282,5.392516,6.888074
IsPETaseWT_pool_3015,12.513806,16.001685,5.392049,6.887477
IsPETaseWT_pool_3823,12.513280,16.001013,5.391523,6.886806
IsPETaseWT_pool_352,12.512370,15.999851,5.390613,6.885643
IsPETaseWT_pool_4577,12.512281,15.999737,5.390524,6.885529
IsPETaseWT_pool_794,12.509207,15.995811,5.387450,6.881603
IsPETaseWT_pool_3612,12.508430,15.994818,5.386673,6.880610
IsPETaseWT_pool_87,12.506665,15.992564,5.384908,6.878356
IsPETaseWT_pool_1764,12.505464,15.991029,5.383707,6.876822
IsPETaseWT_pool_76,12.505010,15.990450,5.383253,6.876242
IsPETaseWT_pool_2314,12.503219,15.988162,5.381462,6.873954
IsPETaseWT_pool_1252,12.501782,15.986326,5.380025,6.872119
IsPETaseWT_pool_2689,12.501122,15.985483,5.379365,6.871276
IsPETaseWT_pool_2572,12.500240,15.984357,5.378483,6.870149
IsPETaseWT_pool_3314,12.500115,15.984197,5.378358,6.869989
IsPETaseWT_pool_3285,12.499913,15.983939,5.378156,6.869731
IsPETaseWT_pool_3040,12.499767,15.983752,5.378010,6.869545
IsPETaseWT_pool_2994,12.499658,15.983613,5.377901,6.869406
IsPETaseWT_pool_3897,12.496199,15.979195,5.374442,6.864987
IsPETaseWT_pool_3766,12.495993,15.978932,5.374236,6.864724
IsPETaseWT_pool_4490,12.495557,15.978375,5.373800,6.864167
IsPETaseWT_pool_4959,12.494982,15.977640,5.373225,6.863433
IsPETaseWT_pool_1683,12.493313,15.975509,5.371556,6.861301
IsPETaseWT_pool_3073,12.492247,15.974147,5.370490,6.859939
IsPETaseWT_pool_2745,12.491309,15.972949,5.369552,6.858741
IsPETaseWT_pool_515,12.490239,15.971582,5.368482,6.857374
IsPETaseWT_pool_1677,12.489504,15.970643,5.367747,6.856435
IsPETaseWT_pool_2982,12.486267,15.966508,5.364510,6.852301
IsPETaseWT_pool_3206,12.484900,15.964762,5.363143,6.850555
IsPETaseWT_pool_4527,12.484630,15.964417,5.362873,6.850210
IsPETaseWT_pool_1662,12.484460,15.964200,5.362703,6.849993
IsPETaseWT_pool_724,12.483974,15.963579,5.362217,6.849372
IsPETaseWT_pool_2269,12.483520,15.963000,5.361763,6.848792
IsPETaseWT_pool_289,12.483060,15.962412,5.361303,6.848204
IsPETaseWT_pool_3465,12.482573,15.961790,5.360816,6.847582
IsPETaseWT_pool_512,12.481062,15.959860,5.359305,6.845652
IsPETaseWT_pool_1841,12.480846,15.959584,5.359089,6.845376
IsPETaseWT_pool_4227,12.480462,15.959093,5.358705,6.844886
IsPETaseWT_pool_3007,12.480294,15.958879,5.358537,6.844671
IsPETaseWT_pool_2512,12.478717,15.956864,5.356960,6.842657
IsPETaseWT_pool_1058,12.476551,15.954098,5.354794,6.839890
IsPETaseWT_pool_2885,12.475229,15.952409,5.353472,6.838201
IsPETaseWT_pool_414,12.474013,15.950856,5.352256,6.836648
IsPETaseWT_pool_706,12.472899,15.949433,5.351142,6.835225
IsPETaseWT_pool_3026,12.472729,15.949216,5.350972,6.835008
IsPETaseWT_pool_2963,12.472466,15.948880,5.350709,6.834672
IsPETaseWT_pool_4932,12.471678,15.947873,5.349921,6.833666
IsPETaseWT_pool_3495,12.470490,15.946356,5.348733,6.832148
IsPETaseWT_pool_258,12.469565,15.945174,5.347808,6.830967
IsPETaseWT_pool_864,12.469083,15.944559,5.347326,6.830351
IsPETaseWT_pool_4318,12.468228,15.943466,5.346471,6.829259
IsPETaseWT_pool_3872,12.467223,15.942183,5.345466,6.827975
IsPETaseWT_pool_1675,12.464749,15.939023,5.342992,6.824815
IsPETaseWT_pool_3490,12.464272,15.938413,5.342515,6.824206
IsPETaseWT_pool_354,12.463660,15.937632,5.341903,6.823424
IsPETaseWT_pool_2879,12.462987,15.936772,5.341230,6.822564
IsPETaseWT_pool_4223,12.462982,15.936766,5.341225,6.822558
IsPETaseWT_pool_1405,12.456085,15.927956,5.334328,6.813748
IsPETaseWT_pool_4436,12.455019,15.926594,5.333262,6.812386
IsPETaseWT_pool_3436,12.454857,15.926387,5.333100,6.812179
IsPETaseWT_pool_1264,12.452929,15.923924,5.331172,6.809717
IsPETaseWT_pool_1726,12.450791,15.921194,5.329034,6.806986
IsPETaseWT_pool_3634,12.449506,15.919552,5.327749,6.805344
IsPETaseWT_pool_555,12.448153,15.917824,5.326396,6.803616
IsPETaseWT_pool_3297,12.447983,15.917607,5.326226,6.803399
IsPETaseWT_pool_4433,12.447708,15.917255,5.325951,6.803048
IsPETaseWT_pool_2710,12.446742,15.916022,5.324985,6.801814
IsPETaseWT_pool_139,12.444326,15.912936,5.322569,6.798728
IsPETaseWT_pool_3584,12.443339,15.911675,5.321582,6.797467
IsPETaseWT_pool_3039,12.441724,15.909612,5.319967,6.795404
IsPETaseWT_pool_2675,12.441665,15.909537,5.319908,6.795329
IsPETaseWT_pool_526,12.438813,15.905894,5.317056,6.791686
IsPETaseWT_pool_117,12.438805,15.905883,5.317048,6.791676
IsPETaseWT_pool_2270,12.436833,15.903364,5.315076,6.789157
IsPETaseWT_pool_4553,12.435845,15.902102,5.314088,6.787895
IsPETaseWT_pool_2495,12.435794,15.902037,5.314037,6.787830
IsPETaseWT_pool_963,12.435393,15.901525,5.313636,6.787317
IsPETaseWT_pool_230,12.435366,15.901491,5.313609,6.787283
IsPETaseWT_pool_4670,12.434374,15.900223,5.312617,6.786016
IsPETaseWT_pool_2821,12.433492,15.899097,5.311735,6.784889
IsPETaseWT_pool_3170,12.433489,15.899093,5.311732,6.784885
IsPETaseWT_pool_2154,12.433410,15.898992,5.311653,6.784784
IsPETaseWT_pool_4078,12.431879,15.897036,5.310122,6.782829
IsPETaseWT_pool_4782,12.430901,15.895787,5.309144,6.781580
IsPETaseWT_pool_4605,12.430721,15.895557,5.308964,6.781350
IsPETaseWT_pool_3806,12.429769,15.894341,5.308012,6.780134
IsPETaseWT_pool_1714,12.429747,15.894313,5.307990,6.780105
IsPETaseWT_pool_3304,12.427416,15.891336,5.305659,6.777128
IsPETaseWT_pool_4204,12.426851,15.890614,5.305094,6.776406
IsPETaseWT_pool_1383,12.426818,15.890572,5.305061,6.776364
IsPETaseWT_pool_4489,12.426059,15.889602,5.304302,6.775395
IsPETaseWT_pool_3106,12.424487,15.887594,5.302730,6.773387
IsPETaseWT_pool_645,12.421679,15.884008,5.299922,6.769800
IsPETaseWT_pool_1461,12.420595,15.882623,5.298838,6.768415
IsPETaseWT_pool_3109,12.419808,15.881618,5.298051,6.767410
IsPETaseWT_pool_4598,12.419097,15.880710,5.297340,6.766502
IsPETaseWT_pool_4327,12.418680,15.880177,5.296923,6.765969
IsPETaseWT_pool_455,12.418523,15.879976,5.296766,6.765769
IsPETaseWT_pool_4541,12.416558,15.877466,5.294801,6.763259
IsPETaseWT_pool_2194,12.416333,15.877179,5.294576,6.762971
IsPETaseWT_pool_1749,12.416213,15.877026,5.294456,6.762818
IsPETaseWT_pool_2775,12.414156,15.874398,5.292399,6.760190
IsPETaseWT_pool_2521,12.413931,15.874111,5.292174,6.759903
IsPETaseWT_pool_4265,12.412107,15.871781,5.290350,6.757573
IsPETaseWT_pool_3271,12.411177,15.870593,5.289420,6.756385
IsPETaseWT_pool_4995,12.410434,15.869644,5.288677,6.755436
IsPETaseWT_pool_3346,12.409452,15.868390,5.287695,6.754182
IsPETaseWT_pool_2379,12.408121,15.866689,5.286364,6.752482
IsPETaseWT_pool_970,12.407249,15.865576,5.285492,6.751368
IsPETaseWT_pool_2535,12.407101,15.865387,5.285344,6.751179
IsPETaseWT_pool_1199,12.403976,15.861395,5.282219,6.747187
IsPETaseWT_pool_4582,12.403125,15.860308,5.281368,6.746100
IsPETaseWT_pool_4709,12.402989,15.860134,5.281232,6.745926
IsPETaseWT_pool_3785,12.402702,15.859768,5.280945,6.745560
IsPETaseWT_pool_3001,12.402116,15.859019,5.280359,6.744811
IsPETaseWT_pool_1797,12.401321,15.858004,5.279564,6.743796
IsPETaseWT_pool_999,12.401281,15.857952,5.279524,6.743745
IsPETaseWT_pool_4650,12.400146,15.856503,5.278389,6.742295
IsPETaseWT_pool_399,12.398495,15.854394,5.276738,6.740186
IsPETaseWT_pool_4237,12.396644,15.852029,5.274887,6.737822
IsPETaseWT_pool_840,12.396286,15.851572,5.274529,6.737364
IsPETaseWT_pool_4580,12.395480,15.850543,5.273723,6.736335
IsPETaseWT_pool_2801,12.395241,15.850237,5.273484,6.736030
IsPETaseWT_pool_1319,12.395126,15.850090,5.273369,6.735883
IsPETaseWT_pool_2158,12.394980,15.849904,5.273223,6.735696
IsPETaseWT_pool_2385,12.394155,15.848850,5.272398,6.734642
IsPETaseWT_pool_1151,12.394117,15.848802,5.272360,6.734594
IsPETaseWT_pool_322,12.392901,15.847248,5.271144,6.733041
IsPETaseWT_pool_3647,12.390937,15.844740,5.269180,6.730532
IsPETaseWT_pool_4418,12.389085,15.842374,5.267328,6.728166
IsPETaseWT_pool_3444,12.385316,15.837560,5.263559,6.723352
IsPETaseWT_pool_4060,12.385297,15.837535,5.263540,6.723328
IsPETaseWT_pool_4112,12.384379,15.836363,5.262622,6.722155
IsPETaseWT_pool_700,12.384226,15.836167,5.262469,6.721960
IsPETaseWT_pool_1645,12.383141,15.834781,5.261384,6.720574
IsPETaseWT_pool_16,12.380284,15.831132,5.258527,6.716924
IsPETaseWT_pool_400,12.379710,15.830399,5.257953,6.716191
IsPETaseWT_pool_4757,12.378935,15.829409,5.257178,6.715201
IsPETaseWT_pool_2302,12.378771,15.829200,5.257014,6.714992
IsPETaseWT_pool_2257,12.378252,15.828537,5.256495,6.714329
IsPETaseWT_pool_2578,12.375945,15.825590,5.254188,6.711382
IsPETaseWT_pool_3718,12.375137,15.824558,5.253380,6.710350
IsPETaseWT_pool_2195,12.374563,15.823824,5.252806,6.709617
IsPETaseWT_pool_4314,12.374208,15.823371,5.252451,6.709163
IsPETaseWT_pool_1838,12.372930,15.821739,5.251173,6.707531
IsPETaseWT_pool_1291,12.372513,15.821206,5.250756,6.706998
IsPETaseWT_pool_1892,12.372000,15.820551,5.250243,6.706343
IsPETaseWT_pool_4253,12.369750,15.817677,5.247993,6.703469
IsPETaseWT_pool_3081,12.368235,15.815741,5.246478,6.701534
IsPETaseWT_pool_1786,12.367953,15.815381,5.246196,6.701174
IsPETaseWT_pool_3185,12.366316,15.813290,5.244559,6.699083
IsPETaseWT_pool_1498,12.365626,15.812409,5.243869,6.698201
IsPETaseWT_pool_2646,12.364882,15.811459,5.243125,6.697251
IsPETaseWT_pool_4111,12.361426,15.807044,5.239669,6.692836
IsPETaseWT_pool_2643,12.357924,15.802571,5.236167,6.688363
IsPETaseWT_pool_290,12.357882,15.802517,5.236125,6.688309
IsPETaseWT_pool_581,12.356732,15.801048,5.234975,6.686841
IsPETaseWT_pool_3509,12.355450,15.799411,5.233693,6.685203
IsPETaseWT_pool_4618,12.355057,15.798909,5.233300,6.684701
IsPETaseWT_pool_2523,12.353622,15.797076,5.231865,6.682868
IsPETaseWT_pool_2087,12.353462,15.796871,5.231705,6.682664
IsPETaseWT_pool_4145,12.351485,15.794346,5.229728,6.680138
IsPETaseWT_pool_2922,12.349309,15.791567,5.227552,6.677359
IsPETaseWT_pool_4686,12.348839,15.790966,5.227082,6.676759
IsPETaseWT_pool_1222,12.348720,15.790814,5.226963,6.676607
IsPETaseWT_pool_3755,12.348670,15.790750,5.226913,6.676543
IsPETaseWT_pool_4207,12.347779,15.789612,5.226022,6.675405
IsPETaseWT_pool_1340,12.345911,15.787226,5.224154,6.673018
IsPETaseWT_pool_4308,12.345696,15.786952,5.223939,6.672744
IsPETaseWT_pool_977,12.345353,15.786513,5.223596,6.672306
IsPETaseWT_pool_968,12.345277,15.786416,5.223520,6.672209
IsPETaseWT_pool_714,12.343425,15.784051,5.221668,6.669843
IsPETaseWT_pool_2102,12.341999,15.782229,5.220242,6.668022
IsPETaseWT_pool_2616,12.341637,15.781767,5.219880,6.667559
IsPETaseWT_pool_880,12.340877,15.780796,5.219120,6.666588
IsPETaseWT_pool_1659,12.337677,15.776709,5.215920,6.662501
IsPETaseWT_pool_4986,12.337443,15.776410,5.215686,6.662202
IsPETaseWT_pool_3970,12.336641,15.775385,5.214884,6.661178
IsPETaseWT_pool_2901,12.336406,15.775085,5.214649,6.660877
IsPETaseWT_pool_942,12.334783,15.773012,5.213026,6.658804
IsPETaseWT_pool_3553,12.333013,15.770751,5.211256,6.656543
IsPETaseWT_pool_4586,12.332261,15.769790,5.210504,6.655583
IsPETaseWT_pool_3723,12.331441,15.768743,5.209684,6.654535
IsPETaseWT_pool_4809,12.329104,15.765758,5.207347,6.651550
IsPETaseWT_pool_4109,12.328959,15.765573,5.207202,6.651365
IsPETaseWT_pool_1161,12.328303,15.764735,5.206546,6.650527
IsPETaseWT_pool_4085,12.327967,15.764306,5.206210,6.650098
IsPETaseWT_pool_722,12.326267,15.762134,5.204510,6.647926
IsPETaseWT_pool_3370,12.323834,15.759026,5.202077,6.644819
IsPETaseWT_pool_498,12.323035,15.758006,5.201278,6.643798
IsPETaseWT_pool_1369,12.321918,15.756579,5.200161,6.642371
IsPETaseWT_pool_2905,12.321631,15.756212,5.199874,6.642005
IsPETaseWT_pool_701,12.320656,15.754967,5.198899,6.640759
IsPETaseWT_pool_1543,12.320135,15.754301,5.198378,6.640094
IsPETaseWT_pool_713,12.320084,15.754236,5.198327,6.640029
IsPETaseWT_pool_3941,12.319981,15.754105,5.198224,6.639897
IsPETaseWT_pool_1135,12.318183,15.751808,5.196426,6.637600
IsPETaseWT_pool_4083,12.317360,15.750757,5.195603,6.636549
IsPETaseWT_pool_4689,12.317193,15.750543,5.195436,6.636336
IsPETaseWT_pool_2938,12.317134,15.750468,5.195377,6.636260
IsPETaseWT_pool_2588,12.316737,15.749961,5.194980,6.635753
IsPETaseWT_pool_4525,12.315838,15.748813,5.194081,6.634605
IsPETaseWT_pool_1532,12.313467,15.745784,5.191710,6.631576
IsPETaseWT_pool_3802,12.313322,15.745599,5.191565,6.631391
IsPETaseWT_pool_434,12.312469,15.744509,5.190712,6.630302
IsPETaseWT_pool_653,12.312464,15.744503,5.190707,6.630295
IsPETaseWT_pool_1637,12.310936,15.742551,5.189179,6.628344
IsPETaseWT_pool_1679,12.310177,15.741582,5.188420,6.627374
IsPETaseWT_pool_1364,12.306217,15.736523,5.184460,6.622316
IsPETaseWT_pool_3021,12.302897,15.732283,5.181140,6.618075
IsPETaseWT_pool_1936,12.302434,15.731691,5.180677,6.617484
IsPETaseWT_pool_2191,12.301657,15.730699,5.179900,6.616491
IsPETaseWT_pool_471,12.301319,15.730267,5.179562,6.616059
IsPETaseWT_pool_3903,12.299562,15.728023,5.177805,6.613815
IsPETaseWT_pool_3990,12.299257,15.727633,5.177500,6.613425
IsPETaseWT_pool_3251,12.297859,15.725847,5.176102,6.611640
IsPETaseWT_pool_2427,12.296432,15.724025,5.174675,6.609817
IsPETaseWT_pool_472,12.295930,15.723383,5.174173,6.609176
IsPETaseWT_pool_1208,12.295435,15.722751,5.173678,6.608543
IsPETaseWT_pool_1539,12.294360,15.721378,5.172603,6.607170
IsPETaseWT_pool_2264,12.293223,15.719926,5.171466,6.605718
IsPETaseWT_pool_269,12.292944,15.719569,5.171187,6.605362
IsPETaseWT_pool_3588,12.290745,15.716760,5.168988,6.602553
IsPETaseWT_pool_626,12.289646,15.715357,5.167889,6.601149
IsPETaseWT_pool_2419,12.288533,15.713935,5.166776,6.599727
IsPETaseWT_pool_3742,12.288345,15.713695,5.166588,6.599487
IsPETaseWT_pool_3768,12.288322,15.713665,5.166565,6.599458
IsPETaseWT_pool_587,12.286852,15.711788,5.165095,6.597580
IsPETaseWT_pool_3466,12.286419,15.711235,5.164662,6.597027
IsPETaseWT_pool_4307,12.286226,15.710988,5.164469,6.596780
IsPETaseWT_pool_1047,12.285927,15.710606,5.164170,6.596399
IsPETaseWT_pool_1235,12.285783,15.710422,5.164026,6.596215
IsPETaseWT_pool_3456,12.285755,15.710386,5.163998,6.596179
IsPETaseWT_pool_1365,12.285591,15.710177,5.163834,6.595969
IsPETaseWT_pool_4892,12.285124,15.709580,5.163367,6.595373
IsPETaseWT_pool_3870,12.284577,15.708882,5.162820,6.594674
IsPETaseWT_pool_1119,12.284488,15.708768,5.162731,6.594560
IsPETaseWT_pool_1839,12.283711,15.707776,5.161954,6.593568
IsPETaseWT_pool_1091,12.283672,15.707726,5.161915,6.593518
IsPETaseWT_pool_3046,12.281137,15.704488,5.159380,6.590280
IsPETaseWT_pool_4103,12.280247,15.703351,5.158490,6.589143
IsPETaseWT_pool_3480,12.279781,15.702756,5.158024,6.588548
IsPETaseWT_pool_267,12.278096,15.700603,5.156339,6.586396
IsPETaseWT_pool_4402,12.276466,15.698521,5.154709,6.584314
IsPETaseWT_pool_3853,12.276464,15.698519,5.154707,6.584311
IsPETaseWT_pool_802,12.275228,15.696940,5.153471,6.582732
IsPETaseWT_pool_2700,12.274570,15.696099,5.152813,6.581892
IsPETaseWT_pool_996,12.273212,15.694365,5.151455,6.580157
IsPETaseWT_pool_3635,12.265768,15.684856,5.144011,6.570649
IsPETaseWT_pool_3532,12.261910,15.679928,5.140153,6.565721
IsPETaseWT_pool_3496,12.261809,15.679799,5.140052,6.565592
IsPETaseWT_pool_3714,12.260595,15.678249,5.138838,6.564041
IsPETaseWT_pool_3965,12.259657,15.677050,5.137900,6.562843
IsPETaseWT_pool_23,12.258007,15.674943,5.136250,6.560735
IsPETaseWT_pool_2937,12.256665,15.673229,5.134908,6.559021
IsPETaseWT_pool_1302,12.255734,15.672039,5.133977,6.557832
IsPETaseWT_pool_213,12.253075,15.668643,5.131318,6.554435
IsPETaseWT_pool_1134,12.252629,15.668073,5.130872,6.553866
IsPETaseWT_pool_2636,12.249673,15.664298,5.127916,6.550090
IsPETaseWT_pool_53,12.248516,15.662820,5.126759,6.548612
IsPETaseWT_pool_3338,12.248460,15.662748,5.126703,6.548540
IsPETaseWT_pool_4339,12.248376,15.662641,5.126619,6.548433
IsPETaseWT_pool_4801,12.248373,15.662637,5.126616,6.548429
IsPETaseWT_pool_2258,12.247321,15.661293,5.125564,6.547086
IsPETaseWT_pool_4584,12.246949,15.660818,5.125192,6.546610
IsPETaseWT_pool_648,12.245941,15.659531,5.124184,6.545323
IsPETaseWT_pool_2541,12.244861,15.658151,5.123104,6.543943
IsPETaseWT_pool_3168,12.242107,15.654633,5.120350,6.540426
IsPETaseWT_pool_3913,12.240300,15.652325,5.118543,6.538117
IsPETaseWT_pool_285,12.240145,15.652127,5.118388,6.537919
IsPETaseWT_pool_3421,12.238606,15.650161,5.116849,6.535954
IsPETaseWT_pool_2168,12.235169,15.645771,5.113412,6.531563
IsPETaseWT_pool_1274,12.235161,15.645761,5.113404,6.531553
IsPETaseWT_pool_4786,12.234711,15.645186,5.112954,6.530978
IsPETaseWT_pool_4622,12.233641,15.643819,5.111884,6.529612
IsPETaseWT_pool_1480,12.232717,15.642639,5.110960,6.528431
IsPETaseWT_pool_1648,12.231177,15.640672,5.109420,6.526464
IsPETaseWT_pool_1534,12.230403,15.639683,5.108646,6.525476
IsPETaseWT_pool_378,12.229139,15.638069,5.107382,6.523861
IsPETaseWT_pool_4323,12.228862,15.637715,5.107105,6.523507
IsPETaseWT_pool_1363,12.228728,15.637544,5.106971,6.523336
IsPETaseWT_pool_4296,12.227186,15.635574,5.105429,6.521366
IsPETaseWT_pool_1282,12.225389,15.633279,5.103632,6.519071
IsPETaseWT_pool_2232,12.222524,15.629619,5.100767,6.515411
IsPETaseWT_pool_1258,12.222464,15.629542,5.100707,6.515335
IsPETaseWT_pool_2215,12.221792,15.628684,5.100035,6.514476
IsPETaseWT_pool_1890,12.221763,15.628647,5.100006,6.514439
IsPETaseWT_pool_357,12.221743,15.628621,5.099986,6.514414
IsPETaseWT_pool_830,12.220143,15.626578,5.098386,6.512370
IsPETaseWT_pool_3518,12.219904,15.626272,5.098147,6.512065
IsPETaseWT_pool_4430,12.217340,15.622997,5.095583,6.508790
IsPETaseWT_pool_1141,12.215489,15.620633,5.093732,6.506425
IsPETaseWT_pool_4443,12.213899,15.618602,5.092142,6.504394
IsPETaseWT_pool_4724,12.213351,15.617902,5.091594,6.503694
IsPETaseWT_pool_1501,12.211292,15.615272,5.089535,6.501064
IsPETaseWT_pool_897,12.211069,15.614987,5.089312,6.500779
IsPETaseWT_pool_3554,12.210784,15.614623,5.089027,6.500415
IsPETaseWT_pool_2755,12.210347,15.614065,5.088590,6.499857
IsPETaseWT_pool_3014,12.210224,15.613908,5.088467,6.499700
IsPETaseWT_pool_1495,12.209307,15.612736,5.087550,6.498529
IsPETaseWT_pool_4174,12.208422,15.611606,5.086665,6.497398
IsPETaseWT_pool_2989,12.208085,15.611176,5.086328,6.496968
IsPETaseWT_pool_892,12.207939,15.610989,5.086182,6.496781
IsPETaseWT_pool_2275,12.207483,15.610407,5.085726,6.496199
IsPETaseWT_pool_3178,12.207031,15.609829,5.085274,6.495622
IsPETaseWT_pool_2609,12.206850,15.609598,5.085093,6.495390
IsPETaseWT_pool_3103,12.206718,15.609429,5.084961,6.495222
IsPETaseWT_pool_3048,12.206172,15.608732,5.084415,6.494524
IsPETaseWT_pool_4214,12.205939,15.608434,5.084182,6.494227
IsPETaseWT_pool_2964,12.204749,15.606914,5.082992,6.492707
IsPETaseWT_pool_641,12.204136,15.606131,5.082379,6.491924
IsPETaseWT_pool_4065,12.203577,15.605417,5.081820,6.491210
IsPETaseWT_pool_3422,12.203441,15.605244,5.081684,6.491036
IsPETaseWT_pool_2210,12.201550,15.602828,5.079793,6.488620
IsPETaseWT_pool_197,12.200721,15.601769,5.078964,6.487562
IsPETaseWT_pool_3856,12.200561,15.601565,5.078804,6.487357
IsPETaseWT_pool_1629,12.200253,15.601171,5.078496,6.486964
IsPETaseWT_pool_337,12.199730,15.600503,5.077973,6.486296
IsPETaseWT_pool_2339,12.199018,15.599594,5.077261,6.485386
IsPETaseWT_pool_643,12.197899,15.598165,5.076142,6.483957
IsPETaseWT_pool_4200,12.197183,15.597250,5.075426,6.483042
IsPETaseWT_pool_1038,12.196001,15.595740,5.074244,6.481532
IsPETaseWT_pool_4807,12.195879,15.595584,5.074122,6.481377
IsPETaseWT_pool_3704,12.195643,15.595283,5.073886,6.481075
IsPETaseWT_pool_699,12.194957,15.594407,5.073200,6.480199
IsPETaseWT_pool_2136,12.193379,15.592391,5.071622,6.478183
IsPETaseWT_pool_3691,12.192975,15.591875,5.071218,6.477667
IsPETaseWT_pool_1246,12.192682,15.591501,5.070925,6.477293
IsPETaseWT_pool_1946,12.192090,15.590744,5.070333,6.476537
IsPETaseWT_pool_2842,12.190903,15.589228,5.069146,6.475021
IsPETaseWT_pool_59,12.190550,15.588777,5.068793,6.474570
IsPETaseWT_pool_2719,12.189951,15.588012,5.068194,6.473805
IsPETaseWT_pool_1152,12.189945,15.588005,5.068188,6.473797
IsPETaseWT_pool_2260,12.187879,15.585366,5.066122,6.471158
IsPETaseWT_pool_3756,12.186462,15.583556,5.064705,6.469348
IsPETaseWT_pool_3987,12.185410,15.582212,5.063653,6.468004
IsPETaseWT_pool_4919,12.182753,15.578818,5.060996,6.464610
IsPETaseWT_pool_3809,12.181874,15.577695,5.060117,6.463488
IsPETaseWT_pool_2877,12.181793,15.577592,5.060036,6.463384
IsPETaseWT_pool_4674,12.177980,15.572721,5.056223,6.458514
IsPETaseWT_pool_2546,12.177757,15.572436,5.056000,6.458229
IsPETaseWT_pool_4707,12.176126,15.570353,5.054369,6.456145
IsPETaseWT_pool_3887,12.175708,15.569819,5.053951,6.455611
IsPETaseWT_pool_3487,12.175451,15.569491,5.053694,6.455283
IsPETaseWT_pool_927,12.175340,15.569349,5.053583,6.455141
IsPETaseWT_pool_366,12.175300,15.569298,5.053543,6.455090
IsPETaseWT_pool_2543,12.174934,15.568830,5.053177,6.454623
IsPETaseWT_pool_4093,12.172672,15.565941,5.050915,6.451733
IsPETaseWT_pool_2228,12.171801,15.564829,5.050044,6.450621
IsPETaseWT_pool_3213,12.171516,15.564465,5.049759,6.450257
IsPETaseWT_pool_3594,12.171390,15.564304,5.049633,6.450096
IsPETaseWT_pool_1762,12.170517,15.563188,5.048760,6.448981
IsPETaseWT_pool_3209,12.168866,15.561080,5.047109,6.446872
IsPETaseWT_pool_1095,12.168086,15.560083,5.046329,6.445876
IsPETaseWT_pool_86,12.168004,15.559978,5.046247,6.445771
IsPETaseWT_pool_3751,12.166659,15.558260,5.044902,6.444053
IsPETaseWT_pool_1757,12.166490,15.558045,5.044733,6.443837
IsPETaseWT_pool_2041,12.165865,15.557246,5.044108,6.443039
IsPETaseWT_pool_4241,12.164114,15.555010,5.042357,6.440802
IsPETaseWT_pool_1840,12.162773,15.553297,5.041016,6.439089
IsPETaseWT_pool_3862,12.162737,15.553251,5.040980,6.439043
IsPETaseWT_pool_4400,12.160088,15.549867,5.038331,6.435659
IsPETaseWT_pool_720,12.159972,15.549719,5.038215,6.435511
IsPETaseWT_pool_2598,12.159640,15.549295,5.037883,6.435087
IsPETaseWT_pool_4900,12.159605,15.549250,5.037848,6.435042
IsPETaseWT_pool_383,12.158675,15.548062,5.036918,6.433855
IsPETaseWT_pool_3541,12.158377,15.547682,5.036620,6.433474
IsPETaseWT_pool_299,12.157642,15.546743,5.035885,6.432535
IsPETaseWT_pool_1751,12.157003,15.545926,5.035246,6.431719
IsPETaseWT_pool_2961,12.156176,15.544870,5.034419,6.430662
IsPETaseWT_pool_1456,12.154098,15.542216,5.032341,6.428008
IsPETaseWT_pool_2025,12.153771,15.541798,5.032014,6.427590
IsPETaseWT_pool_2074,12.150687,15.537859,5.028930,6.423651
IsPETaseWT_pool_401,12.149662,15.536550,5.027905,6.422342
IsPETaseWT_pool_278,12.149216,15.535980,5.027459,6.421772
IsPETaseWT_pool_2405,12.147124,15.533308,5.025367,6.419100
IsPETaseWT_pool_1588,12.147034,15.533193,5.025277,6.418985
IsPETaseWT_pool_2139,12.146641,15.532691,5.024884,6.418483
IsPETaseWT_pool_3266,12.145361,15.531056,5.023604,6.416848
IsPETaseWT_pool_2711,12.144683,15.530190,5.022926,6.415982
IsPETaseWT_pool_3354,12.142220,15.527044,5.020463,6.412836
IsPETaseWT_pool_1858,12.142144,15.526946,5.020387,6.412739
IsPETaseWT_pool_835,12.139683,15.523803,5.017926,6.409595
IsPETaseWT_pool_31,12.135621,15.518614,5.013864,6.404407
IsPETaseWT_pool_4173,12.135581,15.518563,5.013824,6.404356
IsPETaseWT_pool_2857,12.129982,15.511411,5.008225,6.397204
IsPETaseWT_pool_4796,12.127370,15.508075,5.005613,6.393867
IsPETaseWT_pool_3784,12.126222,15.506609,5.004465,6.392401
IsPETaseWT_pool_2468,12.125617,15.505836,5.003860,6.391628
IsPETaseWT_pool_1247,12.125074,15.505142,5.003317,6.390935
IsPETaseWT_pool_944,12.124939,15.504970,5.003182,6.390762
IsPETaseWT_pool_1681,12.123404,15.503009,5.001647,6.388801
IsPETaseWT_pool_1724,12.123276,15.502846,5.001519,6.388638
IsPETaseWT_pool_586,12.122378,15.501699,5.000621,6.387491
IsPETaseWT_pool_133,12.121118,15.500089,4.999361,6.385881
IsPETaseWT_pool_2045,12.120609,15.499439,4.998852,6.385231
IsPETaseWT_pool_4795,12.119968,15.498620,4.998211,6.384413
IsPETaseWT_pool_4152,12.118407,15.496626,4.996650,6.382419
IsPETaseWT_pool_1580,12.118239,15.496412,4.996482,6.382204
IsPETaseWT_pool_1571,12.112746,15.489395,4.990989,6.375188
IsPETaseWT_pool_3582,12.112116,15.488591,4.990359,6.374383
IsPETaseWT_pool_4668,12.111898,15.488312,4.990141,6.374104
IsPETaseWT_pool_35,12.108763,15.484308,4.987006,6.370100
IsPETaseWT_pool_4837,12.106798,15.481798,4.985041,6.367590
IsPETaseWT_pool_4714,12.106560,15.481494,4.984803,6.367286
IsPETaseWT_pool_189,12.106285,15.481142,4.984528,6.366935
IsPETaseWT_pool_301,12.104992,15.479491,4.983235,6.365283
IsPETaseWT_pool_4372,12.103889,15.478082,4.982132,6.363874
IsPETaseWT_pool_1988,12.103704,15.477846,4.981947,6.363638
IsPETaseWT_pool_1283,12.102534,15.476351,4.980777,6.362143
IsPETaseWT_pool_667,12.102194,15.475917,4.980437,6.361709
IsPETaseWT_pool_2718,12.100085,15.473223,4.978328,6.359015
IsPETaseWT_pool_1560,12.099416,15.472368,4.977659,6.358161
IsPETaseWT_pool_3637,12.097603,15.470053,4.975846,6.355845
IsPETaseWT_pool_3621,12.097010,15.469295,4.975253,6.355087
IsPETaseWT_pool_2150,12.096421,15.468543,4.974664,6.354335
IsPETaseWT_pool_1564,12.095761,15.467700,4.974004,6.353492
IsPETaseWT_pool_3,12.094435,15.466006,4.972678,6.351798
IsPETaseWT_pool_1268,12.094388,15.465946,4.972631,6.351738
IsPETaseWT_pool_3259,12.094296,15.465828,4.972539,6.351621
IsPETaseWT_pool_2560,12.094066,15.465535,4.972309,6.351327
IsPETaseWT_pool_181,12.093390,15.464671,4.971633,6.350463
IsPETaseWT_pool_2928,12.092462,15.463486,4.970705,6.349278
IsPETaseWT_pool_3484,12.091571,15.462348,4.969814,6.348140
IsPETaseWT_pool_3135,12.091095,15.461740,4.969338,6.347532
IsPETaseWT_pool_1207,12.089658,15.459904,4.967901,6.345696
IsPETaseWT_pool_4021,12.089408,15.459585,4.967651,6.345377
IsPETaseWT_pool_2895,12.088237,15.458089,4.966480,6.343881
IsPETaseWT_pool_93,12.088168,15.458001,4.966411,6.343793
IsPETaseWT_pool_578,12.088025,15.457818,4.966268,6.343610
IsPETaseWT_pool_4069,12.087831,15.457570,4.966074,6.343363
IsPETaseWT_pool_3763,12.086287,15.455598,4.964530,6.341390
IsPETaseWT_pool_2747,12.085969,15.455192,4.964212,6.340984
IsPETaseWT_pool_28,12.084897,15.453823,4.963140,6.339615
IsPETaseWT_pool_1691,12.084835,15.453743,4.963078,6.339536
IsPETaseWT_pool_4597,12.084175,15.452900,4.962418,6.338693
IsPETaseWT_pool_4547,12.084085,15.452785,4.962328,6.338578
IsPETaseWT_pool_536,12.081487,15.449467,4.959730,6.335259
IsPETaseWT_pool_3056,12.079865,15.447395,4.958108,6.333187
IsPETaseWT_pool_4578,12.079565,15.447012,4.957808,6.332804
IsPETaseWT_pool_2448,12.078845,15.446092,4.957088,6.331884
IsPETaseWT_pool_4221,12.077170,15.443953,4.955413,6.329745
IsPETaseWT_pool_4770,12.077094,15.443856,4.955337,6.329648
IsPETaseWT_pool_959,12.076220,15.442739,4.954463,6.328531
IsPETaseWT_pool_743,12.075298,15.441561,4.953541,6.327354
IsPETaseWT_pool_2566,12.074151,15.440096,4.952394,6.325889
IsPETaseWT_pool_593,12.073657,15.439465,4.951900,6.325258
IsPETaseWT_pool_4042,12.072509,15.437999,4.950752,6.323791
IsPETaseWT_pool_1269,12.071393,15.436573,4.949636,6.322366
IsPETaseWT_pool_147,12.071240,15.436378,4.949483,6.322170
IsPETaseWT_pool_642,12.070483,15.435411,4.948726,6.321203
IsPETaseWT_pool_1393,12.068493,15.432869,4.946736,6.318661
IsPETaseWT_pool_3779,12.067772,15.431948,4.946015,6.317741
IsPETaseWT_pool_3703,12.067112,15.431105,4.945355,6.316897
IsPETaseWT_pool_3159,12.066831,15.430746,4.945074,6.316539
IsPETaseWT_pool_2288,12.066085,15.429793,4.944328,6.315586
IsPETaseWT_pool_190,12.063547,15.426551,4.941790,6.312344
IsPETaseWT_pool_385,12.062923,15.425754,4.941166,6.311547
IsPETaseWT_pool_4863,12.062015,15.424595,4.940258,6.310387
IsPETaseWT_pool_3886,12.061076,15.423395,4.939319,6.309187
IsPETaseWT_pool_2889,12.060674,15.422882,4.938917,6.308674
IsPETaseWT_pool_2736,12.059757,15.421710,4.938000,6.307503
IsPETaseWT_pool_4917,12.057332,15.418613,4.935575,6.304405
IsPETaseWT_pool_2255,12.057057,15.418261,4.935300,6.304054
IsPETaseWT_pool_3093,12.056365,15.417378,4.934608,6.303170
IsPETaseWT_pool_4985,12.055659,15.416476,4.933902,6.302268
IsPETaseWT_pool_3372,12.054857,15.415451,4.933100,6.301244
IsPETaseWT_pool_884,12.054460,15.414944,4.932703,6.300737
IsPETaseWT_pool_3260,12.053074,15.413174,4.931317,6.298966
IsPETaseWT_pool_979,12.053043,15.413134,4.931286,6.298927
IsPETaseWT_pool_792,12.051323,15.410937,4.929566,6.296730
IsPETaseWT_pool_2175,12.049263,15.408306,4.927506,6.294098
IsPETaseWT_pool_4228,12.048078,15.406792,4.926321,6.292585
IsPETaseWT_pool_374,12.045695,15.403748,4.923938,6.289541
IsPETaseWT_pool_4681,12.045483,15.403478,4.923726,6.289270
IsPETaseWT_pool_1442,12.044066,15.401668,4.922309,6.287460
IsPETaseWT_pool_3916,12.044051,15.401648,4.922294,6.287441
IsPETaseWT_pool_1592,12.043874,15.401422,4.922117,6.287215
IsPETaseWT_pool_4072,12.043578,15.401044,4.921821,6.286837
IsPETaseWT_pool_3685,12.043034,15.400349,4.921277,6.286142
IsPETaseWT_pool_3316,12.042674,15.399890,4.920917,6.285682
IsPETaseWT_pool_2126,12.040258,15.396803,4.918501,6.282596
IsPETaseWT_pool_1113,12.037055,15.392712,4.915298,6.278504
IsPETaseWT_pool_2294,12.035868,15.391196,4.914111,6.276988
IsPETaseWT_pool_1431,12.034649,15.389639,4.912892,6.275431
IsPETaseWT_pool_2169,12.030675,15.384563,4.908918,6.270355
IsPETaseWT_pool_281,12.030540,15.384390,4.908783,6.270183
IsPETaseWT_pool_3299,12.030112,15.383844,4.908355,6.269636
IsPETaseWT_pool_2659,12.029775,15.383413,4.908018,6.269205
IsPETaseWT_pool_1775,12.029110,15.382564,4.907353,6.268356
IsPETaseWT_pool_731,12.028159,15.381349,4.906402,6.267141
IsPETaseWT_pool_2002,12.028139,15.381323,4.906382,6.267116
IsPETaseWT_pool_2412,12.027514,15.380525,4.905757,6.266317
IsPETaseWT_pool_4074,12.025333,15.377739,4.903576,6.263532
IsPETaseWT_pool_1707,12.024747,15.376991,4.902990,6.262783
IsPETaseWT_pool_510,12.024235,15.376337,4.902478,6.262129
IsPETaseWT_pool_1019,12.023190,15.375002,4.901433,6.260794
IsPETaseWT_pool_2120,12.021776,15.373196,4.900019,6.258988
IsPETaseWT_pool_632,12.020050,15.370991,4.898293,6.256783
IsPETaseWT_pool_1053,12.019553,15.370356,4.897796,6.256148
IsPETaseWT_pool_1979,12.018368,15.368843,4.896611,6.254635
IsPETaseWT_pool_1676,12.017274,15.367445,4.895517,6.253237
IsPETaseWT_pool_149,12.015661,15.365385,4.893904,6.251177
IsPETaseWT_pool_3605,12.015074,15.364635,4.893317,6.250427
IsPETaseWT_pool_3689,12.014771,15.364248,4.893014,6.250040
IsPETaseWT_pool_4619,12.014258,15.363593,4.892501,6.249385
IsPETaseWT_pool_2176,12.013702,15.362882,4.891945,6.248675
IsPETaseWT_pool_3437,12.013582,15.362729,4.891825,6.248521
IsPETaseWT_pool_3137,12.012442,15.361273,4.890685,6.247065
IsPETaseWT_pool_539,12.011920,15.360606,4.890163,6.246399
IsPETaseWT_pool_1983,12.010161,15.358359,4.888404,6.244152
IsPETaseWT_pool_1774,12.009063,15.356957,4.887306,6.242749
IsPETaseWT_pool_4133,12.007974,15.355566,4.886217,6.241358
IsPETaseWT_pool_4678,12.007056,15.354393,4.885299,6.240186
IsPETaseWT_pool_2119,12.006592,15.353801,4.884835,6.239593
IsPETaseWT_pool_1900,12.004744,15.351440,4.882987,6.237232
IsPETaseWT_pool_4983,12.003468,15.349810,4.881711,6.235602
IsPETaseWT_pool_3485,12.002677,15.348800,4.880920,6.234592
IsPETaseWT_pool_4832,12.001054,15.346727,4.879297,6.232519
IsPETaseWT_pool_1943,11.999724,15.345028,4.877967,6.230820
IsPETaseWT_pool_4052,11.998899,15.343974,4.877142,6.229766
IsPETaseWT_pool_2253,11.998828,15.343883,4.877071,6.229676
IsPETaseWT_pool_3070,11.997181,15.341780,4.875424,6.227572
IsPETaseWT_pool_3146,11.996639,15.341087,4.874882,6.226880
IsPETaseWT_pool_263,11.996119,15.340423,4.874362,6.226215
IsPETaseWT_pool_4732,11.995530,15.339671,4.873773,6.225463
IsPETaseWT_pool_957,11.993984,15.337696,4.872227,6.223488
IsPETaseWT_pool_1687,11.992218,15.335440,4.870461,6.221232
IsPETaseWT_pool_4626,11.989422,15.331869,4.867665,6.217661
IsPETaseWT_pool_2384,11.989194,15.331577,4.867437,6.217370
IsPETaseWT_pool_1525,11.985181,15.326451,4.863424,6.212244
IsPETaseWT_pool_4143,11.984116,15.325091,4.862359,6.210883
IsPETaseWT_pool_2967,11.983994,15.324935,4.862237,6.210728
IsPETaseWT_pool_1455,11.981373,15.321587,4.859616,6.207380
IsPETaseWT_pool_4193,11.980340,15.320268,4.858583,6.206060
IsPETaseWT_pool_972,11.979725,15.319482,4.857968,6.205275
IsPETaseWT_pool_766,11.978435,15.317835,4.856678,6.203627
IsPETaseWT_pool_2628,11.976633,15.315533,4.854876,6.201325
IsPETaseWT_pool_3502,11.975561,15.314163,4.853804,6.199956
IsPETaseWT_pool_4067,11.975520,15.314111,4.853763,6.199903
IsPETaseWT_pool_4546,11.975023,15.313476,4.853266,6.199269
IsPETaseWT_pool_2527,11.973535,15.311576,4.851778,6.197368
IsPETaseWT_pool_881,11.972363,15.310079,4.850606,6.195871
IsPETaseWT_pool_4929,11.971748,15.309293,4.849991,6.195085
IsPETaseWT_pool_3884,11.970837,15.308129,4.849080,6.193922
IsPETaseWT_pool_466,11.969912,15.306948,4.848155,6.192740
IsPETaseWT_pool_3591,11.969349,15.306229,4.847592,6.192021
IsPETaseWT_pool_649,11.966757,15.302918,4.845000,6.188710
IsPETaseWT_pool_3827,11.964981,15.300649,4.843224,6.186442
IsPETaseWT_pool_1156,11.964071,15.299487,4.842314,6.185279
IsPETaseWT_pool_2920,11.963837,15.299188,4.842080,6.184980
IsPETaseWT_pool_259,11.963746,15.299072,4.841989,6.184864
IsPETaseWT_pool_1063,11.962459,15.297428,4.840702,6.183220
IsPETaseWT_pool_202,11.961701,15.296460,4.839944,6.182252
IsPETaseWT_pool_2690,11.960195,15.294536,4.838438,6.180328
IsPETaseWT_pool_3735,11.959570,15.293737,4.837813,6.179530
IsPETaseWT_pool_993,11.958536,15.292417,4.836779,6.178209
IsPETaseWT_pool_2380,11.958150,15.291924,4.836393,6.177716
IsPETaseWT_pool_4247,11.957953,15.291672,4.836196,6.177464
IsPETaseWT_pool_3659,11.957052,15.290521,4.835295,6.176313
IsPETaseWT_pool_3875,11.956990,15.290442,4.835233,6.176234
IsPETaseWT_pool_1909,11.955867,15.289008,4.834110,6.174800
IsPETaseWT_pool_1341,11.955021,15.287927,4.833264,6.173719
IsPETaseWT_pool_1617,11.951865,15.283896,4.830108,6.169688
IsPETaseWT_pool_3330,11.951838,15.283861,4.830081,6.169653
IsPETaseWT_pool_4476,11.948828,15.280016,4.827071,6.165809
IsPETaseWT_pool_1991,11.944180,15.274079,4.822423,6.159872
IsPETaseWT_pool_4693,11.943499,15.273209,4.821742,6.159002
IsPETaseWT_pool_4013,11.942972,15.272536,4.821215,6.158329
IsPETaseWT_pool_1808,11.942059,15.271370,4.820302,6.157162
IsPETaseWT_pool_623,11.941844,15.271095,4.820087,6.156888
IsPETaseWT_pool_440,11.940542,15.269432,4.818785,6.155225
IsPETaseWT_pool_3423,11.937977,15.266156,4.816220,6.151948
IsPETaseWT_pool_4614,11.931950,15.258457,4.810193,6.144250
IsPETaseWT_pool_615,11.931355,15.257697,4.809598,6.143490
IsPETaseWT_pool_3187,11.931256,15.257571,4.809499,6.143363
IsPETaseWT_pool_4640,11.928709,15.254318,4.806952,6.140110
IsPETaseWT_pool_1370,11.928658,15.254252,4.806901,6.140045
IsPETaseWT_pool_682,11.928105,15.253546,4.806348,6.139338
IsPETaseWT_pool_4149,11.927864,15.253238,4.806107,6.139030
IsPETaseWT_pool_4561,11.927463,15.252726,4.805706,6.138518
IsPETaseWT_pool_3017,11.927238,15.252439,4.805481,6.138231
IsPETaseWT_pool_2381,11.926786,15.251861,4.805029,6.137654
IsPETaseWT_pool_834,11.926713,15.251768,4.804956,6.137560
IsPETaseWT_pool_3471,11.926440,15.251419,4.804683,6.137212
IsPETaseWT_pool_651,11.926281,15.251216,4.804524,6.137008
IsPETaseWT_pool_3888,11.926016,15.250878,4.804259,6.136670
IsPETaseWT_pool_1240,11.925746,15.250533,4.803989,6.136325
IsPETaseWT_pool_4928,11.925227,15.249870,4.803470,6.135662
IsPETaseWT_pool_1631,11.923384,15.247516,4.801627,6.133308
IsPETaseWT_pool_4617,11.922182,15.245980,4.800425,6.131773
IsPETaseWT_pool_3080,11.922088,15.245860,4.800331,6.131653
IsPETaseWT_pool_2550,11.917373,15.239838,4.795616,6.125630
IsPETaseWT_pool_3645,11.917112,15.239504,4.795355,6.125297
IsPETaseWT_pool_1238,11.914728,15.236459,4.792971,6.122251
IsPETaseWT_pool_3674,11.913858,15.235348,4.792101,6.121140
IsPETaseWT_pool_2705,11.913369,15.234723,4.791612,6.120515
IsPETaseWT_pool_2716,11.913305,15.234641,4.791548,6.120434
IsPETaseWT_pool_652,11.912083,15.233080,4.790326,6.118873
IsPETaseWT_pool_3578,11.911193,15.231944,4.789436,6.117736
IsPETaseWT_pool_582,11.910718,15.231337,4.788961,6.117129
IsPETaseWT_pool_4055,11.910678,15.231286,4.788921,6.117078
IsPETaseWT_pool_940,11.908197,15.228117,4.786440,6.113909
IsPETaseWT_pool_2996,11.908010,15.227878,4.786253,6.113670
IsPETaseWT_pool_3958,11.906837,15.226380,4.785080,6.112172
IsPETaseWT_pool_1308,11.906680,15.226179,4.784923,6.111971
IsPETaseWT_pool_3158,11.906204,15.225571,4.784447,6.111363
IsPETaseWT_pool_4058,11.905846,15.225114,4.784089,6.110906
IsPETaseWT_pool_1218,11.905100,15.224161,4.783343,6.109953
IsPETaseWT_pool_4373,11.904832,15.223818,4.783075,6.109611
IsPETaseWT_pool_2162,11.903745,15.222430,4.781988,6.108222
IsPETaseWT_pool_4195,11.903620,15.222270,4.781863,6.108063
IsPETaseWT_pool_4841,11.903608,15.222255,4.781851,6.108047
IsPETaseWT_pool_4020,11.903531,15.222157,4.781774,6.107949
IsPETaseWT_pool_237,11.901229,15.219216,4.779472,6.105009
IsPETaseWT_pool_3500,11.900382,15.218134,4.778625,6.103927
IsPETaseWT_pool_314,11.899424,15.216911,4.777667,6.102703
IsPETaseWT_pool_2524,11.897706,15.214716,4.775949,6.100508
IsPETaseWT_pool_2490,11.896101,15.212666,4.774344,6.098458
IsPETaseWT_pool_194,11.894107,15.210119,4.772350,6.095911
IsPETaseWT_pool_2899,11.891524,15.206820,4.769767,6.092612
IsPETaseWT_pool_3079,11.890162,15.205080,4.768405,6.090872
IsPETaseWT_pool_2602,11.888996,15.203591,4.767239,6.089383
IsPETaseWT_pool_2658,11.888532,15.202998,4.766775,6.088790
IsPETaseWT_pool_2949,11.888015,15.202337,4.766258,6.088130
IsPETaseWT_pool_616,11.887455,15.201622,4.765698,6.087414
IsPETaseWT_pool_4428,11.887384,15.201531,4.765627,6.087324
IsPETaseWT_pool_4672,11.887333,15.201466,4.765576,6.087259
IsPETaseWT_pool_552,11.886659,15.200605,4.764902,6.086398
IsPETaseWT_pool_25,11.886207,15.200028,4.764450,6.085820
IsPETaseWT_pool_1739,11.885355,15.198940,4.763598,6.084732
IsPETaseWT_pool_4004,11.884336,15.197638,4.762579,6.083430
IsPETaseWT_pool_2668,11.882927,15.195838,4.761170,6.081631
IsPETaseWT_pool_4259,11.882454,15.195234,4.760697,6.081027
IsPETaseWT_pool_506,11.881783,15.194377,4.760026,6.080169
IsPETaseWT_pool_4383,11.881775,15.194367,4.760018,6.080159
IsPETaseWT_pool_3889,11.881126,15.193538,4.759369,6.079330
IsPETaseWT_pool_2654,11.880579,15.192839,4.758822,6.078631
IsPETaseWT_pool_4574,11.879714,15.191734,4.757957,6.077527
IsPETaseWT_pool_1476,11.879625,15.191621,4.757868,6.077413
IsPETaseWT_pool_4973,11.877280,15.188625,4.755523,6.074418
IsPETaseWT_pool_4575,11.875836,15.186781,4.754079,6.072573
IsPETaseWT_pool_1124,11.869730,15.178981,4.747973,6.064774
IsPETaseWT_pool_1746,11.867039,15.175544,4.745282,6.061336
IsPETaseWT_pool_2951,11.865537,15.173625,4.743780,6.059418
IsPETaseWT_pool_767,11.864069,15.171750,4.742312,6.057543
IsPETaseWT_pool_4704,11.863384,15.170875,4.741627,6.056668
IsPETaseWT_pool_240,11.863209,15.170652,4.741452,6.056444
IsPETaseWT_pool_3305,11.862883,15.170235,4.741126,6.056028
IsPETaseWT_pool_3698,11.860762,15.167526,4.739005,6.053318
IsPETaseWT_pool_1356,11.859254,15.165600,4.737497,6.051392
IsPETaseWT_pool_228,11.858553,15.164704,4.736796,6.050497
IsPETaseWT_pool_3131,11.857920,15.163896,4.736163,6.049688
IsPETaseWT_pool_413,11.857855,15.163813,4.736098,6.049605
IsPETaseWT_pool_2539,11.857304,15.163109,4.735547,6.048901
IsPETaseWT_pool_157,11.856339,15.161876,4.734582,6.047669
IsPETaseWT_pool_353,11.855898,15.161313,4.734141,6.047105
IsPETaseWT_pool_4926,11.853174,15.157834,4.731417,6.043626
IsPETaseWT_pool_4756,11.852681,15.157204,4.730924,6.042996
IsPETaseWT_pool_597,11.852238,15.156638,4.730481,6.042430
IsPETaseWT_pool_679,11.850681,15.154649,4.728924,6.040442
IsPETaseWT_pool_2667,11.850237,15.154082,4.728480,6.039874
IsPETaseWT_pool_2300,11.848536,15.151909,4.726779,6.037702
IsPETaseWT_pool_1870,11.848313,15.151625,4.726556,6.037417
IsPETaseWT_pool_2438,11.847918,15.151120,4.726161,6.036912
IsPETaseWT_pool_313,11.847762,15.150921,4.726005,6.036713
IsPETaseWT_pool_3223,11.846914,15.149838,4.725157,6.035630
IsPETaseWT_pool_3724,11.846636,15.149482,4.724879,6.035275
IsPETaseWT_pool_3149,11.846087,15.148781,4.724330,6.034573
IsPETaseWT_pool_4403,11.845658,15.148233,4.723901,6.034026
IsPETaseWT_pool_3253,11.843726,15.145765,4.721969,6.031558
IsPETaseWT_pool_3076,11.843685,15.145713,4.721928,6.031505
IsPETaseWT_pool_2758,11.840960,15.142232,4.719203,6.028025
IsPETaseWT_pool_156,11.840081,15.141109,4.718324,6.026902
IsPETaseWT_pool_1176,11.839692,15.140613,4.717935,6.026405
IsPETaseWT_pool_1499,11.837024,15.137205,4.715267,6.022997
IsPETaseWT_pool_1963,11.836990,15.137161,4.715233,6.022954
IsPETaseWT_pool_1606,11.836244,15.136208,4.714487,6.022001
IsPETaseWT_pool_2529,11.835518,15.135281,4.713761,6.021073
IsPETaseWT_pool_4505,11.833979,15.133315,4.712222,6.019107
IsPETaseWT_pool_3747,11.830902,15.129385,4.709145,6.015177
IsPETaseWT_pool_3113,11.830041,15.128285,4.708284,6.014077
IsPETaseWT_pool_4953,11.829027,15.126990,4.707270,6.012782
IsPETaseWT_pool_1116,11.828856,15.126771,4.707099,6.012564
IsPETaseWT_pool_530,11.828148,15.125867,4.706391,6.011659
IsPETaseWT_pool_2805,11.826471,15.123725,4.704714,6.009517
IsPETaseWT_pool_3560,11.825788,15.122852,4.704031,6.008645
IsPETaseWT_pool_754,11.825562,15.122564,4.703805,6.008356
IsPETaseWT_pool_1337,11.824829,15.121627,4.703072,6.007420
IsPETaseWT_pool_2224,11.822145,15.118199,4.700388,6.003991
IsPETaseWT_pool_3620,11.821573,15.117468,4.699816,6.003261
IsPETaseWT_pool_2135,11.819779,15.115177,4.698022,6.000969
IsPETaseWT_pool_1664,11.818636,15.113717,4.696879,5.999509
IsPETaseWT_pool_1136,11.818608,15.113681,4.696851,5.999473
IsPETaseWT_pool_2343,11.816219,15.110630,4.694462,5.996422
IsPETaseWT_pool_4788,11.816167,15.110563,4.694410,5.996355
IsPETaseWT_pool_304,11.811848,15.105046,4.690091,5.990839
IsPETaseWT_pool_4722,11.811069,15.104051,4.689312,5.989844
IsPETaseWT_pool_2660,11.810973,15.103929,4.689216,5.989721
IsPETaseWT_pool_3108,11.810354,15.103138,4.688597,5.988930
IsPETaseWT_pool_3352,11.809940,15.102609,4.688183,5.988402
IsPETaseWT_pool_179,11.808747,15.101085,4.686990,5.986878
IsPETaseWT_pool_2734,11.807831,15.099915,4.686074,5.985708
IsPETaseWT_pool_4905,11.806944,15.098782,4.685187,5.984575
IsPETaseWT_pool_1689,11.805259,15.096630,4.683502,5.982422
IsPETaseWT_pool_4759,11.804629,15.095825,4.682872,5.981618
IsPETaseWT_pool_2587,11.804403,15.095537,4.682646,5.981329
IsPETaseWT_pool_3009,11.804296,15.095400,4.682539,5.981192
IsPETaseWT_pool_1450,11.803013,15.093761,4.681256,5.979553
IsPETaseWT_pool_1192,11.802983,15.093723,4.681226,5.979515
IsPETaseWT_pool_1845,11.802891,15.093605,4.681134,5.979398
IsPETaseWT_pool_4179,11.801406,15.091708,4.679649,5.977501
IsPETaseWT_pool_1987,11.800228,15.090204,4.678471,5.975996
IsPETaseWT_pool_2233,11.799829,15.089694,4.678072,5.975486
IsPETaseWT_pool_234,11.799650,15.089465,4.677893,5.975258
IsPETaseWT_pool_4638,11.797847,15.087162,4.676090,5.972955
IsPETaseWT_pool_180,11.797359,15.086539,4.675602,5.972331
IsPETaseWT_pool_246,11.797240,15.086387,4.675483,5.972179
IsPETaseWT_pool_1351,11.796702,15.085700,4.674945,5.971492
IsPETaseWT_pool_3275,11.795677,15.084390,4.673920,5.970183
IsPETaseWT_pool_121,11.793679,15.081838,4.671922,5.967631
IsPETaseWT_pool_50,11.791225,15.078704,4.669468,5.964496
IsPETaseWT_pool_4939,11.790018,15.077162,4.668261,5.962954
IsPETaseWT_pool_2773,11.788807,15.075615,4.667050,5.961407
IsPETaseWT_pool_851,11.788643,15.075406,4.666886,5.961198
IsPETaseWT_pool_4911,11.788391,15.075084,4.666634,5.960876
IsPETaseWT_pool_1223,11.787849,15.074391,4.666092,5.960184
IsPETaseWT_pool_3708,11.786850,15.073115,4.665093,5.958908
IsPETaseWT_pool_2904,11.785515,15.071410,4.663758,5.957202
IsPETaseWT_pool_3773,11.785230,15.071046,4.663473,5.956838
IsPETaseWT_pool_379,11.783629,15.069001,4.661872,5.954793
IsPETaseWT_pool_465,11.783040,15.068249,4.661283,5.954041
IsPETaseWT_pool_1540,11.781470,15.066243,4.659713,5.952036
IsPETaseWT_pool_4607,11.781465,15.066237,4.659708,5.952029
IsPETaseWT_pool_311,11.781143,15.065826,4.659386,5.951618
IsPETaseWT_pool_2378,11.780324,15.064779,4.658567,5.950572
IsPETaseWT_pool_1187,11.778347,15.062254,4.656590,5.948047
IsPETaseWT_pool_4084,11.777786,15.061538,4.656029,5.947330
IsPETaseWT_pool_4637,11.777513,15.061189,4.655756,5.946981
IsPETaseWT_pool_206,11.776842,15.060332,4.655085,5.946124
IsPETaseWT_pool_2359,11.776478,15.059867,4.654721,5.945659
IsPETaseWT_pool_1080,11.775902,15.059131,4.654145,5.944923
IsPETaseWT_pool_2429,11.775635,15.058790,4.653878,5.944582
IsPETaseWT_pool_158,11.775536,15.058664,4.653779,5.944456
IsPETaseWT_pool_2826,11.775413,15.058506,4.653656,5.944299
IsPETaseWT_pool_1567,11.775406,15.058498,4.653649,5.944290
IsPETaseWT_pool_1949,11.775078,15.058079,4.653321,5.943871
IsPETaseWT_pool_1110,11.774096,15.056824,4.652339,5.942617
IsPETaseWT_pool_1012,11.773263,15.055760,4.651506,5.941553
IsPETaseWT_pool_342,11.773260,15.055756,4.651503,5.941549
IsPETaseWT_pool_4459,11.772354,15.054599,4.650597,5.940391
IsPETaseWT_pool_4295,11.771529,15.053545,4.649772,5.939338
IsPETaseWT_pool_4994,11.770796,15.052609,4.649039,5.938401
IsPETaseWT_pool_905,11.770666,15.052443,4.648909,5.938235
IsPETaseWT_pool_1634,11.769117,15.050464,4.647360,5.936257
IsPETaseWT_pool_1889,11.769113,15.050459,4.647356,5.936252
IsPETaseWT_pool_1624,11.769079,15.050416,4.647322,5.936208
IsPETaseWT_pool_4987,11.766768,15.047464,4.645011,5.933256
IsPETaseWT_pool_3683,11.766735,15.047422,4.644978,5.933214
IsPETaseWT_pool_2173,11.765551,15.045909,4.643794,5.931702
IsPETaseWT_pool_4628,11.765423,15.045746,4.643666,5.931538
IsPETaseWT_pool_742,11.764057,15.044001,4.642300,5.929793
IsPETaseWT_pool_3899,11.763188,15.042891,4.641431,5.928683
IsPETaseWT_pool_852,11.763111,15.042793,4.641354,5.928585
IsPETaseWT_pool_2443,11.762577,15.042111,4.640820,5.927903
IsPETaseWT_pool_4699,11.761959,15.041321,4.640202,5.927113
IsPETaseWT_pool_1249,11.761258,15.040426,4.639501,5.926218
IsPETaseWT_pool_2591,11.760973,15.040062,4.639216,5.925854
IsPETaseWT_pool_480,11.760319,15.039226,4.638562,5.925019
IsPETaseWT_pool_2086,11.760242,15.039128,4.638485,5.924920
IsPETaseWT_pool_1168,11.759580,15.038282,4.637823,5.924075
IsPETaseWT_pool_3265,11.758993,15.037533,4.637236,5.923325
IsPETaseWT_pool_3448,11.758689,15.037144,4.636932,5.922937
IsPETaseWT_pool_4934,11.758590,15.037018,4.636833,5.922810
IsPETaseWT_pool_1508,11.757648,15.035815,4.635891,5.921607
IsPETaseWT_pool_1489,11.757589,15.035739,4.635832,5.921532
IsPETaseWT_pool_4452,11.754972,15.032396,4.633215,5.918189
IsPETaseWT_pool_4806,11.754717,15.032071,4.632960,5.917863
IsPETaseWT_pool_4891,11.752436,15.029157,4.630679,5.914949
IsPETaseWT_pool_3968,11.752379,15.029084,4.630622,5.914877
IsPETaseWT_pool_3930,11.751893,15.028463,4.630136,5.914256
IsPETaseWT_pool_4303,11.750835,15.027112,4.629078,5.912904
IsPETaseWT_pool_4848,11.750670,15.026901,4.628913,5.912694
IsPETaseWT_pool_3279,11.749540,15.025458,4.627783,5.911250
IsPETaseWT_pool_3797,11.748456,15.024073,4.626699,5.909866
IsPETaseWT_pool_2239,11.748436,15.024048,4.626679,5.909840
IsPETaseWT_pool_4663,11.746617,15.021724,4.624860,5.907517
IsPETaseWT_pool_2639,11.745311,15.020056,4.623554,5.905848
IsPETaseWT_pool_1857,11.744763,15.019356,4.623006,5.905148
IsPETaseWT_pool_4656,11.744647,15.019208,4.622890,5.905000
IsPETaseWT_pool_4080,11.741659,15.015391,4.619902,5.901183
IsPETaseWT_pool_2674,11.741060,15.014626,4.619303,5.900418
IsPETaseWT_pool_1798,11.740519,15.013935,4.618762,5.899727
IsPETaseWT_pool_1138,11.739869,15.013105,4.618112,5.898897
IsPETaseWT_pool_2488,11.739865,15.013100,4.618108,5.898892
IsPETaseWT_pool_1127,11.739354,15.012447,4.617597,5.898239
IsPETaseWT_pool_4386,11.737489,15.010065,4.615732,5.895857
IsPETaseWT_pool_3981,11.737059,15.009515,4.615302,5.895308
IsPETaseWT_pool_3150,11.732312,15.003452,4.610555,5.889244
IsPETaseWT_pool_4520,11.730032,15.000540,4.608275,5.886332
IsPETaseWT_pool_1002,11.727914,14.997834,4.606157,5.883626
IsPETaseWT_pool_3761,11.725634,14.994922,4.603877,5.880714
IsPETaseWT_pool_2092,11.724957,14.994057,4.603200,5.879849
IsPETaseWT_pool_4350,11.724854,14.993925,4.603097,5.879718
IsPETaseWT_pool_4952,11.723107,14.991694,4.601350,5.877486
IsPETaseWT_pool_226,11.722674,14.991141,4.600917,5.876933
IsPETaseWT_pool_4738,11.722425,14.990823,4.600668,5.876615
IsPETaseWT_pool_3155,11.721763,14.989977,4.600006,5.875770
IsPETaseWT_pool_3368,11.721701,14.989898,4.599944,5.875690
IsPETaseWT_pool_1731,11.721487,14.989625,4.599730,5.875417
IsPETaseWT_pool_4415,11.720984,14.988982,4.599227,5.874774
IsPETaseWT_pool_2671,11.719288,14.986816,4.597531,5.872608
IsPETaseWT_pool_63,11.718429,14.985719,4.596672,5.871511
IsPETaseWT_pool_4528,11.717791,14.984904,4.596034,5.870696
IsPETaseWT_pool_1542,11.714910,14.981224,4.593153,5.867016
IsPETaseWT_pool_1846,11.714709,14.980967,4.592952,5.866759
IsPETaseWT_pool_1288,11.714561,14.980778,4.592804,5.866570
IsPETaseWT_pool_4543,11.714011,14.980075,4.592254,5.865868
IsPETaseWT_pool_910,11.712836,14.978574,4.591079,5.864367
IsPETaseWT_pool_4611,11.707218,14.971398,4.585461,5.857191
IsPETaseWT_pool_4615,11.705562,14.969283,4.583805,5.855075
IsPETaseWT_pool_1419,11.705043,14.968620,4.583286,5.854412
IsPETaseWT_pool_167,11.704637,14.968101,4.582880,5.853894
IsPETaseWT_pool_4219,11.703310,14.966406,4.581553,5.852199
IsPETaseWT_pool_520,11.703272,14.966358,4.581515,5.852150
IsPETaseWT_pool_750,11.701863,14.964558,4.580106,5.850350
IsPETaseWT_pool_1626,11.701238,14.963760,4.579481,5.849552
IsPETaseWT_pool_3348,11.700974,14.963423,4.579217,5.849215
IsPETaseWT_pool_3848,11.700400,14.962689,4.578643,5.848482
IsPETaseWT_pool_1244,11.698675,14.960486,4.576918,5.846278
IsPETaseWT_pool_4700,11.696895,14.958212,4.575138,5.844005
IsPETaseWT_pool_2356,11.695179,14.956020,4.573422,5.841813
IsPETaseWT_pool_3727,11.694324,14.954928,4.572567,5.840721
IsPETaseWT_pool_3780,11.692378,14.952443,4.570621,5.838235
IsPETaseWT_pool_776,11.692089,14.952073,4.570332,5.837866
IsPETaseWT_pool_686,11.691831,14.951744,4.570074,5.837536
IsPETaseWT_pool_1435,11.690718,14.950322,4.568961,5.836115
IsPETaseWT_pool_1596,11.690417,14.949938,4.568660,5.835730
IsPETaseWT_pool_871,11.688061,14.946928,4.566304,5.832721
IsPETaseWT_pool_3468,11.688053,14.946918,4.566296,5.832710
IsPETaseWT_pool_396,11.687440,14.946135,4.565683,5.831927
IsPETaseWT_pool_694,11.686560,14.945011,4.564803,5.830803
IsPETaseWT_pool_4182,11.686333,14.944721,4.564576,5.830513
IsPETaseWT_pool_1882,11.685884,14.944148,4.564127,5.829940
IsPETaseWT_pool_1728,11.681840,14.938982,4.560083,5.824774
IsPETaseWT_pool_1024,11.680876,14.937751,4.559119,5.823543
IsPETaseWT_pool_4002,11.679933,14.936546,4.558176,5.822338
IsPETaseWT_pool_2892,11.679836,14.936422,4.558079,5.822215
IsPETaseWT_pool_4843,11.677526,14.933472,4.555769,5.819264
IsPETaseWT_pool_341,11.676811,14.932558,4.555054,5.818351
IsPETaseWT_pool_2465,11.676450,14.932097,4.554693,5.817889
IsPETaseWT_pool_2355,11.675676,14.931108,4.553919,5.816901
IsPETaseWT_pool_1733,11.673153,14.927886,4.551396,5.813678
IsPETaseWT_pool_2144,11.671852,14.926224,4.550095,5.812016
IsPETaseWT_pool_166,11.670904,14.925013,4.549147,5.810805
IsPETaseWT_pool_4740,11.669574,14.923314,4.547817,5.809106
IsPETaseWT_pool_3933,11.668552,14.922009,4.546795,5.807801
IsPETaseWT_pool_2056,11.668022,14.921332,4.546265,5.807124
IsPETaseWT_pool_3248,11.667636,14.920839,4.545879,5.806631
IsPETaseWT_pool_2806,11.667107,14.920163,4.545350,5.805955
IsPETaseWT_pool_2180,11.662626,14.914439,4.540869,5.800232
IsPETaseWT_pool_3277,11.661358,14.912820,4.539601,5.798612
IsPETaseWT_pool_1603,11.658581,14.909272,4.536824,5.795065
IsPETaseWT_pool_3366,11.658380,14.909016,4.536623,5.794808
IsPETaseWT_pool_987,11.658217,14.908807,4.536460,5.794600
IsPETaseWT_pool_3716,11.658116,14.908678,4.536359,5.794471
IsPETaseWT_pool_3696,11.657516,14.907912,4.535759,5.793704
IsPETaseWT_pool_4676,11.655559,14.905412,4.533802,5.791205
IsPETaseWT_pool_249,11.655369,14.905170,4.533612,5.790962
IsPETaseWT_pool_680,11.654110,14.903561,4.532353,5.789354
IsPETaseWT_pool_2742,11.654009,14.903432,4.532252,5.789225
IsPETaseWT_pool_3917,11.653084,14.902251,4.531327,5.788043
IsPETaseWT_pool_712,11.652577,14.901603,4.530820,5.787396
IsPETaseWT_pool_1615,11.651908,14.900749,4.530151,5.786541
IsPETaseWT_pool_1717,11.650935,14.899506,4.529178,5.785298
IsPETaseWT_pool_2394,11.650789,14.899319,4.529032,5.785112
IsPETaseWT_pool_4274,11.649273,14.897383,4.527516,5.783175
IsPETaseWT_pool_3246,11.643375,14.889849,4.521618,5.775641
IsPETaseWT_pool_2505,11.642898,14.889240,4.521141,5.775032
IsPETaseWT_pool_798,11.642510,14.888744,4.520753,5.774537
IsPETaseWT_pool_3144,11.642002,14.888095,4.520245,5.773888
IsPETaseWT_pool_1323,11.640754,14.886501,4.518997,5.772294
IsPETaseWT_pool_1001,11.640407,14.886058,4.518650,5.771850
IsPETaseWT_pool_4376,11.639987,14.885521,4.518230,5.771314
IsPETaseWT_pool_4666,11.639799,14.885281,4.518042,5.771074
IsPETaseWT_pool_837,11.639088,14.884373,4.517331,5.770165
IsPETaseWT_pool_4385,11.638353,14.883434,4.516596,5.769227
IsPETaseWT_pool_778,11.638183,14.883217,4.516426,5.769009
IsPETaseWT_pool_3759,11.638182,14.883216,4.516425,5.769008
IsPETaseWT_pool_479,11.638080,14.883086,4.516323,5.768878
IsPETaseWT_pool_3665,11.636704,14.881328,4.514947,5.767120
IsPETaseWT_pool_3662,11.636584,14.881175,4.514827,5.766967
IsPETaseWT_pool_3789,11.636516,14.881088,4.514759,5.766880
IsPETaseWT_pool_3564,11.634350,14.878321,4.512593,5.764113
IsPETaseWT_pool_836,11.630726,14.873692,4.508969,5.759484
IsPETaseWT_pool_1173,11.630234,14.873064,4.508477,5.758856
IsPETaseWT_pool_2446,11.630065,14.872848,4.508308,5.758640
IsPETaseWT_pool_1978,11.630037,14.872812,4.508280,5.758604
IsPETaseWT_pool_4014,11.629373,14.871964,4.507616,5.757756
IsPETaseWT_pool_3162,11.627275,14.869284,4.505518,5.755076
IsPETaseWT_pool_956,11.626801,14.868678,4.505044,5.754471
IsPETaseWT_pool_71,11.626350,14.868102,4.504593,5.753895
IsPETaseWT_pool_3589,11.624182,14.865333,4.502425,5.751125
IsPETaseWT_pool_3529,11.622397,14.863053,4.500640,5.748845
IsPETaseWT_pool_564,11.622204,14.862807,4.500447,5.748599
IsPETaseWT_pool_1759,11.621344,14.861708,4.499587,5.747500
IsPETaseWT_pool_3091,11.617323,14.856572,4.495566,5.742364
IsPETaseWT_pool_1197,11.617279,14.856516,4.495522,5.742308
IsPETaseWT_pool_3839,11.616862,14.855983,4.495105,5.741775
IsPETaseWT_pool_4231,11.616330,14.855303,4.494573,5.741096
IsPETaseWT_pool_4232,11.615738,14.854547,4.493981,5.740340
IsPETaseWT_pool_3542,11.615374,14.854082,4.493617,5.739875
IsPETaseWT_pool_3459,11.615013,14.853621,4.493256,5.739414
IsPETaseWT_pool_308,11.613009,14.851061,4.491252,5.736854
IsPETaseWT_pool_1815,11.612668,14.850626,4.490911,5.736418
IsPETaseWT_pool_2703,11.612422,14.850312,4.490665,5.736104
IsPETaseWT_pool_3928,11.609891,14.847079,4.488134,5.732871
IsPETaseWT_pool_3000,11.609278,14.846296,4.487521,5.732088
IsPETaseWT_pool_4944,11.608465,14.845257,4.486708,5.731050
IsPETaseWT_pool_3349,11.608109,14.844802,4.486352,5.730595
IsPETaseWT_pool_2962,11.606953,14.843326,4.485196,5.729118
IsPETaseWT_pool_4820,11.605215,14.841106,4.483458,5.726898
IsPETaseWT_pool_1999,11.604066,14.839638,4.482309,5.725431
IsPETaseWT_pool_2644,11.602782,14.837998,4.481025,5.723790
IsPETaseWT_pool_4823,11.602759,14.837969,4.481002,5.723761
IsPETaseWT_pool_2650,11.602657,14.837838,4.480900,5.723631
IsPETaseWT_pool_1233,11.602065,14.837082,4.480308,5.722875
IsPETaseWT_pool_2349,11.599815,14.834208,4.478058,5.720001
IsPETaseWT_pool_2935,11.598548,14.832590,4.476791,5.718382
IsPETaseWT_pool_3229,11.598231,14.832185,4.476474,5.717977
IsPETaseWT_pool_532,11.598177,14.832116,4.476420,5.717908
IsPETaseWT_pool_2411,11.596441,14.829898,4.474684,5.715691
IsPETaseWT_pool_867,11.595724,14.828983,4.473967,5.714775
IsPETaseWT_pool_2205,11.594990,14.828045,4.473233,5.713837
IsPETaseWT_pool_3479,11.594866,14.827887,4.473109,5.713679
IsPETaseWT_pool_902,11.593992,14.826770,4.472235,5.712563
IsPETaseWT_pool_1108,11.593192,14.825748,4.471435,5.711541
IsPETaseWT_pool_1695,11.592981,14.825479,4.471224,5.711271
IsPETaseWT_pool_4847,11.591718,14.823866,4.469961,5.709658
IsPETaseWT_pool_346,11.591633,14.823757,4.469876,5.709549
IsPETaseWT_pool_4485,11.590102,14.821801,4.468345,5.707594
IsPETaseWT_pool_768,11.589079,14.820495,4.467322,5.706287
IsPETaseWT_pool_1513,11.588890,14.820253,4.467133,5.706046
IsPETaseWT_pool_287,11.587006,14.817847,4.465249,5.703639
IsPETaseWT_pool_2731,11.585999,14.816560,4.464242,5.702353
IsPETaseWT_pool_286,11.583475,14.813336,4.461718,5.699129
IsPETaseWT_pool_2388,11.583248,14.813047,4.461491,5.698839
IsPETaseWT_pool_2337,11.582510,14.812104,4.460753,5.697896
IsPETaseWT_pool_610,11.582502,14.812094,4.460745,5.697886
IsPETaseWT_pool_4474,11.576426,14.804333,4.454669,5.690125
IsPETaseWT_pool_1916,11.576343,14.804226,4.454586,5.690019
IsPETaseWT_pool_2701,11.576303,14.804175,4.454546,5.689968
IsPETaseWT_pool_4411,11.574436,14.801791,4.452679,5.687583
IsPETaseWT_pool_3543,11.573259,14.800287,4.451502,5.686080
IsPETaseWT_pool_175,11.572951,14.799894,4.451194,5.685686
IsPETaseWT_pool_1966,11.571955,14.798622,4.450198,5.684414
IsPETaseWT_pool_4570,11.571055,14.797472,4.449298,5.683264
IsPETaseWT_pool_1443,11.569982,14.796101,4.448225,5.681894
IsPETaseWT_pool_796,11.569575,14.795581,4.447818,5.681374
IsPETaseWT_pool_1082,11.569164,14.795056,4.447407,5.680849
IsPETaseWT_pool_4144,11.568807,14.794600,4.447050,5.680393
IsPETaseWT_pool_3286,11.566211,14.791284,4.444454,5.677077
IsPETaseWT_pool_2420,11.565630,14.790542,4.443873,5.676335
IsPETaseWT_pool_3099,11.565523,14.790406,4.443766,5.676198
IsPETaseWT_pool_4616,11.564781,14.789458,4.443024,5.675250
IsPETaseWT_pool_140,11.563062,14.787262,4.441305,5.673054
IsPETaseWT_pool_1755,11.561671,14.785485,4.439914,5.671278
IsPETaseWT_pool_4694,11.561583,14.785373,4.439826,5.671165
IsPETaseWT_pool_4880,11.561270,14.784973,4.439513,5.670765
IsPETaseWT_pool_4140,11.560726,14.784278,4.438969,5.670071
IsPETaseWT_pool_885,11.560496,14.783984,4.438739,5.669777
IsPETaseWT_pool_2293,11.560374,14.783829,4.438617,5.669621
IsPETaseWT_pool_1937,11.551736,14.772795,4.429979,5.658587
IsPETaseWT_pool_1665,11.550511,14.771230,4.428754,5.657023
IsPETaseWT_pool_411,11.549242,14.769609,4.427485,5.655402
IsPETaseWT_pool_2309,11.548966,14.769257,4.427209,5.655049
IsPETaseWT_pool_135,11.548230,14.768317,4.426473,5.654109
IsPETaseWT_pool_2788,11.547593,14.767503,4.425836,5.653295
IsPETaseWT_pool_232,11.547539,14.767434,4.425782,5.653226
IsPETaseWT_pool_1914,11.544694,14.763800,4.422937,5.649592
IsPETaseWT_pool_4515,11.543099,14.761763,4.421342,5.647555
IsPETaseWT_pool_4036,11.542372,14.760834,4.420615,5.646626
IsPETaseWT_pool_84,11.541513,14.759737,4.419756,5.645529
IsPETaseWT_pool_1778,11.541469,14.759681,4.419712,5.645473
IsPETaseWT_pool_1175,11.540636,14.758617,4.418879,5.644409
IsPETaseWT_pool_4641,11.537778,14.754966,4.416021,5.640758
IsPETaseWT_pool_1490,11.537170,14.754189,4.415413,5.639982
IsPETaseWT_pool_752,11.536786,14.753699,4.415029,5.639491
IsPETaseWT_pool_821,11.536120,14.752848,4.414363,5.638640
IsPETaseWT_pool_24,11.535305,14.751807,4.413548,5.637599
IsPETaseWT_pool_3771,11.531754,14.747271,4.409997,5.633064
IsPETaseWT_pool_4162,11.531590,14.747062,4.409833,5.632854
IsPETaseWT_pool_2076,11.525308,14.739037,4.403551,5.624830
IsPETaseWT_pool_1304,11.525249,14.738962,4.403492,5.624754
IsPETaseWT_pool_4120,11.522901,14.735963,4.401144,5.621755
IsPETaseWT_pool_3880,11.522887,14.735945,4.401130,5.621737
IsPETaseWT_pool_4563,11.520319,14.732665,4.398562,5.618457
IsPETaseWT_pool_688,11.518456,14.730285,4.396699,5.616077
IsPETaseWT_pool_1094,11.517068,14.728512,4.395311,5.614305
IsPETaseWT_pool_702,11.515198,14.726124,4.393441,5.611916
IsPETaseWT_pool_2325,11.513502,14.723957,4.391745,5.609750
IsPETaseWT_pool_889,11.513478,14.723927,4.391721,5.609719
IsPETaseWT_pool_4716,11.512412,14.722565,4.390655,5.608357
IsPETaseWT_pool_3035,11.512297,14.722418,4.390540,5.608210
IsPETaseWT_pool_1147,11.511514,14.721418,4.389757,5.607210
IsPETaseWT_pool_4815,11.508757,14.717896,4.387000,5.603689
IsPETaseWT_pool_4502,11.508725,14.717855,4.386968,5.603648
IsPETaseWT_pool_1903,11.508678,14.717795,4.386921,5.603588
IsPETaseWT_pool_4317,11.507019,14.715676,4.385262,5.601469
IsPETaseWT_pool_3064,11.504775,14.712810,4.383018,5.598602
IsPETaseWT_pool_2142,11.504011,14.711834,4.382254,5.597626
IsPETaseWT_pool_1390,11.503430,14.711092,4.381673,5.596884
IsPETaseWT_pool_489,11.503184,14.710778,4.381427,5.596570
IsPETaseWT_pool_4301,11.502403,14.709780,4.380646,5.595572
IsPETaseWT_pool_2875,11.502061,14.709343,4.380304,5.595135
IsPETaseWT_pool_4557,11.501937,14.709185,4.380180,5.594977
IsPETaseWT_pool_1099,11.501829,14.709047,4.380072,5.594839
IsPETaseWT_pool_3633,11.501751,14.708947,4.379994,5.594740
IsPETaseWT_pool_3906,11.501469,14.708587,4.379712,5.594379
IsPETaseWT_pool_1085,11.500557,14.707422,4.378800,5.593214
IsPETaseWT_pool_348,11.499849,14.706518,4.378092,5.592310
IsPETaseWT_pool_728,11.498573,14.704888,4.376816,5.590680
IsPETaseWT_pool_4826,11.498552,14.704861,4.376795,5.590653
IsPETaseWT_pool_4331,11.498444,14.704723,4.376687,5.590515
IsPETaseWT_pool_39,11.498211,14.704425,4.376454,5.590218
IsPETaseWT_pool_4971,11.498031,14.704195,4.376274,5.589988
IsPETaseWT_pool_646,11.497452,14.703456,4.375695,5.589248
IsPETaseWT_pool_657,11.494504,14.699690,4.372747,5.585483
IsPETaseWT_pool_1049,11.488324,14.691796,4.366567,5.577589
IsPETaseWT_pool_3807,11.487540,14.690795,4.365783,5.576587
IsPETaseWT_pool_2804,11.486823,14.689879,4.365066,5.575671
IsPETaseWT_pool_387,11.485863,14.688653,4.364106,5.574445
IsPETaseWT_pool_685,11.485144,14.687734,4.363387,5.573527
IsPETaseWT_pool_2593,11.484658,14.687114,4.362901,5.572906
IsPETaseWT_pool_3722,11.484082,14.686378,4.362325,5.572170
IsPETaseWT_pool_2504,11.481864,14.683545,4.360107,5.569337
IsPETaseWT_pool_1381,11.481499,14.683079,4.359742,5.568871
IsPETaseWT_pool_3395,11.480286,14.681529,4.358529,5.567321
IsPETaseWT_pool_4390,11.477185,14.677568,4.355428,5.563360
IsPETaseWT_pool_1533,11.475790,14.675786,4.354033,5.561578
IsPETaseWT_pool_4258,11.475652,14.675610,4.353895,5.561402
IsPETaseWT_pool_912,11.474750,14.674458,4.352993,5.560250
IsPETaseWT_pool_1344,11.474428,14.674046,4.352671,5.559839
IsPETaseWT_pool_1616,11.474319,14.673907,4.352562,5.559700
IsPETaseWT_pool_759,11.471475,14.670274,4.349718,5.556067
IsPETaseWT_pool_4177,11.469387,14.667607,4.347630,5.553400
IsPETaseWT_pool_1326,11.469071,14.667204,4.347314,5.552996
IsPETaseWT_pool_2831,11.468143,14.666018,4.346386,5.551811
IsPETaseWT_pool_3237,11.467736,14.665498,4.345979,5.551291
IsPETaseWT_pool_4990,11.467179,14.664787,4.345422,5.550579
IsPETaseWT_pool_920,11.466921,14.664457,4.345164,5.550250
IsPETaseWT_pool_391,11.465765,14.662981,4.344008,5.548773
IsPETaseWT_pool_4745,11.465395,14.662508,4.343638,5.548301
IsPETaseWT_pool_2406,11.464315,14.661129,4.342558,5.546921
IsPETaseWT_pool_2813,11.463825,14.660503,4.342068,5.546295
IsPETaseWT_pool_3758,11.462382,14.658660,4.340625,5.544452
IsPETaseWT_pool_17,11.461338,14.657326,4.339581,5.543118
IsPETaseWT_pool_309,11.460835,14.656684,4.339078,5.542476
IsPETaseWT_pool_4096,11.460829,14.656676,4.339072,5.542468
IsPETaseWT_pool_1856,11.460371,14.656091,4.338614,5.541883
IsPETaseWT_pool_1347,11.459968,14.655576,4.338211,5.541368
IsPETaseWT_pool_1272,11.458658,14.653903,4.336901,5.539695
IsPETaseWT_pool_3661,11.457894,14.652927,4.336137,5.538719
IsPETaseWT_pool_1254,11.457280,14.652143,4.335523,5.537935
IsPETaseWT_pool_4889,11.456297,14.650887,4.334540,5.536679
IsPETaseWT_pool_4915,11.455942,14.650434,4.334185,5.536226
IsPETaseWT_pool_2098,11.455230,14.649524,4.333473,5.535316
IsPETaseWT_pool_1763,11.453793,14.647689,4.332036,5.533481
IsPETaseWT_pool_1881,11.453600,14.647442,4.331843,5.533234
IsPETaseWT_pool_4696,11.453377,14.647157,4.331620,5.532949
IsPETaseWT_pool_3898,11.452662,14.646244,4.330905,5.532036
IsPETaseWT_pool_1200,11.451622,14.644915,4.329865,5.530708
IsPETaseWT_pool_319,11.450126,14.643005,4.328369,5.528797
IsPETaseWT_pool_4484,11.448131,14.640456,4.326374,5.526249
IsPETaseWT_pool_4210,11.447384,14.639502,4.325627,5.525294
IsPETaseWT_pool_371,11.447187,14.639250,4.325430,5.525043
IsPETaseWT_pool_1886,11.446252,14.638056,4.324495,5.523848
IsPETaseWT_pool_3867,11.444263,14.635515,4.322506,5.521308
IsPETaseWT_pool_2824,11.442840,14.633698,4.321083,5.519490
IsPETaseWT_pool_618,11.440096,14.630193,4.318339,5.515985
IsPETaseWT_pool_2772,11.440075,14.630166,4.318318,5.515958
IsPETaseWT_pool_3296,11.440065,14.630153,4.318308,5.515946
IsPETaseWT_pool_1496,11.439403,14.629308,4.317646,5.515100
IsPETaseWT_pool_1802,11.439185,14.629029,4.317428,5.514821
IsPETaseWT_pool_477,11.437974,14.627482,4.316217,5.513275
IsPETaseWT_pool_3891,11.437119,14.626390,4.315362,5.512182
IsPETaseWT_pool_901,11.436482,14.625577,4.314725,5.511369
IsPETaseWT_pool_233,11.435749,14.624640,4.313992,5.510433
IsPETaseWT_pool_2401,11.435456,14.624266,4.313699,5.510058
IsPETaseWT_pool_291,11.431910,14.619737,4.310153,5.505529
IsPETaseWT_pool_1212,11.431466,14.619169,4.309709,5.504962
IsPETaseWT_pool_4194,11.431087,14.618685,4.309330,5.504478
IsPETaseWT_pool_4028,11.430107,14.617433,4.308350,5.503226
IsPETaseWT_pool_2012,11.429111,14.616161,4.307354,5.501954
IsPETaseWT_pool_2789,11.427578,14.614203,4.305821,5.499995
IsPETaseWT_pool_4360,11.424548,14.610333,4.302791,5.496125
IsPETaseWT_pool_3013,11.423768,14.609336,4.302011,5.495129
IsPETaseWT_pool_2462,11.421525,14.606471,4.299768,5.492264
IsPETaseWT_pool_2709,11.420830,14.605584,4.299073,5.491376
IsPETaseWT_pool_1415,11.419370,14.603719,4.297613,5.489511
IsPETaseWT_pool_3450,11.418665,14.602818,4.296908,5.488610
IsPETaseWT_pool_1468,11.418172,14.602188,4.296415,5.487981
IsPETaseWT_pool_4107,11.417774,14.601680,4.296017,5.487472
IsPETaseWT_pool_911,11.417631,14.601497,4.295874,5.487290
IsPETaseWT_pool_1026,11.416439,14.599975,4.294682,5.485767
IsPETaseWT_pool_3632,11.416321,14.599824,4.294564,5.485616
IsPETaseWT_pool_2206,11.415665,14.598986,4.293908,5.484778
IsPETaseWT_pool_3667,11.414053,14.596927,4.292296,5.482719
IsPETaseWT_pool_482,11.410722,14.592672,4.288965,5.478465
IsPETaseWT_pool_2536,11.410624,14.592547,4.288867,5.478339
IsPETaseWT_pool_1865,11.409802,14.591497,4.288045,5.477289
IsPETaseWT_pool_3614,11.408913,14.590362,4.287156,5.476154
IsPETaseWT_pool_1295,11.406859,14.587738,4.285102,5.473530
IsPETaseWT_pool_4778,11.404188,14.584326,4.282431,5.470118
IsPETaseWT_pool_271,11.403493,14.583438,4.281736,5.469231
IsPETaseWT_pool_145,11.403016,14.582829,4.281259,5.468621
IsPETaseWT_pool_4102,11.402664,14.582379,4.280907,5.468172
IsPETaseWT_pool_3086,11.399138,14.577876,4.277381,5.463668
IsPETaseWT_pool_1917,11.398721,14.577343,4.276964,5.463135
IsPETaseWT_pool_1613,11.398202,14.576680,4.276445,5.462472
IsPETaseWT_pool_4018,11.398033,14.576464,4.276276,5.462256
IsPETaseWT_pool_991,11.397733,14.576081,4.275976,5.461873
IsPETaseWT_pool_4138,11.397177,14.575371,4.275420,5.461163
IsPETaseWT_pool_11,11.396206,14.574130,4.274449,5.459923
IsPETaseWT_pool_3114,11.393624,14.570832,4.271867,5.456625
IsPETaseWT_pool_1504,11.393485,14.570655,4.271728,5.456447
IsPETaseWT_pool_4755,11.392272,14.569105,4.270515,5.454898
IsPETaseWT_pool_2848,11.390878,14.567325,4.269121,5.453117
IsPETaseWT_pool_2037,11.390121,14.566358,4.268364,5.452150
IsPETaseWT_pool_3082,11.389993,14.566194,4.268236,5.451987
IsPETaseWT_pool_98,11.389826,14.565981,4.268069,5.451773
IsPETaseWT_pool_3995,11.386863,14.562196,4.265106,5.447989
IsPETaseWT_pool_369,11.382289,14.556354,4.260532,5.442146
IsPETaseWT_pool_3112,11.381508,14.555356,4.259751,5.441148
IsPETaseWT_pool_3123,11.380794,14.554444,4.259037,5.440236
IsPETaseWT_pool_4721,11.380355,14.553883,4.258598,5.439676
IsPETaseWT_pool_3036,11.380149,14.553620,4.258392,5.439412
IsPETaseWT_pool_4031,11.380087,14.553541,4.258330,5.439333
IsPETaseWT_pool_838,11.379963,14.553383,4.258206,5.439175
IsPETaseWT_pool_1394,11.378920,14.552050,4.257163,5.437843
IsPETaseWT_pool_1083,11.378480,14.551488,4.256723,5.437281
IsPETaseWT_pool_2223,11.377809,14.550631,4.256052,5.436423
IsPETaseWT_pool_2082,11.375930,14.548231,4.254173,5.434023
IsPETaseWT_pool_1157,11.375213,14.547315,4.253456,5.433108
IsPETaseWT_pool_4783,11.373142,14.544670,4.251385,5.430462
IsPETaseWT_pool_3690,11.372946,14.544419,4.251189,5.430212
IsPETaseWT_pool_3369,11.371763,14.542908,4.250006,5.428701
IsPETaseWT_pool_2582,11.371190,14.542176,4.249433,5.427969
IsPETaseWT_pool_4595,11.369727,14.540308,4.247970,5.426100
IsPETaseWT_pool_2371,11.367123,14.536982,4.245366,5.422774
IsPETaseWT_pool_1522,11.366168,14.535762,4.244411,5.421554
IsPETaseWT_pool_647,11.364977,14.534240,4.243220,5.420033
IsPETaseWT_pool_2508,11.363416,14.532246,4.241659,5.418039
IsPETaseWT_pool_4579,11.361055,14.529231,4.239298,5.415023
IsPETaseWT_pool_2478,11.360581,14.528625,4.238824,5.414417
IsPETaseWT_pool_453,11.358506,14.525975,4.236749,5.411767
IsPETaseWT_pool_3473,11.358449,14.525902,4.236692,5.411694
IsPETaseWT_pool_4124,11.358355,14.525782,4.236598,5.411574
IsPETaseWT_pool_1203,11.357529,14.524727,4.235772,5.410519
IsPETaseWT_pool_856,11.356685,14.523649,4.234928,5.409441
IsPETaseWT_pool_4250,11.353458,14.519527,4.231701,5.405319
IsPETaseWT_pool_3842,11.351528,14.517061,4.229771,5.402854
IsPETaseWT_pool_516,11.351164,14.516596,4.229407,5.402389
IsPETaseWT_pool_168,11.351089,14.516501,4.229332,5.402293
IsPETaseWT_pool_2277,11.350034,14.515153,4.228277,5.400945
IsPETaseWT_pool_4202,11.349874,14.514949,4.228117,5.400741
IsPETaseWT_pool_779,11.349133,14.514002,4.227376,5.399795
IsPETaseWT_pool_2930,11.348715,14.513468,4.226958,5.399261
IsPETaseWT_pool_3414,11.346092,14.510118,4.224335,5.395910
IsPETaseWT_pool_1079,11.344337,14.507876,4.222580,5.393668
IsPETaseWT_pool_2845,11.343199,14.506422,4.221442,5.392215
IsPETaseWT_pool_4122,11.341199,14.503868,4.219442,5.389660
IsPETaseWT_pool_681,11.340617,14.503124,4.218860,5.388917
IsPETaseWT_pool_1234,11.338079,14.499882,4.216322,5.385675
IsPETaseWT_pool_4766,11.337545,14.499200,4.215788,5.384993
IsPETaseWT_pool_169,11.336398,14.497735,4.214641,5.383528
IsPETaseWT_pool_3402,11.335320,14.496358,4.213563,5.382151
IsPETaseWT_pool_1809,11.334908,14.495832,4.213151,5.381624
IsPETaseWT_pool_1962,11.334892,14.495812,4.213135,5.381604
IsPETaseWT_pool_3938,11.334338,14.495104,4.212581,5.380896
IsPETaseWT_pool_2562,11.333948,14.494606,4.212191,5.380398
IsPETaseWT_pool_895,11.330847,14.490645,4.209090,5.376437
IsPETaseWT_pool_4925,11.330314,14.489964,4.208557,5.375756
IsPETaseWT_pool_3695,11.329678,14.489152,4.207921,5.374944
IsPETaseWT_pool_2415,11.328398,14.487517,4.206641,5.373309
IsPETaseWT_pool_3699,11.326180,14.484683,4.204423,5.370476
IsPETaseWT_pool_3134,11.320473,14.477394,4.198716,5.363186
IsPETaseWT_pool_3130,11.320269,14.477133,4.198512,5.362925
IsPETaseWT_pool_1669,11.320101,14.476918,4.198344,5.362711
IsPETaseWT_pool_4422,11.318851,14.475322,4.197094,5.361114
IsPETaseWT_pool_203,11.318523,14.474903,4.196766,5.360695
IsPETaseWT_pool_634,11.316751,14.472639,4.194994,5.358432
IsPETaseWT_pool_4119,11.315436,14.470960,4.193679,5.356752
IsPETaseWT_pool_2190,11.314780,14.470122,4.193023,5.355914
IsPETaseWT_pool_223,11.314338,14.469557,4.192581,5.355349
IsPETaseWT_pool_954,11.314043,14.469180,4.192286,5.354973
IsPETaseWT_pool_1016,11.311865,14.466398,4.190108,5.352191
IsPETaseWT_pool_1934,11.310935,14.465210,4.189178,5.351003
IsPETaseWT_pool_1350,11.310610,14.464795,4.188853,5.350588
IsPETaseWT_pool_537,11.309689,14.463619,4.187932,5.349411
IsPETaseWT_pool_2364,11.308608,14.462238,4.186851,5.348030
IsPETaseWT_pool_2980,11.301859,14.453617,4.180102,5.339410
IsPETaseWT_pool_2320,11.300478,14.451853,4.178721,5.337646
IsPETaseWT_pool_1358,11.299811,14.451001,4.178054,5.336794
IsPETaseWT_pool_3526,11.299255,14.450291,4.177498,5.336083
IsPETaseWT_pool_801,11.298976,14.449935,4.177219,5.335727
IsPETaseWT_pool_3445,11.294724,14.444503,4.172967,5.330296
IsPETaseWT_pool_1017,11.290089,14.438583,4.168332,5.324375
IsPETaseWT_pool_2266,11.289971,14.438432,4.168214,5.324225
IsPETaseWT_pool_1275,11.289477,14.437801,4.167720,5.323594
IsPETaseWT_pool_1420,11.289194,14.437440,4.167437,5.323232
IsPETaseWT_pool_70,11.286974,14.434604,4.165217,5.320396
IsPETaseWT_pool_3803,11.286608,14.434137,4.164851,5.319929
IsPETaseWT_pool_1530,11.285898,14.433230,4.164141,5.319022
IsPETaseWT_pool_513,11.282295,14.428627,4.160538,5.314420
IsPETaseWT_pool_2290,11.281213,14.427245,4.159456,5.313038
IsPETaseWT_pool_2757,11.280328,14.426115,4.158571,5.311907
IsPETaseWT_pool_4099,11.280043,14.425751,4.158286,5.311543
IsPETaseWT_pool_1092,11.280022,14.425724,4.158265,5.311516
IsPETaseWT_pool_545,11.276831,14.421648,4.155074,5.307440
IsPETaseWT_pool_827,11.273323,14.417167,4.151566,5.302959
IsPETaseWT_pool_3805,11.270759,14.413892,4.149002,5.299684
IsPETaseWT_pool_3455,11.269644,14.412468,4.147887,5.298260
IsPETaseWT_pool_2028,11.269424,14.412187,4.147667,5.297979
IsPETaseWT_pool_3044,11.266735,14.408752,4.144978,5.294544
IsPETaseWT_pool_2725,11.265974,14.407780,4.144217,5.293572
IsPETaseWT_pool_3280,11.265603,14.407306,4.143846,5.293098
IsPETaseWT_pool_853,11.265587,14.407286,4.143830,5.293078
IsPETaseWT_pool_3355,11.265532,14.407215,4.143775,5.293008
IsPETaseWT_pool_3059,11.264965,14.406491,4.143208,5.292283
IsPETaseWT_pool_458,11.264931,14.406448,4.143174,5.292240
IsPETaseWT_pool_1951,11.263990,14.405246,4.142233,5.291038
IsPETaseWT_pool_4772,11.263065,14.404064,4.141308,5.289856
IsPETaseWT_pool_3857,11.262202,14.402962,4.140445,5.288754
IsPETaseWT_pool_2737,11.261615,14.402212,4.139858,5.288004
IsPETaseWT_pool_1270,11.260930,14.401337,4.139173,5.287129
IsPETaseWT_pool_1976,11.259546,14.399569,4.137789,5.285361
IsPETaseWT_pool_2039,11.259221,14.399154,4.137464,5.284946
IsPETaseWT_pool_3006,11.257459,14.396903,4.135702,5.282696
IsPETaseWT_pool_1969,11.257222,14.396601,4.135465,5.282393
IsPETaseWT_pool_2164,11.256869,14.396150,4.135112,5.281942
IsPETaseWT_pool_4454,11.256493,14.395669,4.134736,5.281462
IsPETaseWT_pool_148,11.255538,14.394450,4.133781,5.280242
IsPETaseWT_pool_4697,11.254811,14.393521,4.133054,5.279313
IsPETaseWT_pool_2306,11.253452,14.391785,4.131695,5.277577
IsPETaseWT_pool_3726,11.253206,14.391471,4.131449,5.277263
IsPETaseWT_pool_3068,11.253019,14.391232,4.131262,5.277024
IsPETaseWT_pool_1452,11.251893,14.389794,4.130136,5.275586
IsPETaseWT_pool_1781,11.251189,14.388894,4.129432,5.274687
IsPETaseWT_pool_978,11.250639,14.388192,4.128882,5.273984
IsPETaseWT_pool_793,11.250127,14.387538,4.128370,5.273330
IsPETaseWT_pool_2990,11.249124,14.386257,4.127367,5.272049
IsPETaseWT_pool_858,11.249084,14.386206,4.127327,5.271998
IsPETaseWT_pool_3531,11.248494,14.385452,4.126737,5.271244
IsPETaseWT_pool_1334,11.247458,14.384129,4.125701,5.269921
IsPETaseWT_pool_2916,11.247289,14.383913,4.125532,5.269705
IsPETaseWT_pool_3825,11.245227,14.381279,4.123470,5.267071
IsPETaseWT_pool_3334,11.244760,14.380682,4.123003,5.266475
IsPETaseWT_pool_1277,11.244613,14.380495,4.122856,5.266287
IsPETaseWT_pool_82,11.242261,14.377490,4.120504,5.263283
IsPETaseWT_pool_2451,11.241920,14.377055,4.120163,5.262847
IsPETaseWT_pool_4044,11.241692,14.376764,4.119935,5.262556
IsPETaseWT_pool_1133,11.238941,14.373250,4.117184,5.259042
IsPETaseWT_pool_1986,11.236806,14.370522,4.115049,5.256315
IsPETaseWT_pool_365,11.236333,14.369918,4.114576,5.255711
IsPETaseWT_pool_3782,11.234699,14.367831,4.112942,5.253623
IsPETaseWT_pool_1265,11.234540,14.367628,4.112783,5.253420
IsPETaseWT_pool_2161,11.232491,14.365011,4.110734,5.250803
IsPETaseWT_pool_409,11.230659,14.362671,4.108902,5.248463
IsPETaseWT_pool_1263,11.230471,14.362431,4.108714,5.248223
IsPETaseWT_pool_1863,11.228928,14.360460,4.107171,5.246252
IsPETaseWT_pool_2604,11.228146,14.359461,4.106389,5.245253
IsPETaseWT_pool_418,11.226013,14.356736,4.104256,5.242528
IsPETaseWT_pool_2900,11.224924,14.355345,4.103167,5.241137
IsPETaseWT_pool_4488,11.222262,14.351945,4.100505,5.237737
IsPETaseWT_pool_1325,11.222014,14.351628,4.100257,5.237420
IsPETaseWT_pool_3817,11.220897,14.350201,4.099140,5.235994
IsPETaseWT_pool_4550,11.220383,14.349545,4.098626,5.235337
IsPETaseWT_pool_1027,11.220336,14.349485,4.098579,5.235277
IsPETaseWT_pool_4460,11.219056,14.347850,4.097299,5.233642
IsPETaseWT_pool_4410,11.218092,14.346618,4.096335,5.232411
IsPETaseWT_pool_562,11.217014,14.345241,4.095257,5.231034
IsPETaseWT_pool_2397,11.215342,14.343106,4.093585,5.228898
IsPETaseWT_pool_975,11.214566,14.342114,4.092809,5.227907
IsPETaseWT_pool_244,11.214198,14.341644,4.092441,5.227437
IsPETaseWT_pool_2640,11.214147,14.341579,4.092390,5.227372
IsPETaseWT_pool_4201,11.210666,14.337133,4.088909,5.222925
IsPETaseWT_pool_1502,11.210572,14.337013,4.088815,5.222805
IsPETaseWT_pool_4,11.210254,14.336607,4.088497,5.222399
IsPETaseWT_pool_1967,11.208901,14.334878,4.087144,5.220671
IsPETaseWT_pool_1524,11.207047,14.332510,4.085290,5.218302
IsPETaseWT_pool_4771,11.206192,14.331418,4.084435,5.217210
IsPETaseWT_pool_765,11.206135,14.331345,4.084378,5.217138
IsPETaseWT_pool_2825,11.203876,14.328460,4.082119,5.214252
IsPETaseWT_pool_721,11.202792,14.327075,4.081035,5.212867
IsPETaseWT_pool_2077,11.202122,14.326219,4.080365,5.212012
IsPETaseWT_pool_2222,11.201815,14.325827,4.080058,5.211619
IsPETaseWT_pool_1769,11.200329,14.323929,4.078572,5.209721
IsPETaseWT_pool_2886,11.199764,14.323207,4.078007,5.209000
IsPETaseWT_pool_3411,11.198919,14.322128,4.077162,5.207920
IsPETaseWT_pool_2172,11.198009,14.320966,4.076252,5.206758
IsPETaseWT_pool_1579,11.197592,14.320433,4.075835,5.206225
IsPETaseWT_pool_2693,11.197470,14.320277,4.075713,5.206069
IsPETaseWT_pool_786,11.197197,14.319928,4.075440,5.205721
IsPETaseWT_pool_1690,11.197155,14.319875,4.075398,5.205667
IsPETaseWT_pool_2416,11.194871,14.316957,4.073114,5.202750
IsPETaseWT_pool_3918,11.193984,14.315824,4.072227,5.201617
IsPETaseWT_pool_2984,11.193363,14.315031,4.071606,5.200823
IsPETaseWT_pool_579,11.192426,14.313834,4.070669,5.199626
IsPETaseWT_pool_2407,11.191865,14.313118,4.070108,5.198910
IsPETaseWT_pool_3574,11.191520,14.312677,4.069763,5.198469
IsPETaseWT_pool_406,11.190409,14.311258,4.068652,5.197050
IsPETaseWT_pool_136,11.190178,14.310963,4.068421,5.196755
IsPETaseWT_pool_3701,11.189064,14.309540,4.067307,5.195332
IsPETaseWT_pool_1819,11.188952,14.309397,4.067195,5.195189
IsPETaseWT_pool_3472,11.187462,14.307493,4.065705,5.193286
IsPETaseWT_pool_408,11.187456,14.307486,4.065699,5.193278
IsPETaseWT_pool_2932,11.187261,14.307237,4.065504,5.193029
IsPETaseWT_pool_1195,11.186496,14.306260,4.064739,5.192052
IsPETaseWT_pool_4901,11.185265,14.304687,4.063508,5.190479
IsPETaseWT_pool_3826,11.183427,14.302339,4.061670,5.188132
IsPETaseWT_pool_4189,11.182915,14.301685,4.061158,5.187478
IsPETaseWT_pool_2656,11.182366,14.300984,4.060609,5.186776
IsPETaseWT_pool_3464,11.182204,14.300777,4.060447,5.186569
IsPETaseWT_pool_312,11.182131,14.300684,4.060374,5.186476
IsPETaseWT_pool_3281,11.180285,14.298326,4.058528,5.184118
IsPETaseWT_pool_4879,11.178816,14.296450,4.057059,5.182242
IsPETaseWT_pool_1607,11.178602,14.296176,4.056845,5.181969
IsPETaseWT_pool_3483,11.176793,14.293865,4.055036,5.179658
IsPETaseWT_pool_1089,11.176451,14.293429,4.054694,5.179221
IsPETaseWT_pool_4017,11.175245,14.291888,4.053488,5.177680
IsPETaseWT_pool_1570,11.174540,14.290988,4.052783,5.176780
IsPETaseWT_pool_1130,11.171809,14.287499,4.050052,5.173292
IsPETaseWT_pool_1776,11.169210,14.284179,4.047453,5.169972
IsPETaseWT_pool_4286,11.169147,14.284099,4.047390,5.169891
IsPETaseWT_pool_2189,11.168454,14.283214,4.046697,5.169006
IsPETaseWT_pool_1471,11.167730,14.282289,4.045973,5.168081
IsPETaseWT_pool_4945,11.166023,14.280109,4.044266,5.165901
IsPETaseWT_pool_4015,11.165022,14.278830,4.043265,5.164622
IsPETaseWT_pool_899,11.164968,14.278761,4.043211,5.164553
IsPETaseWT_pool_2816,11.164784,14.278526,4.043027,5.164318
IsPETaseWT_pool_1734,11.163254,14.276572,4.041497,5.162364
IsPETaseWT_pool_1790,11.162683,14.275842,4.040926,5.161635
IsPETaseWT_pool_1831,11.162440,14.275532,4.040683,5.161324
IsPETaseWT_pool_3398,11.162223,14.275255,4.040466,5.161047
IsPETaseWT_pool_2621,11.161667,14.274544,4.039910,5.160337
IsPETaseWT_pool_57,11.161254,14.274017,4.039497,5.159809
IsPETaseWT_pool_729,11.160057,14.272488,4.038300,5.158280
IsPETaseWT_pool_2981,11.159498,14.271774,4.037741,5.157566
IsPETaseWT_pool_2395,11.158277,14.270214,4.036520,5.156007
IsPETaseWT_pool_1663,11.154668,14.265604,4.032911,5.151397
IsPETaseWT_pool_1565,11.151104,14.261052,4.029347,5.146844
IsPETaseWT_pool_1273,11.149933,14.259556,4.028176,5.145348
IsPETaseWT_pool_4942,11.149889,14.259500,4.028132,5.145292
IsPETaseWT_pool_3373,11.149174,14.258587,4.027417,5.144379
IsPETaseWT_pool_1433,11.146861,14.255632,4.025104,5.141424
IsPETaseWT_pool_2231,11.146138,14.254709,4.024381,5.140501
IsPETaseWT_pool_3514,11.145864,14.254359,4.024107,5.140151
IsPETaseWT_pool_3730,11.145039,14.253305,4.023282,5.139097
IsPETaseWT_pool_1217,11.144141,14.252158,4.022384,5.137950
IsPETaseWT_pool_3087,11.143542,14.251393,4.021785,5.137185
IsPETaseWT_pool_3023,11.142478,14.250034,4.020721,5.135826
IsPETaseWT_pool_1052,11.141784,14.249147,4.020027,5.134939
IsPETaseWT_pool_740,11.141042,14.248199,4.019285,5.133992
IsPETaseWT_pool_1566,11.139274,14.245941,4.017517,5.131733
IsPETaseWT_pool_1600,11.138349,14.244759,4.016592,5.130552
IsPETaseWT_pool_4354,11.137833,14.244100,4.016076,5.129893
IsPETaseWT_pool_3216,11.137450,14.243611,4.015693,5.129403
IsPETaseWT_pool_3604,11.136750,14.242717,4.014993,5.128509
IsPETaseWT_pool_2440,11.136504,14.242403,4.014747,5.128195
IsPETaseWT_pool_4086,11.135695,14.241369,4.013938,5.127162
IsPETaseWT_pool_1926,11.130256,14.234422,4.008499,5.120214
IsPETaseWT_pool_4419,11.128799,14.232561,4.007042,5.118353
IsPETaseWT_pool_4249,11.127911,14.231427,4.006154,5.117219
IsPETaseWT_pool_2790,11.127884,14.231392,4.006127,5.117184
IsPETaseWT_pool_1328,11.127310,14.230659,4.005553,5.116451
IsPETaseWT_pool_4673,11.125990,14.228973,4.004233,5.114765
IsPETaseWT_pool_1684,11.124265,14.226769,4.002508,5.112562
IsPETaseWT_pool_205,11.123711,14.226062,4.001954,5.111854
IsPETaseWT_pool_4319,11.123461,14.225742,4.001704,5.111535
IsPETaseWT_pool_265,11.123419,14.225689,4.001662,5.111481
IsPETaseWT_pool_2099,11.122869,14.224986,4.001112,5.110779
IsPETaseWT_pool_2549,11.122017,14.223898,4.000260,5.109690
IsPETaseWT_pool_1194,11.121237,14.222902,3.999480,5.108694
IsPETaseWT_pool_2187,11.120784,14.222323,3.999027,5.108115
IsPETaseWT_pool_1589,11.118201,14.219024,3.996444,5.104816
IsPETaseWT_pool_1311,11.116721,14.217133,3.994964,5.102925
IsPETaseWT_pool_2113,11.116478,14.216823,3.994721,5.102615
IsPETaseWT_pool_2894,11.115625,14.215733,3.993868,5.101525
IsPETaseWT_pool_4938,11.115388,14.215430,3.993631,5.101223
IsPETaseWT_pool_2413,11.113674,14.213241,3.991917,5.099033
IsPETaseWT_pool_3049,11.112852,14.212191,3.991095,5.097983
IsPETaseWT_pool_4275,11.111336,14.210255,3.989579,5.096047
IsPETaseWT_pool_2559,11.110465,14.209142,3.988708,5.094934
IsPETaseWT_pool_547,11.110060,14.208625,3.988303,5.094417
IsPETaseWT_pool_1000,11.110041,14.208601,3.988284,5.094393
IsPETaseWT_pool_274,11.109371,14.207745,3.987614,5.093537
IsPETaseWT_pool_4631,11.108588,14.206745,3.986831,5.092537
IsPETaseWT_pool_739,11.107412,14.205242,3.985655,5.091035
IsPETaseWT_pool_998,11.107203,14.204975,3.985446,5.090768
IsPETaseWT_pool_3298,11.106050,14.203503,3.984293,5.089295
IsPETaseWT_pool_1546,11.104746,14.201837,3.982989,5.087629
IsPETaseWT_pool_3952,11.104307,14.201276,3.982550,5.087069
IsPETaseWT_pool_14,11.103445,14.200175,3.981688,5.085968
IsPETaseWT_pool_123,11.103075,14.199703,3.981318,5.085495
IsPETaseWT_pool_3406,11.102380,14.198815,3.980623,5.084607
IsPETaseWT_pool_3375,11.101466,14.197647,3.979709,5.083440
IsPETaseWT_pool_1267,11.100636,14.196587,3.978879,5.082379
IsPETaseWT_pool_2033,11.099830,14.195558,3.978073,5.081350
IsPETaseWT_pool_2688,11.099555,14.195206,3.977798,5.080999
IsPETaseWT_pool_4287,11.093028,14.186869,3.971271,5.072661
IsPETaseWT_pool_2795,11.092986,14.186815,3.971229,5.072608
IsPETaseWT_pool_1721,11.091624,14.185076,3.969867,5.070868
IsPETaseWT_pool_784,11.089926,14.182907,3.968169,5.068699
IsPETaseWT_pool_1602,11.089802,14.182748,3.968045,5.068541
IsPETaseWT_pool_1293,11.089418,14.182258,3.967661,5.068050
IsPETaseWT_pool_3188,11.087477,14.179779,3.965720,5.065571
IsPETaseWT_pool_146,11.085674,14.177476,3.963917,5.063268
IsPETaseWT_pool_3909,11.085619,14.177405,3.963862,5.063198
IsPETaseWT_pool_20,11.085429,14.177163,3.963672,5.062955
IsPETaseWT_pool_4156,11.084183,14.175571,3.962426,5.061363
IsPETaseWT_pool_2328,11.080815,14.171269,3.959058,5.057061
IsPETaseWT_pool_4254,11.080441,14.170791,3.958684,5.056584
IsPETaseWT_pool_3710,11.079538,14.169638,3.957781,5.055430
IsPETaseWT_pool_3606,11.078938,14.168871,3.957181,5.054664
IsPETaseWT_pool_1148,11.076178,14.165346,3.954421,5.051138
IsPETaseWT_pool_2796,11.075360,14.164301,3.953603,5.050093
IsPETaseWT_pool_3669,11.074258,14.162893,3.952501,5.048686
IsPETaseWT_pool_621,11.072104,14.160142,3.950347,5.045934
IsPETaseWT_pool_1678,11.071115,14.158879,3.949358,5.044671
IsPETaseWT_pool_110,11.070928,14.158640,3.949171,5.044432
IsPETaseWT_pool_1990,11.070786,14.158459,3.949029,5.044251
IsPETaseWT_pool_46,11.070580,14.158195,3.948823,5.043988
IsPETaseWT_pool_2461,11.067357,14.154079,3.945600,5.039871
IsPETaseWT_pool_2679,11.067213,14.153895,3.945456,5.039687
IsPETaseWT_pool_662,11.067152,14.153817,3.945395,5.039609
IsPETaseWT_pool_2767,11.066488,14.152969,3.944731,5.038761
IsPETaseWT_pool_2211,11.066193,14.152592,3.944436,5.038384
IsPETaseWT_pool_200,11.065872,14.152182,3.944115,5.037974
IsPETaseWT_pool_3308,11.065790,14.152077,3.944033,5.037869
IsPETaseWT_pool_1745,11.065012,14.151083,3.943255,5.036876
IsPETaseWT_pool_478,11.062695,14.148124,3.940938,5.033916
IsPETaseWT_pool_4508,11.062289,14.147605,3.940532,5.033397
IsPETaseWT_pool_1821,11.062160,14.147440,3.940403,5.033233
IsPETaseWT_pool_2908,11.060778,14.145675,3.939021,5.031467
IsPETaseWT_pool_470,11.060488,14.145305,3.938731,5.031097
IsPETaseWT_pool_4906,11.060146,14.144868,3.938389,5.030660
IsPETaseWT_pool_4496,11.058462,14.142717,3.936705,5.028509
IsPETaseWT_pool_4192,11.057831,14.141911,3.936074,5.027703
IsPETaseWT_pool_4701,11.057821,14.141898,3.936064,5.027690
IsPETaseWT_pool_1137,11.056932,14.140762,3.935175,5.026555
IsPETaseWT_pool_4752,11.056371,14.140046,3.934614,5.025838
IsPETaseWT_pool_4685,11.055805,14.139323,3.934048,5.025115
IsPETaseWT_pool_3122,11.049086,14.130740,3.927329,5.016533
IsPETaseWT_pool_1879,11.048411,14.129878,3.926654,5.015670
IsPETaseWT_pool_670,11.047507,14.128723,3.925750,5.014516
IsPETaseWT_pool_863,11.047283,14.128437,3.925526,5.014230
IsPETaseWT_pool_4089,11.046382,14.127286,3.924625,5.013079
IsPETaseWT_pool_2431,11.045315,14.125923,3.923558,5.011716
IsPETaseWT_pool_3717,11.043236,14.123268,3.921479,5.009060
IsPETaseWT_pool_3318,11.042801,14.122712,3.921044,5.008505
IsPETaseWT_pool_3949,11.042584,14.122435,3.920827,5.008227
IsPETaseWT_pool_2614,11.041508,14.121061,3.919751,5.006853
IsPETaseWT_pool_1013,11.040960,14.120361,3.919203,5.006153
IsPETaseWT_pool_3292,11.039618,14.118646,3.917861,5.004439
IsPETaseWT_pool_363,11.038005,14.116586,3.916248,5.002378
IsPETaseWT_pool_1816,11.033280,14.110551,3.911523,4.996343
IsPETaseWT_pool_2241,11.032839,14.109987,3.911082,4.995780
IsPETaseWT_pool_3901,11.032761,14.109888,3.911004,4.995680
IsPETaseWT_pool_2752,11.032396,14.109421,3.910639,4.995214
IsPETaseWT_pool_3434,11.032256,14.109243,3.910499,4.995035
IsPETaseWT_pool_4333,11.031746,14.108591,3.909989,4.994384
IsPETaseWT_pool_3740,11.031325,14.108053,3.909568,4.993846
IsPETaseWT_pool_4866,11.031000,14.107638,3.909243,4.993431
IsPETaseWT_pool_2252,11.030320,14.106770,3.908563,4.992562
IsPETaseWT_pool_4729,11.029484,14.105702,3.907727,4.991494
IsPETaseWT_pool_2807,11.027968,14.103765,3.906211,4.989558
IsPETaseWT_pool_4602,11.027651,14.103361,3.905894,4.989153
IsPETaseWT_pool_825,11.027476,14.103137,3.905719,4.988929
IsPETaseWT_pool_2995,11.023534,14.098102,3.901777,4.983894
IsPETaseWT_pool_2410,11.022711,14.097050,3.900954,4.982843
IsPETaseWT_pool_3367,11.019791,14.093321,3.898034,4.979113
IsPETaseWT_pool_2680,11.019034,14.092354,3.897277,4.978146
IsPETaseWT_pool_2436,11.017128,14.089919,3.895371,4.975711
IsPETaseWT_pool_2530,11.016091,14.088594,3.894334,4.974387
IsPETaseWT_pool_2754,11.015951,14.088416,3.894194,4.974208
IsPETaseWT_pool_3566,11.015885,14.088331,3.894128,4.974124
IsPETaseWT_pool_4552,11.014960,14.087150,3.893203,4.972942
IsPETaseWT_pool_3377,11.013971,14.085886,3.892214,4.971679
IsPETaseWT_pool_1897,11.010462,14.081404,3.888705,4.967197
IsPETaseWT_pool_4705,11.005930,14.075615,3.884173,4.961408
IsPETaseWT_pool_3715,11.002914,14.071763,3.881157,4.957555
IsPETaseWT_pool_3301,11.002509,14.071246,3.880752,4.957038
IsPETaseWT_pool_2631,11.002398,14.071104,3.880641,4.956896
IsPETaseWT_pool_3705,11.000747,14.068995,3.878990,4.954787
IsPETaseWT_pool_3181,11.000181,14.068272,3.878424,4.954064
IsPETaseWT_pool_4642,10.999250,14.067083,3.877493,4.952875
IsPETaseWT_pool_2213,10.998924,14.066666,3.877167,4.952459
IsPETaseWT_pool_3433,10.997358,14.064666,3.875601,4.950458
IsPETaseWT_pool_4279,10.996987,14.064192,3.875230,4.949984
IsPETaseWT_pool_1204,10.995608,14.062431,3.873851,4.948223
IsPETaseWT_pool_1859,10.995078,14.061754,3.873321,4.947546
IsPETaseWT_pool_260,10.993977,14.060347,3.872220,4.946140
IsPETaseWT_pool_2068,10.993907,14.060258,3.872150,4.946050
IsPETaseWT_pool_1087,10.993555,14.059808,3.871798,4.945601
IsPETaseWT_pool_824,10.991445,14.057113,3.869688,4.942905
IsPETaseWT_pool_2956,10.991043,14.056600,3.869286,4.942392
IsPETaseWT_pool_2577,10.985446,14.049450,3.863689,4.935243
IsPETaseWT_pool_4534,10.982741,14.045995,3.860984,4.931788
IsPETaseWT_pool_162,10.980561,14.043211,3.858804,4.929003
IsPETaseWT_pool_2819,10.980034,14.042537,3.858277,4.928330
IsPETaseWT_pool_1514,10.979939,14.042416,3.858182,4.928208
IsPETaseWT_pool_1032,10.979453,14.041795,3.857696,4.927588
IsPETaseWT_pool_1591,10.976579,14.038124,3.854822,4.923917
IsPETaseWT_pool_1111,10.975972,14.037349,3.854215,4.923141
IsPETaseWT_pool_3098,10.974234,14.035129,3.852477,4.920921
IsPETaseWT_pool_1700,10.974119,14.034982,3.852362,4.920774
IsPETaseWT_pool_416,10.972870,14.033387,3.851113,4.919179
IsPETaseWT_pool_1921,10.971560,14.031713,3.849803,4.917506
IsPETaseWT_pool_4875,10.969806,14.029473,3.848049,4.915265
IsPETaseWT_pool_2959,10.969130,14.028609,3.847373,4.914402
IsPETaseWT_pool_4544,10.968377,14.027647,3.846620,4.913440
IsPETaseWT_pool_3481,10.964189,14.022298,3.842432,4.908090
IsPETaseWT_pool_3388,10.960525,14.017618,3.838768,4.903410
IsPETaseWT_pool_4238,10.960184,14.017182,3.838427,4.902975
IsPETaseWT_pool_3034,10.957860,14.014214,3.836103,4.900006
IsPETaseWT_pool_1718,10.957763,14.014090,3.836006,4.899882
IsPETaseWT_pool_4186,10.957585,14.013862,3.835828,4.899655
IsPETaseWT_pool_4632,10.955088,14.010673,3.833331,4.896465
IsPETaseWT_pool_697,10.955036,14.010606,3.833279,4.896399
IsPETaseWT_pool_1973,10.952377,14.007210,3.830620,4.893002
IsPETaseWT_pool_4903,10.952180,14.006958,3.830423,4.892751
IsPETaseWT_pool_868,10.951694,14.006338,3.829937,4.892130
IsPETaseWT_pool_138,10.951502,14.006092,3.829745,4.891885
IsPETaseWT_pool_3786,10.950562,14.004892,3.828805,4.890684
IsPETaseWT_pool_3977,10.948762,14.002592,3.827005,4.888385
IsPETaseWT_pool_3732,10.947878,14.001463,3.826121,4.887256
IsPETaseWT_pool_3517,10.946320,13.999473,3.824563,4.885266
IsPETaseWT_pool_2554,10.945991,13.999053,3.824234,4.884845
IsPETaseWT_pool_1313,10.945403,13.998302,3.823646,4.884094
IsPETaseWT_pool_4859,10.944813,13.997548,3.823056,4.883341
IsPETaseWT_pool_1503,10.944760,13.997481,3.823003,4.883273
IsPETaseWT_pool_2645,10.944304,13.996898,3.822547,4.882690
IsPETaseWT_pool_96,10.943225,13.995520,3.821468,4.881312
IsPETaseWT_pool_4023,10.943113,13.995377,3.821356,4.881169
IsPETaseWT_pool_1118,10.938362,13.989308,3.816605,4.875100
IsPETaseWT_pool_4413,10.938354,13.989298,3.816597,4.875090
IsPETaseWT_pool_4198,10.938353,13.989297,3.816596,4.875089
IsPETaseWT_pool_2911,10.937714,13.988480,3.815957,4.874273
IsPETaseWT_pool_4518,10.935072,13.985106,3.813315,4.870898
IsPETaseWT_pool_933,10.934750,13.984694,3.812993,4.870487
IsPETaseWT_pool_3565,10.932487,13.981804,3.810730,4.867596
IsPETaseWT_pool_3494,10.931502,13.980546,3.809745,4.866338
IsPETaseWT_pool_417,10.929173,13.977571,3.807416,4.863363
IsPETaseWT_pool_3371,10.924477,13.971572,3.802720,4.857365
IsPETaseWT_pool_3623,10.920911,13.967017,3.799154,4.852810
IsPETaseWT_pool_3573,10.920189,13.966095,3.798432,4.851887
IsPETaseWT_pool_1556,10.917668,13.962875,3.795911,4.848667
IsPETaseWT_pool_3796,10.912990,13.956899,3.791233,4.842692
IsPETaseWT_pool_4894,10.911270,13.954702,3.789513,4.840495
IsPETaseWT_pool_585,10.910662,13.953926,3.788905,4.839718
IsPETaseWT_pool_4767,10.909782,13.952802,3.788025,4.838594
IsPETaseWT_pool_1122,10.909705,13.952703,3.787948,4.838496
IsPETaseWT_pool_4845,10.908732,13.951461,3.786975,4.837253
IsPETaseWT_pool_964,10.905571,13.947423,3.783814,4.833215
IsPETaseWT_pool_1550,10.905033,13.946736,3.783276,4.832528
IsPETaseWT_pool_4803,10.902553,13.943568,3.780796,4.829360
IsPETaseWT_pool_1623,10.901569,13.942311,3.779812,4.828103
IsPETaseWT_pool_3202,10.900558,13.941020,3.778801,4.826812
IsPETaseWT_pool_3307,10.899906,13.940187,3.778149,4.825979
IsPETaseWT_pool_1416,10.898552,13.938457,3.776795,4.824250
IsPETaseWT_pool_1998,10.895149,13.934110,3.773392,4.819903
IsPETaseWT_pool_4651,10.894942,13.933846,3.773185,4.819638
IsPETaseWT_pool_1875,10.892612,13.930870,3.770855,4.816662
IsPETaseWT_pool_2441,10.891714,13.929723,3.769957,4.815515
IsPETaseWT_pool_4958,10.890649,13.928362,3.768892,4.814155
IsPETaseWT_pool_3499,10.890613,13.928316,3.768856,4.814109
IsPETaseWT_pool_2861,10.890237,13.927836,3.768480,4.813628
IsPETaseWT_pool_3474,10.890217,13.927811,3.768460,4.813603
IsPETaseWT_pool_2324,10.889632,13.927063,3.767875,4.812856
IsPETaseWT_pool_1828,10.886688,13.923303,3.764931,4.809095
IsPETaseWT_pool_3793,10.886624,13.923221,3.764867,4.809013
IsPETaseWT_pool_548,10.886539,13.923113,3.764782,4.808905
IsPETaseWT_pool_3618,10.885837,13.922216,3.764080,4.808008
IsPETaseWT_pool_2540,10.884641,13.920688,3.762884,4.806481
IsPETaseWT_pool_805,10.884351,13.920318,3.762594,4.806110
IsPETaseWT_pool_883,10.884239,13.920175,3.762482,4.805967
IsPETaseWT_pool_2760,10.883519,13.919255,3.761762,4.805047
IsPETaseWT_pool_4468,10.883084,13.918699,3.761327,4.804492
IsPETaseWT_pool_266,10.882280,13.917672,3.760523,4.803465
IsPETaseWT_pool_4954,10.882184,13.917550,3.760427,4.803342
IsPETaseWT_pool_3622,10.881344,13.916477,3.759587,4.802269
IsPETaseWT_pool_2238,10.880162,13.914967,3.758405,4.800759
IsPETaseWT_pool_339,10.880020,13.914786,3.758263,4.800578
IsPETaseWT_pool_1519,10.878353,13.912656,3.756596,4.798449
IsPETaseWT_pool_3850,10.876092,13.909768,3.754335,4.795561
IsPETaseWT_pool_3069,10.874953,13.908313,3.753196,4.794106
IsPETaseWT_pool_2442,10.874081,13.907199,3.752324,4.792992
IsPETaseWT_pool_654,10.874002,13.907099,3.752245,4.792891
IsPETaseWT_pool_3089,10.873528,13.906493,3.751771,4.792285
IsPETaseWT_pool_4278,10.873345,13.906259,3.751588,4.792052
IsPETaseWT_pool_749,10.871867,13.904371,3.750110,4.790164
IsPETaseWT_pool_763,10.870254,13.902311,3.748497,4.788103
IsPETaseWT_pool_3101,10.868750,13.900390,3.746993,4.786182
IsPETaseWT_pool_118,10.864483,13.894940,3.742726,4.780732
IsPETaseWT_pool_958,10.863542,13.893738,3.741785,4.779530
IsPETaseWT_pool_2034,10.863382,13.893533,3.741625,4.779326
IsPETaseWT_pool_524,10.861132,13.890659,3.739375,4.776452
IsPETaseWT_pool_521,10.859741,13.888882,3.737984,4.774675
IsPETaseWT_pool_3389,10.859572,13.888667,3.737815,4.774459
IsPETaseWT_pool_661,10.857448,13.885953,3.735691,4.771746
IsPETaseWT_pool_3613,10.857260,13.885713,3.735503,4.771506
IsPETaseWT_pool_839,10.856948,13.885315,3.735191,4.771107
IsPETaseWT_pool_2649,10.856514,13.884760,3.734757,4.770553
IsPETaseWT_pool_4846,10.855429,13.883375,3.733672,4.769167
IsPETaseWT_pool_4431,10.854074,13.881644,3.732317,4.767436
IsPETaseWT_pool_986,10.853217,13.880549,3.731460,4.766341
IsPETaseWT_pool_4822,10.851950,13.878931,3.730193,4.764723
IsPETaseWT_pool_1585,10.851370,13.878190,3.729613,4.763982
IsPETaseWT_pool_2627,10.851148,13.877906,3.729391,4.763699
IsPETaseWT_pool_2484,10.851101,13.877846,3.729344,4.763639
IsPETaseWT_pool_1186,10.850272,13.876787,3.728515,4.762580
IsPETaseWT_pool_3302,10.849212,13.875433,3.727455,4.761226
IsPETaseWT_pool_4281,10.848745,13.874837,3.726988,4.760629
IsPETaseWT_pool_305,10.846869,13.872441,3.725112,4.758233
IsPETaseWT_pool_2249,10.846752,13.872291,3.724995,4.758083
IsPETaseWT_pool_2630,10.845965,13.871286,3.724208,4.757078
IsPETaseWT_pool_1112,10.844990,13.870040,3.723233,4.755833
IsPETaseWT_pool_2108,10.842816,13.867263,3.721059,4.753056
IsPETaseWT_pool_3121,10.842647,13.867048,3.720890,4.752840
IsPETaseWT_pool_1075,10.840453,13.864245,3.718696,4.750037
IsPETaseWT_pool_813,10.838561,13.861828,3.716804,4.747621
IsPETaseWT_pool_2569,10.838124,13.861270,3.716367,4.747062
IsPETaseWT_pool_490,10.835526,13.857952,3.713769,4.743744
IsPETaseWT_pool_4940,10.834941,13.857204,3.713184,4.742997
IsPETaseWT_pool_3328,10.834501,13.856642,3.712744,4.742435
IsPETaseWT_pool_3353,10.831982,13.853425,3.710225,4.739217
IsPETaseWT_pool_2727,10.831095,13.852292,3.709338,4.738084
IsPETaseWT_pool_2247,10.830060,13.850970,3.708303,4.736762
IsPETaseWT_pool_386,10.825683,13.845379,3.703926,4.731171
IsPETaseWT_pool_3939,10.824650,13.844059,3.702893,4.729852
IsPETaseWT_pool_730,10.824252,13.843551,3.702495,4.729343
IsPETaseWT_pool_3571,10.823677,13.842816,3.701920,4.728609
IsPETaseWT_pool_336,10.821551,13.840101,3.699794,4.725893
IsPETaseWT_pool_1310,10.821512,13.840051,3.699755,4.725843
IsPETaseWT_pool_2133,10.820343,13.838558,3.698586,4.724350
IsPETaseWT_pool_2326,10.819703,13.837740,3.697946,4.723533
IsPETaseWT_pool_4844,10.818969,13.836803,3.697212,4.722595
IsPETaseWT_pool_1964,10.817780,13.835284,3.696023,4.721076
IsPETaseWT_pool_222,10.817440,13.834850,3.695683,4.720642
IsPETaseWT_pool_693,10.816714,13.833922,3.694957,4.719715
IsPETaseWT_pool_1807,10.816310,13.833406,3.694553,4.719199
IsPETaseWT_pool_3624,10.816253,13.833333,3.694496,4.719126
IsPETaseWT_pool_4487,10.813234,13.829477,3.691477,4.715270
IsPETaseWT_pool_4446,10.812637,13.828715,3.690880,4.714507
IsPETaseWT_pool_3239,10.812569,13.828628,3.690812,4.714420
IsPETaseWT_pool_2661,10.812051,13.827966,3.690294,4.713758
IsPETaseWT_pool_644,10.810188,13.825586,3.688431,4.711379
IsPETaseWT_pool_639,10.808374,13.823269,3.686617,4.709062
IsPETaseWT_pool_2764,10.807560,13.822230,3.685803,4.708022
IsPETaseWT_pool_1597,10.807467,13.822111,3.685710,4.707903
IsPETaseWT_pool_2043,10.804612,13.818464,3.682855,4.704256
IsPETaseWT_pool_4813,10.803374,13.816883,3.681617,4.702675
IsPETaseWT_pool_1224,10.802998,13.816402,3.681241,4.702195
IsPETaseWT_pool_4612,10.799301,13.811680,3.677544,4.697472
IsPETaseWT_pool_4886,10.798192,13.810263,3.676435,4.696056
IsPETaseWT_pool_4172,10.798148,13.810207,3.676391,4.696000
IsPETaseWT_pool_2450,10.797093,13.808860,3.675336,4.694652
IsPETaseWT_pool_3458,10.796801,13.808487,3.675044,4.694279
IsPETaseWT_pool_4305,10.795173,13.806407,3.673416,4.692199
IsPETaseWT_pool_2648,10.793915,13.804800,3.672158,4.690593
IsPETaseWT_pool_1649,10.793819,13.804678,3.672062,4.690470
IsPETaseWT_pool_2426,10.787607,13.796743,3.665850,4.682535
IsPETaseWT_pool_1426,10.787276,13.796320,3.665519,4.682112
IsPETaseWT_pool_1655,10.786679,13.795557,3.664922,4.681350
IsPETaseWT_pool_3808,10.785873,13.794528,3.664116,4.680320
IsPETaseWT_pool_3351,10.784801,13.793159,3.663044,4.678951
IsPETaseWT_pool_1834,10.782799,13.790601,3.661042,4.676394
IsPETaseWT_pool_1142,10.781353,13.788754,3.659596,4.674547
IsPETaseWT_pool_131,10.780400,13.787537,3.658643,4.673329
IsPETaseWT_pool_1854,10.780306,13.787417,3.658549,4.673209
IsPETaseWT_pool_2058,10.777553,13.783900,3.655796,4.669693
IsPETaseWT_pool_2237,10.777429,13.783742,3.655672,4.669534
IsPETaseWT_pool_2457,10.774323,13.779775,3.652566,4.665567
IsPETaseWT_pool_4895,10.770252,13.774575,3.648495,4.660367
IsPETaseWT_pool_1817,10.768332,13.772122,3.646575,4.657914
IsPETaseWT_pool_2365,10.767867,13.771528,3.646110,4.657320
IsPETaseWT_pool_2110,10.766406,13.769662,3.644649,4.655454
IsPETaseWT_pool_3719,10.766261,13.769477,3.644504,4.655269
IsPETaseWT_pool_588,10.766155,13.769341,3.644398,4.655134
IsPETaseWT_pool_1303,10.763221,13.765594,3.641464,4.651386
IsPETaseWT_pool_3692,10.762297,13.764413,3.640540,4.650206
IsPETaseWT_pool_2030,10.759552,13.760907,3.637795,4.646699
IsPETaseWT_pool_3980,10.758388,13.759420,3.636631,4.645213
IsPETaseWT_pool_1792,10.758092,13.759042,3.636335,4.644834
IsPETaseWT_pool_4492,10.757850,13.758733,3.636093,4.644525
IsPETaseWT_pool_3967,10.756579,13.757110,3.634822,4.642902
IsPETaseWT_pool_2096,10.753469,13.753137,3.631712,4.638929
IsPETaseWT_pool_1787,10.752604,13.752032,3.630847,4.637824
IsPETaseWT_pool_208,10.752546,13.751958,3.630789,4.637750
IsPETaseWT_pool_1278,10.751525,13.750654,3.629768,4.636446
IsPETaseWT_pool_2159,10.747072,13.744966,3.625315,4.630758
IsPETaseWT_pool_4530,10.746106,13.743732,3.624349,4.629524
IsPETaseWT_pool_2919,10.745413,13.742847,3.623656,4.628639
IsPETaseWT_pool_2670,10.743400,13.740275,3.621643,4.626068
IsPETaseWT_pool_3775,10.743320,13.740173,3.621563,4.625966
IsPETaseWT_pool_328,10.742280,13.738845,3.620523,4.624637
IsPETaseWT_pool_220,10.741212,13.737481,3.619455,4.623273
IsPETaseWT_pool_464,10.740297,13.736312,3.618540,4.622104
IsPETaseWT_pool_3595,10.739869,13.735765,3.618112,4.621558
IsPETaseWT_pool_2090,10.739441,13.735218,3.617684,4.621011
IsPETaseWT_pool_3225,10.738361,13.733839,3.616604,4.619631
IsPETaseWT_pool_741,10.735659,13.730388,3.613902,4.616180
IsPETaseWT_pool_533,10.733062,13.727070,3.611305,4.612863
IsPETaseWT_pool_2950,10.732594,13.726473,3.610837,4.612265
IsPETaseWT_pool_3976,10.729060,13.721958,3.607303,4.607751
IsPETaseWT_pool_949,10.728388,13.721100,3.606631,4.606892
IsPETaseWT_pool_4409,10.728294,13.720980,3.606537,4.606772
IsPETaseWT_pool_3836,10.726452,13.718627,3.604695,4.604419
IsPETaseWT_pool_3350,10.726083,13.718156,3.604326,4.603948
IsPETaseWT_pool_91,10.725545,13.717469,3.603788,4.603261
IsPETaseWT_pool_469,10.723454,13.714798,3.601697,4.600590
IsPETaseWT_pool_1818,10.723406,13.714736,3.601649,4.600529
IsPETaseWT_pool_170,10.723389,13.714715,3.601632,4.600507
IsPETaseWT_pool_2061,10.723316,13.714621,3.601559,4.600414
IsPETaseWT_pool_2081,10.722643,13.713762,3.600886,4.599554
IsPETaseWT_pool_4513,10.722642,13.713760,3.600885,4.599553
IsPETaseWT_pool_2583,10.721781,13.712661,3.600024,4.598453
IsPETaseWT_pool_128,10.721692,13.712547,3.599935,4.598339
IsPETaseWT_pool_3711,10.721106,13.711798,3.599349,4.597591
IsPETaseWT_pool_2600,10.716871,13.706389,3.595114,4.592181
IsPETaseWT_pool_4853,10.716458,13.705861,3.594701,4.591654
IsPETaseWT_pool_4266,10.715391,13.704498,3.593634,4.590291
IsPETaseWT_pool_4007,10.714877,13.703842,3.593120,4.589634
IsPETaseWT_pool_2160,10.713788,13.702451,3.592031,4.588243
IsPETaseWT_pool_1902,10.713051,13.701509,3.591294,4.587302
IsPETaseWT_pool_2906,10.712940,13.701368,3.591183,4.587160
IsPETaseWT_pool_893,10.711769,13.699872,3.590012,4.585664
IsPETaseWT_pool_3858,10.710398,13.698121,3.588641,4.583913
IsPETaseWT_pool_723,10.710394,13.698116,3.588637,4.583908
IsPETaseWT_pool_2250,10.709107,13.696472,3.587350,4.582264
IsPETaseWT_pool_967,10.707454,13.694360,3.585697,4.580153
IsPETaseWT_pool_4646,10.705496,13.691859,3.583739,4.577652
IsPETaseWT_pool_431,10.705160,13.691430,3.583403,4.577222
IsPETaseWT_pool_2623,10.700617,13.685627,3.578860,4.571419
IsPETaseWT_pool_4833,10.699649,13.684391,3.577892,4.570183
IsPETaseWT_pool_1171,10.698838,13.683355,3.577081,4.569147
IsPETaseWT_pool_4398,10.698293,13.682659,3.576536,4.568451
IsPETaseWT_pool_3506,10.695879,13.679575,3.574122,4.565367
IsPETaseWT_pool_4649,10.694209,13.677442,3.572452,4.563234
IsPETaseWT_pool_1833,10.693909,13.677059,3.572152,4.562851
IsPETaseWT_pool_4609,10.688308,13.669904,3.566551,4.555697
IsPETaseWT_pool_2864,10.688204,13.669771,3.566447,4.555564
IsPETaseWT_pool_4902,10.684903,13.665555,3.563146,4.551347
IsPETaseWT_pool_2011,10.684894,13.665543,3.563137,4.551336
IsPETaseWT_pool_2104,10.682724,13.662772,3.560967,4.548564
IsPETaseWT_pool_3020,10.680186,13.659530,3.558429,4.545322
IsPETaseWT_pool_3340,10.679474,13.658620,3.557717,4.544413
IsPETaseWT_pool_948,10.679311,13.658412,3.557554,4.544204
IsPETaseWT_pool_4040,10.677638,13.656275,3.555881,4.542067
IsPETaseWT_pool_1956,10.675514,13.653562,3.553757,4.539354
IsPETaseWT_pool_126,10.674496,13.652262,3.552739,4.538054
IsPETaseWT_pool_390,10.670885,13.647649,3.549128,4.533442
IsPETaseWT_pool_1417,10.670530,13.647196,3.548773,4.532988
IsPETaseWT_pool_2830,10.667473,13.643291,3.545716,4.529083
IsPETaseWT_pool_4322,10.667280,13.643044,3.545523,4.528837
IsPETaseWT_pool_2574,10.665168,13.640347,3.543411,4.526139
IsPETaseWT_pool_3816,10.664960,13.640081,3.543203,4.525873
IsPETaseWT_pool_3303,10.664748,13.639810,3.542991,4.525602
IsPETaseWT_pool_4011,10.663836,13.638645,3.542079,4.524438
IsPETaseWT_pool_554,10.663464,13.638170,3.541707,4.523962
IsPETaseWT_pool_4351,10.661349,13.635468,3.539592,4.521261
IsPETaseWT_pool_3165,10.660779,13.634740,3.539022,4.520533
IsPETaseWT_pool_4797,10.659657,13.633307,3.537900,4.519100
IsPETaseWT_pool_671,10.659467,13.633065,3.537710,4.518857
IsPETaseWT_pool_2265,10.657654,13.630749,3.535897,4.516541
IsPETaseWT_pool_3343,10.657282,13.630274,3.535525,4.516066
IsPETaseWT_pool_2473,10.655731,13.628292,3.533974,4.514085
IsPETaseWT_pool_3410,10.655601,13.628126,3.533844,4.513919
IsPETaseWT_pool_771,10.655297,13.627738,3.533540,4.513530
IsPETaseWT_pool_4810,10.653728,13.625734,3.531971,4.511526
IsPETaseWT_pool_624,10.653090,13.624919,3.531333,4.510711
IsPETaseWT_pool_254,10.651256,13.622576,3.529499,4.508369
IsPETaseWT_pool_212,10.650454,13.621552,3.528697,4.507344
IsPETaseWT_pool_484,10.648634,13.619227,3.526877,4.505019
IsPETaseWT_pool_2815,10.648175,13.618641,3.526418,4.504433
IsPETaseWT_pool_4302,10.645809,13.615619,3.524052,4.501411
IsPETaseWT_pool_1388,10.644629,13.614111,3.522872,4.499904
IsPETaseWT_pool_2317,10.639561,13.607638,3.517804,4.493430
IsPETaseWT_pool_1955,10.639501,13.607561,3.517744,4.493353
IsPETaseWT_pool_4776,10.638942,13.606847,3.517185,4.492639
IsPETaseWT_pool_1980,10.637172,13.604586,3.515415,4.490379
IsPETaseWT_pool_1368,10.634706,13.601436,3.512949,4.487229
IsPETaseWT_pool_3145,10.634550,13.601237,3.512793,4.487029
IsPETaseWT_pool_2272,10.630637,13.596239,3.508880,4.482031
IsPETaseWT_pool_1656,10.630497,13.596060,3.508740,4.481852
IsPETaseWT_pool_3270,10.630418,13.595959,3.508661,4.481751
IsPETaseWT_pool_4165,10.629381,13.594634,3.507624,4.480427
IsPETaseWT_pool_2069,10.628427,13.593416,3.506670,4.479208
IsPETaseWT_pool_1413,10.623040,13.586535,3.501283,4.472327
IsPETaseWT_pool_4535,10.620982,13.583906,3.499225,4.469698
IsPETaseWT_pool_583,10.620466,13.583247,3.498709,4.469039
IsPETaseWT_pool_3438,10.618634,13.580907,3.496877,4.466699
IsPETaseWT_pool_331,10.618427,13.580643,3.496670,4.466435
IsPETaseWT_pool_4047,10.614871,13.576100,3.493114,4.461893
IsPETaseWT_pool_2329,10.613370,13.574183,3.491613,4.459975
IsPETaseWT_pool_397,10.611422,13.571695,3.489665,4.457487
IsPETaseWT_pool_296,10.611267,13.571497,3.489510,4.457289
IsPETaseWT_pool_97,10.610650,13.570709,3.488893,4.456501
IsPETaseWT_pool_302,10.609120,13.568754,3.487363,4.454547
IsPETaseWT_pool_1469,10.608603,13.568094,3.486846,4.453886
IsPETaseWT_pool_3878,10.608602,13.568093,3.486845,4.453885
IsPETaseWT_pool_340,10.607878,13.567168,3.486121,4.452960
IsPETaseWT_pool_437,10.607472,13.566649,3.485715,4.452442
IsPETaseWT_pool_519,10.605021,13.563518,3.483264,4.449311
IsPETaseWT_pool_4726,10.604981,13.563467,3.483224,4.449260
IsPETaseWT_pool_1321,10.602955,13.560880,3.481198,4.446672
IsPETaseWT_pool_2369,10.602261,13.559993,3.480504,4.445785
IsPETaseWT_pool_3124,10.601462,13.558972,3.479705,4.444765
IsPETaseWT_pool_627,10.601420,13.558919,3.479663,4.444711
IsPETaseWT_pool_551,10.599463,13.556419,3.477706,4.442211
IsPETaseWT_pool_2542,10.598401,13.555063,3.476644,4.440855
IsPETaseWT_pool_1823,10.595646,13.551543,3.473889,4.437336
IsPETaseWT_pool_683,10.592300,13.547269,3.470543,4.433062
IsPETaseWT_pool_622,10.586296,13.539600,3.464539,4.425393
IsPETaseWT_pool_709,10.585232,13.538241,3.463475,4.424034
IsPETaseWT_pool_854,10.581867,13.533943,3.460110,4.419735
IsPETaseWT_pool_2433,10.581349,13.533281,3.459592,4.419074
IsPETaseWT_pool_4397,10.577039,13.527776,3.455282,4.413568
IsPETaseWT_pool_3163,10.576707,13.527352,3.454950,4.413144
IsPETaseWT_pool_4299,10.576047,13.526509,3.454290,4.412301
IsPETaseWT_pool_2556,10.572430,13.521889,3.450673,4.407681
IsPETaseWT_pool_4344,10.570448,13.519357,3.448691,4.405149
IsPETaseWT_pool_2274,10.568402,13.516744,3.446645,4.402536
IsPETaseWT_pool_1226,10.563121,13.509998,3.441364,4.395790
IsPETaseWT_pool_2345,10.560929,13.507198,3.439172,4.392990
IsPETaseWT_pool_12,10.559647,13.505560,3.437890,4.391353
IsPETaseWT_pool_492,10.559277,13.505088,3.437520,4.390880
IsPETaseWT_pool_4131,10.558722,13.504379,3.436965,4.390171
IsPETaseWT_pool_2479,10.557220,13.502460,3.435463,4.388253
IsPETaseWT_pool_2449,10.555175,13.499848,3.433418,4.385641
IsPETaseWT_pool_4176,10.554575,13.499082,3.432818,4.384874
IsPETaseWT_pool_3269,10.554084,13.498455,3.432327,4.384247
IsPETaseWT_pool_1561,10.553576,13.497806,3.431819,4.383598
IsPETaseWT_pool_629,10.552720,13.496712,3.430963,4.382505
IsPETaseWT_pool_2779,10.546432,13.488680,3.424675,4.374473
IsPETaseWT_pool_460,10.544632,13.486381,3.422875,4.372174
IsPETaseWT_pool_3258,10.543742,13.485244,3.421985,4.371037
IsPETaseWT_pool_2702,10.539850,13.480273,3.418093,4.366065
IsPETaseWT_pool_2392,10.539513,13.479843,3.417756,4.365635
IsPETaseWT_pool_4467,10.538245,13.478223,3.416488,4.364015
IsPETaseWT_pool_1041,10.538078,13.478010,3.416321,4.363802
IsPETaseWT_pool_2777,10.537981,13.477886,3.416224,4.363678
IsPETaseWT_pool_4804,10.536905,13.476511,3.415148,4.362304
IsPETaseWT_pool_3341,10.534624,13.473598,3.412867,4.359390
IsPETaseWT_pool_3476,10.533604,13.472295,3.411847,4.358087
IsPETaseWT_pool_523,10.532581,13.470988,3.410824,4.356780
IsPETaseWT_pool_4511,10.532571,13.470975,3.410814,4.356768
IsPETaseWT_pool_8,10.530950,13.468905,3.409193,4.354697
IsPETaseWT_pool_4336,10.530016,13.467712,3.408259,4.353504
IsPETaseWT_pool_1587,10.526279,13.462938,3.404522,4.348731
IsPETaseWT_pool_988,10.524825,13.461081,3.403068,4.346873
IsPETaseWT_pool_4567,10.519464,13.454233,3.397707,4.340025
IsPETaseWT_pool_1722,10.518208,13.452629,3.396451,4.338421
IsPETaseWT_pool_4857,10.517740,13.452031,3.395983,4.337823
IsPETaseWT_pool_3120,10.515853,13.449621,3.394096,4.335413
IsPETaseWT_pool_4791,10.514607,13.448029,3.392850,4.333821
IsPETaseWT_pool_4800,10.514052,13.447320,3.392295,4.333113
IsPETaseWT_pool_3778,10.513714,13.446888,3.391957,4.332681
IsPETaseWT_pool_89,10.513209,13.446243,3.391452,4.332036
IsPETaseWT_pool_3845,10.513090,13.446091,3.391333,4.331884
IsPETaseWT_pool_4687,10.511508,13.444071,3.389751,4.329863
IsPETaseWT_pool_3243,10.509695,13.441755,3.387938,4.327547
IsPETaseWT_pool_4057,10.508291,13.439961,3.386534,4.325754
IsPETaseWT_pool_2913,10.507944,13.439518,3.386187,4.325311
IsPETaseWT_pool_3224,10.507825,13.439366,3.386068,4.325159
IsPETaseWT_pool_924,10.506989,13.438298,3.385232,4.324091
IsPETaseWT_pool_4239,10.503520,13.433867,3.381763,4.319660
IsPETaseWT_pool_1121,10.501907,13.431807,3.380150,4.317599
IsPETaseWT_pool_4657,10.499439,13.428654,3.377682,4.314447
IsPETaseWT_pool_3094,10.497909,13.426700,3.376152,4.312492
IsPETaseWT_pool_566,10.497761,13.426511,3.376004,4.312303
IsPETaseWT_pool_918,10.497674,13.426400,3.375917,4.312192
IsPETaseWT_pool_235,10.497323,13.425952,3.375566,4.311744
IsPETaseWT_pool_826,10.495259,13.423315,3.373502,4.309107
IsPETaseWT_pool_1144,10.493305,13.420819,3.371548,4.306612
IsPETaseWT_pool_3142,10.492579,13.419892,3.370822,4.305684
IsPETaseWT_pool_2975,10.491804,13.418902,3.370047,4.304694
IsPETaseWT_pool_1106,10.491545,13.418571,3.369788,4.304363
IsPETaseWT_pool_1312,10.489283,13.415682,3.367526,4.301474
IsPETaseWT_pool_69,10.488491,13.414670,3.366734,4.300462
IsPETaseWT_pool_2128,10.488260,13.414375,3.366503,4.300167
IsPETaseWT_pool_4648,10.486538,13.412175,3.364781,4.297968
IsPETaseWT_pool_1158,10.483088,13.407769,3.361331,4.293561
IsPETaseWT_pool_4494,10.482152,13.406573,3.360395,4.292365
IsPETaseWT_pool_2331,10.480435,13.404380,3.358678,4.290172
IsPETaseWT_pool_865,10.478621,13.402063,3.356864,4.287855
IsPETaseWT_pool_3415,10.476387,13.399209,3.354630,4.285002
IsPETaseWT_pool_1102,10.476160,13.398919,3.354403,4.284712
IsPETaseWT_pool_1526,10.475962,13.398666,3.354205,4.284459
IsPETaseWT_pool_1103,10.475695,13.398325,3.353938,4.284118
IsPETaseWT_pool_3642,10.473430,13.395432,3.351673,4.281224
IsPETaseWT_pool_3804,10.472941,13.394807,3.351184,4.280600
IsPETaseWT_pool_2192,10.469377,13.390255,3.347620,4.276047
IsPETaseWT_pool_2153,10.469104,13.389906,3.347347,4.275699
IsPETaseWT_pool_528,10.468837,13.389565,3.347080,4.275358
IsPETaseWT_pool_3256,10.466735,13.386880,3.344978,4.272673
IsPETaseWT_pool_962,10.466389,13.386438,3.344632,4.272231
IsPETaseWT_pool_1345,10.465035,13.384709,3.343278,4.270501
IsPETaseWT_pool_544,10.463867,13.383217,3.342110,4.269009
IsPETaseWT_pool_3830,10.462043,13.380887,3.340286,4.266679
IsPETaseWT_pool_2251,10.461176,13.379780,3.339419,4.265572
IsPETaseWT_pool_3051,10.458825,13.376777,3.337068,4.262569
IsPETaseWT_pool_48,10.456646,13.373993,3.334889,4.259786
IsPETaseWT_pool_177,10.455729,13.372822,3.333972,4.258614
IsPETaseWT_pool_3067,10.455518,13.372552,3.333761,4.258345
IsPETaseWT_pool_218,10.447162,13.361879,3.325405,4.247671
IsPETaseWT_pool_486,10.445663,13.359964,3.323906,4.245757
IsPETaseWT_pool_1384,10.444802,13.358864,3.323045,4.244657
IsPETaseWT_pool_9,10.443213,13.356835,3.321456,4.242627
IsPETaseWT_pool_2393,10.441100,13.354136,3.319343,4.239928
IsPETaseWT_pool_4634,10.440787,13.353736,3.319030,4.239528
IsPETaseWT_pool_966,10.440190,13.352973,3.318433,4.238766
IsPETaseWT_pool_734,10.439260,13.351785,3.317503,4.237578
IsPETaseWT_pool_907,10.437724,13.349823,3.315967,4.235616
IsPETaseWT_pool_1297,10.436601,13.348389,3.314844,4.234181
IsPETaseWT_pool_2353,10.435244,13.346656,3.313487,4.232448
IsPETaseWT_pool_4818,10.433411,13.344314,3.311654,4.230107
IsPETaseWT_pool_3383,10.432743,13.343461,3.310986,4.229253
IsPETaseWT_pool_4404,10.431936,13.342430,3.310179,4.228223
IsPETaseWT_pool_637,10.430899,13.341106,3.309142,4.226898
IsPETaseWT_pool_83,10.428801,13.338426,3.307044,4.224218
IsPETaseWT_pool_3966,10.423794,13.332030,3.302037,4.217822
IsPETaseWT_pool_2590,10.423502,13.331657,3.301745,4.217449
IsPETaseWT_pool_1335,10.419387,13.326401,3.297630,4.212193
IsPETaseWT_pool_2867,10.419125,13.326066,3.297368,4.211859
IsPETaseWT_pool_2571,10.415567,13.321521,3.293810,4.207314
IsPETaseWT_pool_3255,10.415251,13.321118,3.293494,4.206910
IsPETaseWT_pool_755,10.414978,13.320769,3.293221,4.206561
IsPETaseWT_pool_2463,10.413986,13.319502,3.292229,4.205294
IsPETaseWT_pool_2437,10.411558,13.316401,3.289801,4.202193
IsPETaseWT_pool_3810,10.409350,13.313580,3.287593,4.199373
IsPETaseWT_pool_4393,10.407411,13.311103,3.285654,4.196896
IsPETaseWT_pool_4824,10.405228,13.308315,3.283471,4.194107
IsPETaseWT_pool_496,10.404166,13.306958,3.282409,4.192751
IsPETaseWT_pool_295,10.404139,13.306924,3.282382,4.192716
IsPETaseWT_pool_4196,10.403159,13.305672,3.281402,4.191465
IsPETaseWT_pool_633,10.400637,13.302451,3.278880,4.188243
IsPETaseWT_pool_3905,10.399600,13.301126,3.277843,4.186918
IsPETaseWT_pool_2568,10.399287,13.300726,3.277530,4.186519
IsPETaseWT_pool_3171,10.396747,13.297482,3.274990,4.183274
IsPETaseWT_pool_4748,10.393812,13.293733,3.272055,4.179525
IsPETaseWT_pool_2174,10.392895,13.292562,3.271138,4.178354
IsPETaseWT_pool_876,10.390368,13.289334,3.268611,4.175126
IsPETaseWT_pool_2032,10.389402,13.288100,3.267645,4.173892
IsPETaseWT_pool_614,10.389022,13.287614,3.267265,4.173407
IsPETaseWT_pool_569,10.388944,13.287515,3.267187,4.173307
IsPETaseWT_pool_4073,10.388710,13.287216,3.266953,4.173008
IsPETaseWT_pool_1771,10.387486,13.285652,3.265729,4.171445
IsPETaseWT_pool_51,10.383792,13.280934,3.262035,4.166726
IsPETaseWT_pool_2620,10.383668,13.280776,3.261911,4.166568
IsPETaseWT_pool_4097,10.383341,13.280358,3.261584,4.166150
IsPETaseWT_pool_658,10.382414,13.279174,3.260657,4.164966
IsPETaseWT_pool_2519,10.381370,13.277840,3.259613,4.163633
IsPETaseWT_pool_4432,10.381092,13.277485,3.259335,4.163277
IsPETaseWT_pool_878,10.373306,13.267540,3.251549,4.153332
IsPETaseWT_pool_29,10.372276,13.266224,3.250519,4.152016
IsPETaseWT_pool_2216,10.368393,13.261264,3.246636,4.147057
IsPETaseWT_pool_3311,10.366338,13.258639,3.244581,4.144432
IsPETaseWT_pool_3515,10.366005,13.258214,3.244248,4.144006
IsPETaseWT_pool_195,10.364717,13.256569,3.242960,4.142361
IsPETaseWT_pool_1912,10.364602,13.256422,3.242845,4.142214
IsPETaseWT_pool_932,10.364273,13.256002,3.242516,4.141794
IsPETaseWT_pool_45,10.363400,13.254886,3.241643,4.140679
IsPETaseWT_pool_747,10.360655,13.251380,3.238898,4.137172
IsPETaseWT_pool_677,10.360459,13.251130,3.238702,4.136922
IsPETaseWT_pool_1056,10.360227,13.250833,3.238470,4.136626
IsPETaseWT_pool_2080,10.352366,13.240792,3.230609,4.126585
IsPETaseWT_pool_3449,10.351986,13.240307,3.230229,4.126099
IsPETaseWT_pool_3412,10.351913,13.240214,3.230156,4.126006
IsPETaseWT_pool_1715,10.351793,13.240060,3.230036,4.125853
IsPETaseWT_pool_628,10.349321,13.236903,3.227564,4.122695
IsPETaseWT_pool_4659,10.349206,13.236756,3.227449,4.122548
IsPETaseWT_pool_4532,10.348422,13.235754,3.226665,4.121547
IsPETaseWT_pool_420,10.347959,13.235163,3.226202,4.120955
IsPETaseWT_pool_3198,10.345942,13.232587,3.224185,4.118379
IsPETaseWT_pool_857,10.343910,13.229991,3.222153,4.115783
IsPETaseWT_pool_4061,10.339198,13.223972,3.217441,4.109765
IsPETaseWT_pool_75,10.332150,13.214970,3.210393,4.100762
IsPETaseWT_pool_442,10.328263,13.210005,3.206506,4.095797
IsPETaseWT_pool_2684,10.322289,13.202374,3.200532,4.088166
IsPETaseWT_pool_141,10.321579,13.201467,3.199822,4.087259
IsPETaseWT_pool_3072,10.320994,13.200720,3.199237,4.086512
IsPETaseWT_pool_3055,10.317214,13.195891,3.195457,4.081684
IsPETaseWT_pool_4026,10.315743,13.194012,3.193986,4.079805
IsPETaseWT_pool_4581,10.315664,13.193911,3.193907,4.079704
IsPETaseWT_pool_3585,10.315597,13.193826,3.193840,4.079618
IsPETaseWT_pool_4519,10.314214,13.192059,3.192457,4.077852
IsPETaseWT_pool_3868,10.313476,13.191117,3.191719,4.076909
IsPETaseWT_pool_672,10.312113,13.189376,3.190356,4.075168
IsPETaseWT_pool_1995,10.309998,13.186674,3.188241,4.072466
IsPETaseWT_pool_224,10.303540,13.178425,3.181783,4.064217
IsPETaseWT_pool_2613,10.303216,13.178011,3.181459,4.063803
IsPETaseWT_pool_815,10.302650,13.177288,3.180893,4.063080
IsPETaseWT_pool_2242,10.301311,13.175578,3.179554,4.061370
IsPETaseWT_pool_3376,10.298061,13.171426,3.176304,4.057219
IsPETaseWT_pool_2351,10.294810,13.167274,3.173053,4.053066
IsPETaseWT_pool_4510,10.293515,13.165620,3.171758,4.051412
IsPETaseWT_pool_3313,10.291282,13.162767,3.169525,4.048560
IsPETaseWT_pool_638,10.290732,13.162065,3.168975,4.047857
IsPETaseWT_pool_1696,10.290466,13.161725,3.168709,4.047517
IsPETaseWT_pool_3004,10.286864,13.157124,3.165107,4.042916
IsPETaseWT_pool_4183,10.284717,13.154382,3.162960,4.040174
IsPETaseWT_pool_1069,10.278568,13.146527,3.156811,4.032319
IsPETaseWT_pool_1060,10.278019,13.145826,3.156262,4.031618
IsPETaseWT_pool_2046,10.277398,13.145033,3.155641,4.030825
IsPETaseWT_pool_193,10.275991,13.143235,3.154234,4.029028
IsPETaseWT_pool_4163,10.271801,13.137883,3.150044,4.023676
IsPETaseWT_pool_1034,10.267445,13.132319,3.145688,4.018112
IsPETaseWT_pool_2925,10.266096,13.130596,3.144339,4.016389
IsPETaseWT_pool_501,10.265800,13.130218,3.144043,4.016010
IsPETaseWT_pool_2751,10.265451,13.129772,3.143694,4.015565
IsPETaseWT_pool_1584,10.265303,13.129583,3.143546,4.015376
IsPETaseWT_pool_3066,10.262269,13.125708,3.140512,4.011500
IsPETaseWT_pool_4719,10.257668,13.119831,3.135911,4.005623
IsPETaseWT_pool_2672,10.257639,13.119794,3.135882,4.005586
IsPETaseWT_pool_1332,10.257067,13.119063,3.135310,4.004855
IsPETaseWT_pool_4448,10.255440,13.116985,3.133683,4.002777
IsPETaseWT_pool_4256,10.253579,13.114608,3.131822,4.000400
IsPETaseWT_pool_774,10.253107,13.114005,3.131350,3.999797
IsPETaseWT_pool_176,10.252063,13.112671,3.130306,3.998464
IsPETaseWT_pool_915,10.247825,13.107258,3.126068,3.993050
IsPETaseWT_pool_33,10.246968,13.106163,3.125211,3.991956
IsPETaseWT_pool_2481,10.246576,13.105663,3.124819,3.991455
IsPETaseWT_pool_129,10.244561,13.103089,3.122804,3.988881
IsPETaseWT_pool_1622,10.244468,13.102970,3.122711,3.988762
IsPETaseWT_pool_1796,10.243469,13.101694,3.121712,3.987486
IsPETaseWT_pool_1610,10.241107,13.098677,3.119350,3.984469
IsPETaseWT_pool_559,10.238591,13.095463,3.116834,3.981255
IsPETaseWT_pool_3924,10.236604,13.092925,3.114847,3.978717
IsPETaseWT_pool_407,10.236328,13.092572,3.114571,3.978365
IsPETaseWT_pool_3861,10.235872,13.091990,3.114115,3.977782
IsPETaseWT_pool_3125,10.233974,13.089565,3.112217,3.975358
IsPETaseWT_pool_2818,10.226993,13.080648,3.105236,3.966441
IsPETaseWT_pool_4341,10.224792,13.077837,3.103035,3.963629
IsPETaseWT_pool_2078,10.223879,13.076671,3.102122,3.962463
IsPETaseWT_pool_106,10.220296,13.072094,3.098539,3.957886
IsPETaseWT_pool_4290,10.220157,13.071916,3.098400,3.957709
IsPETaseWT_pool_2008,10.218654,13.069997,3.096897,3.955789
IsPETaseWT_pool_3102,10.215214,13.065603,3.093457,3.951395
IsPETaseWT_pool_1906,10.211781,13.061217,3.090024,3.947010
IsPETaseWT_pool_3650,10.208902,13.057540,3.087145,3.943332
IsPETaseWT_pool_4365,10.208537,13.057074,3.086780,3.942866
IsPETaseWT_pool_903,10.207111,13.055252,3.085354,3.941045
IsPETaseWT_pool_3537,10.206878,13.054955,3.085121,3.940747
IsPETaseWT_pool_1989,10.204120,13.051432,3.082363,3.937224
IsPETaseWT_pool_3205,10.199512,13.045546,3.077755,3.931338
IsPETaseWT_pool_1505,10.198069,13.043703,3.076312,3.929495
IsPETaseWT_pool_4464,10.197519,13.043000,3.075762,3.928792
IsPETaseWT_pool_4006,10.194882,13.039632,3.073125,3.925424
IsPETaseWT_pool_1349,10.191859,13.035770,3.070102,3.921563
IsPETaseWT_pool_3050,10.186321,13.028696,3.064564,3.914489
IsPETaseWT_pool_2762,10.184757,13.026699,3.063000,3.912491
IsPETaseWT_pool_2612,10.184381,13.026218,3.062624,3.912011
IsPETaseWT_pool_1708,10.183557,13.025166,3.061800,3.910958
IsPETaseWT_pool_2106,10.183261,13.024788,3.061504,3.910580
IsPETaseWT_pool_3194,10.181883,13.023028,3.060126,3.908820
IsPETaseWT_pool_1406,10.181417,13.022432,3.059660,3.908225
IsPETaseWT_pool_756,10.180401,13.021135,3.058644,3.906927
IsPETaseWT_pool_931,10.178194,13.018315,3.056437,3.904108
IsPETaseWT_pool_4394,10.177760,13.017761,3.056003,3.903553
IsPETaseWT_pool_973,10.176630,13.016318,3.054873,3.902110
IsPETaseWT_pool_2945,10.175789,13.015243,3.054032,3.901036
IsPETaseWT_pool_2348,10.171168,13.009341,3.049411,3.895133
IsPETaseWT_pool_4248,10.169037,13.006619,3.047280,3.892411
IsPETaseWT_pool_3577,10.168870,13.006406,3.047113,3.892198
IsPETaseWT_pool_2991,10.167346,13.004459,3.045589,3.890251
IsPETaseWT_pool_976,10.166648,13.003567,3.044891,3.889360
IsPETaseWT_pool_3607,10.164506,13.000831,3.042749,3.886624
IsPETaseWT_pool_1180,10.163798,12.999927,3.042041,3.885719
IsPETaseWT_pool_3345,10.158497,12.993156,3.036740,3.878948
IsPETaseWT_pool_154,10.157066,12.991328,3.035309,3.877120
IsPETaseWT_pool_1627,10.155527,12.989362,3.033770,3.875154
IsPETaseWT_pool_2333,10.154881,12.988537,3.033124,3.874329
IsPETaseWT_pool_2838,10.154811,12.988447,3.033054,3.874240
IsPETaseWT_pool_4445,10.151865,12.984684,3.030108,3.870477
IsPETaseWT_pool_4108,10.151723,12.984503,3.029966,3.870295
IsPETaseWT_pool_2183,10.147896,12.979615,3.026139,3.865407
IsPETaseWT_pool_3579,10.146134,12.977364,3.024377,3.863156
IsPETaseWT_pool_4741,10.143009,12.973372,3.021252,3.859165
IsPETaseWT_pool_2993,10.138109,12.967113,3.016352,3.852906
IsPETaseWT_pool_2866,10.131849,12.959117,3.010092,3.844910
IsPETaseWT_pool_934,10.128292,12.954574,3.006535,3.840366
IsPETaseWT_pool_163,10.127291,12.953295,3.005534,3.839087
IsPETaseWT_pool_4222,10.126817,12.952690,3.005060,3.838482
IsPETaseWT_pool_1353,10.125872,12.951483,3.004115,3.837275
IsPETaseWT_pool_109,10.125609,12.951147,3.003852,3.836939
IsPETaseWT_pool_872,10.124505,12.949736,3.002748,3.835529
IsPETaseWT_pool_44,10.123998,12.949089,3.002241,3.834881
IsPETaseWT_pool_2305,10.119647,12.943531,2.997890,3.829323
IsPETaseWT_pool_4334,10.116345,12.939313,2.994588,3.825106
IsPETaseWT_pool_2607,10.116045,12.938930,2.994288,3.824722
IsPETaseWT_pool_1386,10.114593,12.937075,2.992836,3.822868
IsPETaseWT_pool_270,10.113640,12.935858,2.991883,3.821650
IsPETaseWT_pool_3997,10.113099,12.935167,2.991342,3.820959
IsPETaseWT_pool_4684,10.106290,12.926470,2.984533,3.812262
IsPETaseWT_pool_3741,10.104821,12.924593,2.983064,3.810386
IsPETaseWT_pool_1515,10.100649,12.919264,2.978892,3.805057
IsPETaseWT_pool_3544,10.099292,12.917531,2.977535,3.803323
IsPETaseWT_pool_561,10.096409,12.913848,2.974652,3.799641
IsPETaseWT_pool_1074,10.092324,12.908630,2.970567,3.794423
IsPETaseWT_pool_1227,10.089764,12.905360,2.968007,3.791153
IsPETaseWT_pool_2500,10.088956,12.904328,2.967199,3.790121
IsPETaseWT_pool_2273,10.087859,12.902927,2.966102,3.788719
IsPETaseWT_pool_1876,10.086125,12.900712,2.964368,3.786504
IsPETaseWT_pool_2467,10.081486,12.894787,2.959729,3.780579
IsPETaseWT_pool_3128,10.081411,12.894691,2.959654,3.780483
IsPETaseWT_pool_124,10.074789,12.886232,2.953032,3.772025
IsPETaseWT_pool_1031,10.070217,12.880392,2.948460,3.766185
IsPETaseWT_pool_3183,10.064532,12.873131,2.942775,3.758923
IsPETaseWT_pool_3520,10.064103,12.872583,2.942346,3.758375
IsPETaseWT_pool_529,10.063835,12.872240,2.942078,3.758033
IsPETaseWT_pool_558,10.061569,12.869346,2.939812,3.755138
IsPETaseWT_pool_1025,10.059887,12.867197,2.938130,3.752990
IsPETaseWT_pool_1205,10.052825,12.858177,2.931068,3.743969
IsPETaseWT_pool_1414,10.051082,12.855950,2.929325,3.741743
IsPETaseWT_pool_4032,10.050916,12.855738,2.929159,3.741531
IsPETaseWT_pool_2370,10.049756,12.854257,2.927999,3.740049
IsPETaseWT_pool_381,10.046169,12.849675,2.924412,3.735467
IsPETaseWT_pool_81,10.045928,12.849367,2.924171,3.735159
IsPETaseWT_pool_3777,10.043259,12.845958,2.921502,3.731750
IsPETaseWT_pool_4288,10.043234,12.845926,2.921477,3.731718
IsPETaseWT_pool_283,10.028387,12.826961,2.906630,3.712753
IsPETaseWT_pool_2151,10.023462,12.820670,2.901705,3.706463
IsPETaseWT_pool_3492,10.022462,12.819393,2.900705,3.705185
IsPETaseWT_pool_250,10.020151,12.816441,2.898394,3.702233
IsPETaseWT_pool_2303,10.016715,12.812052,2.894958,3.697844
IsPETaseWT_pool_4538,10.013690,12.808188,2.891933,3.693980
IsPETaseWT_pool_4558,10.008934,12.802113,2.887177,3.687905
IsPETaseWT_pool_4554,10.004124,12.795969,2.882367,3.681761
IsPETaseWT_pool_3948,10.000196,12.790952,2.878439,3.676744
IsPETaseWT_pool_3262,9.999059,12.789499,2.877302,3.675292
IsPETaseWT_pool_1813,9.998569,12.788873,2.876812,3.674666
IsPETaseWT_pool_448,9.997248,12.787186,2.875491,3.672978
IsPETaseWT_pool_1977,9.996904,12.786747,2.875147,3.672539
IsPETaseWT_pool_1086,9.994778,12.784031,2.873021,3.669823
IsPETaseWT_pool_2066,9.993519,12.782423,2.871762,3.668215
IsPETaseWT_pool_4743,9.985184,12.771776,2.863427,3.657569
IsPETaseWT_pool_1670,9.979536,12.764562,2.857779,3.650354
IsPETaseWT_pool_1064,9.976086,12.760155,2.854329,3.645947
IsPETaseWT_pool_2952,9.970041,12.752433,2.848284,3.638226
IsPETaseWT_pool_3940,9.966663,12.748119,2.844906,3.633911
IsPETaseWT_pool_896,9.965286,12.746360,2.843529,3.632152
IsPETaseWT_pool_1411,9.963322,12.743851,2.841565,3.629643
IsPETaseWT_pool_1009,9.962104,12.742295,2.840347,3.628088
IsPETaseWT_pool_3576,9.957501,12.736416,2.835744,3.622208
IsPETaseWT_pool_2340,9.956795,12.735514,2.835038,3.621306
IsPETaseWT_pool_4874,9.955663,12.734068,2.833906,3.619860
IsPETaseWT_pool_4997,9.953419,12.731201,2.831662,3.616994
IsPETaseWT_pool_1491,9.952868,12.730498,2.831111,3.616290
IsPETaseWT_pool_1598,9.952746,12.730342,2.830989,3.616134
IsPETaseWT_pool_4441,9.952653,12.730223,2.830896,3.616015
IsPETaseWT_pool_1342,9.950943,12.728039,2.829186,3.613831
IsPETaseWT_pool_4613,9.949671,12.726414,2.827914,3.612206
IsPETaseWT_pool_1497,9.945279,12.720804,2.823522,3.606596
IsPETaseWT_pool_2722,9.943250,12.718212,2.821493,3.604005
IsPETaseWT_pool_1008,9.931190,12.702808,2.809433,3.588600
IsPETaseWT_pool_3675,9.929515,12.700668,2.807758,3.586460
IsPETaseWT_pool_4760,9.925780,12.695897,2.804023,3.581689
IsPETaseWT_pool_4212,9.925713,12.695812,2.803956,3.581604
IsPETaseWT_pool_2095,9.920905,12.689670,2.799148,3.575462
IsPETaseWT_pool_3596,9.913942,12.680776,2.792185,3.566568
IsPETaseWT_pool_3344,9.910585,12.676488,2.788828,3.562280
IsPETaseWT_pool_1287,9.910444,12.676308,2.788687,3.562100
IsPETaseWT_pool_1054,9.907615,12.672694,2.785858,3.558487
IsPETaseWT_pool_1259,9.906252,12.670953,2.784495,3.556746
IsPETaseWT_pool_2592,9.897940,12.660336,2.776183,3.546128
IsPETaseWT_pool_3974,9.897848,12.660218,2.776091,3.546011
IsPETaseWT_pool_4480,9.897408,12.659656,2.775651,3.545449
IsPETaseWT_pool_3139,9.894705,12.656204,2.772948,3.541996
IsPETaseWT_pool_4324,9.893273,12.654375,2.771516,3.540167
IsPETaseWT_pool_4171,9.891486,12.652092,2.769729,3.537884
IsPETaseWT_pool_1105,9.888753,12.648601,2.766996,3.534393
IsPETaseWT_pool_2341,9.885949,12.645019,2.764192,3.530812
IsPETaseWT_pool_2208,9.885629,12.644611,2.763872,3.530403
IsPETaseWT_pool_1126,9.882147,12.640163,2.760390,3.525955
IsPETaseWT_pool_3382,9.880867,12.638528,2.759110,3.524320
IsPETaseWT_pool_2459,9.878013,12.634882,2.756256,3.520675
IsPETaseWT_pool_2421,9.868690,12.622974,2.746933,3.508766
IsPETaseWT_pool_2141,9.868299,12.622474,2.746542,3.508267
IsPETaseWT_pool_425,9.866503,12.620180,2.744746,3.505973
IsPETaseWT_pool_737,9.864612,12.617765,2.742855,3.503557
IsPETaseWT_pool_1713,9.860904,12.613028,2.739147,3.498821
IsPETaseWT_pool_2683,9.858738,12.610262,2.736981,3.496054
IsPETaseWT_pool_4548,9.858093,12.609438,2.736336,3.495230
IsPETaseWT_pool_2480,9.854814,12.605249,2.733057,3.491042
IsPETaseWT_pool_2024,9.850930,12.600288,2.729173,3.486081
IsPETaseWT_pool_2020,9.849249,12.598141,2.727492,3.483933
IsPETaseWT_pool_2515,9.844391,12.591936,2.722634,3.477728
IsPETaseWT_pool_1473,9.842331,12.589304,2.720574,3.475097
IsPETaseWT_pool_4624,9.841920,12.588779,2.720163,3.474572
IsPETaseWT_pool_1003,9.831503,12.575473,2.709746,3.461266
IsPETaseWT_pool_3753,9.823536,12.565297,2.701779,3.451089
IsPETaseWT_pool_4784,9.820765,12.561757,2.699008,3.447550
IsPETaseWT_pool_4610,9.819092,12.559620,2.697335,3.445413
IsPETaseWT_pool_4498,9.818409,12.558748,2.696652,3.444540
IsPETaseWT_pool_449,9.815332,12.554818,2.693575,3.440610
IsPETaseWT_pool_1262,9.807156,12.544374,2.685399,3.430166
IsPETaseWT_pool_1101,9.805118,12.541771,2.683361,3.427563
IsPETaseWT_pool_2212,9.801030,12.536549,2.679273,3.422341
IsPETaseWT_pool_4754,9.796682,12.530995,2.674925,3.416787
IsPETaseWT_pool_4867,9.795668,12.529700,2.673911,3.415492
IsPETaseWT_pool_474,9.795532,12.529526,2.673775,3.415319
IsPETaseWT_pool_3513,9.793215,12.526567,2.671458,3.412359
IsPETaseWT_pool_4501,9.789351,12.521631,2.667594,3.407423
IsPETaseWT_pool_4839,9.788538,12.520592,2.666781,3.406385
IsPETaseWT_pool_3207,9.787642,12.519448,2.665885,3.405240
IsPETaseWT_pool_3247,9.786791,12.518361,2.665034,3.404153
IsPETaseWT_pool_112,9.786783,12.518351,2.665026,3.404143
IsPETaseWT_pool_4737,9.785382,12.516561,2.663625,3.402354
IsPETaseWT_pool_3008,9.777843,12.506931,2.656086,3.392724
IsPETaseWT_pool_4949,9.776300,12.504960,2.654543,3.390753
IsPETaseWT_pool_668,9.773576,12.501481,2.651819,3.387273
IsPETaseWT_pool_1177,9.765757,12.491493,2.644000,3.377286
IsPETaseWT_pool_1741,9.765687,12.491404,2.643930,3.377196
IsPETaseWT_pool_3944,9.762219,12.486974,2.640462,3.372766
IsPETaseWT_pool_487,9.760949,12.485352,2.639192,3.371144
IsPETaseWT_pool_3418,9.756657,12.479870,2.634900,3.365662
IsPETaseWT_pool_4507,9.755117,12.477903,2.633360,3.363695
IsPETaseWT_pool_1239,9.753784,12.476200,2.632027,3.361992
IsPETaseWT_pool_1412,9.753048,12.475260,2.631291,3.361052
IsPETaseWT_pool_1992,9.752860,12.475020,2.631103,3.360812
IsPETaseWT_pool_1915,9.749456,12.470671,2.627699,3.356464
IsPETaseWT_pool_937,9.746023,12.466286,2.624266,3.352079
IsPETaseWT_pool_2707,9.745728,12.465910,2.623971,3.351702
IsPETaseWT_pool_1373,9.744364,12.464167,2.622607,3.349960
IsPETaseWT_pool_3557,9.737902,12.455913,2.616145,3.341705
IsPETaseWT_pool_3950,9.735075,12.452302,2.613318,3.338094
IsPETaseWT_pool_2181,9.734003,12.450933,2.612246,3.336725
IsPETaseWT_pool_2846,9.732732,12.449309,2.610975,3.335102
IsPETaseWT_pool_3332,9.728358,12.443722,2.606601,3.329514
IsPETaseWT_pool_3767,9.725379,12.439917,2.603622,3.325709
IsPETaseWT_pool_2347,9.723862,12.437979,2.602105,3.323772
IsPETaseWT_pool_454,9.723125,12.437038,2.601368,3.322830
IsPETaseWT_pool_898,9.721351,12.434772,2.599594,3.320564
IsPETaseWT_pool_317,9.717260,12.429546,2.595503,3.315339
IsPETaseWT_pool_1929,9.716885,12.429067,2.595128,3.314860
IsPETaseWT_pool_3126,9.716399,12.428446,2.594642,3.314239
IsPETaseWT_pool_3063,9.715700,12.427554,2.593943,3.313346
IsPETaseWT_pool_4517,9.708092,12.417836,2.586335,3.303628
IsPETaseWT_pool_1250,9.704188,12.412849,2.582431,3.298641
IsPETaseWT_pool_1284,9.701945,12.409984,2.580188,3.295776
IsPETaseWT_pool_3148,9.701903,12.409930,2.580146,3.295722
IsPETaseWT_pool_21,9.701669,12.409631,2.579912,3.295424
IsPETaseWT_pool_439,9.699136,12.406396,2.577379,3.292188
IsPETaseWT_pool_3648,9.696208,12.402656,2.574451,3.288448
IsPETaseWT_pool_1210,9.692842,12.398356,2.571085,3.284149
IsPETaseWT_pool_4559,9.688931,12.393361,2.567174,3.279153
IsPETaseWT_pool_4160,9.688255,12.392497,2.566498,3.278289
IsPETaseWT_pool_1407,9.687005,12.390900,2.565248,3.276693
IsPETaseWT_pool_1832,9.686678,12.390483,2.564921,3.276275
IsPETaseWT_pool_3908,9.684669,12.387916,2.562912,3.273709
IsPETaseWT_pool_125,9.682484,12.385125,2.560727,3.270918
IsPETaseWT_pool_534,9.680054,12.382022,2.558297,3.267814
IsPETaseWT_pool_3922,9.679545,12.381371,2.557788,3.267164
IsPETaseWT_pool_185,9.669198,12.368155,2.547441,3.253947
IsPETaseWT_pool_1913,9.666960,12.365296,2.545203,3.251088
IsPETaseWT_pool_3396,9.666430,12.364619,2.544673,3.250411
IsPETaseWT_pool_1355,9.662632,12.359768,2.540875,3.245560
IsPETaseWT_pool_4856,9.662333,12.359386,2.540576,3.245178
IsPETaseWT_pool_2009,9.661920,12.358858,2.540163,3.244651
IsPETaseWT_pool_1893,9.657236,12.352875,2.535479,3.238668
IsPETaseWT_pool_4148,9.651718,12.345827,2.529961,3.231619
IsPETaseWT_pool_2038,9.643433,12.335244,2.521676,3.221036
IsPETaseWT_pool_68,9.642243,12.333724,2.520486,3.219516
IsPETaseWT_pool_1257,9.635777,12.325465,2.514020,3.211257
IsPETaseWT_pool_3713,9.635617,12.325260,2.513860,3.211053
IsPETaseWT_pool_3501,9.629168,12.317023,2.507411,3.202815
IsPETaseWT_pool_1847,9.624374,12.310899,2.502617,3.196692
IsPETaseWT_pool_211,9.612823,12.296145,2.491066,3.181937
IsPETaseWT_pool_4834,9.608929,12.291171,2.487172,3.176963
IsPETaseWT_pool_4117,9.601733,12.281979,2.479976,3.167771
IsPETaseWT_pool_3222,9.600377,12.280247,2.478620,3.166039
IsPETaseWT_pool_2360,9.594335,12.272529,2.472578,3.158322
IsPETaseWT_pool_4203,9.592957,12.270769,2.471200,3.156561
IsPETaseWT_pool_324,9.591259,12.268600,2.469502,3.154393
IsPETaseWT_pool_1594,9.587388,12.263656,2.465631,3.149448
IsPETaseWT_pool_481,9.586124,12.262041,2.464367,3.147833
IsPETaseWT_pool_2915,9.584746,12.260281,2.462989,3.146073
IsPETaseWT_pool_1517,9.584413,12.259856,2.462656,3.145648
IsPETaseWT_pool_3729,9.577600,12.251153,2.455843,3.136945
IsPETaseWT_pool_1377,9.576531,12.249788,2.454774,3.135580
IsPETaseWT_pool_3745,9.575997,12.249105,2.454240,3.134898
IsPETaseWT_pool_85,9.575775,12.248822,2.454018,3.134614
IsPETaseWT_pool_4342,9.565568,12.235784,2.443811,3.121576
IsPETaseWT_pool_2035,9.563197,12.232755,2.441440,3.118548
IsPETaseWT_pool_4425,9.562843,12.232303,2.441086,3.118096
IsPETaseWT_pool_4075,9.542931,12.206869,2.421174,3.092661
IsPETaseWT_pool_3580,9.540313,12.203525,2.418556,3.089317
IsPETaseWT_pool_3204,9.540216,12.203401,2.418459,3.089193
IsPETaseWT_pool_914,9.538725,12.201496,2.416968,3.087289
IsPETaseWT_pool_2897,9.521109,12.178995,2.399352,3.064787
IsPETaseWT_pool_248,9.519463,12.176892,2.397706,3.062685
IsPETaseWT_pool_602,9.518751,12.175983,2.396994,3.061775
IsPETaseWT_pool_1874,9.510111,12.164947,2.388354,3.050739
IsPETaseWT_pool_3731,9.500744,12.152982,2.378987,3.038774
IsPETaseWT_pool_4702,9.496044,12.146978,2.374287,3.032771
IsPETaseWT_pool_4471,9.492407,12.142333,2.370650,3.028125
IsPETaseWT_pool_3461,9.489757,12.138948,2.368000,3.024740
IsPETaseWT_pool_832,9.486758,12.135117,2.365001,3.020909
IsPETaseWT_pool_823,9.481228,12.128053,2.359471,3.013846
IsPETaseWT_pool_236,9.474194,12.119068,2.352437,3.004861
IsPETaseWT_pool_3358,9.461294,12.102591,2.339537,2.988383
IsPETaseWT_pool_568,9.455462,12.095141,2.333705,2.980934
IsPETaseWT_pool_303,9.452929,12.091906,2.331172,2.977698
IsPETaseWT_pool_4549,9.451025,12.089474,2.329268,2.975266
IsPETaseWT_pool_252,9.447340,12.084767,2.325583,2.970559
IsPETaseWT_pool_2999,9.446850,12.084141,2.325093,2.969933
IsPETaseWT_pool_1837,9.440970,12.076630,2.319213,2.962422
IsPETaseWT_pool_4573,9.440468,12.075989,2.318711,2.961781
IsPETaseWT_pool_1743,9.433019,12.066474,2.311262,2.952266
IsPETaseWT_pool_2311,9.418109,12.047429,2.296352,2.933221
IsPETaseWT_pool_1673,9.414979,12.043431,2.293222,2.929223
IsPETaseWT_pool_1046,9.413798,12.041922,2.292041,2.927715
IsPETaseWT_pool_2974,9.410056,12.037142,2.288299,2.922935
IsPETaseWT_pool_2093,9.407041,12.033291,2.285284,2.919084
IsPETaseWT_pool_3734,9.391671,12.013659,2.269914,2.899451
IsPETaseWT_pool_310,9.391578,12.013540,2.269821,2.899332
IsPETaseWT_pool_3380,9.380549,11.999452,2.258792,2.885244
IsPETaseWT_pool_2137,9.379099,11.997600,2.257342,2.883392
IsPETaseWT_pool_41,9.374909,11.992248,2.253152,2.878040
IsPETaseWT_pool_941,9.370130,11.986143,2.248373,2.871936
IsPETaseWT_pool_4775,9.369332,11.985124,2.247575,2.870916
IsPETaseWT_pool_1518,9.368720,11.984342,2.246963,2.870135
IsPETaseWT_pool_804,9.368256,11.983750,2.246499,2.869542
IsPETaseWT_pool_3539,9.362435,11.976314,2.240678,2.862107
IsPETaseWT_pool_2881,9.360168,11.973419,2.238411,2.859211
IsPETaseWT_pool_238,9.352644,11.963808,2.230887,2.849600
IsPETaseWT_pool_3175,9.339860,11.947478,2.218103,2.833271
IsPETaseWT_pool_1574,9.336446,11.943117,2.214689,2.828910
IsPETaseWT_pool_2663,9.330348,11.935328,2.208591,2.821121
IsPETaseWT_pool_1339,9.328806,11.933359,2.207049,2.819151
IsPETaseWT_pool_1680,9.328274,11.932679,2.206517,2.818471
IsPETaseWT_pool_2202,9.327785,11.932054,2.206028,2.817847
IsPETaseWT_pool_4325,9.321814,11.924427,2.200057,2.810220
IsPETaseWT_pool_611,9.318129,11.919720,2.196372,2.805513
IsPETaseWT_pool_3151,9.317467,11.918875,2.195710,2.804667
IsPETaseWT_pool_1985,9.302633,11.899927,2.180876,2.785719
IsPETaseWT_pool_3482,9.294727,11.889828,2.172970,2.775620
IsPETaseWT_pool_1179,9.294668,11.889753,2.172911,2.775545
IsPETaseWT_pool_1706,9.292994,11.887615,2.171237,2.773407
IsPETaseWT_pool_2134,9.290318,11.884196,2.168561,2.769989
IsPETaseWT_pool_2424,9.289454,11.883093,2.167697,2.768885
IsPETaseWT_pool_3337,9.287086,11.880068,2.165329,2.765860
IsPETaseWT_pool_435,9.284726,11.877053,2.162969,2.762846
IsPETaseWT_pool_1043,9.274181,11.863584,2.152424,2.749376
IsPETaseWT_pool_1919,9.271329,11.859941,2.149572,2.745733
IsPETaseWT_pool_2148,9.270375,11.858722,2.148618,2.744515
IsPETaseWT_pool_261,9.266615,11.853920,2.144858,2.739712
IsPETaseWT_pool_2204,9.260843,11.846547,2.139086,2.732339
IsPETaseWT_pool_2198,9.259502,11.844834,2.137745,2.730626
IsPETaseWT_pool_4136,9.254171,11.838024,2.132414,2.723817
IsPETaseWT_pool_2551,9.242839,11.823550,2.121082,2.709342
IsPETaseWT_pool_1039,9.241617,11.821989,2.119860,2.707781
IsPETaseWT_pool_1568,9.236673,11.815673,2.114916,2.701466
IsPETaseWT_pool_787,9.232618,11.810494,2.110861,2.696286
IsPETaseWT_pool_4604,9.232198,11.809957,2.110441,2.695750
IsPETaseWT_pool_2143,9.229913,11.807039,2.108156,2.692831
IsPETaseWT_pool_4898,9.228978,11.805844,2.107221,2.691637
IsPETaseWT_pool_775,9.227979,11.804568,2.106222,2.690361
IsPETaseWT_pool_4076,9.227832,11.804381,2.106075,2.690173
IsPETaseWT_pool_251,9.215178,11.788217,2.093421,2.674009
IsPETaseWT_pool_2720,9.213055,11.785505,2.091298,2.671298
IsPETaseWT_pool_983,9.210357,11.782059,2.088600,2.667851
IsPETaseWT_pool_2138,9.207995,11.779042,2.086238,2.664834
IsPETaseWT_pool_2240,9.198168,11.766490,2.076411,2.652282
IsPETaseWT_pool_1211,9.186970,11.752186,2.065213,2.637978
IsPETaseWT_pool_4516,9.182299,11.746219,2.060542,2.632012
IsPETaseWT_pool_3651,9.172623,11.733860,2.050866,2.619652
IsPETaseWT_pool_1635,9.159435,11.717014,2.037678,2.602807
IsPETaseWT_pool_419,9.157838,11.714974,2.036081,2.600767
IsPETaseWT_pool_4005,9.157086,11.714014,2.035329,2.599806
IsPETaseWT_pool_1123,9.151009,11.706251,2.029252,2.592044
IsPETaseWT_pool_3320,9.137492,11.688986,2.015735,2.574778
IsPETaseWT_pool_178,9.128036,11.676907,2.006279,2.562699
IsPETaseWT_pool_4453,9.124804,11.672779,2.003047,2.558571
IsPETaseWT_pool_155,9.114379,11.659463,1.992622,2.545255
IsPETaseWT_pool_2083,9.112392,11.656924,1.990635,2.542717
IsPETaseWT_pool_820,9.107742,11.650985,1.985985,2.536777
IsPETaseWT_pool_22,9.104679,11.647072,1.982922,2.532865
IsPETaseWT_pool_54,9.064611,11.595892,1.942854,2.481684
IsPETaseWT_pool_3460,9.063917,11.595005,1.942160,2.480798
IsPETaseWT_pool_4381,9.060917,11.591173,1.939160,2.476966
IsPETaseWT_pool_1527,9.044913,11.570731,1.923156,2.456523
IsPETaseWT_pool_3136,9.034669,11.557646,1.912912,2.443438
IsPETaseWT_pool_255,9.022781,11.542461,1.901024,2.428253
IsPETaseWT_pool_2606,9.017478,11.535687,1.895721,2.421479
IsPETaseWT_pool_1140,9.014290,11.531615,1.892533,2.417407
IsPETaseWT_pool_2626,9.000880,11.514486,1.879123,2.400278
IsPETaseWT_pool_4828,8.993996,11.505693,1.872239,2.391485
IsPETaseWT_pool_1050,8.988833,11.499098,1.867076,2.384890
IsPETaseWT_pool_2708,8.986629,11.496282,1.864872,2.382075
IsPETaseWT_pool_1424,8.964768,11.468358,1.843011,2.354151
IsPETaseWT_pool_2766,8.949443,11.448783,1.827686,2.334576
IsPETaseWT_pool_2514,8.946923,11.445564,1.825166,2.331357
IsPETaseWT_pool_3524,8.946838,11.445456,1.825081,2.331248
IsPETaseWT_pool_745,8.943868,11.441662,1.822111,2.327454
IsPETaseWT_pool_1190,8.941879,11.439121,1.820122,2.324914
IsPETaseWT_pool_2262,8.929141,11.422851,1.807384,2.308643
IsPETaseWT_pool_4059,8.924077,11.416382,1.802320,2.302175
IsPETaseWT_pool_655,8.916006,11.406073,1.794249,2.291865
IsPETaseWT_pool_3549,8.896523,11.381186,1.774766,2.266979
IsPETaseWT_pool_1671,8.878660,11.358369,1.756903,2.244162
IsPETaseWT_pool_1290,8.876535,11.355655,1.754778,2.241447
IsPETaseWT_pool_4329,8.873447,11.351711,1.751690,2.237503
IsPETaseWT_pool_3088,8.854208,11.327136,1.732451,2.212928
IsPETaseWT_pool_762,8.839352,11.308160,1.717595,2.193952
IsPETaseWT_pool_1281,8.806695,11.266446,1.684938,2.152238
IsPETaseWT_pool_3268,8.799574,11.257350,1.677817,2.143142
IsPETaseWT_pool_2344,8.770823,11.220625,1.649066,2.106417
IsPETaseWT_pool_3361,8.763859,11.211729,1.642102,2.097522
IsPETaseWT_pool_606,8.763562,11.211350,1.641805,2.097142
IsPETaseWT_pool_3441,8.746055,11.188988,1.624298,2.074780
IsPETaseWT_pool_1625,8.738165,11.178909,1.616408,2.064702
IsPETaseWT_pool_2695,8.720787,11.156712,1.599030,2.042504
IsPETaseWT_pool_2808,8.660820,11.080114,1.539063,1.965906
IsPETaseWT_pool_1484,8.639578,11.052980,1.517821,1.938773
IsPETaseWT_pool_293,8.609266,11.014262,1.487509,1.900054
IsPETaseWT_pool_2207,8.605217,11.009090,1.483460,1.894882
IsPETaseWT_pool_3282,8.594613,10.995545,1.472856,1.881337
IsPETaseWT_pool_3837,8.563606,10.955938,1.441849,1.841731
IsPETaseWT_pool_280,8.561224,10.952896,1.439467,1.838688
IsPETaseWT_pool_2109,8.531318,10.914696,1.409561,1.800488
IsPETaseWT_pool_294,8.518177,10.897910,1.396420,1.783702
IsPETaseWT_pool_4947,8.508037,10.884958,1.386280,1.770750
IsPETaseWT_pool_2013,8.481306,10.850813,1.359549,1.736606
IsPETaseWT_pool_1753,8.452284,10.813742,1.330527,1.699535
IsPETaseWT_pool_3097,8.428410,10.783247,1.306653,1.669040
IsPETaseWT_pool_1867,8.405252,10.753667,1.283495,1.639459
IsPETaseWT_pool_4110,8.330058,10.657618,1.208301,1.543411
IsPETaseWT_pool_4056,8.258087,10.565687,1.136330,1.451479
IsPETaseWT_pool_4647,8.160008,10.440407,1.038251,1.326199
IsPETaseWT_pool_1697,8.131345,10.403794,1.009588,1.289587
IsPETaseWT_pool_3812,7.970329,10.198122,0.848572,1.083915
IsPETaseWT_pool_188,7.881947,10.085228,0.760190,0.971021
IsPETaseWT_pool_2064,7.784953,9.961334,0.663196,0.847126
IsPETaseWT_pool_980,7.681778,9.829545,0.560021,0.715337
IsPETaseWT_pool_2409,7.173376,9.180143,0.051619,0.065935
IsPETaseWT_pool_3798,6.501386,8.321783,-0.620371,-0.792424
IsPETaseWT_pool_4101,3.133617,4.019999,-3.988140,-5.094209
