id,prediction
IsPETaseWT_pool_1280,20.014904
IsPETaseWT_pool_429,19.478109
IsPETaseWT_pool_88,19.324631
IsPETaseWT_pool_703,19.236368
IsPETaseWT_pool_514,19.149389
IsPETaseWT_pool_3720,19.103544
IsPETaseWT_pool_3568,19.048885
IsPETaseWT_pool_3505,18.996637
IsPETaseWT_pool_4808,18.827293
IsPETaseWT_pool_4781,18.815451
IsPETaseWT_pool_4338,18.812151
IsPETaseWT_pool_1296,18.761923
IsPETaseWT_pool_3882,18.584597
IsPETaseWT_pool_3849,18.534990
IsPETaseWT_pool_4951,18.426846
IsPETaseWT_pool_3497,18.385084
IsPETaseWT_pool_4963,18.349289
IsPETaseWT_pool_3100,18.318899
IsPETaseWT_pool_4680,18.290918
IsPETaseWT_pool_1559,18.284916
IsPETaseWT_pool_1620,18.284897
IsPETaseWT_pool_2682,18.277870
IsPETaseWT_pool_4835,18.249655
IsPETaseWT_pool_3220,18.186789
IsPETaseWT_pool_4164,18.041843
IsPETaseWT_pool_3587,18.028736
IsPETaseWT_pool_2132,17.986454
IsPETaseWT_pool_4780,17.983202
IsPETaseWT_pool_1780,17.967758
IsPETaseWT_pool_2966,17.960531
IsPETaseWT_pool_4218,17.956701
IsPETaseWT_pool_4864,17.927057
IsPETaseWT_pool_2622,17.926094
IsPETaseWT_pool_1880,17.905209
IsPETaseWT_pool_2049,17.869251
IsPETaseWT_pool_4079,17.863998
IsPETaseWT_pool_795,17.854675
IsPETaseWT_pool_3668,17.852407
IsPETaseWT_pool_2917,17.828880
IsPETaseWT_pool_3609,17.823883
IsPETaseWT_pool_4981,17.784029
IsPETaseWT_pool_4636,17.770395
IsPETaseWT_pool_3030,17.718922
IsPETaseWT_pool_111,17.698475
IsPETaseWT_pool_2511,17.690807
IsPETaseWT_pool_984,17.688004
IsPETaseWT_pool_4506,17.671476
IsPETaseWT_pool_3230,17.647717
IsPETaseWT_pool_120,17.643799
IsPETaseWT_pool_4956,17.624918
IsPETaseWT_pool_2453,17.613152
IsPETaseWT_pool_3570,17.590338
IsPETaseWT_pool_1062,17.561142
IsPETaseWT_pool_3548,17.545568
IsPETaseWT_pool_553,17.517351
IsPETaseWT_pool_4526,17.487684
IsPETaseWT_pool_1286,17.472952
IsPETaseWT_pool_4127,17.456549
IsPETaseWT_pool_115,17.453344
IsPETaseWT_pool_3240,17.452534
IsPETaseWT_pool_1754,17.438454
IsPETaseWT_pool_279,17.413990
IsPETaseWT_pool_1191,17.410458
IsPETaseWT_pool_361,17.398855
IsPETaseWT_pool_2316,17.383415
IsPETaseWT_pool_4226,17.378017
IsPETaseWT_pool_315,17.371132
IsPETaseWT_pool_2166,17.354702
IsPETaseWT_pool_3693,17.352978
IsPETaseWT_pool_1825,17.350399
IsPETaseWT_pool_2992,17.346020
IsPETaseWT_pool_1155,17.345112
IsPETaseWT_pool_2071,17.340130
IsPETaseWT_pool_1300,17.335356
IsPETaseWT_pool_1864,17.334005
IsPETaseWT_pool_4081,17.279404
IsPETaseWT_pool_1481,17.272898
IsPETaseWT_pool_2839,17.272362
IsPETaseWT_pool_3293,17.244183
IsPETaseWT_pool_3639,17.215662
IsPETaseWT_pool_3626,17.210943
IsPETaseWT_pool_862,17.194687
IsPETaseWT_pool_2088,17.188690
IsPETaseWT_pool_1727,17.187576
IsPETaseWT_pool_3327,17.186724
IsPETaseWT_pool_1703,17.180643
IsPETaseWT_pool_1454,17.176796
IsPETaseWT_pool_2548,17.167791
IsPETaseWT_pool_215,17.166336
IsPETaseWT_pool_4805,17.158495
IsPETaseWT_pool_866,17.151640
IsPETaseWT_pool_4829,17.150452
IsPETaseWT_pool_43,17.143648
IsPETaseWT_pool_3547,17.120611
IsPETaseWT_pool_2851,17.114704
IsPETaseWT_pool_3926,17.107994
IsPETaseWT_pool_3470,17.100225
IsPETaseWT_pool_4477,17.097746
IsPETaseWT_pool_1770,17.097216
IsPETaseWT_pool_2987,17.093874
IsPETaseWT_pool_789,17.068100
IsPETaseWT_pool_4316,17.064938
IsPETaseWT_pool_4320,17.064478
IsPETaseWT_pool_2629,17.054773
IsPETaseWT_pool_72,17.047016
IsPETaseWT_pool_3283,17.044796
IsPETaseWT_pool_2531,17.040655
IsPETaseWT_pool_3512,17.036598
IsPETaseWT_pool_2458,17.005499
IsPETaseWT_pool_2342,17.004347
IsPETaseWT_pool_3551,17.002377
IsPETaseWT_pool_2717,16.999855
IsPETaseWT_pool_4774,16.998158
IsPETaseWT_pool_3746,16.996750
IsPETaseWT_pool_690,16.995604
IsPETaseWT_pool_2279,16.995163
IsPETaseWT_pool_2768,16.993786
IsPETaseWT_pool_4960,16.975182
IsPETaseWT_pool_3190,16.973486
IsPETaseWT_pool_1279,16.971409
IsPETaseWT_pool_3156,16.969212
IsPETaseWT_pool_2042,16.946192
IsPETaseWT_pool_2611,16.942184
IsPETaseWT_pool_1521,16.941893
IsPETaseWT_pool_3533,16.938644
IsPETaseWT_pool_1873,16.933554
IsPETaseWT_pool_209,16.931004
IsPETaseWT_pool_4785,16.923409
IsPETaseWT_pool_3390,16.906338
IsPETaseWT_pool_2829,16.901258
IsPETaseWT_pool_4710,16.888464
IsPETaseWT_pool_4592,16.876785
IsPETaseWT_pool_4035,16.873512
IsPETaseWT_pool_2986,16.868004
IsPETaseWT_pool_2432,16.860674
IsPETaseWT_pool_4587,16.845083
IsPETaseWT_pool_2893,16.841942
IsPETaseWT_pool_3104,16.838390
IsPETaseWT_pool_2308,16.827494
IsPETaseWT_pool_1830,16.821741
IsPETaseWT_pool_3315,16.815205
IsPETaseWT_pool_1098,16.813204
IsPETaseWT_pool_678,16.807352
IsPETaseWT_pool_1883,16.806767
IsPETaseWT_pool_1961,16.806089
IsPETaseWT_pool_509,16.801147
IsPETaseWT_pool_3937,16.797430
IsPETaseWT_pool_3160,16.794998
IsPETaseWT_pool_4311,16.793137
IsPETaseWT_pool_960,16.785955
IsPETaseWT_pool_4978,16.778975
IsPETaseWT_pool_1076,16.765459
IsPETaseWT_pool_757,16.751907
IsPETaseWT_pool_2291,16.751781
IsPETaseWT_pool_1954,16.745230
IsPETaseWT_pool_3221,16.742315
IsPETaseWT_pool_3942,16.734224
IsPETaseWT_pool_3610,16.733780
IsPETaseWT_pool_1289,16.733328
IsPETaseWT_pool_4713,16.733288
IsPETaseWT_pool_2229,16.728544
IsPETaseWT_pool_2047,16.725065
IsPETaseWT_pool_4205,16.710957
IsPETaseWT_pool_1170,16.691908
IsPETaseWT_pool_1898,16.676357
IsPETaseWT_pool_4643,16.676025
IsPETaseWT_pool_4972,16.667971
IsPETaseWT_pool_4974,16.632578
IsPETaseWT_pool_4123,16.627621
IsPETaseWT_pool_1261,16.623699
IsPETaseWT_pool_617,16.623373
IsPETaseWT_pool_4463,16.623236
IsPETaseWT_pool_1576,16.622353
IsPETaseWT_pool_345,16.617828
IsPETaseWT_pool_2927,16.608767
IsPETaseWT_pool_3737,16.606932
IsPETaseWT_pool_1466,16.605650
IsPETaseWT_pool_2221,16.600519
IsPETaseWT_pool_3919,16.600143
IsPETaseWT_pool_3979,16.596445
IsPETaseWT_pool_3896,16.593412
IsPETaseWT_pool_2501,16.590082
IsPETaseWT_pool_4141,16.569201
IsPETaseWT_pool_3959,16.565323
IsPETaseWT_pool_665,16.557270
IsPETaseWT_pool_4860,16.555899
IsPETaseWT_pool_3022,16.545584
IsPETaseWT_pool_2833,16.541817
IsPETaseWT_pool_2655,16.540735
IsPETaseWT_pool_1022,16.529100
IsPETaseWT_pool_1712,16.527658
IsPETaseWT_pool_811,16.527641
IsPETaseWT_pool_4509,16.513153
IsPETaseWT_pool_925,16.507004
IsPETaseWT_pool_725,16.506533
IsPETaseWT_pool_4001,16.505512
IsPETaseWT_pool_3428,16.502495
IsPETaseWT_pool_1488,16.501390
IsPETaseWT_pool_1896,16.500565
IsPETaseWT_pool_1872,16.499886
IsPETaseWT_pool_2287,16.491913
IsPETaseWT_pool_2665,16.491409
IsPETaseWT_pool_116,16.475409
IsPETaseWT_pool_4798,16.471861
IsPETaseWT_pool_1547,16.468473
IsPETaseWT_pool_2245,16.465103
IsPETaseWT_pool_518,16.463753
IsPETaseWT_pool_527,16.463257
IsPETaseWT_pool_3387,16.451307
IsPETaseWT_pool_4180,16.444366
IsPETaseWT_pool_1445,16.424221
IsPETaseWT_pool_3678,16.422901
IsPETaseWT_pool_1343,16.418238
IsPETaseWT_pool_2336,16.413700
IsPETaseWT_pool_3847,16.410084
IsPETaseWT_pool_4264,16.402609
IsPETaseWT_pool_1971,16.392929
IsPETaseWT_pool_95,16.392735
IsPETaseWT_pool_3033,16.389360
IsPETaseWT_pool_3074,16.388939
IsPETaseWT_pool_2372,16.387909
IsPETaseWT_pool_4583,16.364170
IsPETaseWT_pool_4946,16.359749
IsPETaseWT_pool_1558,16.356226
IsPETaseWT_pool_3090,16.354527
IsPETaseWT_pool_2507,16.352255
IsPETaseWT_pool_4529,16.348675
IsPETaseWT_pool_2235,16.347507
IsPETaseWT_pool_4461,16.345621
IsPETaseWT_pool_1997,16.340918
IsPETaseWT_pool_3324,16.338182
IsPETaseWT_pool_3232,16.323093
IsPETaseWT_pool_3291,16.313990
IsPETaseWT_pool_3312,16.302959
IsPETaseWT_pool_4158,16.301464
IsPETaseWT_pool_0,16.298622
IsPETaseWT_pool_3787,16.281641
IsPETaseWT_pool_1920,16.280207
IsPETaseWT_pool_1784,16.269354
IsPETaseWT_pool_4571,16.268860
IsPETaseWT_pool_1814,16.251963
IsPETaseWT_pool_3733,16.249516
IsPETaseWT_pool_424,16.247318
IsPETaseWT_pool_3838,16.242405
IsPETaseWT_pool_2075,16.241865
IsPETaseWT_pool_3739,16.241373
IsPETaseWT_pool_4000,16.239878
IsPETaseWT_pool_3516,16.231304
IsPETaseWT_pool_4244,16.219860
IsPETaseWT_pool_3644,16.218023
IsPETaseWT_pool_1609,16.217846
IsPETaseWT_pool_1066,16.217117
IsPETaseWT_pool_900,16.214281
IsPETaseWT_pool_2563,16.212496
IsPETaseWT_pool_577,16.212103
IsPETaseWT_pool_1599,16.209490
IsPETaseWT_pool_3795,16.177721
IsPETaseWT_pool_1935,16.177525
IsPETaseWT_pool_4910,16.175989
IsPETaseWT_pool_4852,16.174761
IsPETaseWT_pool_3300,16.159843
IsPETaseWT_pool_3475,16.159500
IsPETaseWT_pool_4188,16.157253
IsPETaseWT_pool_2361,16.155792
IsPETaseWT_pool_2852,16.151340
IsPETaseWT_pool_239,16.151264
IsPETaseWT_pool_2558,16.144770
IsPETaseWT_pool_4255,16.140261
IsPETaseWT_pool_2227,16.123756
IsPETaseWT_pool_560,16.118385
IsPETaseWT_pool_525,16.116926
IsPETaseWT_pool_2418,16.105803
IsPETaseWT_pool_1822,16.105427
IsPETaseWT_pool_2115,16.103935
IsPETaseWT_pool_3401,16.095980
IsPETaseWT_pool_2973,16.094357
IsPETaseWT_pool_1766,16.092741
IsPETaseWT_pool_2699,16.088688
IsPETaseWT_pool_1716,16.083431
IsPETaseWT_pool_2470,16.081139
IsPETaseWT_pool_187,16.080154
IsPETaseWT_pool_1475,16.077509
IsPETaseWT_pool_3931,16.074997
IsPETaseWT_pool_1682,16.072510
IsPETaseWT_pool_2171,16.064245
IsPETaseWT_pool_36,16.064150
IsPETaseWT_pool_1735,16.063366
IsPETaseWT_pool_3975,16.063021
IsPETaseWT_pool_3521,16.058834
IsPETaseWT_pool_1885,16.046976
IsPETaseWT_pool_3851,16.042011
IsPETaseWT_pool_2774,16.034380
IsPETaseWT_pool_2749,16.034008
IsPETaseWT_pool_1132,16.033518
IsPETaseWT_pool_1474,16.029247
IsPETaseWT_pool_4556,16.028908
IsPETaseWT_pool_4551,16.027702
IsPETaseWT_pool_4862,16.019543
IsPETaseWT_pool_4664,16.018932
IsPETaseWT_pool_298,16.018566
IsPETaseWT_pool_4916,16.017027
IsPETaseWT_pool_613,16.016747
IsPETaseWT_pool_3392,16.013235
IsPETaseWT_pool_2732,16.011990
IsPETaseWT_pool_1642,16.011627
IsPETaseWT_pool_1901,16.010826
IsPETaseWT_pool_1918,16.006428
IsPETaseWT_pool_861,16.003633
IsPETaseWT_pool_716,15.993371
IsPETaseWT_pool_563,15.988566
IsPETaseWT_pool_2366,15.983010
IsPETaseWT_pool_886,15.982963
IsPETaseWT_pool_4291,15.979733
IsPETaseWT_pool_3890,15.976306
IsPETaseWT_pool_150,15.976235
IsPETaseWT_pool_4562,15.963737
IsPETaseWT_pool_143,15.963429
IsPETaseWT_pool_4825,15.960589
IsPETaseWT_pool_432,15.960399
IsPETaseWT_pool_3166,15.959271
IsPETaseWT_pool_2603,15.958890
IsPETaseWT_pool_4851,15.956809
IsPETaseWT_pool_2601,15.951509
IsPETaseWT_pool_4975,15.945981
IsPETaseWT_pool_2721,15.945773
IsPETaseWT_pool_1884,15.940923
IsPETaseWT_pool_3932,15.937469
IsPETaseWT_pool_2179,15.936479
IsPETaseWT_pool_3893,15.934592
IsPETaseWT_pool_4298,15.932452
IsPETaseWT_pool_4455,15.926498
IsPETaseWT_pool_538,15.926012
IsPETaseWT_pool_1516,15.923018
IsPETaseWT_pool_2862,15.920491
IsPETaseWT_pool_888,15.916653
IsPETaseWT_pool_3226,15.916513
IsPETaseWT_pool_4401,15.911414
IsPETaseWT_pool_1055,15.910645
IsPETaseWT_pool_947,15.905481
IsPETaseWT_pool_4130,15.901865
IsPETaseWT_pool_1500,15.901098
IsPETaseWT_pool_1465,15.899916
IsPETaseWT_pool_2055,15.898335
IsPETaseWT_pool_3323,15.887407
IsPETaseWT_pool_196,15.886618
IsPETaseWT_pool_3757,15.881444
IsPETaseWT_pool_1010,15.880844
IsPETaseWT_pool_2447,15.872675
IsPETaseWT_pool_4423,15.869120
IsPETaseWT_pool_1931,15.868485
IsPETaseWT_pool_4312,15.862807
IsPETaseWT_pool_719,15.859806
IsPETaseWT_pool_2653,15.850977
IsPETaseWT_pool_1785,15.849252
IsPETaseWT_pool_2456,15.846769
IsPETaseWT_pool_2350,15.843786
IsPETaseWT_pool_1376,15.842072
IsPETaseWT_pool_4723,15.833350
IsPETaseWT_pool_904,15.831900
IsPETaseWT_pool_997,15.829439
IsPETaseWT_pool_635,15.828455
IsPETaseWT_pool_423,15.827852
IsPETaseWT_pool_4712,15.825087
IsPETaseWT_pool_327,15.823410
IsPETaseWT_pool_1434,15.811442
IsPETaseWT_pool_1789,15.810280
IsPETaseWT_pool_219,15.803761
IsPETaseWT_pool_4590,15.802137
IsPETaseWT_pool_56,15.801552
IsPETaseWT_pool_2847,15.799350
IsPETaseWT_pool_1410,15.796371
IsPETaseWT_pool_4363,15.792879
IsPETaseWT_pool_781,15.790598
IsPETaseWT_pool_320,15.785639
IsPETaseWT_pool_2669,15.785519
IsPETaseWT_pool_3865,15.785239
IsPETaseWT_pool_1562,15.784508
IsPETaseWT_pool_4064,15.777433
IsPETaseWT_pool_3306,15.775887
IsPETaseWT_pool_4896,15.765324
IsPETaseWT_pool_890,15.763148
IsPETaseWT_pool_463,15.762519
IsPETaseWT_pool_4789,15.761970
IsPETaseWT_pool_2368,15.760492
IsPETaseWT_pool_2878,15.754766
IsPETaseWT_pool_4645,15.754488
IsPETaseWT_pool_4830,15.751757
IsPETaseWT_pool_2338,15.751369
IsPETaseWT_pool_1667,15.739384
IsPETaseWT_pool_1686,15.736713
IsPETaseWT_pool_746,15.733369
IsPETaseWT_pool_1871,15.730489
IsPETaseWT_pool_243,15.726494
IsPETaseWT_pool_4682,15.722094
IsPETaseWT_pool_4414,15.717449
IsPETaseWT_pool_1048,15.717321
IsPETaseWT_pool_338,15.712225
IsPETaseWT_pool_3211,15.711261
IsPETaseWT_pool_3706,15.707275
IsPETaseWT_pool_4406,15.696807
IsPETaseWT_pool_1723,15.695782
IsPETaseWT_pool_1494,15.695606
IsPETaseWT_pool_277,15.691512
IsPETaseWT_pool_592,15.682684
IsPETaseWT_pool_4297,15.674812
IsPETaseWT_pool_2492,15.672756
IsPETaseWT_pool_3788,15.670525
IsPETaseWT_pool_127,15.663774
IsPETaseWT_pool_2869,15.662171
IsPETaseWT_pool_4280,15.657027
IsPETaseWT_pool_1799,15.656405
IsPETaseWT_pool_182,15.656212
IsPETaseWT_pool_445,15.654972
IsPETaseWT_pool_2062,15.653837
IsPETaseWT_pool_4512,15.644083
IsPETaseWT_pool_2403,15.642392
IsPETaseWT_pool_2859,15.642375
IsPETaseWT_pool_2812,15.640094
IsPETaseWT_pool_2036,15.639126
IsPETaseWT_pool_2357,15.638637
IsPETaseWT_pool_1974,15.636119
IsPETaseWT_pool_2155,15.633126
IsPETaseWT_pool_2694,15.632325
IsPETaseWT_pool_2676,15.628556
IsPETaseWT_pool_3602,15.625554
IsPETaseWT_pool_2517,15.618511
IsPETaseWT_pool_1930,15.616926
IsPETaseWT_pool_288,15.611549
IsPETaseWT_pool_2870,15.609852
IsPETaseWT_pool_1811,15.608750
IsPETaseWT_pool_1486,15.608714
IsPETaseWT_pool_3963,15.608130
IsPETaseWT_pool_2428,15.605292
IsPETaseWT_pool_78,15.602190
IsPETaseWT_pool_1028,15.601055
IsPETaseWT_pool_2225,15.600413
IsPETaseWT_pool_4230,15.600173
IsPETaseWT_pool_4840,15.597442
IsPETaseWT_pool_4675,15.594261
IsPETaseWT_pool_1045,15.592151
IsPETaseWT_pool_4596,15.590992
IsPETaseWT_pool_1719,15.590022
IsPETaseWT_pool_4434,15.586411
IsPETaseWT_pool_1322,15.584903
IsPETaseWT_pool_1632,15.584609
IsPETaseWT_pool_1644,15.583347
IsPETaseWT_pool_4591,15.576291
IsPETaseWT_pool_2882,15.572345
IsPETaseWT_pool_1820,15.570523
IsPETaseWT_pool_1159,15.570290
IsPETaseWT_pool_90,15.565189
IsPETaseWT_pool_2605,15.558852
IsPETaseWT_pool_3943,15.556269
IsPETaseWT_pool_1065,15.552336
IsPETaseWT_pool_4764,15.548203
IsPETaseWT_pool_403,15.541253
IsPETaseWT_pool_4405,15.536343
IsPETaseWT_pool_4236,15.535498
IsPETaseWT_pool_4565,15.532016
IsPETaseWT_pool_829,15.526101
IsPETaseWT_pool_3227,15.524057
IsPETaseWT_pool_2887,15.522298
IsPETaseWT_pool_3929,15.516659
IsPETaseWT_pool_3535,15.516297
IsPETaseWT_pool_761,15.506064
IsPETaseWT_pool_2740,15.504628
IsPETaseWT_pool_4191,15.504302
IsPETaseWT_pool_4984,15.500986
IsPETaseWT_pool_318,15.496497
IsPETaseWT_pool_2268,15.495377
IsPETaseWT_pool_3844,15.492016
IsPETaseWT_pool_4884,15.478801
IsPETaseWT_pool_2786,15.478222
IsPETaseWT_pool_2005,15.477377
IsPETaseWT_pool_3295,15.471147
IsPETaseWT_pool_1285,15.468787
IsPETaseWT_pool_2121,15.454741
IsPETaseWT_pool_415,15.450626
IsPETaseWT_pool_1507,15.450480
IsPETaseWT_pool_4261,15.449769
IsPETaseWT_pool_2297,15.448783
IsPETaseWT_pool_1744,15.448728
IsPETaseWT_pool_2509,15.445822
IsPETaseWT_pool_3111,15.443570
IsPETaseWT_pool_985,15.443125
IsPETaseWT_pool_3832,15.440114
IsPETaseWT_pool_4421,15.438462
IsPETaseWT_pool_3646,15.435929
IsPETaseWT_pool_447,15.433235
IsPETaseWT_pool_3359,15.430776
IsPETaseWT_pool_4653,15.430264
IsPETaseWT_pool_2188,15.426723
IsPETaseWT_pool_1324,15.422993
IsPETaseWT_pool_2363,15.422669
IsPETaseWT_pool_1732,15.422043
IsPETaseWT_pool_2791,15.421709
IsPETaseWT_pool_2771,15.419694
IsPETaseWT_pool_4855,15.419264
IsPETaseWT_pool_4842,15.416190
IsPETaseWT_pool_2545,15.415562
IsPETaseWT_pool_4920,15.414222
IsPETaseWT_pool_18,15.409773
IsPETaseWT_pool_4633,15.400458
IsPETaseWT_pool_3572,15.392982
IsPETaseWT_pool_257,15.388294
IsPETaseWT_pool_4190,15.387068
IsPETaseWT_pool_216,15.384132
IsPETaseWT_pool_1643,15.382374
IsPETaseWT_pool_3688,15.375566
IsPETaseWT_pool_3680,15.375559
IsPETaseWT_pool_3177,15.375102
IsPETaseWT_pool_2641,15.367376
IsPETaseWT_pool_3536,15.366582
IsPETaseWT_pool_4876,15.364637
IsPETaseWT_pool_3325,15.358324
IsPETaseWT_pool_3203,15.356282
IsPETaseWT_pool_1824,15.352256
IsPETaseWT_pool_1059,15.352158
IsPETaseWT_pool_64,15.349932
IsPETaseWT_pool_4159,15.349819
IsPETaseWT_pool_3110,15.342875
IsPETaseWT_pool_2733,15.342027
IsPETaseWT_pool_1189,15.340342
IsPETaseWT_pool_4113,15.339667
IsPETaseWT_pool_4918,15.339289
IsPETaseWT_pool_965,15.336885
IsPETaseWT_pool_849,15.334665
IsPETaseWT_pool_4197,15.332324
IsPETaseWT_pool_2946,15.330371
IsPETaseWT_pool_2532,15.326793
IsPETaseWT_pool_4907,15.317944
IsPETaseWT_pool_1512,15.315636
IsPETaseWT_pool_4593,15.313007
IsPETaseWT_pool_3664,15.311682
IsPETaseWT_pool_4388,15.305548
IsPETaseWT_pool_1077,15.303962
IsPETaseWT_pool_1630,15.302485
IsPETaseWT_pool_2828,15.301806
IsPETaseWT_pool_4897,15.301318
IsPETaseWT_pool_4039,15.294457
IsPETaseWT_pool_2677,15.293592
IsPETaseWT_pool_2282,15.288507
IsPETaseWT_pool_3200,15.284463
IsPETaseWT_pool_1215,15.281677
IsPETaseWT_pool_2970,15.279211
IsPETaseWT_pool_663,15.278971
IsPETaseWT_pool_844,15.277154
IsPETaseWT_pool_3956,15.266137
IsPETaseWT_pool_2822,15.263662
IsPETaseWT_pool_4630,15.263279
IsPETaseWT_pool_392,15.263173
IsPETaseWT_pool_4051,15.261398
IsPETaseWT_pool_1772,15.259625
IsPETaseWT_pool_4683,15.257890
IsPETaseWT_pool_3084,15.254377
IsPETaseWT_pool_4027,15.250908
IsPETaseWT_pool_3427,15.250282
IsPETaseWT_pool_2163,15.246847
IsPETaseWT_pool_3310,15.244410
IsPETaseWT_pool_4353,15.241332
IsPETaseWT_pool_2315,15.234471
IsPETaseWT_pool_1911,15.234195
IsPETaseWT_pool_4155,15.231629
IsPETaseWT_pool_4169,15.226450
IsPETaseWT_pool_3764,15.225830
IsPETaseWT_pool_137,15.224316
IsPETaseWT_pool_2178,15.221718
IsPETaseWT_pool_1078,15.220342
IsPETaseWT_pool_372,15.219303
IsPETaseWT_pool_273,15.218746
IsPETaseWT_pool_4029,15.213552
IsPETaseWT_pool_4635,15.213161
IsPETaseWT_pool_2637,15.210931
IsPETaseWT_pool_1391,15.208698
IsPETaseWT_pool_3386,15.206465
IsPETaseWT_pool_4066,15.204251
IsPETaseWT_pool_573,15.197242
IsPETaseWT_pool_4893,15.190544
IsPETaseWT_pool_828,15.189888
IsPETaseWT_pool_4062,15.189466
IsPETaseWT_pool_2633,15.188570
IsPETaseWT_pool_4625,15.183448
IsPETaseWT_pool_1945,15.168335
IsPETaseWT_pool_2632,15.164157
IsPETaseWT_pool_4816,15.163539
IsPETaseWT_pool_1994,15.160654
IsPETaseWT_pool_696,15.159510
IsPETaseWT_pool_362,15.158786
IsPETaseWT_pool_451,15.153527
IsPETaseWT_pool_3783,15.150979
IsPETaseWT_pool_384,15.150631
IsPETaseWT_pool_1851,15.150350
IsPETaseWT_pool_1071,15.148171
IsPETaseWT_pool_2735,15.144604
IsPETaseWT_pool_1827,15.140227
IsPETaseWT_pool_505,15.137931
IsPETaseWT_pool_1782,15.126650
IsPETaseWT_pool_1188,15.125084
IsPETaseWT_pool_1120,15.120237
IsPETaseWT_pool_3550,15.118607
IsPETaseWT_pool_2929,15.118475
IsPETaseWT_pool_3819,15.110767
IsPETaseWT_pool_3331,15.110027
IsPETaseWT_pool_3498,15.108869
IsPETaseWT_pool_4821,15.107738
IsPETaseWT_pool_2127,15.106052
IsPETaseWT_pool_3772,15.106018
IsPETaseWT_pool_3534,15.103570
IsPETaseWT_pool_3615,15.102138
IsPETaseWT_pool_1237,15.095253
IsPETaseWT_pool_3321,15.092427
IsPETaseWT_pool_2618,15.086570
IsPETaseWT_pool_1061,15.084882
IsPETaseWT_pool_3575,15.084772
IsPETaseWT_pool_3092,15.083702
IsPETaseWT_pool_4208,15.083692
IsPETaseWT_pool_4836,15.081401
IsPETaseWT_pool_356,15.077884
IsPETaseWT_pool_4688,15.077721
IsPETaseWT_pool_398,15.077663
IsPETaseWT_pool_4442,15.075993
IsPETaseWT_pool_2969,15.073292
IsPETaseWT_pool_2944,15.072928
IsPETaseWT_pool_1928,15.072493
IsPETaseWT_pool_4711,15.067494
IsPETaseWT_pool_4396,15.062534
IsPETaseWT_pool_3409,15.062082
IsPETaseWT_pool_4486,15.060020
IsPETaseWT_pool_783,15.059788
IsPETaseWT_pool_4869,15.059130
IsPETaseWT_pool_2,15.055653
IsPETaseWT_pool_3210,15.049352
IsPETaseWT_pool_297,15.042180
IsPETaseWT_pool_4692,15.037752
IsPETaseWT_pool_3769,15.034805
IsPETaseWT_pool_855,15.034263
IsPETaseWT_pool_3921,15.034023
IsPETaseWT_pool_674,15.033265
IsPETaseWT_pool_4652,15.031208
IsPETaseWT_pool_4330,15.026050
IsPETaseWT_pool_3960,15.025061
IsPETaseWT_pool_2367,15.021414
IsPETaseWT_pool_2793,15.020366
IsPETaseWT_pool_3132,15.020118
IsPETaseWT_pool_1765,15.018315
IsPETaseWT_pool_780,15.017187
IsPETaseWT_pool_3920,15.016652
IsPETaseWT_pool_1006,15.015784
IsPETaseWT_pool_2552,15.013226
IsPETaseWT_pool_3911,15.012172
IsPETaseWT_pool_3274,15.011066
IsPETaseWT_pool_4326,15.005802
IsPETaseWT_pool_3184,15.001903
IsPETaseWT_pool_3172,15.001865
IsPETaseWT_pool_2019,15.001707
IsPETaseWT_pool_4962,15.000454
IsPETaseWT_pool_2454,14.998714
IsPETaseWT_pool_2811,14.994494
IsPETaseWT_pool_1229,14.993439
IsPETaseWT_pool_3322,14.989789
IsPETaseWT_pool_1023,14.989261
IsPETaseWT_pool_1035,14.986685
IsPETaseWT_pool_819,14.984607
IsPETaseWT_pool_810,14.976373
IsPETaseWT_pool_3983,14.974581
IsPETaseWT_pool_3019,14.972075
IsPETaseWT_pool_4034,14.970488
IsPETaseWT_pool_3493,14.970191
IsPETaseWT_pool_3828,14.965101
IsPETaseWT_pool_2850,14.965086
IsPETaseWT_pool_2692,14.964797
IsPETaseWT_pool_1472,14.964423
IsPETaseWT_pool_1163,14.961388
IsPETaseWT_pool_2425,14.957355
IsPETaseWT_pool_3954,14.951195
IsPETaseWT_pool_1899,14.950813
IsPETaseWT_pool_1891,14.945487
IsPETaseWT_pool_803,14.945142
IsPETaseWT_pool_2085,14.944689
IsPETaseWT_pool_4293,14.942123
IsPETaseWT_pool_3658,14.941957
IsPETaseWT_pool_1563,14.940835
IsPETaseWT_pool_1004,14.940814
IsPETaseWT_pool_3416,14.940557
IsPETaseWT_pool_4030,14.937675
IsPETaseWT_pool_4389,14.935730
IsPETaseWT_pool_1193,14.934938
IsPETaseWT_pool_2230,14.931036
IsPETaseWT_pool_4980,14.929616
IsPETaseWT_pool_3625,14.929010
IsPETaseWT_pool_3986,14.928674
IsPETaseWT_pool_2000,14.927826
IsPETaseWT_pool_2525,14.926090
IsPETaseWT_pool_691,14.923199
IsPETaseWT_pool_3770,14.922633
IsPETaseWT_pool_404,14.921215
IsPETaseWT_pool_3442,14.920781
IsPETaseWT_pool_4967,14.919740
IsPETaseWT_pool_1653,14.918402
IsPETaseWT_pool_4792,14.915565
IsPETaseWT_pool_4504,14.912995
IsPETaseWT_pool_1145,14.912498
IsPETaseWT_pool_3405,14.911677
IsPETaseWT_pool_1711,14.909702
IsPETaseWT_pool_4921,14.908085
IsPETaseWT_pool_4345,14.906168
IsPETaseWT_pool_65,14.905025
IsPETaseWT_pool_556,14.900820
IsPETaseWT_pool_4744,14.892732
IsPETaseWT_pool_4542,14.892389
IsPETaseWT_pool_3176,14.891072
IsPETaseWT_pool_94,14.886179
IsPETaseWT_pool_704,14.882215
IsPETaseWT_pool_2050,14.881327
IsPETaseWT_pool_4267,14.881117
IsPETaseWT_pool_2909,14.880884
IsPETaseWT_pool_1206,14.880754
IsPETaseWT_pool_1844,14.878996
IsPETaseWT_pool_4524,14.877771
IsPETaseWT_pool_770,14.876036
IsPETaseWT_pool_1396,14.875973
IsPETaseWT_pool_817,14.873776
IsPETaseWT_pool_2018,14.871961
IsPETaseWT_pool_542,14.870429
IsPETaseWT_pool_3404,14.870122
IsPETaseWT_pool_3029,14.866113
IsPETaseWT_pool_3846,14.861436
IsPETaseWT_pool_3129,14.861093
IsPETaseWT_pool_3927,14.858983
IsPETaseWT_pool_359,14.857783
IsPETaseWT_pool_1581,14.856853
IsPETaseWT_pool_4746,14.852471
IsPETaseWT_pool_4739,14.847621
IsPETaseWT_pool_2149,14.847370
IsPETaseWT_pool_4427,14.846808
IsPETaseWT_pool_4135,14.844218
IsPETaseWT_pool_2933,14.842278
IsPETaseWT_pool_132,14.841833
IsPETaseWT_pool_2299,14.841109
IsPETaseWT_pool_3435,14.835485
IsPETaseWT_pool_601,14.827061
IsPETaseWT_pool_710,14.826346
IsPETaseWT_pool_1692,14.825994
IsPETaseWT_pool_92,14.824997
IsPETaseWT_pool_4703,14.816265
IsPETaseWT_pool_4479,14.815806
IsPETaseWT_pool_4698,14.812998
IsPETaseWT_pool_2855,14.810464
IsPETaseWT_pool_3413,14.809018
IsPETaseWT_pool_549,14.807318
IsPETaseWT_pool_4831,14.806064
IsPETaseWT_pool_2400,14.802848
IsPETaseWT_pool_4251,14.801503
IsPETaseWT_pool_807,14.801125
IsPETaseWT_pool_4965,14.797551
IsPETaseWT_pool_1225,14.795440
IsPETaseWT_pool_3347,14.793706
IsPETaseWT_pool_4272,14.787183
IsPETaseWT_pool_6,14.786985
IsPETaseWT_pool_55,14.786038
IsPETaseWT_pool_2891,14.784910
IsPETaseWT_pool_4793,14.784578
IsPETaseWT_pool_3934,14.783375
IsPETaseWT_pool_2199,14.783031
IsPETaseWT_pool_2177,14.781939
IsPETaseWT_pool_2382,14.780606
IsPETaseWT_pool_1451,14.770395
IsPETaseWT_pool_3712,14.768271
IsPETaseWT_pool_4077,14.767544
IsPETaseWT_pool_4104,14.765175
IsPETaseWT_pool_2318,14.761645
IsPETaseWT_pool_4660,14.761434
IsPETaseWT_pool_3583,14.755998
IsPETaseWT_pool_2220,14.755989
IsPETaseWT_pool_4095,14.754603
IsPETaseWT_pool_738,14.752167
IsPETaseWT_pool_891,14.745372
IsPETaseWT_pool_1178,14.744903
IsPETaseWT_pool_557,14.744889
IsPETaseWT_pool_1051,14.742171
IsPETaseWT_pool_3697,14.740261
IsPETaseWT_pool_2498,14.737469
IsPETaseWT_pool_1457,14.735587
IsPETaseWT_pool_3138,14.734307
IsPETaseWT_pool_2023,14.733511
IsPETaseWT_pool_1852,14.729648
IsPETaseWT_pool_4046,14.728387
IsPETaseWT_pool_2362,14.727551
IsPETaseWT_pool_3681,14.727529
IsPETaseWT_pool_3002,14.727366
IsPETaseWT_pool_2625,14.725069
IsPETaseWT_pool_4545,14.723928
IsPETaseWT_pool_831,14.719674
IsPETaseWT_pool_103,14.717753
IsPETaseWT_pool_589,14.714302
IsPETaseWT_pool_350,14.713330
IsPETaseWT_pool_4277,14.710269
IsPETaseWT_pool_389,14.708165
IsPETaseWT_pool_4416,14.708057
IsPETaseWT_pool_1747,14.706296
IsPETaseWT_pool_596,14.703492
IsPETaseWT_pool_1018,14.701260
IsPETaseWT_pool_456,14.698469
IsPETaseWT_pool_191,14.696990
IsPETaseWT_pool_3801,14.696890
IsPETaseWT_pool_599,14.696394
IsPETaseWT_pool_4146,14.696087
IsPETaseWT_pool_1402,14.691847
IsPETaseWT_pool_598,14.691645
IsPETaseWT_pool_2276,14.690651
IsPETaseWT_pool_2280,14.690423
IsPETaseWT_pool_2666,14.690108
IsPETaseWT_pool_4931,14.687949
IsPETaseWT_pool_4384,14.686294
IsPETaseWT_pool_4585,14.683368
IsPETaseWT_pool_62,14.680086
IsPETaseWT_pool_1654,14.678071
IsPETaseWT_pool_4094,14.675442
IsPETaseWT_pool_4982,14.675014
IsPETaseWT_pool_4215,14.673320
IsPETaseWT_pool_870,14.672661
IsPETaseWT_pool_4395,14.671967
IsPETaseWT_pool_1015,14.669601
IsPETaseWT_pool_2561,14.668562
IsPETaseWT_pool_2214,14.666334
IsPETaseWT_pool_4927,14.664828
IsPETaseWT_pool_3003,14.663507
IsPETaseWT_pool_2516,14.662136
IsPETaseWT_pool_4220,14.662070
IsPETaseWT_pool_61,14.661685
IsPETaseWT_pool_221,14.661591
IsPETaseWT_pool_3894,14.660524
IsPETaseWT_pool_3969,14.660139
IsPETaseWT_pool_306,14.660096
IsPETaseWT_pool_3419,14.658151
IsPETaseWT_pool_2499,14.655923
IsPETaseWT_pool_2261,14.655181
IsPETaseWT_pool_2723,14.654944
IsPETaseWT_pool_1768,14.654720
IsPETaseWT_pool_748,14.654634
IsPETaseWT_pool_2657,14.653559
IsPETaseWT_pool_1511,14.649544
IsPETaseWT_pool_485,14.649075
IsPETaseWT_pool_3078,14.648937
IsPETaseWT_pool_3452,14.648124
IsPETaseWT_pool_1361,14.645807
IsPETaseWT_pool_3590,14.645069
IsPETaseWT_pool_355,14.644685
IsPETaseWT_pool_3457,14.643680
IsPETaseWT_pool_3045,14.642107
IsPETaseWT_pool_3738,14.639296
IsPETaseWT_pool_1360,14.638523
IsPETaseWT_pool_2924,14.636909
IsPETaseWT_pool_3133,14.635632
IsPETaseWT_pool_2934,14.633717
IsPETaseWT_pool_3592,14.630287
IsPETaseWT_pool_26,14.628548
IsPETaseWT_pool_3042,14.627534
IsPETaseWT_pool_1183,14.624812
IsPETaseWT_pool_2298,14.622342
IsPETaseWT_pool_4742,14.621153
IsPETaseWT_pool_3228,14.620908
IsPETaseWT_pool_1608,14.619275
IsPETaseWT_pool_764,14.617510
IsPETaseWT_pool_981,14.616711
IsPETaseWT_pool_2466,14.615348
IsPETaseWT_pool_4134,14.614265
IsPETaseWT_pool_3841,14.613809
IsPETaseWT_pool_664,14.612206
IsPETaseWT_pool_2840,14.609445
IsPETaseWT_pool_769,14.608268
IsPETaseWT_pool_572,14.605603
IsPETaseWT_pool_214,14.598971
IsPETaseWT_pool_943,14.596925
IsPETaseWT_pool_1720,14.594073
IsPETaseWT_pool_1453,14.593730
IsPETaseWT_pool_4211,14.593187
IsPETaseWT_pool_3982,14.591940
IsPETaseWT_pool_2067,14.586188
IsPETaseWT_pool_3831,14.584580
IsPETaseWT_pool_4731,14.584196
IsPETaseWT_pool_2051,14.579936
IsPETaseWT_pool_4240,14.579760
IsPETaseWT_pool_1021,14.577366
IsPETaseWT_pool_3955,14.571449
IsPETaseWT_pool_1014,14.567930
IsPETaseWT_pool_758,14.567562
IsPETaseWT_pool_4041,14.565428
IsPETaseWT_pool_134,14.563740
IsPETaseWT_pool_2193,14.562650
IsPETaseWT_pool_4392,14.561698
IsPETaseWT_pool_4429,14.560888
IsPETaseWT_pool_4438,14.553539
IsPETaseWT_pool_4827,14.548455
IsPETaseWT_pool_2483,14.545379
IsPETaseWT_pool_3432,14.540087
IsPETaseWT_pool_2579,14.539329
IsPETaseWT_pool_4734,14.538529
IsPETaseWT_pool_2352,14.538367
IsPETaseWT_pool_3904,14.536122
IsPETaseWT_pool_1850,14.533682
IsPETaseWT_pool_4276,14.531589
IsPETaseWT_pool_650,14.531031
IsPETaseWT_pool_1968,14.530252
IsPETaseWT_pool_3707,14.529169
IsPETaseWT_pool_3792,14.528521
IsPETaseWT_pool_3643,14.527339
IsPETaseWT_pool_493,14.526042
IsPETaseWT_pool_473,14.524940
IsPETaseWT_pool_2103,14.523444
IsPETaseWT_pool_4157,14.522554
IsPETaseWT_pool_2706,14.519619
IsPETaseWT_pool_3791,14.517447
IsPETaseWT_pool_4348,14.517236
IsPETaseWT_pool_2491,14.515909
IsPETaseWT_pool_3900,14.514647
IsPETaseWT_pool_1861,14.514491
IsPETaseWT_pool_2283,14.512947
IsPETaseWT_pool_3127,14.512894
IsPETaseWT_pool_3781,14.512424
IsPETaseWT_pool_3041,14.507968
IsPETaseWT_pool_40,14.498617
IsPETaseWT_pool_3119,14.496124
IsPETaseWT_pool_1030,14.493041
IsPETaseWT_pool_4877,14.492291
IsPETaseWT_pool_841,14.488493
IsPETaseWT_pool_459,14.487578
IsPETaseWT_pool_816,14.482129
IsPETaseWT_pool_3236,14.480348
IsPETaseWT_pool_1395,14.479410
IsPETaseWT_pool_1379,14.475159
IsPETaseWT_pool_879,14.472852
IsPETaseWT_pool_2460,14.468599
IsPETaseWT_pool_3871,14.467196
IsPETaseWT_pool_4979,14.464394
IsPETaseWT_pool_4966,14.463889
IsPETaseWT_pool_4992,14.462535
IsPETaseWT_pool_2926,14.460816
IsPETaseWT_pool_1710,14.459696
IsPETaseWT_pool_1385,14.459560
IsPETaseWT_pool_1688,14.459061
IsPETaseWT_pool_3555,14.457004
IsPETaseWT_pool_4170,14.451480
IsPETaseWT_pool_1541,14.450940
IsPETaseWT_pool_3180,14.448316
IsPETaseWT_pool_2312,14.447392
IsPETaseWT_pool_2884,14.444333
IsPETaseWT_pool_4273,14.438152
IsPETaseWT_pool_2244,14.435795
IsPETaseWT_pool_3507,14.434945
IsPETaseWT_pool_3914,14.433748
IsPETaseWT_pool_151,14.433250
IsPETaseWT_pool_3201,14.429973
IsPETaseWT_pool_4285,14.428927
IsPETaseWT_pool_4224,14.428919
IsPETaseWT_pool_3961,14.427876
IsPETaseWT_pool_1843,14.426926
IsPETaseWT_pool_1959,14.422931
IsPETaseWT_pool_4727,14.421207
IsPETaseWT_pool_2860,14.420430
IsPETaseWT_pool_4268,14.419889
IsPETaseWT_pool_2201,14.418724
IsPETaseWT_pool_1441,14.417886
IsPETaseWT_pool_3641,14.416471
IsPETaseWT_pool_3752,14.416172
IsPETaseWT_pool_3326,14.416013
IsPETaseWT_pool_2513,14.414673
IsPETaseWT_pool_1044,14.413288
IsPETaseWT_pool_2124,14.412546
IsPETaseWT_pool_1478,14.412136
IsPETaseWT_pool_2955,14.410618
IsPETaseWT_pool_4361,14.400660
IsPETaseWT_pool_620,14.400142
IsPETaseWT_pool_1153,14.399126
IsPETaseWT_pool_4503,14.395319
IsPETaseWT_pool_436,14.394905
IsPETaseWT_pool_2052,14.394065
IsPETaseWT_pool_4310,14.393753
IsPETaseWT_pool_3702,14.392102
IsPETaseWT_pool_3062,14.389799
IsPETaseWT_pool_153,14.389586
IsPETaseWT_pool_204,14.389101
IsPETaseWT_pool_67,14.387937
IsPETaseWT_pool_4522,14.387307
IsPETaseWT_pool_3628,14.385530
IsPETaseWT_pool_2170,14.385526
IsPETaseWT_pool_3998,14.384548
IsPETaseWT_pool_34,14.383202
IsPETaseWT_pool_609,14.381081
IsPETaseWT_pool_3147,14.380507
IsPETaseWT_pool_3117,14.379551
IsPETaseWT_pool_2599,14.379348
IsPETaseWT_pool_1109,14.377786
IsPETaseWT_pool_3025,14.375264
IsPETaseWT_pool_1555,14.374443
IsPETaseWT_pool_1378,14.373857
IsPETaseWT_pool_2584,14.366906
IsPETaseWT_pool_877,14.364783
IsPETaseWT_pool_2423,14.364120
IsPETaseWT_pool_2594,14.364045
IsPETaseWT_pool_1160,14.363526
IsPETaseWT_pool_316,14.362346
IsPETaseWT_pool_584,14.361385
IsPETaseWT_pool_1266,14.359820
IsPETaseWT_pool_3233,14.357783
IsPETaseWT_pool_207,14.351509
IsPETaseWT_pool_3385,14.351089
IsPETaseWT_pool_2698,14.349770
IsPETaseWT_pool_2903,14.348391
IsPETaseWT_pool_242,14.347741
IsPETaseWT_pool_2939,14.344563
IsPETaseWT_pool_3631,14.344032
IsPETaseWT_pool_2564,14.344016
IsPETaseWT_pool_4100,14.343506
IsPETaseWT_pool_1750,14.343254
IsPETaseWT_pool_846,14.340312
IsPETaseWT_pool_3725,14.338831
IsPETaseWT_pool_1459,14.338065
IsPETaseWT_pool_4790,14.335141
IsPETaseWT_pool_27,14.333991
IsPETaseWT_pool_3028,14.331039
IsPETaseWT_pool_3657,14.330339
IsPETaseWT_pool_4420,14.330328
IsPETaseWT_pool_760,14.326989
IsPETaseWT_pool_1316,14.326873
IsPETaseWT_pool_2673,14.325543
IsPETaseWT_pool_3364,14.325479
IsPETaseWT_pool_1429,14.319898
IsPETaseWT_pool_540,14.317533
IsPETaseWT_pool_3058,14.316141
IsPETaseWT_pool_4008,14.313797
IsPETaseWT_pool_2310,14.313542
IsPETaseWT_pool_2912,14.313137
IsPETaseWT_pool_2907,14.309914
IsPETaseWT_pool_1773,14.309611
IsPETaseWT_pool_4690,14.306914
IsPETaseWT_pool_3822,14.304276
IsPETaseWT_pool_395,14.303689
IsPETaseWT_pool_2713,14.303484
IsPETaseWT_pool_3508,14.302537
IsPETaseWT_pool_4753,14.302371
IsPETaseWT_pool_909,14.301836
IsPETaseWT_pool_1400,14.300997
IsPETaseWT_pool_2285,14.300815
IsPETaseWT_pool_4370,14.298387
IsPETaseWT_pool_4955,14.295099
IsPETaseWT_pool_1432,14.292649
IsPETaseWT_pool_3267,14.289771
IsPETaseWT_pool_3877,14.288542
IsPETaseWT_pool_2664,14.286593
IsPETaseWT_pool_2880,14.282239
IsPETaseWT_pool_3636,14.280007
IsPETaseWT_pool_3619,14.278721
IsPETaseWT_pool_3394,14.277462
IsPETaseWT_pool_2118,14.277412
IsPETaseWT_pool_201,14.277232
IsPETaseWT_pool_2652,14.275993
IsPETaseWT_pool_2435,14.274929
IsPETaseWT_pool_1242,14.274802
IsPETaseWT_pool_4695,14.273959
IsPETaseWT_pool_4050,14.273052
IsPETaseWT_pool_227,14.272789
IsPETaseWT_pool_3728,14.271842
IsPETaseWT_pool_4483,14.270931
IsPETaseWT_pool_1618,14.269698
IsPETaseWT_pool_2576,14.269587
IsPETaseWT_pool_3420,14.268258
IsPETaseWT_pool_3261,14.265289
IsPETaseWT_pool_4121,14.265159
IsPETaseWT_pool_708,14.265044
IsPETaseWT_pool_1804,14.264717
IsPETaseWT_pool_500,14.264643
IsPETaseWT_pool_595,14.263836
IsPETaseWT_pool_1970,14.262665
IsPETaseWT_pool_4380,14.261795
IsPETaseWT_pool_4654,14.260400
IsPETaseWT_pool_1895,14.256728
IsPETaseWT_pool_1403,14.256532
IsPETaseWT_pool_4736,14.254645
IsPETaseWT_pool_1523,14.253924
IsPETaseWT_pool_1758,14.253128
IsPETaseWT_pool_4904,14.242476
IsPETaseWT_pool_1425,14.241508
IsPETaseWT_pool_4087,14.237972
IsPETaseWT_pool_3835,14.235885
IsPETaseWT_pool_4871,14.234980
IsPETaseWT_pool_1428,14.234350
IsPETaseWT_pool_3234,14.233615
IsPETaseWT_pool_3694,14.233055
IsPETaseWT_pool_4708,14.232898
IsPETaseWT_pool_4899,14.230550
IsPETaseWT_pool_4865,14.229619
IsPETaseWT_pool_2651,14.229609
IsPETaseWT_pool_906,14.228990
IsPETaseWT_pool_405,14.225842
IsPETaseWT_pool_1924,14.225045
IsPETaseWT_pool_953,14.223300
IsPETaseWT_pool_4439,14.219930
IsPETaseWT_pool_3378,14.219865
IsPETaseWT_pool_2921,14.217459
IsPETaseWT_pool_4606,14.216290
IsPETaseWT_pool_3391,14.214151
IsPETaseWT_pool_4462,14.209668
IsPETaseWT_pool_2769,14.207757
IsPETaseWT_pool_3085,14.207521
IsPETaseWT_pool_4937,14.206918
IsPETaseWT_pool_2617,14.206454
IsPETaseWT_pool_99,14.205046
IsPETaseWT_pool_1941,14.202780
IsPETaseWT_pool_4968,14.202713
IsPETaseWT_pool_3627,14.199453
IsPETaseWT_pool_3743,14.190784
IsPETaseWT_pool_923,14.189581
IsPETaseWT_pool_1573,14.187928
IsPETaseWT_pool_4976,14.181868
IsPETaseWT_pool_4114,14.180984
IsPETaseWT_pool_2295,14.177562
IsPETaseWT_pool_3660,14.177084
IsPETaseWT_pool_4391,14.176637
IsPETaseWT_pool_3813,14.174496
IsPETaseWT_pool_2094,14.173678
IsPETaseWT_pool_1939,14.171279
IsPETaseWT_pool_172,14.169853
IsPETaseWT_pool_3365,14.168088
IsPETaseWT_pool_4359,14.167729
IsPETaseWT_pool_4533,14.167010
IsPETaseWT_pool_3700,14.163543
IsPETaseWT_pool_1650,14.163120
IsPETaseWT_pool_4957,14.162428
IsPETaseWT_pool_2834,14.161754
IsPETaseWT_pool_1738,14.159588
IsPETaseWT_pool_1487,14.159507
IsPETaseWT_pool_1093,14.157551
IsPETaseWT_pool_4588,14.156732
IsPETaseWT_pool_4750,14.154947
IsPETaseWT_pool_4371,14.150048
IsPETaseWT_pool_3855,14.149312
IsPETaseWT_pool_2873,14.148080
IsPETaseWT_pool_3794,14.146835
IsPETaseWT_pool_2534,14.144780
IsPETaseWT_pool_773,14.144203
IsPETaseWT_pool_1552,14.142331
IsPETaseWT_pool_1925,14.140759
IsPETaseWT_pool_692,14.138309
IsPETaseWT_pool_1166,14.135770
IsPETaseWT_pool_4153,14.135038
IsPETaseWT_pool_612,14.131574
IsPETaseWT_pool_3212,14.129876
IsPETaseWT_pool_4313,14.128816
IsPETaseWT_pool_1668,14.127144
IsPETaseWT_pool_3143,14.124095
IsPETaseWT_pool_4368,14.122276
IsPETaseWT_pool_3655,14.122180
IsPETaseWT_pool_2408,14.120440
IsPETaseWT_pool_2724,14.119572
IsPETaseWT_pool_1536,14.117928
IsPETaseWT_pool_1427,14.113791
IsPETaseWT_pool_77,14.113091
IsPETaseWT_pool_2714,14.113007
IsPETaseWT_pool_3936,14.111248
IsPETaseWT_pool_4315,14.110894
IsPETaseWT_pool_349,14.109575
IsPETaseWT_pool_2570,14.108307
IsPETaseWT_pool_4998,14.105197
IsPETaseWT_pool_1154,14.104314
IsPETaseWT_pool_1752,14.103702
IsPETaseWT_pool_1982,14.101142
IsPETaseWT_pool_1162,14.100446
IsPETaseWT_pool_3254,14.097888
IsPETaseWT_pool_3653,14.094921
IsPETaseWT_pool_2485,14.092565
IsPETaseWT_pool_3060,14.084704
IsPETaseWT_pool_2898,14.083789
IsPETaseWT_pool_3397,14.083279
IsPETaseWT_pool_3489,14.083127
IsPETaseWT_pool_2936,14.082019
IsPETaseWT_pool_3552,14.080785
IsPETaseWT_pool_4819,14.080745
IsPETaseWT_pool_161,14.079782
IsPETaseWT_pool_1972,14.078474
IsPETaseWT_pool_1848,14.077888
IsPETaseWT_pool_2482,14.076302
IsPETaseWT_pool_4988,14.075107
IsPETaseWT_pool_2526,14.074513
IsPETaseWT_pool_1114,14.074478
IsPETaseWT_pool_718,14.074193
IsPETaseWT_pool_113,14.074044
IsPETaseWT_pool_4885,14.072776
IsPETaseWT_pool_360,14.072032
IsPETaseWT_pool_2778,14.069120
IsPETaseWT_pool_4106,14.063199
IsPETaseWT_pool_659,14.061315
IsPETaseWT_pool_4440,14.059114
IsPETaseWT_pool_2888,14.057115
IsPETaseWT_pool_2422,14.057058
IsPETaseWT_pool_4669,14.055815
IsPETaseWT_pool_4948,14.054835
IsPETaseWT_pool_1783,14.054335
IsPETaseWT_pool_630,14.054293
IsPETaseWT_pool_282,14.054230
IsPETaseWT_pool_4969,14.053273
IsPETaseWT_pool_3760,14.052672
IsPETaseWT_pool_3403,14.051633
IsPETaseWT_pool_4139,14.051541
IsPETaseWT_pool_4292,14.051394
IsPETaseWT_pool_1779,14.051373
IsPETaseWT_pool_4424,14.049581
IsPETaseWT_pool_2402,14.048035
IsPETaseWT_pool_2715,14.045943
IsPETaseWT_pool_695,14.045099
IsPETaseWT_pool_3182,14.044357
IsPETaseWT_pool_1767,14.041411
IsPETaseWT_pool_1619,14.036237
IsPETaseWT_pool_842,14.035961
IsPETaseWT_pool_4294,14.034385
IsPETaseWT_pool_1088,14.033786
IsPETaseWT_pool_4309,14.032652
IsPETaseWT_pool_3061,14.031201
IsPETaseWT_pool_2954,14.030715
IsPETaseWT_pool_3053,14.030184
IsPETaseWT_pool_4115,14.028138
IsPETaseWT_pool_2246,14.026280
IsPETaseWT_pool_1578,14.025857
IsPETaseWT_pool_4677,14.024049
IsPETaseWT_pool_2567,14.023151
IsPETaseWT_pool_3431,14.022687
IsPETaseWT_pool_4872,14.022141
IsPETaseWT_pool_507,14.021558
IsPETaseWT_pool_2016,14.018477
IsPETaseWT_pool_4399,14.018129
IsPETaseWT_pool_4257,14.016162
IsPETaseWT_pool_2503,14.014079
IsPETaseWT_pool_2377,14.013464
IsPETaseWT_pool_684,14.011741
IsPETaseWT_pool_3879,14.011702
IsPETaseWT_pool_636,14.011138
IsPETaseWT_pool_2185,14.009390
IsPETaseWT_pool_3617,14.009173
IsPETaseWT_pool_4531,14.008338
IsPETaseWT_pool_3978,14.007205
IsPETaseWT_pool_4458,14.005105
IsPETaseWT_pool_4263,14.004622
IsPETaseWT_pool_1125,14.002892
IsPETaseWT_pool_3993,14.002472
IsPETaseWT_pool_2396,14.002223
IsPETaseWT_pool_4408,14.001055
IsPETaseWT_pool_4132,14.000896
IsPETaseWT_pool_3971,14.000654
IsPETaseWT_pool_1944,14.000381
IsPETaseWT_pool_3393,13.999422
IsPETaseWT_pool_994,13.998213
IsPETaseWT_pool_3652,13.995946
IsPETaseWT_pool_2471,13.995080
IsPETaseWT_pool_2048,13.994632
IsPETaseWT_pool_2332,13.994134
IsPETaseWT_pool_4243,13.993755
IsPETaseWT_pool_430,13.991464
IsPETaseWT_pool_1444,13.990946
IsPETaseWT_pool_1888,13.988544
IsPETaseWT_pool_2547,13.985981
IsPETaseWT_pool_159,13.985954
IsPETaseWT_pool_2553,13.985036
IsPETaseWT_pool_446,13.983958
IsPETaseWT_pool_2399,13.983930
IsPETaseWT_pool_3611,13.982998
IsPETaseWT_pool_4566,13.982298
IsPETaseWT_pool_4923,13.981900
IsPETaseWT_pool_4270,13.980635
IsPETaseWT_pool_1950,13.979147
IsPETaseWT_pool_1298,13.978146
IsPETaseWT_pool_4347,13.976955
IsPETaseWT_pool_3242,13.976579
IsPETaseWT_pool_565,13.976083
IsPETaseWT_pool_3379,13.976017
IsPETaseWT_pool_791,13.973693
IsPETaseWT_pool_4022,13.971862
IsPETaseWT_pool_3052,13.971242
IsPETaseWT_pool_1661,13.971114
IsPETaseWT_pool_3453,13.970426
IsPETaseWT_pool_2835,13.968710
IsPETaseWT_pool_869,13.966773
IsPETaseWT_pool_939,13.966468
IsPETaseWT_pool_3558,13.962820
IsPETaseWT_pool_2373,13.962383
IsPETaseWT_pool_4623,13.960051
IsPETaseWT_pool_4450,13.959548
IsPETaseWT_pool_2802,13.958268
IsPETaseWT_pool_1965,13.957994
IsPETaseWT_pool_4282,13.957636
IsPETaseWT_pool_3946,13.955841
IsPETaseWT_pool_102,13.954554
IsPETaseWT_pool_2977,13.954082
IsPETaseWT_pool_3736,13.953809
IsPETaseWT_pool_3439,13.951744
IsPETaseWT_pool_2841,13.950994
IsPETaseWT_pool_3672,13.948926
IsPETaseWT_pool_1636,13.948503
IsPETaseWT_pool_2079,13.947962
IsPETaseWT_pool_4289,13.943775
IsPETaseWT_pool_4521,13.942610
IsPETaseWT_pool_4576,13.941573
IsPETaseWT_pool_4367,13.940038
IsPETaseWT_pool_377,13.938872
IsPETaseWT_pool_4589,13.936814
IsPETaseWT_pool_660,13.935167
IsPETaseWT_pool_3037,13.929976
IsPETaseWT_pool_3244,13.929950
IsPETaseWT_pool_3336,13.928915
IsPETaseWT_pool_1693,13.928823
IsPETaseWT_pool_4537,13.928567
IsPETaseWT_pool_928,13.926950
IsPETaseWT_pool_427,13.924516
IsPETaseWT_pool_3193,13.924492
IsPETaseWT_pool_2145,13.924307
IsPETaseWT_pool_4667,13.921190
IsPETaseWT_pool_882,13.920440
IsPETaseWT_pool_247,13.917979
IsPETaseWT_pool_3562,13.914015
IsPETaseWT_pool_1382,13.913551
IsPETaseWT_pool_4890,13.913339
IsPETaseWT_pool_1202,13.912860
IsPETaseWT_pool_4343,13.911441
IsPETaseWT_pool_4991,13.909685
IsPETaseWT_pool_669,13.909471
IsPETaseWT_pool_3750,13.908486
IsPETaseWT_pool_2844,13.908262
IsPETaseWT_pool_275,13.906966
IsPETaseWT_pool_4909,13.905444
IsPETaseWT_pool_571,13.902598
IsPETaseWT_pool_152,13.901823
IsPETaseWT_pool_4620,13.900507
IsPETaseWT_pool_2301,13.900421
IsPETaseWT_pool_2452,13.899879
IsPETaseWT_pool_733,13.899433
IsPETaseWT_pool_4870,13.898112
IsPETaseWT_pool_1409,13.898085
IsPETaseWT_pool_4560,13.898005
IsPETaseWT_pool_1698,13.897968
IsPETaseWT_pool_1067,13.896286
IsPETaseWT_pool_4235,13.895866
IsPETaseWT_pool_3357,13.895708
IsPETaseWT_pool_1853,13.894328
IsPETaseWT_pool_3491,13.894119
IsPETaseWT_pool_4481,13.892358
IsPETaseWT_pool_4335,13.891897
IsPETaseWT_pool_4751,13.886870
IsPETaseWT_pool_2522,13.885823
IsPETaseWT_pool_1646,13.884900
IsPETaseWT_pool_4465,13.883903
IsPETaseWT_pool_3462,13.882495
IsPETaseWT_pool_1849,13.880835
IsPETaseWT_pool_4457,13.878566
IsPETaseWT_pool_2243,13.877417
IsPETaseWT_pool_3679,13.872104
IsPETaseWT_pool_3153,13.870861
IsPETaseWT_pool_1320,13.870561
IsPETaseWT_pool_4025,13.866069
IsPETaseWT_pool_1794,13.865322
IsPETaseWT_pool_3563,13.862802
IsPETaseWT_pool_494,13.859963
IsPETaseWT_pool_3834,13.859687
IsPETaseWT_pool_186,13.858706
IsPETaseWT_pool_4849,13.858626
IsPETaseWT_pool_1492,13.851016
IsPETaseWT_pool_4337,13.850951
IsPETaseWT_pool_1835,13.847974
IsPETaseWT_pool_806,13.847104
IsPETaseWT_pool_1908,13.846118
IsPETaseWT_pool_687,13.842939
IsPETaseWT_pool_4260,13.842169
IsPETaseWT_pool_4761,13.841146
IsPETaseWT_pool_2186,13.840004
IsPETaseWT_pool_2678,13.839502
IsPETaseWT_pool_1595,13.838993
IsPETaseWT_pool_3666,13.838805
IsPETaseWT_pool_3152,13.837509
IsPETaseWT_pool_808,13.835363
IsPETaseWT_pool_335,13.834537
IsPETaseWT_pool_444,13.834428
IsPETaseWT_pool_4364,13.833703
IsPETaseWT_pool_3511,13.831411
IsPETaseWT_pool_2117,13.829947
IsPETaseWT_pool_4012,13.827525
IsPETaseWT_pool_4993,13.823077
IsPETaseWT_pool_2642,13.823053
IsPETaseWT_pool_2386,13.822515
IsPETaseWT_pool_1090,13.821292
IsPETaseWT_pool_1483,13.821203
IsPETaseWT_pool_952,13.818829
IsPETaseWT_pool_3245,13.817865
IsPETaseWT_pool_3096,13.817245
IsPETaseWT_pool_4374,13.816818
IsPETaseWT_pool_751,13.813711
IsPETaseWT_pool_4126,13.809888
IsPETaseWT_pool_3818,13.807466
IsPETaseWT_pool_160,13.807152
IsPETaseWT_pool_3999,13.806952
IsPETaseWT_pool_433,13.805220
IsPETaseWT_pool_1638,13.804872
IsPETaseWT_pool_3603,13.804238
IsPETaseWT_pool_79,13.804099
IsPETaseWT_pool_2472,13.803812
IsPETaseWT_pool_4881,13.801641
IsPETaseWT_pool_2054,13.796919
IsPETaseWT_pool_2856,13.796321
IsPETaseWT_pool_1694,13.795835
IsPETaseWT_pool_4599,13.795360
IsPETaseWT_pool_850,13.794868
IsPETaseWT_pool_2327,13.793807
IsPETaseWT_pool_30,13.789923
IsPETaseWT_pool_2284,13.789826
IsPETaseWT_pool_935,13.788234
IsPETaseWT_pool_52,13.787992
IsPETaseWT_pool_875,13.787431
IsPETaseWT_pool_788,13.787033
IsPETaseWT_pool_2744,13.785886
IsPETaseWT_pool_3863,13.785678
IsPETaseWT_pool_2971,13.785364
IsPETaseWT_pool_3309,13.785316
IsPETaseWT_pool_3597,13.785058
IsPETaseWT_pool_2116,13.784733
IsPETaseWT_pool_1036,13.784547
IsPETaseWT_pool_4369,13.783374
IsPETaseWT_pool_2152,13.782591
IsPETaseWT_pool_441,13.780672
IsPETaseWT_pool_2691,13.780360
IsPETaseWT_pool_874,13.779091
IsPETaseWT_pool_971,13.776393
IsPETaseWT_pool_3874,13.776311
IsPETaseWT_pool_4977,13.773910
IsPETaseWT_pool_2948,13.773221
IsPETaseWT_pool_2027,13.772724
IsPETaseWT_pool_859,13.771828
IsPETaseWT_pool_499,13.770157
IsPETaseWT_pool_1756,13.769224
IsPETaseWT_pool_1927,13.768248
IsPETaseWT_pool_450,13.767266
IsPETaseWT_pool_4838,13.765467
IsPETaseWT_pool_2985,13.764811
IsPETaseWT_pool_1271,13.763418
IsPETaseWT_pool_1357,13.763360
IsPETaseWT_pool_503,13.761081
IsPETaseWT_pool_1554,13.760857
IsPETaseWT_pool_2182,13.758653
IsPETaseWT_pool_461,13.758368
IsPETaseWT_pool_591,13.757710
IsPETaseWT_pool_2883,13.757470
IsPETaseWT_pool_1033,13.756364
IsPETaseWT_pool_1805,13.756284
IsPETaseWT_pool_10,13.756244
IsPETaseWT_pool_1878,13.754629
IsPETaseWT_pool_2765,13.754390
IsPETaseWT_pool_640,13.753533
IsPETaseWT_pool_3654,13.752809
IsPETaseWT_pool_580,13.752559
IsPETaseWT_pool_3561,13.751450
IsPETaseWT_pool_715,13.750257
IsPETaseWT_pool_60,13.747663
IsPETaseWT_pool_184,13.746727
IsPETaseWT_pool_2776,13.746659
IsPETaseWT_pool_1482,13.744948
IsPETaseWT_pool_3962,13.743651
IsPETaseWT_pool_1143,13.740459
IsPETaseWT_pool_3250,13.736392
IsPETaseWT_pool_3991,13.735993
IsPETaseWT_pool_1614,13.735781
IsPETaseWT_pool_2506,13.734063
IsPETaseWT_pool_4358,13.733434
IsPETaseWT_pool_4858,13.733298
IsPETaseWT_pool_3454,13.728513
IsPETaseWT_pool_3815,13.727697
IsPETaseWT_pool_2281,13.725311
IsPETaseWT_pool_3289,13.723970
IsPETaseWT_pool_845,13.723385
IsPETaseWT_pool_3011,13.720963
IsPETaseWT_pool_1737,13.720743
IsPETaseWT_pool_3510,13.720396
IsPETaseWT_pool_2528,13.720110
IsPETaseWT_pool_2624,13.719204
IsPETaseWT_pool_3673,13.719029
IsPETaseWT_pool_2200,13.713452
IsPETaseWT_pool_3218,13.712709
IsPETaseWT_pool_468,13.710738
IsPETaseWT_pool_4063,13.709576
IsPETaseWT_pool_2072,13.708641
IsPETaseWT_pool_4495,13.708274
IsPETaseWT_pool_799,13.707471
IsPETaseWT_pool_1605,13.706811
IsPETaseWT_pool_326,13.703510
IsPETaseWT_pool_4812,13.703006
IsPETaseWT_pool_4758,13.702065
IsPETaseWT_pool_989,13.701319
IsPETaseWT_pool_4185,13.700331
IsPETaseWT_pool_2743,13.699707
IsPETaseWT_pool_4426,13.698702
IsPETaseWT_pool_1829,13.697458
IsPETaseWT_pool_3608,13.697202
IsPETaseWT_pool_744,13.694283
IsPETaseWT_pool_4873,13.693056
IsPETaseWT_pool_2060,13.691000
IsPETaseWT_pool_666,13.690668
IsPETaseWT_pool_1730,13.690233
IsPETaseWT_pool_3417,13.687921
IsPETaseWT_pool_2455,13.687750
IsPETaseWT_pool_1362,13.687583
IsPETaseWT_pool_1633,13.685276
IsPETaseWT_pool_393,13.683279
IsPETaseWT_pool_3356,13.681784
IsPETaseWT_pool_164,13.678669
IsPETaseWT_pool_4854,13.676955
IsPETaseWT_pool_4514,13.674213
IsPETaseWT_pool_7,13.673927
IsPETaseWT_pool_1307,13.673288
IsPETaseWT_pool_1464,13.667788
IsPETaseWT_pool_2696,13.667081
IsPETaseWT_pool_4715,13.666870
IsPETaseWT_pool_4216,13.666785
IsPETaseWT_pool_3107,13.664521
IsPETaseWT_pool_955,13.663340
IsPETaseWT_pool_3528,13.663051
IsPETaseWT_pool_3873,13.662927
IsPETaseWT_pool_443,13.661385
IsPETaseWT_pool_4811,13.660868
IsPETaseWT_pool_4304,13.660630
IsPETaseWT_pool_1658,13.660186
IsPETaseWT_pool_1479,13.659938
IsPETaseWT_pool_1800,13.659847
IsPETaseWT_pool_2021,13.658915
IsPETaseWT_pool_375,13.657466
IsPETaseWT_pool_990,13.654440
IsPETaseWT_pool_3027,13.652085
IsPETaseWT_pool_3833,13.650291
IsPETaseWT_pool_3569,13.649260
IsPETaseWT_pool_1253,13.648419
IsPETaseWT_pool_2753,13.647974
IsPETaseWT_pool_2007,13.647692
IsPETaseWT_pool_4024,13.647068
IsPETaseWT_pool_3762,13.646873
IsPETaseWT_pool_3677,13.645536
IsPETaseWT_pool_368,13.644970
IsPETaseWT_pool_1438,13.641983
IsPETaseWT_pool_1506,13.641493
IsPETaseWT_pool_717,13.638901
IsPETaseWT_pool_4478,13.638113
IsPETaseWT_pool_1219,13.637775
IsPETaseWT_pool_782,13.636181
IsPETaseWT_pool_1922,13.634286
IsPETaseWT_pool_1736,13.633764
IsPETaseWT_pool_2595,13.631659
IsPETaseWT_pool_2015,13.630817
IsPETaseWT_pool_4092,13.627890
IsPETaseWT_pool_3257,13.625936
IsPETaseWT_pool_3538,13.625510
IsPETaseWT_pool_1760,13.625392
IsPETaseWT_pool_421,13.624752
IsPETaseWT_pool_1333,13.622680
IsPETaseWT_pool_3140,13.622366
IsPETaseWT_pool_2798,13.619029
IsPETaseWT_pool_3384,13.616893
IsPETaseWT_pool_1577,13.613137
IsPETaseWT_pool_3179,13.611668
IsPETaseWT_pool_822,13.611033
IsPETaseWT_pool_2157,13.610927
IsPETaseWT_pool_1981,13.607621
IsPETaseWT_pool_4375,13.606024
IsPETaseWT_pool_594,13.605921
IsPETaseWT_pool_4357,13.605738
IsPETaseWT_pool_1612,13.605502
IsPETaseWT_pool_2248,13.604660
IsPETaseWT_pool_2003,13.600084
IsPETaseWT_pool_2130,13.599293
IsPETaseWT_pool_1245,13.598204
IsPETaseWT_pool_3630,13.594139
IsPETaseWT_pool_3426,13.591727
IsPETaseWT_pool_1330,13.590615
IsPETaseWT_pool_1958,13.589787
IsPETaseWT_pool_1366,13.588360
IsPETaseWT_pool_2902,13.587314
IsPETaseWT_pool_1241,13.586260
IsPETaseWT_pool_1327,13.585954
IsPETaseWT_pool_3953,13.584981
IsPETaseWT_pool_600,13.583824
IsPETaseWT_pool_1057,13.583695
IsPETaseWT_pool_47,13.581353
IsPETaseWT_pool_2972,13.579100
IsPETaseWT_pool_402,13.577293
IsPETaseWT_pool_2581,13.576196
IsPETaseWT_pool_4621,13.575434
IsPETaseWT_pool_3988,13.573863
IsPETaseWT_pool_2976,13.573097
IsPETaseWT_pool_2278,13.571715
IsPETaseWT_pool_1529,13.570825
IsPETaseWT_pool_4493,13.569565
IsPETaseWT_pool_1042,13.568853
IsPETaseWT_pool_4451,13.567863
IsPETaseWT_pool_1742,13.565348
IsPETaseWT_pool_2565,13.564889
IsPETaseWT_pool_2129,13.564650
IsPETaseWT_pool_108,13.564091
IsPETaseWT_pool_1232,13.563501
IsPETaseWT_pool_1660,13.563378
IsPETaseWT_pool_1460,13.562326
IsPETaseWT_pool_1150,13.561053
IsPETaseWT_pool_3765,13.560750
IsPETaseWT_pool_3273,13.559823
IsPETaseWT_pool_1422,13.559618
IsPETaseWT_pool_969,13.559505
IsPETaseWT_pool_488,13.555892
IsPETaseWT_pool_1446,13.553019
IsPETaseWT_pool_412,13.551755
IsPETaseWT_pool_3656,13.551519
IsPETaseWT_pool_921,13.549994
IsPETaseWT_pool_105,13.549070
IsPETaseWT_pool_2923,13.547071
IsPETaseWT_pool_3241,13.546585
IsPETaseWT_pool_497,13.544461
IsPETaseWT_pool_1243,13.543500
IsPETaseWT_pool_1408,13.543356
IsPETaseWT_pool_1806,13.540501
IsPETaseWT_pool_656,13.540082
IsPETaseWT_pool_4098,13.539630
IsPETaseWT_pool_4730,13.538465
IsPETaseWT_pool_1306,13.536964
IsPETaseWT_pool_4720,13.536608
IsPETaseWT_pool_1651,13.535518
IsPETaseWT_pool_1104,13.534913
IsPETaseWT_pool_3287,13.534233
IsPETaseWT_pool_1228,13.529181
IsPETaseWT_pool_4321,13.529123
IsPETaseWT_pool_2787,13.529096
IsPETaseWT_pool_1447,13.527550
IsPETaseWT_pool_4569,13.527259
IsPETaseWT_pool_2943,13.522231
IsPETaseWT_pool_1836,13.521729
IsPETaseWT_pool_2942,13.521523
IsPETaseWT_pool_4435,13.520735
IsPETaseWT_pool_1146,13.516748
IsPETaseWT_pool_4229,13.515746
IsPETaseWT_pool_2389,13.513905
IsPETaseWT_pool_2335,13.511311
IsPETaseWT_pool_1582,13.510300
IsPETaseWT_pool_1448,13.510019
IsPETaseWT_pool_2493,13.509812
IsPETaseWT_pool_2820,13.509297
IsPETaseWT_pool_1628,13.509115
IsPETaseWT_pool_1128,13.508957
IsPETaseWT_pool_4749,13.507919
IsPETaseWT_pool_4088,13.507351
IsPETaseWT_pool_3864,13.504670
IsPETaseWT_pool_833,13.504165
IsPETaseWT_pool_1201,13.501453
IsPETaseWT_pool_3854,13.499842
IsPETaseWT_pool_2953,13.498274
IsPETaseWT_pool_3883,13.497753
IsPETaseWT_pool_4010,13.496934
IsPETaseWT_pool_546,13.496402
IsPETaseWT_pool_790,13.494112
IsPETaseWT_pool_4662,13.493981
IsPETaseWT_pool_1,13.493743
IsPETaseWT_pool_3951,13.491387
IsPETaseWT_pool_3057,13.491344
IsPETaseWT_pool_3709,13.486920
IsPETaseWT_pool_3640,13.486131
IsPETaseWT_pool_4199,13.483377
IsPETaseWT_pool_2404,13.481903
IsPETaseWT_pool_2114,13.481281
IsPETaseWT_pool_1437,13.481009
IsPETaseWT_pool_4328,13.480308
IsPETaseWT_pool_1299,13.480024
IsPETaseWT_pool_323,13.478765
IsPETaseWT_pool_3333,13.478740
IsPETaseWT_pool_3892,13.476567
IsPETaseWT_pool_4912,13.472552
IsPETaseWT_pool_217,13.470613
IsPETaseWT_pool_4166,13.470384
IsPETaseWT_pool_1942,13.470274
IsPETaseWT_pool_1260,13.469682
IsPETaseWT_pool_1777,13.469065
IsPETaseWT_pool_4718,13.467686
IsPETaseWT_pool_3638,13.467472
IsPETaseWT_pool_4362,13.467120
IsPETaseWT_pool_2044,13.466499
IsPETaseWT_pool_531,13.464315
IsPETaseWT_pool_3478,13.461790
IsPETaseWT_pool_3167,13.461271
IsPETaseWT_pool_3860,13.460690
IsPETaseWT_pool_1251,13.458461
IsPETaseWT_pool_4412,13.454975
IsPETaseWT_pool_1910,13.454644
IsPETaseWT_pool_370,13.453800
IsPETaseWT_pool_3047,13.452754
IsPETaseWT_pool_4747,13.449434
IsPETaseWT_pool_343,13.448874
IsPETaseWT_pool_1894,13.448549
IsPETaseWT_pool_2823,13.448048
IsPETaseWT_pool_2947,13.447487
IsPETaseWT_pool_107,13.445468
IsPETaseWT_pool_2597,13.443592
IsPETaseWT_pool_604,13.442050
IsPETaseWT_pool_3374,13.441572
IsPETaseWT_pool_4777,13.440518
IsPETaseWT_pool_946,13.439370
IsPETaseWT_pool_502,13.439157
IsPETaseWT_pool_1107,13.438890
IsPETaseWT_pool_3546,13.437975
IsPETaseWT_pool_1389,13.437426
IsPETaseWT_pool_2111,13.435230
IsPETaseWT_pool_37,13.434834
IsPETaseWT_pool_3430,13.429478
IsPETaseWT_pool_1975,13.429343
IsPETaseWT_pool_4306,13.426704
IsPETaseWT_pool_2803,13.426688
IsPETaseWT_pool_3843,13.426252
IsPETaseWT_pool_1905,13.425126
IsPETaseWT_pool_1392,13.424695
IsPETaseWT_pool_4763,13.424467
IsPETaseWT_pool_4356,13.424314
IsPETaseWT_pool_1788,13.424209
IsPETaseWT_pool_961,13.423729
IsPETaseWT_pool_3191,13.422004
IsPETaseWT_pool_1387,13.421043
IsPETaseWT_pool_3616,13.420605
IsPETaseWT_pool_3686,13.417894
IsPETaseWT_pool_4378,13.417692
IsPETaseWT_pool_376,13.417400
IsPETaseWT_pool_3852,13.415617
IsPETaseWT_pool_4655,13.415595
IsPETaseWT_pool_373,13.414414
IsPETaseWT_pool_1255,13.414049
IsPETaseWT_pool_330,13.408969
IsPETaseWT_pool_2147,13.403392
IsPETaseWT_pool_4568,13.403055
IsPETaseWT_pool_3174,13.401307
IsPETaseWT_pool_452,13.401201
IsPETaseWT_pool_410,13.400252
IsPETaseWT_pool_4262,13.399178
IsPETaseWT_pool_2510,13.395864
IsPETaseWT_pool_3527,13.395122
IsPETaseWT_pool_1164,13.394541
IsPETaseWT_pool_3161,13.393748
IsPETaseWT_pool_4717,13.393607
IsPETaseWT_pool_2304,13.392906
IsPETaseWT_pool_2797,13.392062
IsPETaseWT_pool_2697,13.391499
IsPETaseWT_pool_2444,13.388391
IsPETaseWT_pool_3407,13.387138
IsPETaseWT_pool_3263,13.385734
IsPETaseWT_pool_2662,13.385663
IsPETaseWT_pool_231,13.385073
IsPETaseWT_pool_982,13.384410
IsPETaseWT_pool_4733,13.382744
IsPETaseWT_pool_1131,13.382734
IsPETaseWT_pool_3264,13.382539
IsPETaseWT_pool_1672,13.382494
IsPETaseWT_pool_3362,13.381999
IsPETaseWT_pool_4908,13.381955
IsPETaseWT_pool_1338,13.381276
IsPETaseWT_pool_2226,13.380898
IsPETaseWT_pool_4594,13.380499
IsPETaseWT_pool_4456,13.380332
IsPETaseWT_pool_58,13.379283
IsPETaseWT_pool_2217,13.378351
IsPETaseWT_pool_2810,13.376911
IsPETaseWT_pool_2544,13.374285
IsPETaseWT_pool_4999,13.372504
IsPETaseWT_pool_1586,13.372205
IsPETaseWT_pool_995,13.370930
IsPETaseWT_pool_3446,13.370140
IsPETaseWT_pool_1081,13.369109
IsPETaseWT_pool_508,13.367827
IsPETaseWT_pool_727,13.366139
IsPETaseWT_pool_1639,13.366115
IsPETaseWT_pool_382,13.365125
IsPETaseWT_pool_2635,13.365017
IsPETaseWT_pool_2792,13.364328
IsPETaseWT_pool_2783,13.362962
IsPETaseWT_pool_4769,13.360383
IsPETaseWT_pool_1791,13.358960
IsPETaseWT_pool_66,13.358849
IsPETaseWT_pool_1528,13.354319
IsPETaseWT_pool_1938,13.354307
IsPETaseWT_pool_2610,13.353803
IsPETaseWT_pool_1640,13.351207
IsPETaseWT_pool_2059,13.350924
IsPETaseWT_pool_631,13.349811
IsPETaseWT_pool_2475,13.349774
IsPETaseWT_pool_4913,13.348520
IsPETaseWT_pool_3278,13.348474
IsPETaseWT_pool_2647,13.348372
IsPETaseWT_pool_4105,13.348093
IsPETaseWT_pool_3663,13.346403
IsPETaseWT_pool_4888,13.343058
IsPETaseWT_pool_916,13.338562
IsPETaseWT_pool_4706,13.335844
IsPETaseWT_pool_1803,13.332439
IsPETaseWT_pool_3317,13.330906
IsPETaseWT_pool_4787,13.327738
IsPETaseWT_pool_2014,13.326992
IsPETaseWT_pool_3670,13.326778
IsPETaseWT_pool_4217,13.325375
IsPETaseWT_pool_100,13.323930
IsPETaseWT_pool_726,13.321961
IsPETaseWT_pool_2608,13.320708
IsPETaseWT_pool_4802,13.319833
IsPETaseWT_pool_4038,13.318330
IsPETaseWT_pool_2800,13.317592
IsPETaseWT_pool_1877,13.317275
IsPETaseWT_pool_2286,13.316383
IsPETaseWT_pool_2489,13.314643
IsPETaseWT_pool_2858,13.314156
IsPETaseWT_pool_2619,13.313321
IsPETaseWT_pool_1401,13.309582
IsPETaseWT_pool_4118,13.307055
IsPETaseWT_pool_1953,13.306596
IsPETaseWT_pool_2872,13.306148
IsPETaseWT_pool_1952,13.304325
IsPETaseWT_pool_2958,13.303066
IsPETaseWT_pool_2817,13.302200
IsPETaseWT_pool_2234,13.302074
IsPETaseWT_pool_1462,13.300876
IsPETaseWT_pool_1548,13.299319
IsPETaseWT_pool_1236,13.298311
IsPETaseWT_pool_2586,13.296977
IsPETaseWT_pool_3994,13.296932
IsPETaseWT_pool_4016,13.295765
IsPETaseWT_pool_292,13.294349
IsPETaseWT_pool_1380,13.292756
IsPETaseWT_pool_575,13.292449
IsPETaseWT_pool_3276,13.291991
IsPETaseWT_pool_351,13.290878
IsPETaseWT_pool_3866,13.289425
IsPETaseWT_pool_2123,13.285750
IsPETaseWT_pool_1553,13.284150
IsPETaseWT_pool_785,13.282133
IsPETaseWT_pool_3799,13.281680
IsPETaseWT_pool_3923,13.278656
IsPETaseWT_pool_550,13.278531
IsPETaseWT_pool_3095,13.275677
IsPETaseWT_pool_4472,13.275031
IsPETaseWT_pool_3748,13.271732
IsPETaseWT_pool_3649,13.271461
IsPETaseWT_pool_4473,13.271159
IsPETaseWT_pool_300,13.270043
IsPETaseWT_pool_467,13.268507
IsPETaseWT_pool_2785,13.268018
IsPETaseWT_pool_3859,13.265886
IsPETaseWT_pool_4475,13.264788
IsPETaseWT_pool_3915,13.264543
IsPETaseWT_pool_2236,13.264208
IsPETaseWT_pool_2100,13.262051
IsPETaseWT_pool_1538,13.261724
IsPETaseWT_pool_3581,13.261350
IsPETaseWT_pool_1346,13.259477
IsPETaseWT_pool_4352,13.257577
IsPETaseWT_pool_4608,13.257293
IsPETaseWT_pool_1374,13.257151
IsPETaseWT_pool_2321,13.256310
IsPETaseWT_pool_2464,13.254996
IsPETaseWT_pool_1336,13.254486
IsPETaseWT_pool_2391,13.253770
IsPETaseWT_pool_1862,13.253560
IsPETaseWT_pool_3189,13.252469
IsPETaseWT_pool_938,13.251404
IsPETaseWT_pool_2941,13.249710
IsPETaseWT_pool_284,13.248435
IsPETaseWT_pool_1467,13.246062
IsPETaseWT_pool_511,13.244493
IsPETaseWT_pool_4071,13.244297
IsPETaseWT_pool_1139,13.244182
IsPETaseWT_pool_3504,13.243163
IsPETaseWT_pool_229,13.242316
IsPETaseWT_pool_860,13.241150
IsPETaseWT_pool_2125,13.239617
IsPETaseWT_pool_1572,13.238679
IsPETaseWT_pool_3973,13.238525
IsPETaseWT_pool_3687,13.238083
IsPETaseWT_pool_4206,13.237927
IsPETaseWT_pool_3972,13.236171
IsPETaseWT_pool_3169,13.235533
IsPETaseWT_pool_3054,13.235106
IsPETaseWT_pool_2596,13.234519
IsPETaseWT_pool_1020,13.232210
IsPETaseWT_pool_3083,13.229805
IsPETaseWT_pool_2896,13.226440
IsPETaseWT_pool_4444,13.226440
IsPETaseWT_pool_276,13.225480
IsPETaseWT_pool_4167,13.225336
IsPETaseWT_pool_3907,13.224496
IsPETaseWT_pool_4043,13.224221
IsPETaseWT_pool_736,13.222941
IsPETaseWT_pool_4779,13.222151
IsPETaseWT_pool_2784,13.221797
IsPETaseWT_pool_2254,13.221412
IsPETaseWT_pool_2832,13.220718
IsPETaseWT_pool_1209,13.219626
IsPETaseWT_pool_2638,13.218510
IsPETaseWT_pool_3408,13.218353
IsPETaseWT_pool_4762,13.218346
IsPETaseWT_pool_3400,13.217657
IsPETaseWT_pool_1866,13.217273
IsPETaseWT_pool_1868,13.217242
IsPETaseWT_pool_3197,13.217061
IsPETaseWT_pool_3077,13.216341
IsPETaseWT_pool_1070,13.215235
IsPETaseWT_pool_2434,13.214501
IsPETaseWT_pool_1948,13.211133
IsPETaseWT_pool_2685,13.210931
IsPETaseWT_pool_800,13.208866
IsPETaseWT_pool_2476,13.207705
IsPETaseWT_pool_4053,13.204630
IsPETaseWT_pool_1292,13.204359
IsPETaseWT_pool_2496,13.201853
IsPETaseWT_pool_2375,13.200980
IsPETaseWT_pool_570,13.198028
IsPETaseWT_pool_32,13.196669
IsPETaseWT_pool_3294,13.195718
IsPETaseWT_pool_4332,13.195679
IsPETaseWT_pool_1855,13.195383
IsPETaseWT_pool_264,13.194855
IsPETaseWT_pool_2292,13.193377
IsPETaseWT_pool_241,13.192739
IsPETaseWT_pool_4794,13.192102
IsPETaseWT_pool_4679,13.191882
IsPETaseWT_pool_772,13.189487
IsPETaseWT_pool_1185,13.188952
IsPETaseWT_pool_4168,13.188264
IsPETaseWT_pool_4629,13.187500
IsPETaseWT_pool_2097,13.187158
IsPETaseWT_pool_4068,13.186415
IsPETaseWT_pool_541,13.186302
IsPETaseWT_pool_689,13.185388
IsPETaseWT_pool_1367,13.184092
IsPETaseWT_pool_3992,13.184076
IsPETaseWT_pool_4225,13.183109
IsPETaseWT_pool_4349,13.182311
IsPETaseWT_pool_3488,13.181092
IsPETaseWT_pool_3820,13.180454
IsPETaseWT_pool_3173,13.179995
IsPETaseWT_pool_174,13.179770
IsPETaseWT_pool_2053,13.178281
IsPETaseWT_pool_2836,13.178039
IsPETaseWT_pool_4466,13.177940
IsPETaseWT_pool_3559,13.177913
IsPETaseWT_pool_1520,13.177528
IsPETaseWT_pool_2739,13.177190
IsPETaseWT_pool_4019,13.176816
IsPETaseWT_pool_1812,13.176650
IsPETaseWT_pool_2863,13.175106
IsPETaseWT_pool_3881,13.175070
IsPETaseWT_pool_2374,13.172522
IsPETaseWT_pool_3593,13.171407
IsPETaseWT_pool_2354,13.171173
IsPETaseWT_pool_504,13.170429
IsPETaseWT_pool_4284,13.170385
IsPETaseWT_pool_3671,13.167781
IsPETaseWT_pool_4184,13.166741
IsPETaseWT_pool_2843,13.165174
IsPETaseWT_pool_1097,13.161907
IsPETaseWT_pool_3192,13.161494
IsPETaseWT_pool_2854,13.161386
IsPETaseWT_pool_329,13.160202
IsPETaseWT_pool_4627,13.159835
IsPETaseWT_pool_1761,13.158798
IsPETaseWT_pool_2256,13.158521
IsPETaseWT_pool_1601,13.157366
IsPETaseWT_pool_4639,13.156033
IsPETaseWT_pool_1685,13.154055
IsPETaseWT_pool_130,13.152765
IsPETaseWT_pool_2089,13.151508
IsPETaseWT_pool_1213,13.151295
IsPETaseWT_pool_676,13.148964
IsPETaseWT_pool_929,13.147454
IsPETaseWT_pool_4555,13.145922
IsPETaseWT_pool_1621,13.143760
IsPETaseWT_pool_367,13.142279
IsPETaseWT_pool_2968,13.142107
IsPETaseWT_pool_2890,13.141395
IsPETaseWT_pool_574,13.141375
IsPETaseWT_pool_1869,13.137667
IsPETaseWT_pool_74,13.137343
IsPETaseWT_pool_1084,13.136847
IsPETaseWT_pool_2580,13.134953
IsPETaseWT_pool_732,13.130576
IsPETaseWT_pool_1305,13.130427
IsPETaseWT_pool_818,13.128432
IsPETaseWT_pool_1196,13.127570
IsPETaseWT_pool_4564,13.126866
IsPETaseWT_pool_1399,13.124765
IsPETaseWT_pool_2799,13.121641
IsPETaseWT_pool_619,13.121562
IsPETaseWT_pool_1172,13.120688
IsPETaseWT_pool_1748,13.115304
IsPETaseWT_pool_2728,13.113731
IsPETaseWT_pool_1037,13.112800
IsPETaseWT_pool_1315,13.112123
IsPETaseWT_pool_1485,13.111934
IsPETaseWT_pool_2219,13.110411
IsPETaseWT_pool_1165,13.109009
IsPETaseWT_pool_4070,13.108139
IsPETaseWT_pool_491,13.106577
IsPETaseWT_pool_49,13.106187
IsPETaseWT_pool_253,13.105639
IsPETaseWT_pool_475,13.104509
IsPETaseWT_pool_1795,13.104477
IsPETaseWT_pool_3164,13.103188
IsPETaseWT_pool_4150,13.102635
IsPETaseWT_pool_5,13.100028
IsPETaseWT_pool_2105,13.098773
IsPETaseWT_pool_2101,13.095192
IsPETaseWT_pool_4246,13.094034
IsPETaseWT_pool_1984,13.091023
IsPETaseWT_pool_3440,13.090719
IsPETaseWT_pool_1440,13.090438
IsPETaseWT_pool_2931,13.089888
IsPETaseWT_pool_894,13.088192
IsPETaseWT_pool_3284,13.087923
IsPETaseWT_pool_2358,13.087167
IsPETaseWT_pool_2979,13.085890
IsPETaseWT_pool_1248,13.085505
IsPETaseWT_pool_347,13.085340
IsPETaseWT_pool_380,13.083184
IsPETaseWT_pool_1641,13.082800
IsPETaseWT_pool_3721,13.082564
IsPETaseWT_pool_3196,13.082175
IsPETaseWT_pool_887,13.079853
IsPETaseWT_pool_1657,13.077670
IsPETaseWT_pool_1149,13.077119
IsPETaseWT_pool_2957,13.076612
IsPETaseWT_pool_2131,13.076524
IsPETaseWT_pool_2346,13.075554
IsPETaseWT_pool_673,13.074550
IsPETaseWT_pool_4539,13.072176
IsPETaseWT_pool_1993,13.072105
IsPETaseWT_pool_1182,13.070457
IsPETaseWT_pool_3523,13.066918
IsPETaseWT_pool_2084,13.066281
IsPETaseWT_pool_1068,13.065422
IsPETaseWT_pool_1940,13.065055
IsPETaseWT_pool_3902,13.064234
IsPETaseWT_pool_3116,13.060735
IsPETaseWT_pool_1423,13.059915
IsPETaseWT_pool_4209,13.059598
IsPETaseWT_pool_2334,13.057580
IsPETaseWT_pool_3895,13.057486
IsPETaseWT_pool_171,13.056864
IsPETaseWT_pool_1702,13.056750
IsPETaseWT_pool_3186,13.055740
IsPETaseWT_pool_2026,13.055498
IsPETaseWT_pool_3235,13.054600
IsPETaseWT_pool_73,13.054420
IsPETaseWT_pool_2537,13.051332
IsPETaseWT_pool_705,13.048400
IsPETaseWT_pool_2271,13.046913
IsPETaseWT_pool_1317,13.044483
IsPETaseWT_pool_735,13.044351
IsPETaseWT_pool_4671,13.044264
IsPETaseWT_pool_3824,13.043589
IsPETaseWT_pool_1371,13.042630
IsPETaseWT_pool_3556,13.042032
IsPETaseWT_pool_2876,13.041939
IsPETaseWT_pool_2487,13.041887
IsPETaseWT_pool_4366,13.040326
IsPETaseWT_pool_2267,13.038815
IsPETaseWT_pool_3601,13.037061
IsPETaseWT_pool_1007,13.036186
IsPETaseWT_pool_1549,13.034806
IsPETaseWT_pool_4943,13.034712
IsPETaseWT_pool_2196,13.032473
IsPETaseWT_pool_2687,13.031831
IsPETaseWT_pool_4922,13.031348
IsPETaseWT_pool_4382,13.031308
IsPETaseWT_pool_1436,13.030395
IsPETaseWT_pool_2319,13.026102
IsPETaseWT_pool_394,13.024157
IsPETaseWT_pool_2073,13.023346
IsPETaseWT_pool_1301,13.021707
IsPETaseWT_pool_4245,13.021363
IsPETaseWT_pool_1801,13.021246
IsPETaseWT_pool_3910,13.020837
IsPETaseWT_pool_675,13.016812
IsPETaseWT_pool_3876,13.016191
IsPETaseWT_pool_2781,13.015879
IsPETaseWT_pool_1011,13.014371
IsPETaseWT_pool_1740,13.014319
IsPETaseWT_pool_3829,13.011423
IsPETaseWT_pool_2759,13.011398
IsPETaseWT_pool_2322,13.009008
IsPETaseWT_pool_3272,13.008565
IsPETaseWT_pool_4252,13.006018
IsPETaseWT_pool_2502,13.004968
IsPETaseWT_pool_3043,13.004931
IsPETaseWT_pool_535,13.002672
IsPETaseWT_pool_2091,13.002615
IsPETaseWT_pool_4768,13.002072
IsPETaseWT_pool_3682,13.001945
IsPETaseWT_pool_3219,12.999554
IsPETaseWT_pool_1531,12.999025
IsPETaseWT_pool_2634,12.995290
IsPETaseWT_pool_1129,12.993021
IsPETaseWT_pool_992,12.992848
IsPETaseWT_pool_2940,12.992797
IsPETaseWT_pool_4665,12.992723
IsPETaseWT_pool_4601,12.992094
IsPETaseWT_pool_1510,12.989719
IsPETaseWT_pool_422,12.985922
IsPETaseWT_pool_4447,12.984228
IsPETaseWT_pool_2865,12.984036
IsPETaseWT_pool_3329,12.981999
IsPETaseWT_pool_1932,12.981030
IsPETaseWT_pool_2474,12.979079
IsPETaseWT_pool_3744,12.978297
IsPETaseWT_pool_711,12.976961
IsPETaseWT_pool_951,12.976858
IsPETaseWT_pool_3038,12.976838
IsPETaseWT_pool_2874,12.975658
IsPETaseWT_pool_2960,12.973439
IsPETaseWT_pool_3814,12.973069
IsPETaseWT_pool_4950,12.971992
IsPETaseWT_pool_2477,12.971075
IsPETaseWT_pool_3231,12.971023
IsPETaseWT_pool_198,12.970350
IsPETaseWT_pool_4003,12.969436
IsPETaseWT_pool_1647,12.967726
IsPETaseWT_pool_4499,12.967317
IsPETaseWT_pool_2741,12.966637
IsPETaseWT_pool_2259,12.964972
IsPETaseWT_pool_1231,12.964745
IsPETaseWT_pool_2107,12.963738
IsPETaseWT_pool_919,12.963509
IsPETaseWT_pool_1375,12.962059
IsPETaseWT_pool_2040,12.960132
IsPETaseWT_pool_1674,12.956505
IsPETaseWT_pool_1354,12.954453
IsPETaseWT_pool_3525,12.954120
IsPETaseWT_pool_4271,12.953761
IsPETaseWT_pool_1276,12.951889
IsPETaseWT_pool_2729,12.951662
IsPETaseWT_pool_1331,12.951598
IsPETaseWT_pool_4868,12.951270
IsPETaseWT_pool_1458,12.949520
IsPETaseWT_pool_2914,12.949279
IsPETaseWT_pool_2756,12.948844
IsPETaseWT_pool_2555,12.948004
IsPETaseWT_pool_4142,12.946166
IsPETaseWT_pool_4773,12.944731
IsPETaseWT_pool_4728,12.944214
IsPETaseWT_pool_4735,12.943770
IsPETaseWT_pool_3024,12.943270
IsPETaseWT_pool_1705,12.942663
IsPETaseWT_pool_3399,12.942435
IsPETaseWT_pool_1115,12.942400
IsPETaseWT_pool_4661,12.942023
IsPETaseWT_pool_1181,12.939948
IsPETaseWT_pool_3486,12.937986
IsPETaseWT_pool_1904,12.937531
IsPETaseWT_pool_2809,12.935460
IsPETaseWT_pool_4048,12.935373
IsPETaseWT_pool_605,12.934212
IsPETaseWT_pool_1996,12.933349
IsPETaseWT_pool_268,12.931355
IsPETaseWT_pool_42,12.930218
IsPETaseWT_pool_1826,12.929172
IsPETaseWT_pool_3215,12.928743
IsPETaseWT_pool_3425,12.925747
IsPETaseWT_pool_2004,12.925731
IsPETaseWT_pool_3363,12.924858
IsPETaseWT_pool_1318,12.922538
IsPETaseWT_pool_3522,12.921673
IsPETaseWT_pool_2010,12.916082
IsPETaseWT_pool_3447,12.915262
IsPETaseWT_pool_3957,12.910821
IsPETaseWT_pool_3429,12.909398
IsPETaseWT_pool_1073,12.909097
IsPETaseWT_pool_2730,12.908550
IsPETaseWT_pool_3945,12.908071
IsPETaseWT_pool_1590,12.904972
IsPETaseWT_pool_1449,12.903455
IsPETaseWT_pool_2001,12.903058
IsPETaseWT_pool_3989,12.899525
IsPETaseWT_pool_3586,12.895966
IsPETaseWT_pool_603,12.895298
IsPETaseWT_pool_2376,12.895253
IsPETaseWT_pool_2997,12.893592
IsPETaseWT_pool_307,12.893129
IsPETaseWT_pool_3800,12.891915
IsPETaseWT_pool_3217,12.891248
IsPETaseWT_pool_2794,12.888125
IsPETaseWT_pool_2533,12.887411
IsPETaseWT_pool_1810,12.887053
IsPETaseWT_pool_1947,12.886298
IsPETaseWT_pool_104,12.886174
IsPETaseWT_pool_38,12.885636
IsPETaseWT_pool_4600,12.885569
IsPETaseWT_pool_332,12.884883
IsPETaseWT_pool_4725,12.884050
IsPETaseWT_pool_2712,12.883404
IsPETaseWT_pool_101,12.881841
IsPETaseWT_pool_199,12.881446
IsPETaseWT_pool_3885,12.880628
IsPETaseWT_pool_1096,12.880118
IsPETaseWT_pool_2022,12.879850
IsPETaseWT_pool_913,12.875992
IsPETaseWT_pool_3503,12.873683
IsPETaseWT_pool_4033,12.872283
IsPETaseWT_pool_210,12.869378
IsPETaseWT_pool_4924,12.868778
IsPETaseWT_pool_1072,12.868769
IsPETaseWT_pool_2761,12.866337
IsPETaseWT_pool_2063,12.865765
IsPETaseWT_pool_4049,12.863114
IsPETaseWT_pool_4091,12.862890
IsPETaseWT_pool_3342,12.862647
IsPETaseWT_pool_3530,12.861380
IsPETaseWT_pool_3157,12.861103
IsPETaseWT_pool_4355,12.860940
IsPETaseWT_pool_364,12.860135
IsPETaseWT_pool_1117,12.859057
IsPETaseWT_pool_3339,12.856435
IsPETaseWT_pool_2445,12.855510
IsPETaseWT_pool_1699,12.855013
IsPETaseWT_pool_4417,12.853277
IsPETaseWT_pool_2031,12.853166
IsPETaseWT_pool_517,12.852055
IsPETaseWT_pool_1593,12.851594
IsPETaseWT_pool_2998,12.849456
IsPETaseWT_pool_4470,12.847516
IsPETaseWT_pool_4497,12.846658
IsPETaseWT_pool_3141,12.845586
IsPETaseWT_pool_3012,12.843916
IsPETaseWT_pool_2112,12.841487
IsPETaseWT_pool_4861,12.841183
IsPETaseWT_pool_1256,12.840638
IsPETaseWT_pool_847,12.838135
IsPETaseWT_pool_4009,12.835105
IsPETaseWT_pool_3249,12.833070
IsPETaseWT_pool_15,12.832507
IsPETaseWT_pool_438,12.832438
IsPETaseWT_pool_945,12.832292
IsPETaseWT_pool_4234,12.831836
IsPETaseWT_pool_2029,12.827377
IsPETaseWT_pool_334,12.827145
IsPETaseWT_pool_2330,12.824713
IsPETaseWT_pool_3005,12.823825
IsPETaseWT_pool_1545,12.823286
IsPETaseWT_pool_1463,12.822466
IsPETaseWT_pool_4658,12.821878
IsPETaseWT_pool_483,12.821135
IsPETaseWT_pool_2289,12.820996
IsPETaseWT_pool_4037,12.820905
IsPETaseWT_pool_2575,12.820867
IsPETaseWT_pool_3105,12.820736
IsPETaseWT_pool_1652,12.820461
IsPETaseWT_pool_2918,12.817412
IsPETaseWT_pool_4181,12.815778
IsPETaseWT_pool_4449,12.815150
IsPETaseWT_pool_522,12.814530
IsPETaseWT_pool_873,12.813699
IsPETaseWT_pool_2965,12.812960
IsPETaseWT_pool_4691,12.812065
IsPETaseWT_pool_1509,12.809236
IsPETaseWT_pool_344,12.808289
IsPETaseWT_pool_4799,12.807974
IsPETaseWT_pool_1198,12.806993
IsPETaseWT_pool_4961,12.805503
IsPETaseWT_pool_4407,12.804576
IsPETaseWT_pool_2746,12.798415
IsPETaseWT_pool_1309,12.797791
IsPETaseWT_pool_4996,12.797515
IsPETaseWT_pool_2770,12.797276
IsPETaseWT_pool_3199,12.797246
IsPETaseWT_pool_2837,12.796278
IsPETaseWT_pool_1793,12.796229
IsPETaseWT_pool_4090,12.795254
IsPETaseWT_pool_3840,12.794872
IsPETaseWT_pool_1216,12.793793
IsPETaseWT_pool_4045,12.792687
IsPETaseWT_pool_2988,12.791219
IsPETaseWT_pool_1957,12.791167
IsPETaseWT_pool_2983,12.790160
IsPETaseWT_pool_1704,12.789936
IsPETaseWT_pool_1221,12.789932
IsPETaseWT_pool_607,12.789529
IsPETaseWT_pool_2782,12.788876
IsPETaseWT_pool_4437,12.788023
IsPETaseWT_pool_4147,12.784112
IsPETaseWT_pool_225,12.782779
IsPETaseWT_pool_974,12.782162
IsPETaseWT_pool_1493,12.781261
IsPETaseWT_pool_4125,12.780957
IsPETaseWT_pool_1551,12.779133
IsPETaseWT_pool_2070,12.775846
IsPETaseWT_pool_4128,12.774867
IsPETaseWT_pool_2780,12.774697
IsPETaseWT_pool_2057,12.774361
IsPETaseWT_pool_3925,12.773202
IsPETaseWT_pool_3545,12.771502
IsPETaseWT_pool_950,12.770486
IsPETaseWT_pool_1477,12.768987
IsPETaseWT_pool_4340,12.767560
IsPETaseWT_pool_2681,12.765615
IsPETaseWT_pool_2323,12.763281
IsPETaseWT_pool_4482,12.761849
IsPETaseWT_pool_2469,12.761144
IsPETaseWT_pool_608,12.759768
IsPETaseWT_pool_4151,12.759367
IsPETaseWT_pool_576,12.758914
IsPETaseWT_pool_4178,12.758803
IsPETaseWT_pool_4137,12.758300
IsPETaseWT_pool_3154,12.758183
IsPETaseWT_pool_4491,12.758066
IsPETaseWT_pool_707,12.757766
IsPETaseWT_pool_1470,12.757160
IsPETaseWT_pool_4300,12.757050
IsPETaseWT_pool_2383,12.754718
IsPETaseWT_pool_1569,12.754512
IsPETaseWT_pool_3214,12.754223
IsPETaseWT_pool_1372,12.753947
IsPETaseWT_pool_1583,12.753864
IsPETaseWT_pool_567,12.751899
IsPETaseWT_pool_1544,12.750233
IsPETaseWT_pool_4387,12.748935
IsPETaseWT_pool_4878,12.748816
IsPETaseWT_pool_777,12.747829
IsPETaseWT_pool_3984,12.746108
IsPETaseWT_pool_2156,12.744698
IsPETaseWT_pool_4500,12.742989
IsPETaseWT_pool_426,12.742363
IsPETaseWT_pool_2849,12.742213
IsPETaseWT_pool_1329,12.740073
IsPETaseWT_pool_3443,12.739621
IsPETaseWT_pool_797,12.737635
IsPETaseWT_pool_3238,12.736746
IsPETaseWT_pool_4175,12.736711
IsPETaseWT_pool_2184,12.735549
IsPETaseWT_pool_3252,12.732274
IsPETaseWT_pool_1557,12.731740
IsPETaseWT_pool_2738,12.731136
IsPETaseWT_pool_119,12.728868
IsPETaseWT_pool_917,12.728539
IsPETaseWT_pool_2140,12.728525
IsPETaseWT_pool_1100,12.726201
IsPETaseWT_pool_4765,12.725219
IsPETaseWT_pool_625,12.721373
IsPETaseWT_pool_3477,12.721160
IsPETaseWT_pool_1167,12.720752
IsPETaseWT_pool_2748,12.720686
IsPETaseWT_pool_3360,12.720150
IsPETaseWT_pool_3754,12.719212
IsPETaseWT_pool_2704,12.718256
IsPETaseWT_pool_3016,12.717765
IsPETaseWT_pool_3118,12.715226
IsPETaseWT_pool_4882,12.714611
IsPETaseWT_pool_114,12.710391
IsPETaseWT_pool_1860,12.709550
IsPETaseWT_pool_2538,12.708935
IsPETaseWT_pool_1709,12.707952
IsPETaseWT_pool_3463,12.706156
IsPETaseWT_pool_4887,12.705597
IsPETaseWT_pool_2017,12.704615
IsPETaseWT_pool_753,12.702013
IsPETaseWT_pool_1230,12.701213
IsPETaseWT_pool_3288,12.697485
IsPETaseWT_pool_3811,12.696911
IsPETaseWT_pool_1418,12.696822
IsPETaseWT_pool_4469,12.694561
IsPETaseWT_pool_1005,12.694038
IsPETaseWT_pool_3790,12.693227
IsPETaseWT_pool_3996,12.693219
IsPETaseWT_pool_462,12.692868
IsPETaseWT_pool_1359,12.691103
IsPETaseWT_pool_4269,12.691000
IsPETaseWT_pool_3290,12.690464
IsPETaseWT_pool_4941,12.689255
IsPETaseWT_pool_4914,12.686079
IsPETaseWT_pool_2520,12.683914
IsPETaseWT_pool_1404,12.683642
IsPETaseWT_pool_495,12.680256
IsPETaseWT_pool_2686,12.679079
IsPETaseWT_pool_4346,12.678568
IsPETaseWT_pool_1535,12.675559
IsPETaseWT_pool_4970,12.675417
IsPETaseWT_pool_4161,12.673005
IsPETaseWT_pool_2615,12.672561
IsPETaseWT_pool_3676,12.672314
IsPETaseWT_pool_2978,12.671896
IsPETaseWT_pool_4129,12.670242
IsPETaseWT_pool_1421,12.669415
IsPETaseWT_pool_2573,12.666813
IsPETaseWT_pool_3935,12.665752
IsPETaseWT_pool_2494,12.662192
IsPETaseWT_pool_3075,12.662123
IsPETaseWT_pool_2263,12.661665
IsPETaseWT_pool_1887,12.660641
IsPETaseWT_pool_2417,12.659253
IsPETaseWT_pool_2726,12.658113
IsPETaseWT_pool_4850,12.657527
IsPETaseWT_pool_2439,12.656839
IsPETaseWT_pool_173,12.656291
IsPETaseWT_pool_457,12.655929
IsPETaseWT_pool_4523,12.655849
IsPETaseWT_pool_843,12.655110
IsPETaseWT_pool_80,12.653990
IsPETaseWT_pool_936,12.653872
IsPETaseWT_pool_4644,12.652625
IsPETaseWT_pool_2910,12.649406
IsPETaseWT_pool_543,12.648730
IsPETaseWT_pool_2871,12.646148
IsPETaseWT_pool_4154,12.645715
IsPETaseWT_pool_1029,12.642948
IsPETaseWT_pool_930,12.642528
IsPETaseWT_pool_3912,12.641879
IsPETaseWT_pool_3519,12.641406
IsPETaseWT_pool_4603,12.641253
IsPETaseWT_pool_3599,12.641229
IsPETaseWT_pool_1398,12.640474
IsPETaseWT_pool_2065,12.640076
IsPETaseWT_pool_2390,12.640042
IsPETaseWT_pool_1842,12.639877
IsPETaseWT_pool_2486,12.637170
IsPETaseWT_pool_1169,12.633823
IsPETaseWT_pool_4572,12.633768
IsPETaseWT_pool_1611,12.632957
IsPETaseWT_pool_2497,12.632249
IsPETaseWT_pool_3776,12.628750
IsPETaseWT_pool_2122,12.627155
IsPETaseWT_pool_2853,12.626842
IsPETaseWT_pool_3115,12.626739
IsPETaseWT_pool_1701,12.626146
IsPETaseWT_pool_3869,12.624928
IsPETaseWT_pool_272,12.623509
IsPETaseWT_pool_144,12.622597
IsPETaseWT_pool_245,12.622188
IsPETaseWT_pool_1397,12.621750
IsPETaseWT_pool_2165,12.621603
IsPETaseWT_pool_3319,12.621572
IsPETaseWT_pool_4187,12.619823
IsPETaseWT_pool_3600,12.619474
IsPETaseWT_pool_2814,12.618907
IsPETaseWT_pool_142,12.618709
IsPETaseWT_pool_3985,12.617762
IsPETaseWT_pool_2398,12.617630
IsPETaseWT_pool_2146,12.614856
IsPETaseWT_pool_2307,12.614544
IsPETaseWT_pool_4283,12.613416
IsPETaseWT_pool_1294,12.613306
IsPETaseWT_pool_4989,12.611383
IsPETaseWT_pool_3451,12.607487
IsPETaseWT_pool_3424,12.606716
IsPETaseWT_pool_4377,12.605374
IsPETaseWT_pool_1933,12.605356
IsPETaseWT_pool_3031,12.605000
IsPETaseWT_pool_2218,12.604745
IsPETaseWT_pool_1729,12.604654
IsPETaseWT_pool_3018,12.602646
IsPETaseWT_pool_3629,12.602535
IsPETaseWT_pool_809,12.601672
IsPETaseWT_pool_2557,12.601010
IsPETaseWT_pool_1040,12.597860
IsPETaseWT_pool_2006,12.597028
IsPETaseWT_pool_192,12.596642
IsPETaseWT_pool_358,12.594748
IsPETaseWT_pool_3335,12.593966
IsPETaseWT_pool_256,12.593760
IsPETaseWT_pool_926,12.593670
IsPETaseWT_pool_2430,12.593488
IsPETaseWT_pool_4054,12.592095
IsPETaseWT_pool_4242,12.591609
IsPETaseWT_pool_2414,12.590222
IsPETaseWT_pool_3032,12.589832
IsPETaseWT_pool_1352,12.589711
IsPETaseWT_pool_1960,12.588099
IsPETaseWT_pool_3821,12.586571
IsPETaseWT_pool_3774,12.586319
IsPETaseWT_pool_4233,12.583576
IsPETaseWT_pool_2203,12.582845
IsPETaseWT_pool_3964,12.582554
IsPETaseWT_pool_2167,12.579066
IsPETaseWT_pool_2827,12.577546
IsPETaseWT_pool_122,12.577540
IsPETaseWT_pool_814,12.576332
IsPETaseWT_pool_3195,12.576320
IsPETaseWT_pool_848,12.576195
IsPETaseWT_pool_2750,12.575934
IsPETaseWT_pool_1220,12.575393
IsPETaseWT_pool_1348,12.573807
IsPETaseWT_pool_3467,12.572861
IsPETaseWT_pool_3684,12.572645
IsPETaseWT_pool_4082,12.571581
IsPETaseWT_pool_3071,12.570840
IsPETaseWT_pool_4540,12.570518
IsPETaseWT_pool_4933,12.568982
IsPETaseWT_pool_4817,12.567312
IsPETaseWT_pool_4116,12.565191
IsPETaseWT_pool_1314,12.564691
IsPETaseWT_pool_2296,12.563777
IsPETaseWT_pool_1604,12.563631
IsPETaseWT_pool_2589,12.563402
IsPETaseWT_pool_2763,12.562635
IsPETaseWT_pool_2585,12.558250
IsPETaseWT_pool_4935,12.557841
IsPETaseWT_pool_3208,12.557356
IsPETaseWT_pool_165,12.556528
IsPETaseWT_pool_2313,12.555940
IsPETaseWT_pool_3010,12.555832
IsPETaseWT_pool_4936,12.555489
IsPETaseWT_pool_4930,12.553485
IsPETaseWT_pool_922,12.553388
IsPETaseWT_pool_1923,12.553144
IsPETaseWT_pool_1214,12.552794
IsPETaseWT_pool_1666,12.550283
IsPETaseWT_pool_1439,12.550077
IsPETaseWT_pool_3947,12.547002
IsPETaseWT_pool_388,12.546790
IsPETaseWT_pool_13,12.546507
IsPETaseWT_pool_1575,12.545301
IsPETaseWT_pool_1537,12.544156
IsPETaseWT_pool_3065,12.543438
IsPETaseWT_pool_908,12.542333
IsPETaseWT_pool_2387,12.542017
IsPETaseWT_pool_3540,12.541812
IsPETaseWT_pool_3567,12.541635
IsPETaseWT_pool_333,12.541516
IsPETaseWT_pool_1430,12.541414
IsPETaseWT_pool_1174,12.540948
IsPETaseWT_pool_2197,12.540481
IsPETaseWT_pool_2868,12.539133
IsPETaseWT_pool_1725,12.538721
IsPETaseWT_pool_4536,12.538541
IsPETaseWT_pool_321,12.537898
IsPETaseWT_pool_1907,12.537340
IsPETaseWT_pool_590,12.536594
IsPETaseWT_pool_183,12.535039
IsPETaseWT_pool_428,12.533885
IsPETaseWT_pool_3469,12.531411
IsPETaseWT_pool_1184,12.530271
IsPETaseWT_pool_3598,12.530021
IsPETaseWT_pool_4814,12.528581
IsPETaseWT_pool_19,12.527658
IsPETaseWT_pool_476,12.526456
IsPETaseWT_pool_4379,12.526006
IsPETaseWT_pool_3381,12.525177
IsPETaseWT_pool_325,12.521654
IsPETaseWT_pool_2518,12.521268
IsPETaseWT_pool_812,12.520888
IsPETaseWT_pool_698,12.519812
IsPETaseWT_pool_4883,12.519249
IsPETaseWT_pool_4964,12.518433
IsPETaseWT_pool_2209,12.518230
IsPETaseWT_pool_3749,12.518020
IsPETaseWT_pool_4213,12.516198
IsPETaseWT_pool_262,12.514273
IsPETaseWT_pool_3015,12.513806
IsPETaseWT_pool_3823,12.513280
IsPETaseWT_pool_352,12.512370
IsPETaseWT_pool_4577,12.512281
IsPETaseWT_pool_794,12.509207
IsPETaseWT_pool_3612,12.508430
IsPETaseWT_pool_87,12.506665
IsPETaseWT_pool_1764,12.505464
IsPETaseWT_pool_76,12.505010
IsPETaseWT_pool_2314,12.503219
IsPETaseWT_pool_1252,12.501782
IsPETaseWT_pool_2689,12.501122
IsPETaseWT_pool_2572,12.500240
IsPETaseWT_pool_3314,12.500115
IsPETaseWT_pool_3285,12.499913
IsPETaseWT_pool_3040,12.499767
IsPETaseWT_pool_2994,12.499658
IsPETaseWT_pool_3897,12.496199
IsPETaseWT_pool_3766,12.495993
IsPETaseWT_pool_4490,12.495557
IsPETaseWT_pool_4959,12.494982
IsPETaseWT_pool_1683,12.493313
IsPETaseWT_pool_3073,12.492247
IsPETaseWT_pool_2745,12.491309
IsPETaseWT_pool_515,12.490239
IsPETaseWT_pool_1677,12.489504
IsPETaseWT_pool_2982,12.486267
IsPETaseWT_pool_3206,12.484900
IsPETaseWT_pool_4527,12.484630
IsPETaseWT_pool_1662,12.484460
IsPETaseWT_pool_724,12.483974
IsPETaseWT_pool_2269,12.483520
IsPETaseWT_pool_289,12.483060
IsPETaseWT_pool_3465,12.482573
IsPETaseWT_pool_512,12.481062
IsPETaseWT_pool_1841,12.480846
IsPETaseWT_pool_4227,12.480462
IsPETaseWT_pool_3007,12.480294
IsPETaseWT_pool_2512,12.478717
IsPETaseWT_pool_1058,12.476551
IsPETaseWT_pool_2885,12.475229
IsPETaseWT_pool_414,12.474013
IsPETaseWT_pool_706,12.472899
IsPETaseWT_pool_3026,12.472729
IsPETaseWT_pool_2963,12.472466
IsPETaseWT_pool_4932,12.471678
IsPETaseWT_pool_3495,12.470490
IsPETaseWT_pool_258,12.469565
IsPETaseWT_pool_864,12.469083
IsPETaseWT_pool_4318,12.468228
IsPETaseWT_pool_3872,12.467223
IsPETaseWT_pool_1675,12.464749
IsPETaseWT_pool_3490,12.464272
IsPETaseWT_pool_354,12.463660
IsPETaseWT_pool_2879,12.462987
IsPETaseWT_pool_4223,12.462982
IsPETaseWT_pool_1405,12.456085
IsPETaseWT_pool_4436,12.455019
IsPETaseWT_pool_3436,12.454857
IsPETaseWT_pool_1264,12.452929
IsPETaseWT_pool_1726,12.450791
IsPETaseWT_pool_3634,12.449506
IsPETaseWT_pool_555,12.448153
IsPETaseWT_pool_3297,12.447983
IsPETaseWT_pool_4433,12.447708
IsPETaseWT_pool_2710,12.446742
IsPETaseWT_pool_139,12.444326
IsPETaseWT_pool_3584,12.443339
IsPETaseWT_pool_3039,12.441724
IsPETaseWT_pool_2675,12.441665
IsPETaseWT_pool_526,12.438813
IsPETaseWT_pool_117,12.438805
IsPETaseWT_pool_2270,12.436833
IsPETaseWT_pool_4553,12.435845
IsPETaseWT_pool_2495,12.435794
IsPETaseWT_pool_963,12.435393
IsPETaseWT_pool_230,12.435366
IsPETaseWT_pool_4670,12.434374
IsPETaseWT_pool_2821,12.433492
IsPETaseWT_pool_3170,12.433489
IsPETaseWT_pool_2154,12.433410
IsPETaseWT_pool_4078,12.431879
IsPETaseWT_pool_4782,12.430901
IsPETaseWT_pool_4605,12.430721
IsPETaseWT_pool_3806,12.429769
IsPETaseWT_pool_1714,12.429747
IsPETaseWT_pool_3304,12.427416
IsPETaseWT_pool_4204,12.426851
IsPETaseWT_pool_1383,12.426818
IsPETaseWT_pool_4489,12.426059
IsPETaseWT_pool_3106,12.424487
IsPETaseWT_pool_645,12.421679
IsPETaseWT_pool_1461,12.420595
IsPETaseWT_pool_3109,12.419808
IsPETaseWT_pool_4598,12.419097
IsPETaseWT_pool_4327,12.418680
IsPETaseWT_pool_455,12.418523
IsPETaseWT_pool_4541,12.416558
IsPETaseWT_pool_2194,12.416333
IsPETaseWT_pool_1749,12.416213
IsPETaseWT_pool_2775,12.414156
IsPETaseWT_pool_2521,12.413931
IsPETaseWT_pool_4265,12.412107
IsPETaseWT_pool_3271,12.411177
IsPETaseWT_pool_4995,12.410434
IsPETaseWT_pool_3346,12.409452
IsPETaseWT_pool_2379,12.408121
IsPETaseWT_pool_970,12.407249
IsPETaseWT_pool_2535,12.407101
IsPETaseWT_pool_1199,12.403976
IsPETaseWT_pool_4582,12.403125
IsPETaseWT_pool_4709,12.402989
IsPETaseWT_pool_3785,12.402702
IsPETaseWT_pool_3001,12.402116
IsPETaseWT_pool_1797,12.401321
IsPETaseWT_pool_999,12.401281
IsPETaseWT_pool_4650,12.400146
IsPETaseWT_pool_399,12.398495
IsPETaseWT_pool_4237,12.396644
IsPETaseWT_pool_840,12.396286
IsPETaseWT_pool_4580,12.395480
IsPETaseWT_pool_2801,12.395241
IsPETaseWT_pool_1319,12.395126
IsPETaseWT_pool_2158,12.394980
IsPETaseWT_pool_2385,12.394155
IsPETaseWT_pool_1151,12.394117
IsPETaseWT_pool_322,12.392901
IsPETaseWT_pool_3647,12.390937
IsPETaseWT_pool_4418,12.389085
IsPETaseWT_pool_3444,12.385316
IsPETaseWT_pool_4060,12.385297
IsPETaseWT_pool_4112,12.384379
IsPETaseWT_pool_700,12.384226
IsPETaseWT_pool_1645,12.383141
IsPETaseWT_pool_16,12.380284
IsPETaseWT_pool_400,12.379710
IsPETaseWT_pool_4757,12.378935
IsPETaseWT_pool_2302,12.378771
IsPETaseWT_pool_2257,12.378252
IsPETaseWT_pool_2578,12.375945
IsPETaseWT_pool_3718,12.375137
IsPETaseWT_pool_2195,12.374563
IsPETaseWT_pool_4314,12.374208
IsPETaseWT_pool_1838,12.372930
IsPETaseWT_pool_1291,12.372513
IsPETaseWT_pool_1892,12.372000
IsPETaseWT_pool_4253,12.369750
IsPETaseWT_pool_3081,12.368235
IsPETaseWT_pool_1786,12.367953
IsPETaseWT_pool_3185,12.366316
IsPETaseWT_pool_1498,12.365626
IsPETaseWT_pool_2646,12.364882
IsPETaseWT_pool_4111,12.361426
IsPETaseWT_pool_2643,12.357924
IsPETaseWT_pool_290,12.357882
IsPETaseWT_pool_581,12.356732
IsPETaseWT_pool_3509,12.355450
IsPETaseWT_pool_4618,12.355057
IsPETaseWT_pool_2523,12.353622
IsPETaseWT_pool_2087,12.353462
IsPETaseWT_pool_4145,12.351485
IsPETaseWT_pool_2922,12.349309
IsPETaseWT_pool_4686,12.348839
IsPETaseWT_pool_1222,12.348720
IsPETaseWT_pool_3755,12.348670
IsPETaseWT_pool_4207,12.347779
IsPETaseWT_pool_1340,12.345911
IsPETaseWT_pool_4308,12.345696
IsPETaseWT_pool_977,12.345353
IsPETaseWT_pool_968,12.345277
IsPETaseWT_pool_714,12.343425
IsPETaseWT_pool_2102,12.341999
IsPETaseWT_pool_2616,12.341637
IsPETaseWT_pool_880,12.340877
IsPETaseWT_pool_1659,12.337677
IsPETaseWT_pool_4986,12.337443
IsPETaseWT_pool_3970,12.336641
IsPETaseWT_pool_2901,12.336406
IsPETaseWT_pool_942,12.334783
IsPETaseWT_pool_3553,12.333013
IsPETaseWT_pool_4586,12.332261
IsPETaseWT_pool_3723,12.331441
IsPETaseWT_pool_4809,12.329104
IsPETaseWT_pool_4109,12.328959
IsPETaseWT_pool_1161,12.328303
IsPETaseWT_pool_4085,12.327967
IsPETaseWT_pool_722,12.326267
IsPETaseWT_pool_3370,12.323834
IsPETaseWT_pool_498,12.323035
IsPETaseWT_pool_1369,12.321918
IsPETaseWT_pool_2905,12.321631
IsPETaseWT_pool_701,12.320656
IsPETaseWT_pool_1543,12.320135
IsPETaseWT_pool_713,12.320084
IsPETaseWT_pool_3941,12.319981
IsPETaseWT_pool_1135,12.318183
IsPETaseWT_pool_4083,12.317360
IsPETaseWT_pool_4689,12.317193
IsPETaseWT_pool_2938,12.317134
IsPETaseWT_pool_2588,12.316737
IsPETaseWT_pool_4525,12.315838
IsPETaseWT_pool_1532,12.313467
IsPETaseWT_pool_3802,12.313322
IsPETaseWT_pool_434,12.312469
IsPETaseWT_pool_653,12.312464
IsPETaseWT_pool_1637,12.310936
IsPETaseWT_pool_1679,12.310177
IsPETaseWT_pool_1364,12.306217
IsPETaseWT_pool_3021,12.302897
IsPETaseWT_pool_1936,12.302434
IsPETaseWT_pool_2191,12.301657
IsPETaseWT_pool_471,12.301319
IsPETaseWT_pool_3903,12.299562
IsPETaseWT_pool_3990,12.299257
IsPETaseWT_pool_3251,12.297859
IsPETaseWT_pool_2427,12.296432
IsPETaseWT_pool_472,12.295930
IsPETaseWT_pool_1208,12.295435
IsPETaseWT_pool_1539,12.294360
IsPETaseWT_pool_2264,12.293223
IsPETaseWT_pool_269,12.292944
IsPETaseWT_pool_3588,12.290745
IsPETaseWT_pool_626,12.289646
IsPETaseWT_pool_2419,12.288533
IsPETaseWT_pool_3742,12.288345
IsPETaseWT_pool_3768,12.288322
IsPETaseWT_pool_587,12.286852
IsPETaseWT_pool_3466,12.286419
IsPETaseWT_pool_4307,12.286226
IsPETaseWT_pool_1047,12.285927
IsPETaseWT_pool_1235,12.285783
IsPETaseWT_pool_3456,12.285755
IsPETaseWT_pool_1365,12.285591
IsPETaseWT_pool_4892,12.285124
IsPETaseWT_pool_3870,12.284577
IsPETaseWT_pool_1119,12.284488
IsPETaseWT_pool_1839,12.283711
IsPETaseWT_pool_1091,12.283672
IsPETaseWT_pool_3046,12.281137
IsPETaseWT_pool_4103,12.280247
IsPETaseWT_pool_3480,12.279781
IsPETaseWT_pool_267,12.278096
IsPETaseWT_pool_4402,12.276466
IsPETaseWT_pool_3853,12.276464
IsPETaseWT_pool_802,12.275228
IsPETaseWT_pool_2700,12.274570
IsPETaseWT_pool_996,12.273212
IsPETaseWT_pool_3635,12.265768
IsPETaseWT_pool_3532,12.261910
IsPETaseWT_pool_3496,12.261809
IsPETaseWT_pool_3714,12.260595
IsPETaseWT_pool_3965,12.259657
IsPETaseWT_pool_23,12.258007
IsPETaseWT_pool_2937,12.256665
IsPETaseWT_pool_1302,12.255734
IsPETaseWT_pool_213,12.253075
IsPETaseWT_pool_1134,12.252629
IsPETaseWT_pool_2636,12.249673
IsPETaseWT_pool_53,12.248516
IsPETaseWT_pool_3338,12.248460
IsPETaseWT_pool_4339,12.248376
IsPETaseWT_pool_4801,12.248373
IsPETaseWT_pool_2258,12.247321
IsPETaseWT_pool_4584,12.246949
IsPETaseWT_pool_648,12.245941
IsPETaseWT_pool_2541,12.244861
IsPETaseWT_pool_3168,12.242107
IsPETaseWT_pool_3913,12.240300
IsPETaseWT_pool_285,12.240145
IsPETaseWT_pool_3421,12.238606
IsPETaseWT_pool_2168,12.235169
IsPETaseWT_pool_1274,12.235161
IsPETaseWT_pool_4786,12.234711
IsPETaseWT_pool_4622,12.233641
IsPETaseWT_pool_1480,12.232717
IsPETaseWT_pool_1648,12.231177
IsPETaseWT_pool_1534,12.230403
IsPETaseWT_pool_378,12.229139
IsPETaseWT_pool_4323,12.228862
IsPETaseWT_pool_1363,12.228728
IsPETaseWT_pool_4296,12.227186
IsPETaseWT_pool_1282,12.225389
IsPETaseWT_pool_2232,12.222524
IsPETaseWT_pool_1258,12.222464
IsPETaseWT_pool_2215,12.221792
IsPETaseWT_pool_1890,12.221763
IsPETaseWT_pool_357,12.221743
IsPETaseWT_pool_830,12.220143
IsPETaseWT_pool_3518,12.219904
IsPETaseWT_pool_4430,12.217340
IsPETaseWT_pool_1141,12.215489
IsPETaseWT_pool_4443,12.213899
IsPETaseWT_pool_4724,12.213351
IsPETaseWT_pool_1501,12.211292
IsPETaseWT_pool_897,12.211069
IsPETaseWT_pool_3554,12.210784
IsPETaseWT_pool_2755,12.210347
IsPETaseWT_pool_3014,12.210224
IsPETaseWT_pool_1495,12.209307
IsPETaseWT_pool_4174,12.208422
IsPETaseWT_pool_2989,12.208085
IsPETaseWT_pool_892,12.207939
IsPETaseWT_pool_2275,12.207483
IsPETaseWT_pool_3178,12.207031
IsPETaseWT_pool_2609,12.206850
IsPETaseWT_pool_3103,12.206718
IsPETaseWT_pool_3048,12.206172
IsPETaseWT_pool_4214,12.205939
IsPETaseWT_pool_2964,12.204749
IsPETaseWT_pool_641,12.204136
IsPETaseWT_pool_4065,12.203577
IsPETaseWT_pool_3422,12.203441
IsPETaseWT_pool_2210,12.201550
IsPETaseWT_pool_197,12.200721
IsPETaseWT_pool_3856,12.200561
IsPETaseWT_pool_1629,12.200253
IsPETaseWT_pool_337,12.199730
IsPETaseWT_pool_2339,12.199018
IsPETaseWT_pool_643,12.197899
IsPETaseWT_pool_4200,12.197183
IsPETaseWT_pool_1038,12.196001
IsPETaseWT_pool_4807,12.195879
IsPETaseWT_pool_3704,12.195643
IsPETaseWT_pool_699,12.194957
IsPETaseWT_pool_2136,12.193379
IsPETaseWT_pool_3691,12.192975
IsPETaseWT_pool_1246,12.192682
IsPETaseWT_pool_1946,12.192090
IsPETaseWT_pool_2842,12.190903
IsPETaseWT_pool_59,12.190550
IsPETaseWT_pool_2719,12.189951
IsPETaseWT_pool_1152,12.189945
IsPETaseWT_pool_2260,12.187879
IsPETaseWT_pool_3756,12.186462
IsPETaseWT_pool_3987,12.185410
IsPETaseWT_pool_4919,12.182753
IsPETaseWT_pool_3809,12.181874
IsPETaseWT_pool_2877,12.181793
IsPETaseWT_pool_4674,12.177980
IsPETaseWT_pool_2546,12.177757
IsPETaseWT_pool_4707,12.176126
IsPETaseWT_pool_3887,12.175708
IsPETaseWT_pool_3487,12.175451
IsPETaseWT_pool_927,12.175340
IsPETaseWT_pool_366,12.175300
IsPETaseWT_pool_2543,12.174934
IsPETaseWT_pool_4093,12.172672
IsPETaseWT_pool_2228,12.171801
IsPETaseWT_pool_3213,12.171516
IsPETaseWT_pool_3594,12.171390
IsPETaseWT_pool_1762,12.170517
IsPETaseWT_pool_3209,12.168866
IsPETaseWT_pool_1095,12.168086
IsPETaseWT_pool_86,12.168004
IsPETaseWT_pool_3751,12.166659
IsPETaseWT_pool_1757,12.166490
IsPETaseWT_pool_2041,12.165865
IsPETaseWT_pool_4241,12.164114
IsPETaseWT_pool_1840,12.162773
IsPETaseWT_pool_3862,12.162737
IsPETaseWT_pool_4400,12.160088
IsPETaseWT_pool_720,12.159972
IsPETaseWT_pool_2598,12.159640
IsPETaseWT_pool_4900,12.159605
IsPETaseWT_pool_383,12.158675
IsPETaseWT_pool_3541,12.158377
IsPETaseWT_pool_299,12.157642
IsPETaseWT_pool_1751,12.157003
IsPETaseWT_pool_2961,12.156176
IsPETaseWT_pool_1456,12.154098
IsPETaseWT_pool_2025,12.153771
IsPETaseWT_pool_2074,12.150687
IsPETaseWT_pool_401,12.149662
IsPETaseWT_pool_278,12.149216
IsPETaseWT_pool_2405,12.147124
IsPETaseWT_pool_1588,12.147034
IsPETaseWT_pool_2139,12.146641
IsPETaseWT_pool_3266,12.145361
IsPETaseWT_pool_2711,12.144683
IsPETaseWT_pool_3354,12.142220
IsPETaseWT_pool_1858,12.142144
IsPETaseWT_pool_835,12.139683
IsPETaseWT_pool_31,12.135621
IsPETaseWT_pool_4173,12.135581
IsPETaseWT_pool_2857,12.129982
IsPETaseWT_pool_4796,12.127370
IsPETaseWT_pool_3784,12.126222
IsPETaseWT_pool_2468,12.125617
IsPETaseWT_pool_1247,12.125074
IsPETaseWT_pool_944,12.124939
IsPETaseWT_pool_1681,12.123404
IsPETaseWT_pool_1724,12.123276
IsPETaseWT_pool_586,12.122378
IsPETaseWT_pool_133,12.121118
IsPETaseWT_pool_2045,12.120609
IsPETaseWT_pool_4795,12.119968
IsPETaseWT_pool_4152,12.118407
IsPETaseWT_pool_1580,12.118239
IsPETaseWT_pool_1571,12.112746
IsPETaseWT_pool_3582,12.112116
IsPETaseWT_pool_4668,12.111898
IsPETaseWT_pool_35,12.108763
IsPETaseWT_pool_4837,12.106798
IsPETaseWT_pool_4714,12.106560
IsPETaseWT_pool_189,12.106285
IsPETaseWT_pool_301,12.104992
IsPETaseWT_pool_4372,12.103889
IsPETaseWT_pool_1988,12.103704
IsPETaseWT_pool_1283,12.102534
IsPETaseWT_pool_667,12.102194
IsPETaseWT_pool_2718,12.100085
IsPETaseWT_pool_1560,12.099416
IsPETaseWT_pool_3637,12.097603
IsPETaseWT_pool_3621,12.097010
IsPETaseWT_pool_2150,12.096421
IsPETaseWT_pool_1564,12.095761
IsPETaseWT_pool_3,12.094435
IsPETaseWT_pool_1268,12.094388
IsPETaseWT_pool_3259,12.094296
IsPETaseWT_pool_2560,12.094066
IsPETaseWT_pool_181,12.093390
IsPETaseWT_pool_2928,12.092462
IsPETaseWT_pool_3484,12.091571
IsPETaseWT_pool_3135,12.091095
IsPETaseWT_pool_1207,12.089658
IsPETaseWT_pool_4021,12.089408
IsPETaseWT_pool_2895,12.088237
IsPETaseWT_pool_93,12.088168
IsPETaseWT_pool_578,12.088025
IsPETaseWT_pool_4069,12.087831
IsPETaseWT_pool_3763,12.086287
IsPETaseWT_pool_2747,12.085969
IsPETaseWT_pool_28,12.084897
IsPETaseWT_pool_1691,12.084835
IsPETaseWT_pool_4597,12.084175
IsPETaseWT_pool_4547,12.084085
IsPETaseWT_pool_536,12.081487
IsPETaseWT_pool_3056,12.079865
IsPETaseWT_pool_4578,12.079565
IsPETaseWT_pool_2448,12.078845
IsPETaseWT_pool_4221,12.077170
IsPETaseWT_pool_4770,12.077094
IsPETaseWT_pool_959,12.076220
IsPETaseWT_pool_743,12.075298
IsPETaseWT_pool_2566,12.074151
IsPETaseWT_pool_593,12.073657
IsPETaseWT_pool_4042,12.072509
IsPETaseWT_pool_1269,12.071393
IsPETaseWT_pool_147,12.071240
IsPETaseWT_pool_642,12.070483
IsPETaseWT_pool_1393,12.068493
IsPETaseWT_pool_3779,12.067772
IsPETaseWT_pool_3703,12.067112
IsPETaseWT_pool_3159,12.066831
IsPETaseWT_pool_2288,12.066085
IsPETaseWT_pool_190,12.063547
IsPETaseWT_pool_385,12.062923
IsPETaseWT_pool_4863,12.062015
IsPETaseWT_pool_3886,12.061076
IsPETaseWT_pool_2889,12.060674
IsPETaseWT_pool_2736,12.059757
IsPETaseWT_pool_4917,12.057332
IsPETaseWT_pool_2255,12.057057
IsPETaseWT_pool_3093,12.056365
IsPETaseWT_pool_4985,12.055659
IsPETaseWT_pool_3372,12.054857
IsPETaseWT_pool_884,12.054460
IsPETaseWT_pool_3260,12.053074
IsPETaseWT_pool_979,12.053043
IsPETaseWT_pool_792,12.051323
IsPETaseWT_pool_2175,12.049263
IsPETaseWT_pool_4228,12.048078
IsPETaseWT_pool_374,12.045695
IsPETaseWT_pool_4681,12.045483
IsPETaseWT_pool_1442,12.044066
IsPETaseWT_pool_3916,12.044051
IsPETaseWT_pool_1592,12.043874
IsPETaseWT_pool_4072,12.043578
IsPETaseWT_pool_3685,12.043034
IsPETaseWT_pool_3316,12.042674
IsPETaseWT_pool_2126,12.040258
IsPETaseWT_pool_1113,12.037055
IsPETaseWT_pool_2294,12.035868
IsPETaseWT_pool_1431,12.034649
IsPETaseWT_pool_2169,12.030675
IsPETaseWT_pool_281,12.030540
IsPETaseWT_pool_3299,12.030112
IsPETaseWT_pool_2659,12.029775
IsPETaseWT_pool_1775,12.029110
IsPETaseWT_pool_731,12.028159
IsPETaseWT_pool_2002,12.028139
IsPETaseWT_pool_2412,12.027514
IsPETaseWT_pool_4074,12.025333
IsPETaseWT_pool_1707,12.024747
IsPETaseWT_pool_510,12.024235
IsPETaseWT_pool_1019,12.023190
IsPETaseWT_pool_2120,12.021776
IsPETaseWT_pool_632,12.020050
IsPETaseWT_pool_1053,12.019553
IsPETaseWT_pool_1979,12.018368
IsPETaseWT_pool_1676,12.017274
IsPETaseWT_pool_149,12.015661
IsPETaseWT_pool_3605,12.015074
IsPETaseWT_pool_3689,12.014771
IsPETaseWT_pool_4619,12.014258
IsPETaseWT_pool_2176,12.013702
IsPETaseWT_pool_3437,12.013582
IsPETaseWT_pool_3137,12.012442
IsPETaseWT_pool_539,12.011920
IsPETaseWT_pool_1983,12.010161
IsPETaseWT_pool_1774,12.009063
IsPETaseWT_pool_4133,12.007974
IsPETaseWT_pool_4678,12.007056
IsPETaseWT_pool_2119,12.006592
IsPETaseWT_pool_1900,12.004744
IsPETaseWT_pool_4983,12.003468
IsPETaseWT_pool_3485,12.002677
IsPETaseWT_pool_4832,12.001054
IsPETaseWT_pool_1943,11.999724
IsPETaseWT_pool_4052,11.998899
IsPETaseWT_pool_2253,11.998828
IsPETaseWT_pool_3070,11.997181
IsPETaseWT_pool_3146,11.996639
IsPETaseWT_pool_263,11.996119
IsPETaseWT_pool_4732,11.995530
IsPETaseWT_pool_957,11.993984
IsPETaseWT_pool_1687,11.992218
IsPETaseWT_pool_4626,11.989422
IsPETaseWT_pool_2384,11.989194
IsPETaseWT_pool_1525,11.985181
IsPETaseWT_pool_4143,11.984116
IsPETaseWT_pool_2967,11.983994
IsPETaseWT_pool_1455,11.981373
IsPETaseWT_pool_4193,11.980340
IsPETaseWT_pool_972,11.979725
IsPETaseWT_pool_766,11.978435
IsPETaseWT_pool_2628,11.976633
IsPETaseWT_pool_3502,11.975561
IsPETaseWT_pool_4067,11.975520
IsPETaseWT_pool_4546,11.975023
IsPETaseWT_pool_2527,11.973535
IsPETaseWT_pool_881,11.972363
IsPETaseWT_pool_4929,11.971748
IsPETaseWT_pool_3884,11.970837
IsPETaseWT_pool_466,11.969912
IsPETaseWT_pool_3591,11.969349
IsPETaseWT_pool_649,11.966757
IsPETaseWT_pool_3827,11.964981
IsPETaseWT_pool_1156,11.964071
IsPETaseWT_pool_2920,11.963837
IsPETaseWT_pool_259,11.963746
IsPETaseWT_pool_1063,11.962459
IsPETaseWT_pool_202,11.961701
IsPETaseWT_pool_2690,11.960195
IsPETaseWT_pool_3735,11.959570
IsPETaseWT_pool_993,11.958536
IsPETaseWT_pool_2380,11.958150
IsPETaseWT_pool_4247,11.957953
IsPETaseWT_pool_3659,11.957052
IsPETaseWT_pool_3875,11.956990
IsPETaseWT_pool_1909,11.955867
IsPETaseWT_pool_1341,11.955021
IsPETaseWT_pool_1617,11.951865
IsPETaseWT_pool_3330,11.951838
IsPETaseWT_pool_4476,11.948828
IsPETaseWT_pool_1991,11.944180
IsPETaseWT_pool_4693,11.943499
IsPETaseWT_pool_4013,11.942972
IsPETaseWT_pool_1808,11.942059
IsPETaseWT_pool_623,11.941844
IsPETaseWT_pool_440,11.940542
IsPETaseWT_pool_3423,11.937977
IsPETaseWT_pool_4614,11.931950
IsPETaseWT_pool_615,11.931355
IsPETaseWT_pool_3187,11.931256
IsPETaseWT_pool_4640,11.928709
IsPETaseWT_pool_1370,11.928658
IsPETaseWT_pool_682,11.928105
IsPETaseWT_pool_4149,11.927864
IsPETaseWT_pool_4561,11.927463
IsPETaseWT_pool_3017,11.927238
IsPETaseWT_pool_2381,11.926786
IsPETaseWT_pool_834,11.926713
IsPETaseWT_pool_3471,11.926440
IsPETaseWT_pool_651,11.926281
IsPETaseWT_pool_3888,11.926016
IsPETaseWT_pool_1240,11.925746
IsPETaseWT_pool_4928,11.925227
IsPETaseWT_pool_1631,11.923384
IsPETaseWT_pool_4617,11.922182
IsPETaseWT_pool_3080,11.922088
IsPETaseWT_pool_2550,11.917373
IsPETaseWT_pool_3645,11.917112
IsPETaseWT_pool_1238,11.914728
IsPETaseWT_pool_3674,11.913858
IsPETaseWT_pool_2705,11.913369
IsPETaseWT_pool_2716,11.913305
IsPETaseWT_pool_652,11.912083
IsPETaseWT_pool_3578,11.911193
IsPETaseWT_pool_582,11.910718
IsPETaseWT_pool_4055,11.910678
IsPETaseWT_pool_940,11.908197
IsPETaseWT_pool_2996,11.908010
IsPETaseWT_pool_3958,11.906837
IsPETaseWT_pool_1308,11.906680
IsPETaseWT_pool_3158,11.906204
IsPETaseWT_pool_4058,11.905846
IsPETaseWT_pool_1218,11.905100
IsPETaseWT_pool_4373,11.904832
IsPETaseWT_pool_2162,11.903745
IsPETaseWT_pool_4195,11.903620
IsPETaseWT_pool_4841,11.903608
IsPETaseWT_pool_4020,11.903531
IsPETaseWT_pool_237,11.901229
IsPETaseWT_pool_3500,11.900382
IsPETaseWT_pool_314,11.899424
IsPETaseWT_pool_2524,11.897706
IsPETaseWT_pool_2490,11.896101
IsPETaseWT_pool_194,11.894107
IsPETaseWT_pool_2899,11.891524
IsPETaseWT_pool_3079,11.890162
IsPETaseWT_pool_2602,11.888996
IsPETaseWT_pool_2658,11.888532
IsPETaseWT_pool_2949,11.888015
IsPETaseWT_pool_616,11.887455
IsPETaseWT_pool_4428,11.887384
IsPETaseWT_pool_4672,11.887333
IsPETaseWT_pool_552,11.886659
IsPETaseWT_pool_25,11.886207
IsPETaseWT_pool_1739,11.885355
IsPETaseWT_pool_4004,11.884336
IsPETaseWT_pool_2668,11.882927
IsPETaseWT_pool_4259,11.882454
IsPETaseWT_pool_506,11.881783
IsPETaseWT_pool_4383,11.881775
IsPETaseWT_pool_3889,11.881126
IsPETaseWT_pool_2654,11.880579
IsPETaseWT_pool_4574,11.879714
IsPETaseWT_pool_1476,11.879625
IsPETaseWT_pool_4973,11.877280
IsPETaseWT_pool_4575,11.875836
IsPETaseWT_pool_1124,11.869730
IsPETaseWT_pool_1746,11.867039
IsPETaseWT_pool_2951,11.865537
IsPETaseWT_pool_767,11.864069
IsPETaseWT_pool_4704,11.863384
IsPETaseWT_pool_240,11.863209
IsPETaseWT_pool_3305,11.862883
IsPETaseWT_pool_3698,11.860762
IsPETaseWT_pool_1356,11.859254
IsPETaseWT_pool_228,11.858553
IsPETaseWT_pool_3131,11.857920
IsPETaseWT_pool_413,11.857855
IsPETaseWT_pool_2539,11.857304
IsPETaseWT_pool_157,11.856339
IsPETaseWT_pool_353,11.855898
IsPETaseWT_pool_4926,11.853174
IsPETaseWT_pool_4756,11.852681
IsPETaseWT_pool_597,11.852238
IsPETaseWT_pool_679,11.850681
IsPETaseWT_pool_2667,11.850237
IsPETaseWT_pool_2300,11.848536
IsPETaseWT_pool_1870,11.848313
IsPETaseWT_pool_2438,11.847918
IsPETaseWT_pool_313,11.847762
IsPETaseWT_pool_3223,11.846914
IsPETaseWT_pool_3724,11.846636
IsPETaseWT_pool_3149,11.846087
IsPETaseWT_pool_4403,11.845658
IsPETaseWT_pool_3253,11.843726
IsPETaseWT_pool_3076,11.843685
IsPETaseWT_pool_2758,11.840960
IsPETaseWT_pool_156,11.840081
IsPETaseWT_pool_1176,11.839692
IsPETaseWT_pool_1499,11.837024
IsPETaseWT_pool_1963,11.836990
IsPETaseWT_pool_1606,11.836244
IsPETaseWT_pool_2529,11.835518
IsPETaseWT_pool_4505,11.833979
IsPETaseWT_pool_3747,11.830902
IsPETaseWT_pool_3113,11.830041
IsPETaseWT_pool_4953,11.829027
IsPETaseWT_pool_1116,11.828856
IsPETaseWT_pool_530,11.828148
IsPETaseWT_pool_2805,11.826471
IsPETaseWT_pool_3560,11.825788
IsPETaseWT_pool_754,11.825562
IsPETaseWT_pool_1337,11.824829
IsPETaseWT_pool_2224,11.822145
IsPETaseWT_pool_3620,11.821573
IsPETaseWT_pool_2135,11.819779
IsPETaseWT_pool_1664,11.818636
IsPETaseWT_pool_1136,11.818608
IsPETaseWT_pool_2343,11.816219
IsPETaseWT_pool_4788,11.816167
IsPETaseWT_pool_304,11.811848
IsPETaseWT_pool_4722,11.811069
IsPETaseWT_pool_2660,11.810973
IsPETaseWT_pool_3108,11.810354
IsPETaseWT_pool_3352,11.809940
IsPETaseWT_pool_179,11.808747
IsPETaseWT_pool_2734,11.807831
IsPETaseWT_pool_4905,11.806944
IsPETaseWT_pool_1689,11.805259
IsPETaseWT_pool_4759,11.804629
IsPETaseWT_pool_2587,11.804403
IsPETaseWT_pool_3009,11.804296
IsPETaseWT_pool_1450,11.803013
IsPETaseWT_pool_1192,11.802983
IsPETaseWT_pool_1845,11.802891
IsPETaseWT_pool_4179,11.801406
IsPETaseWT_pool_1987,11.800228
IsPETaseWT_pool_2233,11.799829
IsPETaseWT_pool_234,11.799650
IsPETaseWT_pool_4638,11.797847
IsPETaseWT_pool_180,11.797359
IsPETaseWT_pool_246,11.797240
IsPETaseWT_pool_1351,11.796702
IsPETaseWT_pool_3275,11.795677
IsPETaseWT_pool_121,11.793679
IsPETaseWT_pool_50,11.791225
IsPETaseWT_pool_4939,11.790018
IsPETaseWT_pool_2773,11.788807
IsPETaseWT_pool_851,11.788643
IsPETaseWT_pool_4911,11.788391
IsPETaseWT_pool_1223,11.787849
IsPETaseWT_pool_3708,11.786850
IsPETaseWT_pool_2904,11.785515
IsPETaseWT_pool_3773,11.785230
IsPETaseWT_pool_379,11.783629
IsPETaseWT_pool_465,11.783040
IsPETaseWT_pool_1540,11.781470
IsPETaseWT_pool_4607,11.781465
IsPETaseWT_pool_311,11.781143
IsPETaseWT_pool_2378,11.780324
IsPETaseWT_pool_1187,11.778347
IsPETaseWT_pool_4084,11.777786
IsPETaseWT_pool_4637,11.777513
IsPETaseWT_pool_206,11.776842
IsPETaseWT_pool_2359,11.776478
IsPETaseWT_pool_1080,11.775902
IsPETaseWT_pool_2429,11.775635
IsPETaseWT_pool_158,11.775536
IsPETaseWT_pool_2826,11.775413
IsPETaseWT_pool_1567,11.775406
IsPETaseWT_pool_1949,11.775078
IsPETaseWT_pool_1110,11.774096
IsPETaseWT_pool_1012,11.773263
IsPETaseWT_pool_342,11.773260
IsPETaseWT_pool_4459,11.772354
IsPETaseWT_pool_4295,11.771529
IsPETaseWT_pool_4994,11.770796
IsPETaseWT_pool_905,11.770666
IsPETaseWT_pool_1634,11.769117
IsPETaseWT_pool_1889,11.769113
IsPETaseWT_pool_1624,11.769079
IsPETaseWT_pool_4987,11.766768
IsPETaseWT_pool_3683,11.766735
IsPETaseWT_pool_2173,11.765551
IsPETaseWT_pool_4628,11.765423
IsPETaseWT_pool_742,11.764057
IsPETaseWT_pool_3899,11.763188
IsPETaseWT_pool_852,11.763111
IsPETaseWT_pool_2443,11.762577
IsPETaseWT_pool_4699,11.761959
IsPETaseWT_pool_1249,11.761258
IsPETaseWT_pool_2591,11.760973
IsPETaseWT_pool_480,11.760319
IsPETaseWT_pool_2086,11.760242
IsPETaseWT_pool_1168,11.759580
IsPETaseWT_pool_3265,11.758993
IsPETaseWT_pool_3448,11.758689
IsPETaseWT_pool_4934,11.758590
IsPETaseWT_pool_1508,11.757648
IsPETaseWT_pool_1489,11.757589
IsPETaseWT_pool_4452,11.754972
IsPETaseWT_pool_4806,11.754717
IsPETaseWT_pool_4891,11.752436
IsPETaseWT_pool_3968,11.752379
IsPETaseWT_pool_3930,11.751893
IsPETaseWT_pool_4303,11.750835
IsPETaseWT_pool_4848,11.750670
IsPETaseWT_pool_3279,11.749540
IsPETaseWT_pool_3797,11.748456
IsPETaseWT_pool_2239,11.748436
IsPETaseWT_pool_4663,11.746617
IsPETaseWT_pool_2639,11.745311
IsPETaseWT_pool_1857,11.744763
IsPETaseWT_pool_4656,11.744647
IsPETaseWT_pool_4080,11.741659
IsPETaseWT_pool_2674,11.741060
IsPETaseWT_pool_1798,11.740519
IsPETaseWT_pool_1138,11.739869
IsPETaseWT_pool_2488,11.739865
IsPETaseWT_pool_1127,11.739354
IsPETaseWT_pool_4386,11.737489
IsPETaseWT_pool_3981,11.737059
IsPETaseWT_pool_3150,11.732312
IsPETaseWT_pool_4520,11.730032
IsPETaseWT_pool_1002,11.727914
IsPETaseWT_pool_3761,11.725634
IsPETaseWT_pool_2092,11.724957
IsPETaseWT_pool_4350,11.724854
IsPETaseWT_pool_4952,11.723107
IsPETaseWT_pool_226,11.722674
IsPETaseWT_pool_4738,11.722425
IsPETaseWT_pool_3155,11.721763
IsPETaseWT_pool_3368,11.721701
IsPETaseWT_pool_1731,11.721487
IsPETaseWT_pool_4415,11.720984
IsPETaseWT_pool_2671,11.719288
IsPETaseWT_pool_63,11.718429
IsPETaseWT_pool_4528,11.717791
IsPETaseWT_pool_1542,11.714910
IsPETaseWT_pool_1846,11.714709
IsPETaseWT_pool_1288,11.714561
IsPETaseWT_pool_4543,11.714011
IsPETaseWT_pool_910,11.712836
IsPETaseWT_pool_4611,11.707218
IsPETaseWT_pool_4615,11.705562
IsPETaseWT_pool_1419,11.705043
IsPETaseWT_pool_167,11.704637
IsPETaseWT_pool_4219,11.703310
IsPETaseWT_pool_520,11.703272
IsPETaseWT_pool_750,11.701863
IsPETaseWT_pool_1626,11.701238
IsPETaseWT_pool_3348,11.700974
IsPETaseWT_pool_3848,11.700400
IsPETaseWT_pool_1244,11.698675
IsPETaseWT_pool_4700,11.696895
IsPETaseWT_pool_2356,11.695179
IsPETaseWT_pool_3727,11.694324
IsPETaseWT_pool_3780,11.692378
IsPETaseWT_pool_776,11.692089
IsPETaseWT_pool_686,11.691831
IsPETaseWT_pool_1435,11.690718
IsPETaseWT_pool_1596,11.690417
IsPETaseWT_pool_871,11.688061
IsPETaseWT_pool_3468,11.688053
IsPETaseWT_pool_396,11.687440
IsPETaseWT_pool_694,11.686560
IsPETaseWT_pool_4182,11.686333
IsPETaseWT_pool_1882,11.685884
IsPETaseWT_pool_1728,11.681840
IsPETaseWT_pool_1024,11.680876
IsPETaseWT_pool_4002,11.679933
IsPETaseWT_pool_2892,11.679836
IsPETaseWT_pool_4843,11.677526
IsPETaseWT_pool_341,11.676811
IsPETaseWT_pool_2465,11.676450
IsPETaseWT_pool_2355,11.675676
IsPETaseWT_pool_1733,11.673153
IsPETaseWT_pool_2144,11.671852
IsPETaseWT_pool_166,11.670904
IsPETaseWT_pool_4740,11.669574
IsPETaseWT_pool_3933,11.668552
IsPETaseWT_pool_2056,11.668022
IsPETaseWT_pool_3248,11.667636
IsPETaseWT_pool_2806,11.667107
IsPETaseWT_pool_2180,11.662626
IsPETaseWT_pool_3277,11.661358
IsPETaseWT_pool_1603,11.658581
IsPETaseWT_pool_3366,11.658380
IsPETaseWT_pool_987,11.658217
IsPETaseWT_pool_3716,11.658116
IsPETaseWT_pool_3696,11.657516
IsPETaseWT_pool_4676,11.655559
IsPETaseWT_pool_249,11.655369
IsPETaseWT_pool_680,11.654110
IsPETaseWT_pool_2742,11.654009
IsPETaseWT_pool_3917,11.653084
IsPETaseWT_pool_712,11.652577
IsPETaseWT_pool_1615,11.651908
IsPETaseWT_pool_1717,11.650935
IsPETaseWT_pool_2394,11.650789
IsPETaseWT_pool_4274,11.649273
IsPETaseWT_pool_3246,11.643375
IsPETaseWT_pool_2505,11.642898
IsPETaseWT_pool_798,11.642510
IsPETaseWT_pool_3144,11.642002
IsPETaseWT_pool_1323,11.640754
IsPETaseWT_pool_1001,11.640407
IsPETaseWT_pool_4376,11.639987
IsPETaseWT_pool_4666,11.639799
IsPETaseWT_pool_837,11.639088
IsPETaseWT_pool_4385,11.638353
IsPETaseWT_pool_778,11.638183
IsPETaseWT_pool_3759,11.638182
IsPETaseWT_pool_479,11.638080
IsPETaseWT_pool_3665,11.636704
IsPETaseWT_pool_3662,11.636584
IsPETaseWT_pool_3789,11.636516
IsPETaseWT_pool_3564,11.634350
IsPETaseWT_pool_836,11.630726
IsPETaseWT_pool_1173,11.630234
IsPETaseWT_pool_2446,11.630065
IsPETaseWT_pool_1978,11.630037
IsPETaseWT_pool_4014,11.629373
IsPETaseWT_pool_3162,11.627275
IsPETaseWT_pool_956,11.626801
IsPETaseWT_pool_71,11.626350
IsPETaseWT_pool_3589,11.624182
IsPETaseWT_pool_3529,11.622397
IsPETaseWT_pool_564,11.622204
IsPETaseWT_pool_1759,11.621344
IsPETaseWT_pool_3091,11.617323
IsPETaseWT_pool_1197,11.617279
IsPETaseWT_pool_3839,11.616862
IsPETaseWT_pool_4231,11.616330
IsPETaseWT_pool_4232,11.615738
IsPETaseWT_pool_3542,11.615374
IsPETaseWT_pool_3459,11.615013
IsPETaseWT_pool_308,11.613009
IsPETaseWT_pool_1815,11.612668
IsPETaseWT_pool_2703,11.612422
IsPETaseWT_pool_3928,11.609891
IsPETaseWT_pool_3000,11.609278
IsPETaseWT_pool_4944,11.608465
IsPETaseWT_pool_3349,11.608109
IsPETaseWT_pool_2962,11.606953
IsPETaseWT_pool_4820,11.605215
IsPETaseWT_pool_1999,11.604066
IsPETaseWT_pool_2644,11.602782
IsPETaseWT_pool_4823,11.602759
IsPETaseWT_pool_2650,11.602657
IsPETaseWT_pool_1233,11.602065
IsPETaseWT_pool_2349,11.599815
IsPETaseWT_pool_2935,11.598548
IsPETaseWT_pool_3229,11.598231
IsPETaseWT_pool_532,11.598177
IsPETaseWT_pool_2411,11.596441
IsPETaseWT_pool_867,11.595724
IsPETaseWT_pool_2205,11.594990
IsPETaseWT_pool_3479,11.594866
IsPETaseWT_pool_902,11.593992
IsPETaseWT_pool_1108,11.593192
IsPETaseWT_pool_1695,11.592981
IsPETaseWT_pool_4847,11.591718
IsPETaseWT_pool_346,11.591633
IsPETaseWT_pool_4485,11.590102
IsPETaseWT_pool_768,11.589079
IsPETaseWT_pool_1513,11.588890
IsPETaseWT_pool_287,11.587006
IsPETaseWT_pool_2731,11.585999
IsPETaseWT_pool_286,11.583475
IsPETaseWT_pool_2388,11.583248
IsPETaseWT_pool_2337,11.582510
IsPETaseWT_pool_610,11.582502
IsPETaseWT_pool_4474,11.576426
IsPETaseWT_pool_1916,11.576343
IsPETaseWT_pool_2701,11.576303
IsPETaseWT_pool_4411,11.574436
IsPETaseWT_pool_3543,11.573259
IsPETaseWT_pool_175,11.572951
IsPETaseWT_pool_1966,11.571955
IsPETaseWT_pool_4570,11.571055
IsPETaseWT_pool_1443,11.569982
IsPETaseWT_pool_796,11.569575
IsPETaseWT_pool_1082,11.569164
IsPETaseWT_pool_4144,11.568807
IsPETaseWT_pool_3286,11.566211
IsPETaseWT_pool_2420,11.565630
IsPETaseWT_pool_3099,11.565523
IsPETaseWT_pool_4616,11.564781
IsPETaseWT_pool_140,11.563062
IsPETaseWT_pool_1755,11.561671
IsPETaseWT_pool_4694,11.561583
IsPETaseWT_pool_4880,11.561270
IsPETaseWT_pool_4140,11.560726
IsPETaseWT_pool_885,11.560496
IsPETaseWT_pool_2293,11.560374
IsPETaseWT_pool_1937,11.551736
IsPETaseWT_pool_1665,11.550511
IsPETaseWT_pool_411,11.549242
IsPETaseWT_pool_2309,11.548966
IsPETaseWT_pool_135,11.548230
IsPETaseWT_pool_2788,11.547593
IsPETaseWT_pool_232,11.547539
IsPETaseWT_pool_1914,11.544694
IsPETaseWT_pool_4515,11.543099
IsPETaseWT_pool_4036,11.542372
IsPETaseWT_pool_84,11.541513
IsPETaseWT_pool_1778,11.541469
IsPETaseWT_pool_1175,11.540636
IsPETaseWT_pool_4641,11.537778
IsPETaseWT_pool_1490,11.537170
IsPETaseWT_pool_752,11.536786
IsPETaseWT_pool_821,11.536120
IsPETaseWT_pool_24,11.535305
IsPETaseWT_pool_3771,11.531754
IsPETaseWT_pool_4162,11.531590
IsPETaseWT_pool_2076,11.525308
IsPETaseWT_pool_1304,11.525249
IsPETaseWT_pool_4120,11.522901
IsPETaseWT_pool_3880,11.522887
IsPETaseWT_pool_4563,11.520319
IsPETaseWT_pool_688,11.518456
IsPETaseWT_pool_1094,11.517068
IsPETaseWT_pool_702,11.515198
IsPETaseWT_pool_2325,11.513502
IsPETaseWT_pool_889,11.513478
IsPETaseWT_pool_4716,11.512412
IsPETaseWT_pool_3035,11.512297
IsPETaseWT_pool_1147,11.511514
IsPETaseWT_pool_4815,11.508757
IsPETaseWT_pool_4502,11.508725
IsPETaseWT_pool_1903,11.508678
IsPETaseWT_pool_4317,11.507019
IsPETaseWT_pool_3064,11.504775
IsPETaseWT_pool_2142,11.504011
IsPETaseWT_pool_1390,11.503430
IsPETaseWT_pool_489,11.503184
IsPETaseWT_pool_4301,11.502403
IsPETaseWT_pool_2875,11.502061
IsPETaseWT_pool_4557,11.501937
IsPETaseWT_pool_1099,11.501829
IsPETaseWT_pool_3633,11.501751
IsPETaseWT_pool_3906,11.501469
IsPETaseWT_pool_1085,11.500557
IsPETaseWT_pool_348,11.499849
IsPETaseWT_pool_728,11.498573
IsPETaseWT_pool_4826,11.498552
IsPETaseWT_pool_4331,11.498444
IsPETaseWT_pool_39,11.498211
IsPETaseWT_pool_4971,11.498031
IsPETaseWT_pool_646,11.497452
IsPETaseWT_pool_657,11.494504
IsPETaseWT_pool_1049,11.488324
IsPETaseWT_pool_3807,11.487540
IsPETaseWT_pool_2804,11.486823
IsPETaseWT_pool_387,11.485863
IsPETaseWT_pool_685,11.485144
IsPETaseWT_pool_2593,11.484658
IsPETaseWT_pool_3722,11.484082
IsPETaseWT_pool_2504,11.481864
IsPETaseWT_pool_1381,11.481499
IsPETaseWT_pool_3395,11.480286
IsPETaseWT_pool_4390,11.477185
IsPETaseWT_pool_1533,11.475790
IsPETaseWT_pool_4258,11.475652
IsPETaseWT_pool_912,11.474750
IsPETaseWT_pool_1344,11.474428
IsPETaseWT_pool_1616,11.474319
IsPETaseWT_pool_759,11.471475
IsPETaseWT_pool_4177,11.469387
IsPETaseWT_pool_1326,11.469071
IsPETaseWT_pool_2831,11.468143
IsPETaseWT_pool_3237,11.467736
IsPETaseWT_pool_4990,11.467179
IsPETaseWT_pool_920,11.466921
IsPETaseWT_pool_391,11.465765
IsPETaseWT_pool_4745,11.465395
IsPETaseWT_pool_2406,11.464315
IsPETaseWT_pool_2813,11.463825
IsPETaseWT_pool_3758,11.462382
IsPETaseWT_pool_17,11.461338
IsPETaseWT_pool_309,11.460835
IsPETaseWT_pool_4096,11.460829
IsPETaseWT_pool_1856,11.460371
IsPETaseWT_pool_1347,11.459968
IsPETaseWT_pool_1272,11.458658
IsPETaseWT_pool_3661,11.457894
IsPETaseWT_pool_1254,11.457280
IsPETaseWT_pool_4889,11.456297
IsPETaseWT_pool_4915,11.455942
IsPETaseWT_pool_2098,11.455230
IsPETaseWT_pool_1763,11.453793
IsPETaseWT_pool_1881,11.453600
IsPETaseWT_pool_4696,11.453377
IsPETaseWT_pool_3898,11.452662
IsPETaseWT_pool_1200,11.451622
IsPETaseWT_pool_319,11.450126
IsPETaseWT_pool_4484,11.448131
IsPETaseWT_pool_4210,11.447384
IsPETaseWT_pool_371,11.447187
IsPETaseWT_pool_1886,11.446252
IsPETaseWT_pool_3867,11.444263
IsPETaseWT_pool_2824,11.442840
IsPETaseWT_pool_618,11.440096
IsPETaseWT_pool_2772,11.440075
IsPETaseWT_pool_3296,11.440065
IsPETaseWT_pool_1496,11.439403
IsPETaseWT_pool_1802,11.439185
IsPETaseWT_pool_477,11.437974
IsPETaseWT_pool_3891,11.437119
IsPETaseWT_pool_901,11.436482
IsPETaseWT_pool_233,11.435749
IsPETaseWT_pool_2401,11.435456
IsPETaseWT_pool_291,11.431910
IsPETaseWT_pool_1212,11.431466
IsPETaseWT_pool_4194,11.431087
IsPETaseWT_pool_4028,11.430107
IsPETaseWT_pool_2012,11.429111
IsPETaseWT_pool_2789,11.427578
IsPETaseWT_pool_4360,11.424548
IsPETaseWT_pool_3013,11.423768
IsPETaseWT_pool_2462,11.421525
IsPETaseWT_pool_2709,11.420830
IsPETaseWT_pool_1415,11.419370
IsPETaseWT_pool_3450,11.418665
IsPETaseWT_pool_1468,11.418172
IsPETaseWT_pool_4107,11.417774
IsPETaseWT_pool_911,11.417631
IsPETaseWT_pool_1026,11.416439
IsPETaseWT_pool_3632,11.416321
IsPETaseWT_pool_2206,11.415665
IsPETaseWT_pool_3667,11.414053
IsPETaseWT_pool_482,11.410722
IsPETaseWT_pool_2536,11.410624
IsPETaseWT_pool_1865,11.409802
IsPETaseWT_pool_3614,11.408913
IsPETaseWT_pool_1295,11.406859
IsPETaseWT_pool_4778,11.404188
IsPETaseWT_pool_271,11.403493
IsPETaseWT_pool_145,11.403016
IsPETaseWT_pool_4102,11.402664
IsPETaseWT_pool_3086,11.399138
IsPETaseWT_pool_1917,11.398721
IsPETaseWT_pool_1613,11.398202
IsPETaseWT_pool_4018,11.398033
IsPETaseWT_pool_991,11.397733
IsPETaseWT_pool_4138,11.397177
IsPETaseWT_pool_11,11.396206
IsPETaseWT_pool_3114,11.393624
IsPETaseWT_pool_1504,11.393485
IsPETaseWT_pool_4755,11.392272
IsPETaseWT_pool_2848,11.390878
IsPETaseWT_pool_2037,11.390121
IsPETaseWT_pool_3082,11.389993
IsPETaseWT_pool_98,11.389826
IsPETaseWT_pool_3995,11.386863
IsPETaseWT_pool_369,11.382289
IsPETaseWT_pool_3112,11.381508
IsPETaseWT_pool_3123,11.380794
IsPETaseWT_pool_4721,11.380355
IsPETaseWT_pool_3036,11.380149
IsPETaseWT_pool_4031,11.380087
IsPETaseWT_pool_838,11.379963
IsPETaseWT_pool_1394,11.378920
IsPETaseWT_pool_1083,11.378480
IsPETaseWT_pool_2223,11.377809
IsPETaseWT_pool_2082,11.375930
IsPETaseWT_pool_1157,11.375213
IsPETaseWT_pool_4783,11.373142
IsPETaseWT_pool_3690,11.372946
IsPETaseWT_pool_3369,11.371763
IsPETaseWT_pool_2582,11.371190
IsPETaseWT_pool_4595,11.369727
IsPETaseWT_pool_2371,11.367123
IsPETaseWT_pool_1522,11.366168
IsPETaseWT_pool_647,11.364977
IsPETaseWT_pool_2508,11.363416
IsPETaseWT_pool_4579,11.361055
IsPETaseWT_pool_2478,11.360581
IsPETaseWT_pool_453,11.358506
IsPETaseWT_pool_3473,11.358449
IsPETaseWT_pool_4124,11.358355
IsPETaseWT_pool_1203,11.357529
IsPETaseWT_pool_856,11.356685
IsPETaseWT_pool_4250,11.353458
IsPETaseWT_pool_3842,11.351528
IsPETaseWT_pool_516,11.351164
IsPETaseWT_pool_168,11.351089
IsPETaseWT_pool_2277,11.350034
IsPETaseWT_pool_4202,11.349874
IsPETaseWT_pool_779,11.349133
IsPETaseWT_pool_2930,11.348715
IsPETaseWT_pool_3414,11.346092
IsPETaseWT_pool_1079,11.344337
IsPETaseWT_pool_2845,11.343199
IsPETaseWT_pool_4122,11.341199
IsPETaseWT_pool_681,11.340617
IsPETaseWT_pool_1234,11.338079
IsPETaseWT_pool_4766,11.337545
IsPETaseWT_pool_169,11.336398
IsPETaseWT_pool_3402,11.335320
IsPETaseWT_pool_1809,11.334908
IsPETaseWT_pool_1962,11.334892
IsPETaseWT_pool_3938,11.334338
IsPETaseWT_pool_2562,11.333948
IsPETaseWT_pool_895,11.330847
IsPETaseWT_pool_4925,11.330314
IsPETaseWT_pool_3695,11.329678
IsPETaseWT_pool_2415,11.328398
IsPETaseWT_pool_3699,11.326180
IsPETaseWT_pool_3134,11.320473
IsPETaseWT_pool_3130,11.320269
IsPETaseWT_pool_1669,11.320101
IsPETaseWT_pool_4422,11.318851
IsPETaseWT_pool_203,11.318523
IsPETaseWT_pool_634,11.316751
IsPETaseWT_pool_4119,11.315436
IsPETaseWT_pool_2190,11.314780
IsPETaseWT_pool_223,11.314338
IsPETaseWT_pool_954,11.314043
IsPETaseWT_pool_1016,11.311865
IsPETaseWT_pool_1934,11.310935
IsPETaseWT_pool_1350,11.310610
IsPETaseWT_pool_537,11.309689
IsPETaseWT_pool_2364,11.308608
IsPETaseWT_pool_2980,11.301859
IsPETaseWT_pool_2320,11.300478
IsPETaseWT_pool_1358,11.299811
IsPETaseWT_pool_3526,11.299255
IsPETaseWT_pool_801,11.298976
IsPETaseWT_pool_3445,11.294724
IsPETaseWT_pool_1017,11.290089
IsPETaseWT_pool_2266,11.289971
IsPETaseWT_pool_1275,11.289477
IsPETaseWT_pool_1420,11.289194
IsPETaseWT_pool_70,11.286974
IsPETaseWT_pool_3803,11.286608
IsPETaseWT_pool_1530,11.285898
IsPETaseWT_pool_513,11.282295
IsPETaseWT_pool_2290,11.281213
IsPETaseWT_pool_2757,11.280328
IsPETaseWT_pool_4099,11.280043
IsPETaseWT_pool_1092,11.280022
IsPETaseWT_pool_545,11.276831
IsPETaseWT_pool_827,11.273323
IsPETaseWT_pool_3805,11.270759
IsPETaseWT_pool_3455,11.269644
IsPETaseWT_pool_2028,11.269424
IsPETaseWT_pool_3044,11.266735
IsPETaseWT_pool_2725,11.265974
IsPETaseWT_pool_3280,11.265603
IsPETaseWT_pool_853,11.265587
IsPETaseWT_pool_3355,11.265532
IsPETaseWT_pool_3059,11.264965
IsPETaseWT_pool_458,11.264931
IsPETaseWT_pool_1951,11.263990
IsPETaseWT_pool_4772,11.263065
IsPETaseWT_pool_3857,11.262202
IsPETaseWT_pool_2737,11.261615
IsPETaseWT_pool_1270,11.260930
IsPETaseWT_pool_1976,11.259546
IsPETaseWT_pool_2039,11.259221
IsPETaseWT_pool_3006,11.257459
IsPETaseWT_pool_1969,11.257222
IsPETaseWT_pool_2164,11.256869
IsPETaseWT_pool_4454,11.256493
IsPETaseWT_pool_148,11.255538
IsPETaseWT_pool_4697,11.254811
IsPETaseWT_pool_2306,11.253452
IsPETaseWT_pool_3726,11.253206
IsPETaseWT_pool_3068,11.253019
IsPETaseWT_pool_1452,11.251893
IsPETaseWT_pool_1781,11.251189
IsPETaseWT_pool_978,11.250639
IsPETaseWT_pool_793,11.250127
IsPETaseWT_pool_2990,11.249124
IsPETaseWT_pool_858,11.249084
IsPETaseWT_pool_3531,11.248494
IsPETaseWT_pool_1334,11.247458
IsPETaseWT_pool_2916,11.247289
IsPETaseWT_pool_3825,11.245227
IsPETaseWT_pool_3334,11.244760
IsPETaseWT_pool_1277,11.244613
IsPETaseWT_pool_82,11.242261
IsPETaseWT_pool_2451,11.241920
IsPETaseWT_pool_4044,11.241692
IsPETaseWT_pool_1133,11.238941
IsPETaseWT_pool_1986,11.236806
IsPETaseWT_pool_365,11.236333
IsPETaseWT_pool_3782,11.234699
IsPETaseWT_pool_1265,11.234540
IsPETaseWT_pool_2161,11.232491
IsPETaseWT_pool_409,11.230659
IsPETaseWT_pool_1263,11.230471
IsPETaseWT_pool_1863,11.228928
IsPETaseWT_pool_2604,11.228146
IsPETaseWT_pool_418,11.226013
IsPETaseWT_pool_2900,11.224924
IsPETaseWT_pool_4488,11.222262
IsPETaseWT_pool_1325,11.222014
IsPETaseWT_pool_3817,11.220897
IsPETaseWT_pool_4550,11.220383
IsPETaseWT_pool_1027,11.220336
IsPETaseWT_pool_4460,11.219056
IsPETaseWT_pool_4410,11.218092
IsPETaseWT_pool_562,11.217014
IsPETaseWT_pool_2397,11.215342
IsPETaseWT_pool_975,11.214566
IsPETaseWT_pool_244,11.214198
IsPETaseWT_pool_2640,11.214147
IsPETaseWT_pool_4201,11.210666
IsPETaseWT_pool_1502,11.210572
IsPETaseWT_pool_4,11.210254
IsPETaseWT_pool_1967,11.208901
IsPETaseWT_pool_1524,11.207047
IsPETaseWT_pool_4771,11.206192
IsPETaseWT_pool_765,11.206135
IsPETaseWT_pool_2825,11.203876
IsPETaseWT_pool_721,11.202792
IsPETaseWT_pool_2077,11.202122
IsPETaseWT_pool_2222,11.201815
IsPETaseWT_pool_1769,11.200329
IsPETaseWT_pool_2886,11.199764
IsPETaseWT_pool_3411,11.198919
IsPETaseWT_pool_2172,11.198009
IsPETaseWT_pool_1579,11.197592
IsPETaseWT_pool_2693,11.197470
IsPETaseWT_pool_786,11.197197
IsPETaseWT_pool_1690,11.197155
IsPETaseWT_pool_2416,11.194871
IsPETaseWT_pool_3918,11.193984
IsPETaseWT_pool_2984,11.193363
IsPETaseWT_pool_579,11.192426
IsPETaseWT_pool_2407,11.191865
IsPETaseWT_pool_3574,11.191520
IsPETaseWT_pool_406,11.190409
IsPETaseWT_pool_136,11.190178
IsPETaseWT_pool_3701,11.189064
IsPETaseWT_pool_1819,11.188952
IsPETaseWT_pool_3472,11.187462
IsPETaseWT_pool_408,11.187456
IsPETaseWT_pool_2932,11.187261
IsPETaseWT_pool_1195,11.186496
IsPETaseWT_pool_4901,11.185265
IsPETaseWT_pool_3826,11.183427
IsPETaseWT_pool_4189,11.182915
IsPETaseWT_pool_2656,11.182366
IsPETaseWT_pool_3464,11.182204
IsPETaseWT_pool_312,11.182131
IsPETaseWT_pool_3281,11.180285
IsPETaseWT_pool_4879,11.178816
IsPETaseWT_pool_1607,11.178602
IsPETaseWT_pool_3483,11.176793
IsPETaseWT_pool_1089,11.176451
IsPETaseWT_pool_4017,11.175245
IsPETaseWT_pool_1570,11.174540
IsPETaseWT_pool_1130,11.171809
IsPETaseWT_pool_1776,11.169210
IsPETaseWT_pool_4286,11.169147
IsPETaseWT_pool_2189,11.168454
IsPETaseWT_pool_1471,11.167730
IsPETaseWT_pool_4945,11.166023
IsPETaseWT_pool_4015,11.165022
IsPETaseWT_pool_899,11.164968
IsPETaseWT_pool_2816,11.164784
IsPETaseWT_pool_1734,11.163254
IsPETaseWT_pool_1790,11.162683
IsPETaseWT_pool_1831,11.162440
IsPETaseWT_pool_3398,11.162223
IsPETaseWT_pool_2621,11.161667
IsPETaseWT_pool_57,11.161254
IsPETaseWT_pool_729,11.160057
IsPETaseWT_pool_2981,11.159498
IsPETaseWT_pool_2395,11.158277
IsPETaseWT_pool_1663,11.154668
IsPETaseWT_pool_1565,11.151104
IsPETaseWT_pool_1273,11.149933
IsPETaseWT_pool_4942,11.149889
IsPETaseWT_pool_3373,11.149174
IsPETaseWT_pool_1433,11.146861
IsPETaseWT_pool_2231,11.146138
IsPETaseWT_pool_3514,11.145864
IsPETaseWT_pool_3730,11.145039
IsPETaseWT_pool_1217,11.144141
IsPETaseWT_pool_3087,11.143542
IsPETaseWT_pool_3023,11.142478
IsPETaseWT_pool_1052,11.141784
IsPETaseWT_pool_740,11.141042
IsPETaseWT_pool_1566,11.139274
IsPETaseWT_pool_1600,11.138349
IsPETaseWT_pool_4354,11.137833
IsPETaseWT_pool_3216,11.137450
IsPETaseWT_pool_3604,11.136750
IsPETaseWT_pool_2440,11.136504
IsPETaseWT_pool_4086,11.135695
IsPETaseWT_pool_1926,11.130256
IsPETaseWT_pool_4419,11.128799
IsPETaseWT_pool_4249,11.127911
IsPETaseWT_pool_2790,11.127884
IsPETaseWT_pool_1328,11.127310
IsPETaseWT_pool_4673,11.125990
IsPETaseWT_pool_1684,11.124265
IsPETaseWT_pool_205,11.123711
IsPETaseWT_pool_4319,11.123461
IsPETaseWT_pool_265,11.123419
IsPETaseWT_pool_2099,11.122869
IsPETaseWT_pool_2549,11.122017
IsPETaseWT_pool_1194,11.121237
IsPETaseWT_pool_2187,11.120784
IsPETaseWT_pool_1589,11.118201
IsPETaseWT_pool_1311,11.116721
IsPETaseWT_pool_2113,11.116478
IsPETaseWT_pool_2894,11.115625
IsPETaseWT_pool_4938,11.115388
IsPETaseWT_pool_2413,11.113674
IsPETaseWT_pool_3049,11.112852
IsPETaseWT_pool_4275,11.111336
IsPETaseWT_pool_2559,11.110465
IsPETaseWT_pool_547,11.110060
IsPETaseWT_pool_1000,11.110041
IsPETaseWT_pool_274,11.109371
IsPETaseWT_pool_4631,11.108588
IsPETaseWT_pool_739,11.107412
IsPETaseWT_pool_998,11.107203
IsPETaseWT_pool_3298,11.106050
IsPETaseWT_pool_1546,11.104746
IsPETaseWT_pool_3952,11.104307
IsPETaseWT_pool_14,11.103445
IsPETaseWT_pool_123,11.103075
IsPETaseWT_pool_3406,11.102380
IsPETaseWT_pool_3375,11.101466
IsPETaseWT_pool_1267,11.100636
IsPETaseWT_pool_2033,11.099830
IsPETaseWT_pool_2688,11.099555
IsPETaseWT_pool_4287,11.093028
IsPETaseWT_pool_2795,11.092986
IsPETaseWT_pool_1721,11.091624
IsPETaseWT_pool_784,11.089926
IsPETaseWT_pool_1602,11.089802
IsPETaseWT_pool_1293,11.089418
IsPETaseWT_pool_3188,11.087477
IsPETaseWT_pool_146,11.085674
IsPETaseWT_pool_3909,11.085619
IsPETaseWT_pool_20,11.085429
IsPETaseWT_pool_4156,11.084183
IsPETaseWT_pool_2328,11.080815
IsPETaseWT_pool_4254,11.080441
IsPETaseWT_pool_3710,11.079538
IsPETaseWT_pool_3606,11.078938
IsPETaseWT_pool_1148,11.076178
IsPETaseWT_pool_2796,11.075360
IsPETaseWT_pool_3669,11.074258
IsPETaseWT_pool_621,11.072104
IsPETaseWT_pool_1678,11.071115
IsPETaseWT_pool_110,11.070928
IsPETaseWT_pool_1990,11.070786
IsPETaseWT_pool_46,11.070580
IsPETaseWT_pool_2461,11.067357
IsPETaseWT_pool_2679,11.067213
IsPETaseWT_pool_662,11.067152
IsPETaseWT_pool_2767,11.066488
IsPETaseWT_pool_2211,11.066193
IsPETaseWT_pool_200,11.065872
IsPETaseWT_pool_3308,11.065790
IsPETaseWT_pool_1745,11.065012
IsPETaseWT_pool_478,11.062695
IsPETaseWT_pool_4508,11.062289
IsPETaseWT_pool_1821,11.062160
IsPETaseWT_pool_2908,11.060778
IsPETaseWT_pool_470,11.060488
IsPETaseWT_pool_4906,11.060146
IsPETaseWT_pool_4496,11.058462
IsPETaseWT_pool_4192,11.057831
IsPETaseWT_pool_4701,11.057821
IsPETaseWT_pool_1137,11.056932
IsPETaseWT_pool_4752,11.056371
IsPETaseWT_pool_4685,11.055805
IsPETaseWT_pool_3122,11.049086
IsPETaseWT_pool_1879,11.048411
IsPETaseWT_pool_670,11.047507
IsPETaseWT_pool_863,11.047283
IsPETaseWT_pool_4089,11.046382
IsPETaseWT_pool_2431,11.045315
IsPETaseWT_pool_3717,11.043236
IsPETaseWT_pool_3318,11.042801
IsPETaseWT_pool_3949,11.042584
IsPETaseWT_pool_2614,11.041508
IsPETaseWT_pool_1013,11.040960
IsPETaseWT_pool_3292,11.039618
IsPETaseWT_pool_363,11.038005
IsPETaseWT_pool_1816,11.033280
IsPETaseWT_pool_2241,11.032839
IsPETaseWT_pool_3901,11.032761
IsPETaseWT_pool_2752,11.032396
IsPETaseWT_pool_3434,11.032256
IsPETaseWT_pool_4333,11.031746
IsPETaseWT_pool_3740,11.031325
IsPETaseWT_pool_4866,11.031000
IsPETaseWT_pool_2252,11.030320
IsPETaseWT_pool_4729,11.029484
IsPETaseWT_pool_2807,11.027968
IsPETaseWT_pool_4602,11.027651
IsPETaseWT_pool_825,11.027476
IsPETaseWT_pool_2995,11.023534
IsPETaseWT_pool_2410,11.022711
IsPETaseWT_pool_3367,11.019791
IsPETaseWT_pool_2680,11.019034
IsPETaseWT_pool_2436,11.017128
IsPETaseWT_pool_2530,11.016091
IsPETaseWT_pool_2754,11.015951
IsPETaseWT_pool_3566,11.015885
IsPETaseWT_pool_4552,11.014960
IsPETaseWT_pool_3377,11.013971
IsPETaseWT_pool_1897,11.010462
IsPETaseWT_pool_4705,11.005930
IsPETaseWT_pool_3715,11.002914
IsPETaseWT_pool_3301,11.002509
IsPETaseWT_pool_2631,11.002398
IsPETaseWT_pool_3705,11.000747
IsPETaseWT_pool_3181,11.000181
IsPETaseWT_pool_4642,10.999250
IsPETaseWT_pool_2213,10.998924
IsPETaseWT_pool_3433,10.997358
IsPETaseWT_pool_4279,10.996987
IsPETaseWT_pool_1204,10.995608
IsPETaseWT_pool_1859,10.995078
IsPETaseWT_pool_260,10.993977
IsPETaseWT_pool_2068,10.993907
IsPETaseWT_pool_1087,10.993555
IsPETaseWT_pool_824,10.991445
IsPETaseWT_pool_2956,10.991043
IsPETaseWT_pool_2577,10.985446
IsPETaseWT_pool_4534,10.982741
IsPETaseWT_pool_162,10.980561
IsPETaseWT_pool_2819,10.980034
IsPETaseWT_pool_1514,10.979939
IsPETaseWT_pool_1032,10.979453
IsPETaseWT_pool_1591,10.976579
IsPETaseWT_pool_1111,10.975972
IsPETaseWT_pool_3098,10.974234
IsPETaseWT_pool_1700,10.974119
IsPETaseWT_pool_416,10.972870
IsPETaseWT_pool_1921,10.971560
IsPETaseWT_pool_4875,10.969806
IsPETaseWT_pool_2959,10.969130
IsPETaseWT_pool_4544,10.968377
IsPETaseWT_pool_3481,10.964189
IsPETaseWT_pool_3388,10.960525
IsPETaseWT_pool_4238,10.960184
IsPETaseWT_pool_3034,10.957860
IsPETaseWT_pool_1718,10.957763
IsPETaseWT_pool_4186,10.957585
IsPETaseWT_pool_4632,10.955088
IsPETaseWT_pool_697,10.955036
IsPETaseWT_pool_1973,10.952377
IsPETaseWT_pool_4903,10.952180
IsPETaseWT_pool_868,10.951694
IsPETaseWT_pool_138,10.951502
IsPETaseWT_pool_3786,10.950562
IsPETaseWT_pool_3977,10.948762
IsPETaseWT_pool_3732,10.947878
IsPETaseWT_pool_3517,10.946320
IsPETaseWT_pool_2554,10.945991
IsPETaseWT_pool_1313,10.945403
IsPETaseWT_pool_4859,10.944813
IsPETaseWT_pool_1503,10.944760
IsPETaseWT_pool_2645,10.944304
IsPETaseWT_pool_96,10.943225
IsPETaseWT_pool_4023,10.943113
IsPETaseWT_pool_1118,10.938362
IsPETaseWT_pool_4413,10.938354
IsPETaseWT_pool_4198,10.938353
IsPETaseWT_pool_2911,10.937714
IsPETaseWT_pool_4518,10.935072
IsPETaseWT_pool_933,10.934750
IsPETaseWT_pool_3565,10.932487
IsPETaseWT_pool_3494,10.931502
IsPETaseWT_pool_417,10.929173
IsPETaseWT_pool_3371,10.924477
IsPETaseWT_pool_3623,10.920911
IsPETaseWT_pool_3573,10.920189
IsPETaseWT_pool_1556,10.917668
IsPETaseWT_pool_3796,10.912990
IsPETaseWT_pool_4894,10.911270
IsPETaseWT_pool_585,10.910662
IsPETaseWT_pool_4767,10.909782
IsPETaseWT_pool_1122,10.909705
IsPETaseWT_pool_4845,10.908732
IsPETaseWT_pool_964,10.905571
IsPETaseWT_pool_1550,10.905033
IsPETaseWT_pool_4803,10.902553
IsPETaseWT_pool_1623,10.901569
IsPETaseWT_pool_3202,10.900558
IsPETaseWT_pool_3307,10.899906
IsPETaseWT_pool_1416,10.898552
IsPETaseWT_pool_1998,10.895149
IsPETaseWT_pool_4651,10.894942
IsPETaseWT_pool_1875,10.892612
IsPETaseWT_pool_2441,10.891714
IsPETaseWT_pool_4958,10.890649
IsPETaseWT_pool_3499,10.890613
IsPETaseWT_pool_2861,10.890237
IsPETaseWT_pool_3474,10.890217
IsPETaseWT_pool_2324,10.889632
IsPETaseWT_pool_1828,10.886688
IsPETaseWT_pool_3793,10.886624
IsPETaseWT_pool_548,10.886539
IsPETaseWT_pool_3618,10.885837
IsPETaseWT_pool_2540,10.884641
IsPETaseWT_pool_805,10.884351
IsPETaseWT_pool_883,10.884239
IsPETaseWT_pool_2760,10.883519
IsPETaseWT_pool_4468,10.883084
IsPETaseWT_pool_266,10.882280
IsPETaseWT_pool_4954,10.882184
IsPETaseWT_pool_3622,10.881344
IsPETaseWT_pool_2238,10.880162
IsPETaseWT_pool_339,10.880020
IsPETaseWT_pool_1519,10.878353
IsPETaseWT_pool_3850,10.876092
IsPETaseWT_pool_3069,10.874953
IsPETaseWT_pool_2442,10.874081
IsPETaseWT_pool_654,10.874002
IsPETaseWT_pool_3089,10.873528
IsPETaseWT_pool_4278,10.873345
IsPETaseWT_pool_749,10.871867
IsPETaseWT_pool_763,10.870254
IsPETaseWT_pool_3101,10.868750
IsPETaseWT_pool_118,10.864483
IsPETaseWT_pool_958,10.863542
IsPETaseWT_pool_2034,10.863382
IsPETaseWT_pool_524,10.861132
IsPETaseWT_pool_521,10.859741
IsPETaseWT_pool_3389,10.859572
IsPETaseWT_pool_661,10.857448
IsPETaseWT_pool_3613,10.857260
IsPETaseWT_pool_839,10.856948
IsPETaseWT_pool_2649,10.856514
IsPETaseWT_pool_4846,10.855429
IsPETaseWT_pool_4431,10.854074
IsPETaseWT_pool_986,10.853217
IsPETaseWT_pool_4822,10.851950
IsPETaseWT_pool_1585,10.851370
IsPETaseWT_pool_2627,10.851148
IsPETaseWT_pool_2484,10.851101
IsPETaseWT_pool_1186,10.850272
IsPETaseWT_pool_3302,10.849212
IsPETaseWT_pool_4281,10.848745
IsPETaseWT_pool_305,10.846869
IsPETaseWT_pool_2249,10.846752
IsPETaseWT_pool_2630,10.845965
IsPETaseWT_pool_1112,10.844990
IsPETaseWT_pool_2108,10.842816
IsPETaseWT_pool_3121,10.842647
IsPETaseWT_pool_1075,10.840453
IsPETaseWT_pool_813,10.838561
IsPETaseWT_pool_2569,10.838124
IsPETaseWT_pool_490,10.835526
IsPETaseWT_pool_4940,10.834941
IsPETaseWT_pool_3328,10.834501
IsPETaseWT_pool_3353,10.831982
IsPETaseWT_pool_2727,10.831095
IsPETaseWT_pool_2247,10.830060
IsPETaseWT_pool_386,10.825683
IsPETaseWT_pool_3939,10.824650
IsPETaseWT_pool_730,10.824252
IsPETaseWT_pool_3571,10.823677
IsPETaseWT_pool_336,10.821551
IsPETaseWT_pool_1310,10.821512
IsPETaseWT_pool_2133,10.820343
IsPETaseWT_pool_2326,10.819703
IsPETaseWT_pool_4844,10.818969
IsPETaseWT_pool_1964,10.817780
IsPETaseWT_pool_222,10.817440
IsPETaseWT_pool_693,10.816714
IsPETaseWT_pool_1807,10.816310
IsPETaseWT_pool_3624,10.816253
IsPETaseWT_pool_4487,10.813234
IsPETaseWT_pool_4446,10.812637
IsPETaseWT_pool_3239,10.812569
IsPETaseWT_pool_2661,10.812051
IsPETaseWT_pool_644,10.810188
IsPETaseWT_pool_639,10.808374
IsPETaseWT_pool_2764,10.807560
IsPETaseWT_pool_1597,10.807467
IsPETaseWT_pool_2043,10.804612
IsPETaseWT_pool_4813,10.803374
IsPETaseWT_pool_1224,10.802998
IsPETaseWT_pool_4612,10.799301
IsPETaseWT_pool_4886,10.798192
IsPETaseWT_pool_4172,10.798148
IsPETaseWT_pool_2450,10.797093
IsPETaseWT_pool_3458,10.796801
IsPETaseWT_pool_4305,10.795173
IsPETaseWT_pool_2648,10.793915
IsPETaseWT_pool_1649,10.793819
IsPETaseWT_pool_2426,10.787607
IsPETaseWT_pool_1426,10.787276
IsPETaseWT_pool_1655,10.786679
IsPETaseWT_pool_3808,10.785873
IsPETaseWT_pool_3351,10.784801
IsPETaseWT_pool_1834,10.782799
IsPETaseWT_pool_1142,10.781353
IsPETaseWT_pool_131,10.780400
IsPETaseWT_pool_1854,10.780306
IsPETaseWT_pool_2058,10.777553
IsPETaseWT_pool_2237,10.777429
IsPETaseWT_pool_2457,10.774323
IsPETaseWT_pool_4895,10.770252
IsPETaseWT_pool_1817,10.768332
IsPETaseWT_pool_2365,10.767867
IsPETaseWT_pool_2110,10.766406
IsPETaseWT_pool_3719,10.766261
IsPETaseWT_pool_588,10.766155
IsPETaseWT_pool_1303,10.763221
IsPETaseWT_pool_3692,10.762297
IsPETaseWT_pool_2030,10.759552
IsPETaseWT_pool_3980,10.758388
IsPETaseWT_pool_1792,10.758092
IsPETaseWT_pool_4492,10.757850
IsPETaseWT_pool_3967,10.756579
IsPETaseWT_pool_2096,10.753469
IsPETaseWT_pool_1787,10.752604
IsPETaseWT_pool_208,10.752546
IsPETaseWT_pool_1278,10.751525
IsPETaseWT_pool_2159,10.747072
IsPETaseWT_pool_4530,10.746106
IsPETaseWT_pool_2919,10.745413
IsPETaseWT_pool_2670,10.743400
IsPETaseWT_pool_3775,10.743320
IsPETaseWT_pool_328,10.742280
IsPETaseWT_pool_220,10.741212
IsPETaseWT_pool_464,10.740297
IsPETaseWT_pool_3595,10.739869
IsPETaseWT_pool_2090,10.739441
IsPETaseWT_pool_3225,10.738361
IsPETaseWT_pool_741,10.735659
IsPETaseWT_pool_533,10.733062
IsPETaseWT_pool_2950,10.732594
IsPETaseWT_pool_3976,10.729060
IsPETaseWT_pool_949,10.728388
IsPETaseWT_pool_4409,10.728294
IsPETaseWT_pool_3836,10.726452
IsPETaseWT_pool_3350,10.726083
IsPETaseWT_pool_91,10.725545
IsPETaseWT_pool_469,10.723454
IsPETaseWT_pool_1818,10.723406
IsPETaseWT_pool_170,10.723389
IsPETaseWT_pool_2061,10.723316
IsPETaseWT_pool_2081,10.722643
IsPETaseWT_pool_4513,10.722642
IsPETaseWT_pool_2583,10.721781
IsPETaseWT_pool_128,10.721692
IsPETaseWT_pool_3711,10.721106
IsPETaseWT_pool_2600,10.716871
IsPETaseWT_pool_4853,10.716458
IsPETaseWT_pool_4266,10.715391
IsPETaseWT_pool_4007,10.714877
IsPETaseWT_pool_2160,10.713788
IsPETaseWT_pool_1902,10.713051
IsPETaseWT_pool_2906,10.712940
IsPETaseWT_pool_893,10.711769
IsPETaseWT_pool_3858,10.710398
IsPETaseWT_pool_723,10.710394
IsPETaseWT_pool_2250,10.709107
IsPETaseWT_pool_967,10.707454
IsPETaseWT_pool_4646,10.705496
IsPETaseWT_pool_431,10.705160
IsPETaseWT_pool_2623,10.700617
IsPETaseWT_pool_4833,10.699649
IsPETaseWT_pool_1171,10.698838
IsPETaseWT_pool_4398,10.698293
IsPETaseWT_pool_3506,10.695879
IsPETaseWT_pool_4649,10.694209
IsPETaseWT_pool_1833,10.693909
IsPETaseWT_pool_4609,10.688308
IsPETaseWT_pool_2864,10.688204
IsPETaseWT_pool_4902,10.684903
IsPETaseWT_pool_2011,10.684894
IsPETaseWT_pool_2104,10.682724
IsPETaseWT_pool_3020,10.680186
IsPETaseWT_pool_3340,10.679474
IsPETaseWT_pool_948,10.679311
IsPETaseWT_pool_4040,10.677638
IsPETaseWT_pool_1956,10.675514
IsPETaseWT_pool_126,10.674496
IsPETaseWT_pool_390,10.670885
IsPETaseWT_pool_1417,10.670530
IsPETaseWT_pool_2830,10.667473
IsPETaseWT_pool_4322,10.667280
IsPETaseWT_pool_2574,10.665168
IsPETaseWT_pool_3816,10.664960
IsPETaseWT_pool_3303,10.664748
IsPETaseWT_pool_4011,10.663836
IsPETaseWT_pool_554,10.663464
IsPETaseWT_pool_4351,10.661349
IsPETaseWT_pool_3165,10.660779
IsPETaseWT_pool_4797,10.659657
IsPETaseWT_pool_671,10.659467
IsPETaseWT_pool_2265,10.657654
IsPETaseWT_pool_3343,10.657282
IsPETaseWT_pool_2473,10.655731
IsPETaseWT_pool_3410,10.655601
IsPETaseWT_pool_771,10.655297
IsPETaseWT_pool_4810,10.653728
IsPETaseWT_pool_624,10.653090
IsPETaseWT_pool_254,10.651256
IsPETaseWT_pool_212,10.650454
IsPETaseWT_pool_484,10.648634
IsPETaseWT_pool_2815,10.648175
IsPETaseWT_pool_4302,10.645809
IsPETaseWT_pool_1388,10.644629
IsPETaseWT_pool_2317,10.639561
IsPETaseWT_pool_1955,10.639501
IsPETaseWT_pool_4776,10.638942
IsPETaseWT_pool_1980,10.637172
IsPETaseWT_pool_1368,10.634706
IsPETaseWT_pool_3145,10.634550
IsPETaseWT_pool_2272,10.630637
IsPETaseWT_pool_1656,10.630497
IsPETaseWT_pool_3270,10.630418
IsPETaseWT_pool_4165,10.629381
IsPETaseWT_pool_2069,10.628427
IsPETaseWT_pool_1413,10.623040
IsPETaseWT_pool_4535,10.620982
IsPETaseWT_pool_583,10.620466
IsPETaseWT_pool_3438,10.618634
IsPETaseWT_pool_331,10.618427
IsPETaseWT_pool_4047,10.614871
IsPETaseWT_pool_2329,10.613370
IsPETaseWT_pool_397,10.611422
IsPETaseWT_pool_296,10.611267
IsPETaseWT_pool_97,10.610650
IsPETaseWT_pool_302,10.609120
IsPETaseWT_pool_1469,10.608603
IsPETaseWT_pool_3878,10.608602
IsPETaseWT_pool_340,10.607878
IsPETaseWT_pool_437,10.607472
IsPETaseWT_pool_519,10.605021
IsPETaseWT_pool_4726,10.604981
IsPETaseWT_pool_1321,10.602955
IsPETaseWT_pool_2369,10.602261
IsPETaseWT_pool_3124,10.601462
IsPETaseWT_pool_627,10.601420
IsPETaseWT_pool_551,10.599463
IsPETaseWT_pool_2542,10.598401
IsPETaseWT_pool_1823,10.595646
IsPETaseWT_pool_683,10.592300
IsPETaseWT_pool_622,10.586296
IsPETaseWT_pool_709,10.585232
IsPETaseWT_pool_854,10.581867
IsPETaseWT_pool_2433,10.581349
IsPETaseWT_pool_4397,10.577039
IsPETaseWT_pool_3163,10.576707
IsPETaseWT_pool_4299,10.576047
IsPETaseWT_pool_2556,10.572430
IsPETaseWT_pool_4344,10.570448
IsPETaseWT_pool_2274,10.568402
IsPETaseWT_pool_1226,10.563121
IsPETaseWT_pool_2345,10.560929
IsPETaseWT_pool_12,10.559647
IsPETaseWT_pool_492,10.559277
IsPETaseWT_pool_4131,10.558722
IsPETaseWT_pool_2479,10.557220
IsPETaseWT_pool_2449,10.555175
IsPETaseWT_pool_4176,10.554575
IsPETaseWT_pool_3269,10.554084
IsPETaseWT_pool_1561,10.553576
IsPETaseWT_pool_629,10.552720
IsPETaseWT_pool_2779,10.546432
IsPETaseWT_pool_460,10.544632
IsPETaseWT_pool_3258,10.543742
IsPETaseWT_pool_2702,10.539850
IsPETaseWT_pool_2392,10.539513
IsPETaseWT_pool_4467,10.538245
IsPETaseWT_pool_1041,10.538078
IsPETaseWT_pool_2777,10.537981
IsPETaseWT_pool_4804,10.536905
IsPETaseWT_pool_3341,10.534624
IsPETaseWT_pool_3476,10.533604
IsPETaseWT_pool_523,10.532581
IsPETaseWT_pool_4511,10.532571
IsPETaseWT_pool_8,10.530950
IsPETaseWT_pool_4336,10.530016
IsPETaseWT_pool_1587,10.526279
IsPETaseWT_pool_988,10.524825
IsPETaseWT_pool_4567,10.519464
IsPETaseWT_pool_1722,10.518208
IsPETaseWT_pool_4857,10.517740
IsPETaseWT_pool_3120,10.515853
IsPETaseWT_pool_4791,10.514607
IsPETaseWT_pool_4800,10.514052
IsPETaseWT_pool_3778,10.513714
IsPETaseWT_pool_89,10.513209
IsPETaseWT_pool_3845,10.513090
IsPETaseWT_pool_4687,10.511508
IsPETaseWT_pool_3243,10.509695
IsPETaseWT_pool_4057,10.508291
IsPETaseWT_pool_2913,10.507944
IsPETaseWT_pool_3224,10.507825
IsPETaseWT_pool_924,10.506989
IsPETaseWT_pool_4239,10.503520
IsPETaseWT_pool_1121,10.501907
IsPETaseWT_pool_4657,10.499439
IsPETaseWT_pool_3094,10.497909
IsPETaseWT_pool_566,10.497761
IsPETaseWT_pool_918,10.497674
IsPETaseWT_pool_235,10.497323
IsPETaseWT_pool_826,10.495259
IsPETaseWT_pool_1144,10.493305
IsPETaseWT_pool_3142,10.492579
IsPETaseWT_pool_2975,10.491804
IsPETaseWT_pool_1106,10.491545
IsPETaseWT_pool_1312,10.489283
IsPETaseWT_pool_69,10.488491
IsPETaseWT_pool_2128,10.488260
IsPETaseWT_pool_4648,10.486538
IsPETaseWT_pool_1158,10.483088
IsPETaseWT_pool_4494,10.482152
IsPETaseWT_pool_2331,10.480435
IsPETaseWT_pool_865,10.478621
IsPETaseWT_pool_3415,10.476387
IsPETaseWT_pool_1102,10.476160
IsPETaseWT_pool_1526,10.475962
IsPETaseWT_pool_1103,10.475695
IsPETaseWT_pool_3642,10.473430
IsPETaseWT_pool_3804,10.472941
IsPETaseWT_pool_2192,10.469377
IsPETaseWT_pool_2153,10.469104
IsPETaseWT_pool_528,10.468837
IsPETaseWT_pool_3256,10.466735
IsPETaseWT_pool_962,10.466389
IsPETaseWT_pool_1345,10.465035
IsPETaseWT_pool_544,10.463867
IsPETaseWT_pool_3830,10.462043
IsPETaseWT_pool_2251,10.461176
IsPETaseWT_pool_3051,10.458825
IsPETaseWT_pool_48,10.456646
IsPETaseWT_pool_177,10.455729
IsPETaseWT_pool_3067,10.455518
IsPETaseWT_pool_218,10.447162
IsPETaseWT_pool_486,10.445663
IsPETaseWT_pool_1384,10.444802
IsPETaseWT_pool_9,10.443213
IsPETaseWT_pool_2393,10.441100
IsPETaseWT_pool_4634,10.440787
IsPETaseWT_pool_966,10.440190
IsPETaseWT_pool_734,10.439260
IsPETaseWT_pool_907,10.437724
IsPETaseWT_pool_1297,10.436601
IsPETaseWT_pool_2353,10.435244
IsPETaseWT_pool_4818,10.433411
IsPETaseWT_pool_3383,10.432743
IsPETaseWT_pool_4404,10.431936
IsPETaseWT_pool_637,10.430899
IsPETaseWT_pool_83,10.428801
IsPETaseWT_pool_3966,10.423794
IsPETaseWT_pool_2590,10.423502
IsPETaseWT_pool_1335,10.419387
IsPETaseWT_pool_2867,10.419125
IsPETaseWT_pool_2571,10.415567
IsPETaseWT_pool_3255,10.415251
IsPETaseWT_pool_755,10.414978
IsPETaseWT_pool_2463,10.413986
IsPETaseWT_pool_2437,10.411558
IsPETaseWT_pool_3810,10.409350
IsPETaseWT_pool_4393,10.407411
IsPETaseWT_pool_4824,10.405228
IsPETaseWT_pool_496,10.404166
IsPETaseWT_pool_295,10.404139
IsPETaseWT_pool_4196,10.403159
IsPETaseWT_pool_633,10.400637
IsPETaseWT_pool_3905,10.399600
IsPETaseWT_pool_2568,10.399287
IsPETaseWT_pool_3171,10.396747
IsPETaseWT_pool_4748,10.393812
IsPETaseWT_pool_2174,10.392895
IsPETaseWT_pool_876,10.390368
IsPETaseWT_pool_2032,10.389402
IsPETaseWT_pool_614,10.389022
IsPETaseWT_pool_569,10.388944
IsPETaseWT_pool_4073,10.388710
IsPETaseWT_pool_1771,10.387486
IsPETaseWT_pool_51,10.383792
IsPETaseWT_pool_2620,10.383668
IsPETaseWT_pool_4097,10.383341
IsPETaseWT_pool_658,10.382414
IsPETaseWT_pool_2519,10.381370
IsPETaseWT_pool_4432,10.381092
IsPETaseWT_pool_878,10.373306
IsPETaseWT_pool_29,10.372276
IsPETaseWT_pool_2216,10.368393
IsPETaseWT_pool_3311,10.366338
IsPETaseWT_pool_3515,10.366005
IsPETaseWT_pool_195,10.364717
IsPETaseWT_pool_1912,10.364602
IsPETaseWT_pool_932,10.364273
IsPETaseWT_pool_45,10.363400
IsPETaseWT_pool_747,10.360655
IsPETaseWT_pool_677,10.360459
IsPETaseWT_pool_1056,10.360227
IsPETaseWT_pool_2080,10.352366
IsPETaseWT_pool_3449,10.351986
IsPETaseWT_pool_3412,10.351913
IsPETaseWT_pool_1715,10.351793
IsPETaseWT_pool_628,10.349321
IsPETaseWT_pool_4659,10.349206
IsPETaseWT_pool_4532,10.348422
IsPETaseWT_pool_420,10.347959
IsPETaseWT_pool_3198,10.345942
IsPETaseWT_pool_857,10.343910
IsPETaseWT_pool_4061,10.339198
IsPETaseWT_pool_75,10.332150
IsPETaseWT_pool_442,10.328263
IsPETaseWT_pool_2684,10.322289
IsPETaseWT_pool_141,10.321579
IsPETaseWT_pool_3072,10.320994
IsPETaseWT_pool_3055,10.317214
IsPETaseWT_pool_4026,10.315743
IsPETaseWT_pool_4581,10.315664
IsPETaseWT_pool_3585,10.315597
IsPETaseWT_pool_4519,10.314214
IsPETaseWT_pool_3868,10.313476
IsPETaseWT_pool_672,10.312113
IsPETaseWT_pool_1995,10.309998
IsPETaseWT_pool_224,10.303540
IsPETaseWT_pool_2613,10.303216
IsPETaseWT_pool_815,10.302650
IsPETaseWT_pool_2242,10.301311
IsPETaseWT_pool_3376,10.298061
IsPETaseWT_pool_2351,10.294810
IsPETaseWT_pool_4510,10.293515
IsPETaseWT_pool_3313,10.291282
IsPETaseWT_pool_638,10.290732
IsPETaseWT_pool_1696,10.290466
IsPETaseWT_pool_3004,10.286864
IsPETaseWT_pool_4183,10.284717
IsPETaseWT_pool_1069,10.278568
IsPETaseWT_pool_1060,10.278019
IsPETaseWT_pool_2046,10.277398
IsPETaseWT_pool_193,10.275991
IsPETaseWT_pool_4163,10.271801
IsPETaseWT_pool_1034,10.267445
IsPETaseWT_pool_2925,10.266096
IsPETaseWT_pool_501,10.265800
IsPETaseWT_pool_2751,10.265451
IsPETaseWT_pool_1584,10.265303
IsPETaseWT_pool_3066,10.262269
IsPETaseWT_pool_4719,10.257668
IsPETaseWT_pool_2672,10.257639
IsPETaseWT_pool_1332,10.257067
IsPETaseWT_pool_4448,10.255440
IsPETaseWT_pool_4256,10.253579
IsPETaseWT_pool_774,10.253107
IsPETaseWT_pool_176,10.252063
IsPETaseWT_pool_915,10.247825
IsPETaseWT_pool_33,10.246968
IsPETaseWT_pool_2481,10.246576
IsPETaseWT_pool_129,10.244561
IsPETaseWT_pool_1622,10.244468
IsPETaseWT_pool_1796,10.243469
IsPETaseWT_pool_1610,10.241107
IsPETaseWT_pool_559,10.238591
IsPETaseWT_pool_3924,10.236604
IsPETaseWT_pool_407,10.236328
IsPETaseWT_pool_3861,10.235872
IsPETaseWT_pool_3125,10.233974
IsPETaseWT_pool_2818,10.226993
IsPETaseWT_pool_4341,10.224792
IsPETaseWT_pool_2078,10.223879
IsPETaseWT_pool_106,10.220296
IsPETaseWT_pool_4290,10.220157
IsPETaseWT_pool_2008,10.218654
IsPETaseWT_pool_3102,10.215214
IsPETaseWT_pool_1906,10.211781
IsPETaseWT_pool_3650,10.208902
IsPETaseWT_pool_4365,10.208537
IsPETaseWT_pool_903,10.207111
IsPETaseWT_pool_3537,10.206878
IsPETaseWT_pool_1989,10.204120
IsPETaseWT_pool_3205,10.199512
IsPETaseWT_pool_1505,10.198069
IsPETaseWT_pool_4464,10.197519
IsPETaseWT_pool_4006,10.194882
IsPETaseWT_pool_1349,10.191859
IsPETaseWT_pool_3050,10.186321
IsPETaseWT_pool_2762,10.184757
IsPETaseWT_pool_2612,10.184381
IsPETaseWT_pool_1708,10.183557
IsPETaseWT_pool_2106,10.183261
IsPETaseWT_pool_3194,10.181883
IsPETaseWT_pool_1406,10.181417
IsPETaseWT_pool_756,10.180401
IsPETaseWT_pool_931,10.178194
IsPETaseWT_pool_4394,10.177760
IsPETaseWT_pool_973,10.176630
IsPETaseWT_pool_2945,10.175789
IsPETaseWT_pool_2348,10.171168
IsPETaseWT_pool_4248,10.169037
IsPETaseWT_pool_3577,10.168870
IsPETaseWT_pool_2991,10.167346
IsPETaseWT_pool_976,10.166648
IsPETaseWT_pool_3607,10.164506
IsPETaseWT_pool_1180,10.163798
IsPETaseWT_pool_3345,10.158497
IsPETaseWT_pool_154,10.157066
IsPETaseWT_pool_1627,10.155527
IsPETaseWT_pool_2333,10.154881
IsPETaseWT_pool_2838,10.154811
IsPETaseWT_pool_4445,10.151865
IsPETaseWT_pool_4108,10.151723
IsPETaseWT_pool_2183,10.147896
IsPETaseWT_pool_3579,10.146134
IsPETaseWT_pool_4741,10.143009
IsPETaseWT_pool_2993,10.138109
IsPETaseWT_pool_2866,10.131849
IsPETaseWT_pool_934,10.128292
IsPETaseWT_pool_163,10.127291
IsPETaseWT_pool_4222,10.126817
IsPETaseWT_pool_1353,10.125872
IsPETaseWT_pool_109,10.125609
IsPETaseWT_pool_872,10.124505
IsPETaseWT_pool_44,10.123998
IsPETaseWT_pool_2305,10.119647
IsPETaseWT_pool_4334,10.116345
IsPETaseWT_pool_2607,10.116045
IsPETaseWT_pool_1386,10.114593
IsPETaseWT_pool_270,10.113640
IsPETaseWT_pool_3997,10.113099
IsPETaseWT_pool_4684,10.106290
IsPETaseWT_pool_3741,10.104821
IsPETaseWT_pool_1515,10.100649
IsPETaseWT_pool_3544,10.099292
IsPETaseWT_pool_561,10.096409
IsPETaseWT_pool_1074,10.092324
IsPETaseWT_pool_1227,10.089764
IsPETaseWT_pool_2500,10.088956
IsPETaseWT_pool_2273,10.087859
IsPETaseWT_pool_1876,10.086125
IsPETaseWT_pool_2467,10.081486
IsPETaseWT_pool_3128,10.081411
IsPETaseWT_pool_124,10.074789
IsPETaseWT_pool_1031,10.070217
IsPETaseWT_pool_3183,10.064532
IsPETaseWT_pool_3520,10.064103
IsPETaseWT_pool_529,10.063835
IsPETaseWT_pool_558,10.061569
IsPETaseWT_pool_1025,10.059887
IsPETaseWT_pool_1205,10.052825
IsPETaseWT_pool_1414,10.051082
IsPETaseWT_pool_4032,10.050916
IsPETaseWT_pool_2370,10.049756
IsPETaseWT_pool_381,10.046169
IsPETaseWT_pool_81,10.045928
IsPETaseWT_pool_3777,10.043259
IsPETaseWT_pool_4288,10.043234
IsPETaseWT_pool_283,10.028387
IsPETaseWT_pool_2151,10.023462
IsPETaseWT_pool_3492,10.022462
IsPETaseWT_pool_250,10.020151
IsPETaseWT_pool_2303,10.016715
IsPETaseWT_pool_4538,10.013690
IsPETaseWT_pool_4558,10.008934
IsPETaseWT_pool_4554,10.004124
IsPETaseWT_pool_3948,10.000196
IsPETaseWT_pool_3262,9.999059
IsPETaseWT_pool_1813,9.998569
IsPETaseWT_pool_448,9.997248
IsPETaseWT_pool_1977,9.996904
IsPETaseWT_pool_1086,9.994778
IsPETaseWT_pool_2066,9.993519
IsPETaseWT_pool_4743,9.985184
IsPETaseWT_pool_1670,9.979536
IsPETaseWT_pool_1064,9.976086
IsPETaseWT_pool_2952,9.970041
IsPETaseWT_pool_3940,9.966663
IsPETaseWT_pool_896,9.965286
IsPETaseWT_pool_1411,9.963322
IsPETaseWT_pool_1009,9.962104
IsPETaseWT_pool_3576,9.957501
IsPETaseWT_pool_2340,9.956795
IsPETaseWT_pool_4874,9.955663
IsPETaseWT_pool_4997,9.953419
IsPETaseWT_pool_1491,9.952868
IsPETaseWT_pool_1598,9.952746
IsPETaseWT_pool_4441,9.952653
IsPETaseWT_pool_1342,9.950943
IsPETaseWT_pool_4613,9.949671
IsPETaseWT_pool_1497,9.945279
IsPETaseWT_pool_2722,9.943250
IsPETaseWT_pool_1008,9.931190
IsPETaseWT_pool_3675,9.929515
IsPETaseWT_pool_4760,9.925780
IsPETaseWT_pool_4212,9.925713
IsPETaseWT_pool_2095,9.920905
IsPETaseWT_pool_3596,9.913942
IsPETaseWT_pool_3344,9.910585
IsPETaseWT_pool_1287,9.910444
IsPETaseWT_pool_1054,9.907615
IsPETaseWT_pool_1259,9.906252
IsPETaseWT_pool_2592,9.897940
IsPETaseWT_pool_3974,9.897848
IsPETaseWT_pool_4480,9.897408
IsPETaseWT_pool_3139,9.894705
IsPETaseWT_pool_4324,9.893273
IsPETaseWT_pool_4171,9.891486
IsPETaseWT_pool_1105,9.888753
IsPETaseWT_pool_2341,9.885949
IsPETaseWT_pool_2208,9.885629
IsPETaseWT_pool_1126,9.882147
IsPETaseWT_pool_3382,9.880867
IsPETaseWT_pool_2459,9.878013
IsPETaseWT_pool_2421,9.868690
IsPETaseWT_pool_2141,9.868299
IsPETaseWT_pool_425,9.866503
IsPETaseWT_pool_737,9.864612
IsPETaseWT_pool_1713,9.860904
IsPETaseWT_pool_2683,9.858738
IsPETaseWT_pool_4548,9.858093
IsPETaseWT_pool_2480,9.854814
IsPETaseWT_pool_2024,9.850930
IsPETaseWT_pool_2020,9.849249
IsPETaseWT_pool_2515,9.844391
IsPETaseWT_pool_1473,9.842331
IsPETaseWT_pool_4624,9.841920
IsPETaseWT_pool_1003,9.831503
IsPETaseWT_pool_3753,9.823536
IsPETaseWT_pool_4784,9.820765
IsPETaseWT_pool_4610,9.819092
IsPETaseWT_pool_4498,9.818409
IsPETaseWT_pool_449,9.815332
IsPETaseWT_pool_1262,9.807156
IsPETaseWT_pool_1101,9.805118
IsPETaseWT_pool_2212,9.801030
IsPETaseWT_pool_4754,9.796682
IsPETaseWT_pool_4867,9.795668
IsPETaseWT_pool_474,9.795532
IsPETaseWT_pool_3513,9.793215
IsPETaseWT_pool_4501,9.789351
IsPETaseWT_pool_4839,9.788538
IsPETaseWT_pool_3207,9.787642
IsPETaseWT_pool_3247,9.786791
IsPETaseWT_pool_112,9.786783
IsPETaseWT_pool_4737,9.785382
IsPETaseWT_pool_3008,9.777843
IsPETaseWT_pool_4949,9.776300
IsPETaseWT_pool_668,9.773576
IsPETaseWT_pool_1177,9.765757
IsPETaseWT_pool_1741,9.765687
IsPETaseWT_pool_3944,9.762219
IsPETaseWT_pool_487,9.760949
IsPETaseWT_pool_3418,9.756657
IsPETaseWT_pool_4507,9.755117
IsPETaseWT_pool_1239,9.753784
IsPETaseWT_pool_1412,9.753048
IsPETaseWT_pool_1992,9.752860
IsPETaseWT_pool_1915,9.749456
IsPETaseWT_pool_937,9.746023
IsPETaseWT_pool_2707,9.745728
IsPETaseWT_pool_1373,9.744364
IsPETaseWT_pool_3557,9.737902
IsPETaseWT_pool_3950,9.735075
IsPETaseWT_pool_2181,9.734003
IsPETaseWT_pool_2846,9.732732
IsPETaseWT_pool_3332,9.728358
IsPETaseWT_pool_3767,9.725379
IsPETaseWT_pool_2347,9.723862
IsPETaseWT_pool_454,9.723125
IsPETaseWT_pool_898,9.721351
IsPETaseWT_pool_317,9.717260
IsPETaseWT_pool_1929,9.716885
IsPETaseWT_pool_3126,9.716399
IsPETaseWT_pool_3063,9.715700
IsPETaseWT_pool_4517,9.708092
IsPETaseWT_pool_1250,9.704188
IsPETaseWT_pool_1284,9.701945
IsPETaseWT_pool_3148,9.701903
IsPETaseWT_pool_21,9.701669
IsPETaseWT_pool_439,9.699136
IsPETaseWT_pool_3648,9.696208
IsPETaseWT_pool_1210,9.692842
IsPETaseWT_pool_4559,9.688931
IsPETaseWT_pool_4160,9.688255
IsPETaseWT_pool_1407,9.687005
IsPETaseWT_pool_1832,9.686678
IsPETaseWT_pool_3908,9.684669
IsPETaseWT_pool_125,9.682484
IsPETaseWT_pool_534,9.680054
IsPETaseWT_pool_3922,9.679545
IsPETaseWT_pool_185,9.669198
IsPETaseWT_pool_1913,9.666960
IsPETaseWT_pool_3396,9.666430
IsPETaseWT_pool_1355,9.662632
IsPETaseWT_pool_4856,9.662333
IsPETaseWT_pool_2009,9.661920
IsPETaseWT_pool_1893,9.657236
IsPETaseWT_pool_4148,9.651718
IsPETaseWT_pool_2038,9.643433
IsPETaseWT_pool_68,9.642243
IsPETaseWT_pool_1257,9.635777
IsPETaseWT_pool_3713,9.635617
IsPETaseWT_pool_3501,9.629168
IsPETaseWT_pool_1847,9.624374
IsPETaseWT_pool_211,9.612823
IsPETaseWT_pool_4834,9.608929
IsPETaseWT_pool_4117,9.601733
IsPETaseWT_pool_3222,9.600377
IsPETaseWT_pool_2360,9.594335
IsPETaseWT_pool_4203,9.592957
IsPETaseWT_pool_324,9.591259
IsPETaseWT_pool_1594,9.587388
IsPETaseWT_pool_481,9.586124
IsPETaseWT_pool_2915,9.584746
IsPETaseWT_pool_1517,9.584413
IsPETaseWT_pool_3729,9.577600
IsPETaseWT_pool_1377,9.576531
IsPETaseWT_pool_3745,9.575997
IsPETaseWT_pool_85,9.575775
IsPETaseWT_pool_4342,9.565568
IsPETaseWT_pool_2035,9.563197
IsPETaseWT_pool_4425,9.562843
IsPETaseWT_pool_4075,9.542931
IsPETaseWT_pool_3580,9.540313
IsPETaseWT_pool_3204,9.540216
IsPETaseWT_pool_914,9.538725
IsPETaseWT_pool_2897,9.521109
IsPETaseWT_pool_248,9.519463
IsPETaseWT_pool_602,9.518751
IsPETaseWT_pool_1874,9.510111
IsPETaseWT_pool_3731,9.500744
IsPETaseWT_pool_4702,9.496044
IsPETaseWT_pool_4471,9.492407
IsPETaseWT_pool_3461,9.489757
IsPETaseWT_pool_832,9.486758
IsPETaseWT_pool_823,9.481228
IsPETaseWT_pool_236,9.474194
IsPETaseWT_pool_3358,9.461294
IsPETaseWT_pool_568,9.455462
IsPETaseWT_pool_303,9.452929
IsPETaseWT_pool_4549,9.451025
IsPETaseWT_pool_252,9.447340
IsPETaseWT_pool_2999,9.446850
IsPETaseWT_pool_1837,9.440970
IsPETaseWT_pool_4573,9.440468
IsPETaseWT_pool_1743,9.433019
IsPETaseWT_pool_2311,9.418109
IsPETaseWT_pool_1673,9.414979
IsPETaseWT_pool_1046,9.413798
IsPETaseWT_pool_2974,9.410056
IsPETaseWT_pool_2093,9.407041
IsPETaseWT_pool_3734,9.391671
IsPETaseWT_pool_310,9.391578
IsPETaseWT_pool_3380,9.380549
IsPETaseWT_pool_2137,9.379099
IsPETaseWT_pool_41,9.374909
IsPETaseWT_pool_941,9.370130
IsPETaseWT_pool_4775,9.369332
IsPETaseWT_pool_1518,9.368720
IsPETaseWT_pool_804,9.368256
IsPETaseWT_pool_3539,9.362435
IsPETaseWT_pool_2881,9.360168
IsPETaseWT_pool_238,9.352644
IsPETaseWT_pool_3175,9.339860
IsPETaseWT_pool_1574,9.336446
IsPETaseWT_pool_2663,9.330348
IsPETaseWT_pool_1339,9.328806
IsPETaseWT_pool_1680,9.328274
IsPETaseWT_pool_2202,9.327785
IsPETaseWT_pool_4325,9.321814
IsPETaseWT_pool_611,9.318129
IsPETaseWT_pool_3151,9.317467
IsPETaseWT_pool_1985,9.302633
IsPETaseWT_pool_3482,9.294727
IsPETaseWT_pool_1179,9.294668
IsPETaseWT_pool_1706,9.292994
IsPETaseWT_pool_2134,9.290318
IsPETaseWT_pool_2424,9.289454
IsPETaseWT_pool_3337,9.287086
IsPETaseWT_pool_435,9.284726
IsPETaseWT_pool_1043,9.274181
IsPETaseWT_pool_1919,9.271329
IsPETaseWT_pool_2148,9.270375
IsPETaseWT_pool_261,9.266615
IsPETaseWT_pool_2204,9.260843
IsPETaseWT_pool_2198,9.259502
IsPETaseWT_pool_4136,9.254171
IsPETaseWT_pool_2551,9.242839
IsPETaseWT_pool_1039,9.241617
IsPETaseWT_pool_1568,9.236673
IsPETaseWT_pool_787,9.232618
IsPETaseWT_pool_4604,9.232198
IsPETaseWT_pool_2143,9.229913
IsPETaseWT_pool_4898,9.228978
IsPETaseWT_pool_775,9.227979
IsPETaseWT_pool_4076,9.227832
IsPETaseWT_pool_251,9.215178
IsPETaseWT_pool_2720,9.213055
IsPETaseWT_pool_983,9.210357
IsPETaseWT_pool_2138,9.207995
IsPETaseWT_pool_2240,9.198168
IsPETaseWT_pool_1211,9.186970
IsPETaseWT_pool_4516,9.182299
IsPETaseWT_pool_3651,9.172623
IsPETaseWT_pool_1635,9.159435
IsPETaseWT_pool_419,9.157838
IsPETaseWT_pool_4005,9.157086
IsPETaseWT_pool_1123,9.151009
IsPETaseWT_pool_3320,9.137492
IsPETaseWT_pool_178,9.128036
IsPETaseWT_pool_4453,9.124804
IsPETaseWT_pool_155,9.114379
IsPETaseWT_pool_2083,9.112392
IsPETaseWT_pool_820,9.107742
IsPETaseWT_pool_22,9.104679
IsPETaseWT_pool_54,9.064611
IsPETaseWT_pool_3460,9.063917
IsPETaseWT_pool_4381,9.060917
IsPETaseWT_pool_1527,9.044913
IsPETaseWT_pool_3136,9.034669
IsPETaseWT_pool_255,9.022781
IsPETaseWT_pool_2606,9.017478
IsPETaseWT_pool_1140,9.014290
IsPETaseWT_pool_2626,9.000880
IsPETaseWT_pool_4828,8.993996
IsPETaseWT_pool_1050,8.988833
IsPETaseWT_pool_2708,8.986629
IsPETaseWT_pool_1424,8.964768
IsPETaseWT_pool_2766,8.949443
IsPETaseWT_pool_2514,8.946923
IsPETaseWT_pool_3524,8.946838
IsPETaseWT_pool_745,8.943868
IsPETaseWT_pool_1190,8.941879
IsPETaseWT_pool_2262,8.929141
IsPETaseWT_pool_4059,8.924077
IsPETaseWT_pool_655,8.916006
IsPETaseWT_pool_3549,8.896523
IsPETaseWT_pool_1671,8.878660
IsPETaseWT_pool_1290,8.876535
IsPETaseWT_pool_4329,8.873447
IsPETaseWT_pool_3088,8.854208
IsPETaseWT_pool_762,8.839352
IsPETaseWT_pool_1281,8.806695
IsPETaseWT_pool_3268,8.799574
IsPETaseWT_pool_2344,8.770823
IsPETaseWT_pool_3361,8.763859
IsPETaseWT_pool_606,8.763562
IsPETaseWT_pool_3441,8.746055
IsPETaseWT_pool_1625,8.738165
IsPETaseWT_pool_2695,8.720787
IsPETaseWT_pool_2808,8.660820
IsPETaseWT_pool_1484,8.639578
IsPETaseWT_pool_293,8.609266
IsPETaseWT_pool_2207,8.605217
IsPETaseWT_pool_3282,8.594613
IsPETaseWT_pool_3837,8.563606
IsPETaseWT_pool_280,8.561224
IsPETaseWT_pool_2109,8.531318
IsPETaseWT_pool_294,8.518177
IsPETaseWT_pool_4947,8.508037
IsPETaseWT_pool_2013,8.481306
IsPETaseWT_pool_1753,8.452284
IsPETaseWT_pool_3097,8.428410
IsPETaseWT_pool_1867,8.405252
IsPETaseWT_pool_4110,8.330058
IsPETaseWT_pool_4056,8.258087
IsPETaseWT_pool_4647,8.160008
IsPETaseWT_pool_1697,8.131345
IsPETaseWT_pool_3812,7.970329
IsPETaseWT_pool_188,7.881947
IsPETaseWT_pool_2064,7.784953
IsPETaseWT_pool_980,7.681778
IsPETaseWT_pool_2409,7.173376
IsPETaseWT_pool_3798,6.501386
IsPETaseWT_pool_4101,3.133617
